{
"type": "FeatureCollection",
"name": "npl_provinces",
"crs": { "type": "name", "properties": { "name": "urn:ogc:def:crs:OGC:1.3:CRS84" } },
"features": [
{ "type": "Feature", "properties": { "province": "Koshi" }, "geometry": { "type": "Polygon", "coordinates": [ [ [ 86.904094981000014, 26.488352424 ], [ 86.929858552000013, 26.489678496 ], [ 86.92842396, 26.496932902 ], [ 86.932706610000011, 26.516876983 ], [ 86.944579440000012, 26.517155161 ], [ 86.946762762, 26.52102611 ], [ 86.959335896000013, 26.520405192 ], [ 86.961267511000017, 26.523844861 ], [ 86.965941347000012, 26.523717391 ], [ 86.965694656000011, 26.522383627 ], [ 86.97509586000001, 26.520108738 ], [ 86.979339891, 26.525195803 ], [ 86.990816509000013, 26.523199862 ], [ 87.015285149, 26.532171748 ], [ 87.04232575, 26.568394235 ], [ 87.04464217200001, 26.587342432 ], [ 87.071782124, 26.585846468 ], [ 87.073030205, 26.57739479 ], [ 87.072670318, 26.542033622 ], [ 87.075943617, 26.537394521 ], [ 87.080172465, 26.521792082 ], [ 87.091510825000015, 26.450416378 ], [ 87.139038927000016, 26.415009344 ], [ 87.162481064, 26.404125508 ], [ 87.173358734, 26.403465128 ], [ 87.189046910000016, 26.405595838 ], [ 87.185924066000013, 26.41433321 ], [ 87.211336242000016, 26.413210246 ], [ 87.210926809000014, 26.409606929 ], [ 87.217224556, 26.406747348 ], [ 87.218915786000011, 26.403271742 ], [ 87.223727107000016, 26.405985839 ], [ 87.224049439000012, 26.408914527 ], [ 87.226323331000017, 26.409039556 ], [ 87.226183184, 26.410906016 ], [ 87.227651795000014, 26.411422747 ], [ 87.226703218000011, 26.412044862 ], [ 87.228778913000014, 26.413779123 ], [ 87.24662503, 26.41439719 ], [ 87.249974075000011, 26.409535047 ], [ 87.256257979000011, 26.411216385 ], [ 87.266143255000017, 26.405719159 ], [ 87.264335009, 26.387215612 ], [ 87.265880029000016, 26.373959292 ], [ 87.272407775, 26.372699077 ], [ 87.289451987, 26.373807525 ], [ 87.301324049000016, 26.366354068 ], [ 87.312334268000015, 26.371559181 ], [ 87.313368528000012, 26.367686786 ], [ 87.321886213000013, 26.360277265 ], [ 87.340974076, 26.347837177 ], [ 87.347739620000013, 26.351691147 ], [ 87.358307677000013, 26.361140821 ], [ 87.353350458, 26.372107032 ], [ 87.356382533000016, 26.388281991 ], [ 87.368677894000015, 26.408152289 ], [ 87.376084898000016, 26.407113008 ], [ 87.388515470000016, 26.419146053 ], [ 87.419131938, 26.422796583 ], [ 87.427762643, 26.422502509 ], [ 87.443027943, 26.433150162 ], [ 87.46616436, 26.440403874 ], [ 87.516379832000013, 26.43101076 ], [ 87.534223732000015, 26.42168182 ], [ 87.547530768000016, 26.418614382 ], [ 87.552824863000012, 26.405814838 ], [ 87.573587519000014, 26.396137981 ], [ 87.587758641, 26.39268428 ], [ 87.587073081000014, 26.382236737 ], [ 87.60460203800001, 26.380879788 ], [ 87.607188259000011, 26.381250176 ], [ 87.612114366000014, 26.390253357 ], [ 87.627457620000015, 26.39391481 ], [ 87.651830797000017, 26.393593768 ], [ 87.650257605, 26.405960292 ], [ 87.678319833000018, 26.415901112 ], [ 87.677669865000013, 26.435466402 ], [ 87.692047632000012, 26.43572251 ], [ 87.698455904000014, 26.428294267 ], [ 87.711132976000016, 26.427442003 ], [ 87.713676134000011, 26.425283361 ], [ 87.713722175000015, 26.42309649 ], [ 87.71831103400001, 26.4224665 ], [ 87.722319463, 26.419307409 ], [ 87.723854407, 26.415677876 ], [ 87.72284504000001, 26.412652433 ], [ 87.73363950400001, 26.407865477 ], [ 87.739092899000013, 26.417671473 ], [ 87.747439379000014, 26.417941785 ], [ 87.753798398000015, 26.408254863 ], [ 87.767091365000013, 26.411426824 ], [ 87.765544148, 26.413360004 ], [ 87.768137394, 26.415367937 ], [ 87.767548391, 26.41894993 ], [ 87.768967585000013, 26.418874649 ], [ 87.771002505000013, 26.421973229 ], [ 87.772702775000013, 26.419590154 ], [ 87.776211896, 26.422006005 ], [ 87.773027463, 26.420545201 ], [ 87.776014971, 26.425346712 ], [ 87.770498572, 26.427592482 ], [ 87.77537976, 26.427333717 ], [ 87.772545938, 26.430185544 ], [ 87.773785564, 26.431437957 ], [ 87.775913257000013, 26.430088299 ], [ 87.777769076000013, 26.435943012 ], [ 87.776671066, 26.437131328 ], [ 87.774822089000011, 26.435575367 ], [ 87.772925509, 26.436170095 ], [ 87.77446002100001, 26.44084634 ], [ 87.777727807, 26.442771481 ], [ 87.775545772000015, 26.442963864 ], [ 87.776626833, 26.448012633 ], [ 87.773838638000015, 26.450539301 ], [ 87.778950536000011, 26.45079587 ], [ 87.777800805000012, 26.453823587 ], [ 87.782365273000011, 26.454103332 ], [ 87.784063715000016, 26.45818057 ], [ 87.788581869000012, 26.461576604 ], [ 87.785597957, 26.463716492 ], [ 87.786346314000014, 26.465835696 ], [ 87.788001633, 26.464359854 ], [ 87.789769453, 26.465040576 ], [ 87.789708435, 26.466205287 ], [ 87.786139057000014, 26.467423242 ], [ 87.788923093, 26.469330438 ], [ 87.790559757000011, 26.466505213 ], [ 87.792784791000017, 26.468957102 ], [ 87.811455726, 26.46193817 ], [ 87.829665824000017, 26.450320815 ], [ 87.828187298000017, 26.440226976 ], [ 87.848650618, 26.43657322 ], [ 87.850959251, 26.445377936 ], [ 87.861373893, 26.449002684 ], [ 87.862546838000014, 26.453091162 ], [ 87.858173016, 26.456393984 ], [ 87.859649063, 26.459864648 ], [ 87.858104177000016, 26.463669352 ], [ 87.86255565, 26.464452615 ], [ 87.86348576200001, 26.468057381 ], [ 87.885560855, 26.476580411 ], [ 87.888091552, 26.486804633 ], [ 87.900030781000012, 26.477555024 ], [ 87.909619731, 26.457880839 ], [ 87.898689089000015, 26.448865425 ], [ 87.923603548000017, 26.446975785 ], [ 87.924810421, 26.445634423 ], [ 87.925350350000016, 26.440107037 ], [ 87.917425233000017, 26.434961466 ], [ 87.915963864, 26.431935827 ], [ 87.917011514, 26.430349546 ], [ 87.924048505000016, 26.429302387 ], [ 87.926017036, 26.427793553 ], [ 87.926779583000013, 26.418385819 ], [ 87.932489041000011, 26.418159192 ], [ 87.965769094, 26.39726666 ], [ 87.991619432, 26.392658149 ], [ 87.992455395, 26.369764894 ], [ 87.997759876, 26.365187948 ], [ 88.002374187000015, 26.36667659 ], [ 88.001889279000011, 26.365344197 ], [ 88.004111693000013, 26.364757725 ], [ 88.006862917, 26.36124314 ], [ 88.029988546000013, 26.36506585 ], [ 88.030765649000017, 26.367183555 ], [ 88.027165649000011, 26.371171834 ], [ 88.029889666000017, 26.37432936 ], [ 88.028924484000015, 26.37686581 ], [ 88.030710334, 26.376119593 ], [ 88.031374631, 26.378576644 ], [ 88.028189529000016, 26.37909148 ], [ 88.027157785000014, 26.381964587 ], [ 88.029454647, 26.383329011 ], [ 88.03077024800001, 26.382453047 ], [ 88.03204614, 26.388376121 ], [ 88.034432514000017, 26.388658951 ], [ 88.034270146000011, 26.392157646 ], [ 88.036495147000011, 26.390422148 ], [ 88.037770966000011, 26.393987113 ], [ 88.042083402000017, 26.394458963 ], [ 88.040406157, 26.395459533 ], [ 88.042535113000014, 26.396351119 ], [ 88.045051171000011, 26.396057502 ], [ 88.043984724000012, 26.397064895 ], [ 88.046468640000015, 26.397721384 ], [ 88.045231938000015, 26.399856052 ], [ 88.047322077, 26.401223971 ], [ 88.050349136, 26.400766252 ], [ 88.051572203, 26.399071733 ], [ 88.052313624, 26.401115133 ], [ 88.055420856000012, 26.400871086 ], [ 88.054186789000013, 26.402592913 ], [ 88.056159138000012, 26.403593675 ], [ 88.055576099, 26.405888278 ], [ 88.060059998000014, 26.409776835 ], [ 88.063857052000017, 26.410745946 ], [ 88.064512588000014, 26.408112372 ], [ 88.067111593, 26.409740153 ], [ 88.068554945000017, 26.408030328 ], [ 88.07137014300001, 26.40816043 ], [ 88.06971354800001, 26.413563433 ], [ 88.078606756000013, 26.420209518 ], [ 88.08369015400001, 26.426295083 ], [ 88.086233879, 26.432372602 ], [ 88.09581617100001, 26.439666706 ], [ 88.096897561, 26.452357503 ], [ 88.091895776000015, 26.463161164 ], [ 88.094145759000014, 26.4649468 ], [ 88.103058093000016, 26.465862008 ], [ 88.103599531000015, 26.468281244 ], [ 88.097875794, 26.47269601 ], [ 88.104265173000016, 26.472096177 ], [ 88.107224848000016, 26.475166777 ], [ 88.10620818000001, 26.477334071 ], [ 88.100292322000016, 26.479906929 ], [ 88.101130685000015, 26.484013901 ], [ 88.105747341000011, 26.489574064 ], [ 88.100275747000012, 26.494564596 ], [ 88.098707382000015, 26.505854152 ], [ 88.092631502000017, 26.504734263 ], [ 88.090334808, 26.507051084 ], [ 88.09656084800001, 26.511356012 ], [ 88.095132791000012, 26.516538536 ], [ 88.103103773000015, 26.518981782 ], [ 88.104942083000012, 26.52806984 ], [ 88.102742681, 26.530742631 ], [ 88.103683493, 26.536455277 ], [ 88.099325404000012, 26.534803405 ], [ 88.098345774, 26.537890932 ], [ 88.10701964, 26.541465654 ], [ 88.111516787000014, 26.54528003 ], [ 88.107525807000016, 26.550611307 ], [ 88.10540901200001, 26.550812752 ], [ 88.105411595, 26.561020616 ], [ 88.107716933, 26.56057401 ], [ 88.109408730000013, 26.557128903 ], [ 88.113402563, 26.558377116 ], [ 88.110582780000016, 26.562122178 ], [ 88.115131984000016, 26.56589987 ], [ 88.114230704, 26.566822962 ], [ 88.111625266, 26.565106002 ], [ 88.11317596100001, 26.572578193 ], [ 88.118920756, 26.568216739 ], [ 88.117615092, 26.574657656 ], [ 88.120768847, 26.57582655 ], [ 88.122960831000015, 26.572356953 ], [ 88.125206243, 26.574559491 ], [ 88.122976043, 26.57674551 ], [ 88.125399645000016, 26.577721407 ], [ 88.128436493, 26.572710834 ], [ 88.130069014000014, 26.573562041 ], [ 88.129889898000016, 26.579664694 ], [ 88.12731392900001, 26.581970823 ], [ 88.13009550400001, 26.584951928 ], [ 88.12948346200001, 26.587540318 ], [ 88.131913458000014, 26.593283739 ], [ 88.129895534000013, 26.601393312 ], [ 88.135644753, 26.605979831 ], [ 88.139136532, 26.606899628 ], [ 88.142015296000011, 26.625879408 ], [ 88.146903392000013, 26.629669106 ], [ 88.154642814000013, 26.630545108 ], [ 88.157378283000014, 26.632930388 ], [ 88.158151112000013, 26.636058131 ], [ 88.160481424000011, 26.636659621 ], [ 88.157990477000013, 26.640174958 ], [ 88.163069377000014, 26.646083414 ], [ 88.164943086, 26.670375402 ], [ 88.16408001, 26.678618045 ], [ 88.167847900000012, 26.684087952 ], [ 88.167148012000013, 26.699646462 ], [ 88.173044435, 26.708162768 ], [ 88.17729381800001, 26.711144213 ], [ 88.18204182800001, 26.71956588 ], [ 88.18231379800001, 26.727584626 ], [ 88.184800962000011, 26.731067932 ], [ 88.186382149000011, 26.738577183 ], [ 88.187128096, 26.750393858 ], [ 88.185870173000012, 26.756866397 ], [ 88.18796144, 26.771742518 ], [ 88.177551429, 26.803681174 ], [ 88.178909583, 26.816602825 ], [ 88.171828176, 26.827895588 ], [ 88.174246172000011, 26.833554514 ], [ 88.167547939000016, 26.837777274 ], [ 88.170671241, 26.845251243 ], [ 88.167737947, 26.847351256 ], [ 88.16741593, 26.849858344 ], [ 88.174716719000017, 26.853439479 ], [ 88.17344789900001, 26.855469405 ], [ 88.174505729000018, 26.859621125 ], [ 88.171814685000015, 26.860356449 ], [ 88.173524096, 26.865538405 ], [ 88.171834102, 26.869374602 ], [ 88.166621561000014, 26.870502907 ], [ 88.161971240000014, 26.880680747 ], [ 88.157522696000015, 26.883136014 ], [ 88.157409045, 26.884885548 ], [ 88.152411244, 26.885255799 ], [ 88.146493052000011, 26.888855313 ], [ 88.136383504, 26.898747203 ], [ 88.139157949, 26.901881356 ], [ 88.138811539000017, 26.905356547 ], [ 88.145017314000015, 26.915617392 ], [ 88.144010774, 26.917638136 ], [ 88.146040496000012, 26.921053437 ], [ 88.139384739, 26.92885301 ], [ 88.137757471000015, 26.933376334 ], [ 88.128707186000014, 26.939500322 ], [ 88.12046487500001, 26.950477214 ], [ 88.123115435000017, 26.96013092 ], [ 88.122562193, 26.968395439 ], [ 88.130560252, 26.980630269 ], [ 88.135545573000016, 26.984926674 ], [ 88.134291571, 26.986572569 ], [ 88.129017913000013, 26.987772367 ], [ 88.119737497000017, 26.987340984 ], [ 88.115081126, 26.988839955 ], [ 88.110267058, 26.991671182 ], [ 88.108814479000017, 26.995136977 ], [ 88.104389808, 26.997518187 ], [ 88.09916709, 27.003774983 ], [ 88.09226284, 27.004552975 ], [ 88.088303389, 27.008371818 ], [ 88.088600377, 27.015404523 ], [ 88.083702089000013, 27.022835971 ], [ 88.08301891, 27.029025606 ], [ 88.077628274, 27.0353867 ], [ 88.076002977000016, 27.035633774 ], [ 88.069298693, 27.031350649 ], [ 88.064447511000012, 27.031220446 ], [ 88.059697734000011, 27.029144415 ], [ 88.057865786, 27.031798025 ], [ 88.045775049000014, 27.036730308 ], [ 88.037634167, 27.036657415 ], [ 88.034974796000014, 27.043269789 ], [ 88.027573449000016, 27.051058534 ], [ 88.021212165, 27.069319571 ], [ 88.018551363000014, 27.070300061 ], [ 88.016265264000012, 27.073849896 ], [ 88.016050280000016, 27.0770508 ], [ 88.020929338000016, 27.082468853 ], [ 88.02110638100001, 27.087756207 ], [ 88.015973591, 27.088461238 ], [ 88.011876790000017, 27.097439064 ], [ 88.008686112, 27.098671398 ], [ 88.008225308, 27.100910632 ], [ 88.00340909900001, 27.104478418 ], [ 87.995250990000017, 27.103514353 ], [ 87.99162147700001, 27.105482675 ], [ 87.989326078, 27.116748522 ], [ 87.987431014, 27.11937907 ], [ 87.989170877, 27.120892033 ], [ 87.991214072, 27.130841261 ], [ 87.99865198, 27.133687838 ], [ 88.000672692, 27.140275235 ], [ 88.007405812000016, 27.143327154 ], [ 88.010303424000014, 27.154729648 ], [ 88.009617633, 27.157703749 ], [ 88.011110216, 27.159243017 ], [ 88.01098158, 27.165832188 ], [ 88.019362937000011, 27.171062385 ], [ 88.012472054000014, 27.177603435 ], [ 88.013909249, 27.190830303 ], [ 88.016015420000016, 27.193278877 ], [ 88.016001666, 27.196214307 ], [ 88.015443028, 27.199859853 ], [ 88.011673613000013, 27.203819686 ], [ 88.01563706200001, 27.21089589 ], [ 88.012174327000011, 27.216078621 ], [ 88.018885937, 27.225095455 ], [ 88.019240202, 27.235936199 ], [ 88.021731151000012, 27.237698153 ], [ 88.024820885000011, 27.237303308 ], [ 88.024219164000016, 27.242090877 ], [ 88.027694044000015, 27.2494048 ], [ 88.030858931000012, 27.250078738 ], [ 88.030638966000012, 27.263326448 ], [ 88.031873868, 27.266022483 ], [ 88.030276246000014, 27.272107921 ], [ 88.03304492, 27.281407844 ], [ 88.031718229, 27.286284203 ], [ 88.038124583000013, 27.291771217 ], [ 88.042977394, 27.29167869 ], [ 88.044806483000016, 27.293772353 ], [ 88.041041103000012, 27.301554913 ], [ 88.041524224000014, 27.304409858 ], [ 88.045069006, 27.310145671 ], [ 88.048530309000014, 27.312732383 ], [ 88.049427863, 27.318799243 ], [ 88.052517266, 27.324572107 ], [ 88.060141372, 27.328532714 ], [ 88.063524361, 27.334400074 ], [ 88.066610798000013, 27.335976119 ], [ 88.057620565, 27.355704595 ], [ 88.049444976, 27.359439302 ], [ 88.04168206300001, 27.372086798 ], [ 88.045012880000016, 27.380093782 ], [ 88.044794241, 27.389972847 ], [ 88.048427576, 27.400885644 ], [ 88.046916104, 27.405467901 ], [ 88.04954853400001, 27.407228233 ], [ 88.050554767, 27.412984995 ], [ 88.055379331000012, 27.418205439 ], [ 88.05812678, 27.418527525 ], [ 88.067138888000017, 27.425333283 ], [ 88.080070927, 27.426767836 ], [ 88.080229645000017, 27.429884564 ], [ 88.078187162, 27.432481361 ], [ 88.072803512, 27.434007438 ], [ 88.06795991300001, 27.438387651 ], [ 88.072511035, 27.445342124 ], [ 88.064521934000012, 27.45384354 ], [ 88.067050697000013, 27.457955164 ], [ 88.060455976000014, 27.461188881 ], [ 88.056727499, 27.467570501 ], [ 88.048464579000012, 27.472562532 ], [ 88.043963022000014, 27.478557045 ], [ 88.045274153, 27.481730542 ], [ 88.043743328, 27.496043567 ], [ 88.046550458000013, 27.501531948 ], [ 88.050831583, 27.504477707 ], [ 88.054846806000015, 27.504724886 ], [ 88.057584150000011, 27.509525327 ], [ 88.06155051, 27.512173043 ], [ 88.05731096800001, 27.516149052 ], [ 88.057424534, 27.517968892 ], [ 88.061412841, 27.525372378 ], [ 88.067190567000011, 27.526379461 ], [ 88.065275178, 27.529629389 ], [ 88.059837963, 27.531557055 ], [ 88.059006987, 27.535161847 ], [ 88.06090531000001, 27.540119821 ], [ 88.068538856, 27.546466343 ], [ 88.069230606, 27.555889215 ], [ 88.076032655, 27.558778651 ], [ 88.081051046000013, 27.564898769 ], [ 88.075200760000016, 27.572123023 ], [ 88.081970262000013, 27.585058635 ], [ 88.089644838000012, 27.595175702 ], [ 88.093672681000015, 27.598144578 ], [ 88.105621586000012, 27.602575601 ], [ 88.11366666, 27.610680412 ], [ 88.115291954000014, 27.621054217 ], [ 88.119492946, 27.627312433 ], [ 88.117247927, 27.629850541 ], [ 88.12063756900001, 27.639524129 ], [ 88.120064498, 27.64563133 ], [ 88.131271372000015, 27.65539693 ], [ 88.13720330000001, 27.657559289 ], [ 88.144622391000013, 27.665689838 ], [ 88.14879991, 27.684082359 ], [ 88.154781035000013, 27.690735197 ], [ 88.147456008, 27.703037162 ], [ 88.155409376, 27.717486101 ], [ 88.154282142000014, 27.725619362 ], [ 88.156266495000011, 27.73660743 ], [ 88.158424113, 27.740857784 ], [ 88.169728123000013, 27.741671802 ], [ 88.178552033000017, 27.747096991 ], [ 88.17674406, 27.758414833 ], [ 88.183405003, 27.766346322 ], [ 88.181511246000014, 27.769058484 ], [ 88.181267364, 27.775950247 ], [ 88.185244188000013, 27.777272018 ], [ 88.188154208000014, 27.781486014 ], [ 88.195356085000014, 27.786601325 ], [ 88.197290918, 27.79088667 ], [ 88.193783058, 27.796265878 ], [ 88.186831088, 27.801482849 ], [ 88.185251885000014, 27.810662445 ], [ 88.178935582, 27.815830681 ], [ 88.173523433000014, 27.817534928 ], [ 88.173160281, 27.820635523 ], [ 88.187734514000013, 27.825588988 ], [ 88.194548383000011, 27.835778905 ], [ 88.201260216, 27.837520879 ], [ 88.201434319000015, 27.842723798 ], [ 88.198005879, 27.845751777 ], [ 88.195725462000013, 27.854601265 ], [ 88.188386559, 27.853929247 ], [ 88.185247397000012, 27.856839367 ], [ 88.178343173000016, 27.856767617 ], [ 88.172538708, 27.863361612 ], [ 88.164205169000013, 27.868465252 ], [ 88.153910016000012, 27.870798662 ], [ 88.148767478000011, 27.876819844 ], [ 88.142957322000015, 27.878424717 ], [ 88.139338809, 27.877748583 ], [ 88.135098702, 27.881733712 ], [ 88.126446642, 27.881766357 ], [ 88.11236773200001, 27.868507262 ], [ 88.095808106, 27.867254683 ], [ 88.090990758, 27.871450658 ], [ 88.08950363000001, 27.887486587 ], [ 88.083394661000014, 27.895893102 ], [ 88.079120527000015, 27.896021386 ], [ 88.072009007, 27.893784822 ], [ 88.064442235000016, 27.886385146 ], [ 88.058203059, 27.888517776 ], [ 88.053871857, 27.896954448 ], [ 88.042228245, 27.89975248 ], [ 88.036810024, 27.904542266 ], [ 88.028393026000018, 27.905958857 ], [ 88.021592635, 27.896669612 ], [ 88.016321399, 27.898664523 ], [ 88.002417786, 27.89815718 ], [ 87.997701258, 27.893690736 ], [ 87.984844931000012, 27.886002237 ], [ 87.983296905000017, 27.887707556 ], [ 87.966496776000014, 27.893243062 ], [ 87.955705615000014, 27.909117203 ], [ 87.939145484, 27.910866672 ], [ 87.932176412, 27.917946039 ], [ 87.91990743400001, 27.916000355 ], [ 87.915516475, 27.917329092 ], [ 87.907851607000012, 27.916966918 ], [ 87.89919925, 27.91121214 ], [ 87.887859691000017, 27.910202766 ], [ 87.87672078300001, 27.914842583 ], [ 87.865900042, 27.910834359 ], [ 87.860315895000014, 27.923988277 ], [ 87.854022164000014, 27.928794482 ], [ 87.859263478000017, 27.936721191 ], [ 87.856979446000011, 27.948022395 ], [ 87.850229314, 27.948596655 ], [ 87.847017971000014, 27.946389728 ], [ 87.841690763000017, 27.950264471 ], [ 87.83180599100001, 27.952923487 ], [ 87.831565239000014, 27.949026516 ], [ 87.829109794, 27.947031271 ], [ 87.824750547, 27.936695357 ], [ 87.827227135000015, 27.929923628 ], [ 87.824691571000017, 27.920226504 ], [ 87.821700302000011, 27.919062176 ], [ 87.818881233000013, 27.921700513 ], [ 87.81356824400001, 27.921515431 ], [ 87.805864604, 27.914487908 ], [ 87.805860252000016, 27.91090304 ], [ 87.804105715, 27.908982177 ], [ 87.78460023800001, 27.899422786 ], [ 87.775411693, 27.878001387 ], [ 87.775505177000014, 27.875539481 ], [ 87.778638354, 27.871916549 ], [ 87.77702609100001, 27.868162538 ], [ 87.778650869000018, 27.86594689 ], [ 87.766170523000014, 27.85957566 ], [ 87.758653216000013, 27.847975734 ], [ 87.753428432, 27.835968014 ], [ 87.743784957000017, 27.835237462 ], [ 87.742156218, 27.83047454 ], [ 87.735957182, 27.823926631 ], [ 87.733866442, 27.819163826 ], [ 87.736323515, 27.813063723 ], [ 87.733152703000016, 27.809335433 ], [ 87.725353065, 27.805344955 ], [ 87.710794891, 27.811180479 ], [ 87.707189412, 27.811693116 ], [ 87.704172216, 27.810185694 ], [ 87.698656388, 27.812230661 ], [ 87.692678825000016, 27.810821299 ], [ 87.685377932, 27.812297158 ], [ 87.679995629, 27.809896145 ], [ 87.675463525000012, 27.81024778 ], [ 87.673551147000012, 27.80770547 ], [ 87.665466282000011, 27.80692114 ], [ 87.663716077, 27.817445424 ], [ 87.665224755000011, 27.820059784 ], [ 87.66303910500001, 27.822655826 ], [ 87.66974443, 27.830120601 ], [ 87.66951253500001, 27.834931795 ], [ 87.665081827, 27.836478388 ], [ 87.658310646, 27.836610126 ], [ 87.647044807000015, 27.833777794 ], [ 87.642164914, 27.835061777 ], [ 87.635818195000013, 27.834427778 ], [ 87.632524417000013, 27.832651624 ], [ 87.632012792000012, 27.824825121 ], [ 87.627367353000011, 27.821495956 ], [ 87.623285124, 27.821979149 ], [ 87.616851536000013, 27.818957798 ], [ 87.614049510000015, 27.81164002 ], [ 87.611470183, 27.810622687 ], [ 87.606605087, 27.81787508 ], [ 87.601512424, 27.821148507 ], [ 87.595134003000013, 27.821374682 ], [ 87.591095324, 27.819501337 ], [ 87.589495948, 27.820435474 ], [ 87.588768323000011, 27.827150616 ], [ 87.591001945000016, 27.833539528 ], [ 87.585986344, 27.849834489 ], [ 87.58635435, 27.852890038 ], [ 87.582580710000016, 27.85591345 ], [ 87.578794124000012, 27.862043523 ], [ 87.571326613000011, 27.861402379 ], [ 87.569414559, 27.863740887 ], [ 87.562434018, 27.867086023 ], [ 87.552131908, 27.865209937 ], [ 87.550578782000017, 27.857910807 ], [ 87.547698268, 27.853256479 ], [ 87.535958161000011, 27.843197217 ], [ 87.531129676, 27.845496863 ], [ 87.520800882000017, 27.843618526 ], [ 87.515915275000012, 27.846123151 ], [ 87.508865548000017, 27.847135244 ], [ 87.493018755, 27.843977731 ], [ 87.490097890000015, 27.846517329 ], [ 87.479695826000011, 27.840547979 ], [ 87.475748923000012, 27.839799036 ], [ 87.474739009, 27.836357322 ], [ 87.459400253000013, 27.826075954 ], [ 87.449800283000016, 27.822357796 ], [ 87.422660489, 27.831648722 ], [ 87.40361986, 27.834115342 ], [ 87.40489987, 27.837252213 ], [ 87.408884312000012, 27.838855893 ], [ 87.42199448, 27.841194425 ], [ 87.426450042000013, 27.84035727 ], [ 87.431757301, 27.842443493 ], [ 87.433178588, 27.846249744 ], [ 87.429851982000017, 27.850711537 ], [ 87.425950519000011, 27.852201458 ], [ 87.425647782000013, 27.85883555 ], [ 87.419205332, 27.860603838 ], [ 87.418578183, 27.862546029 ], [ 87.415249572, 27.859121648 ], [ 87.407390531, 27.856663846 ], [ 87.402605142000013, 27.851953428 ], [ 87.373845119, 27.84535155 ], [ 87.365165962, 27.836386125 ], [ 87.360665473000012, 27.828929956 ], [ 87.355242341, 27.827479735 ], [ 87.351385896000011, 27.828008555 ], [ 87.347964349, 27.830456151 ], [ 87.34552179, 27.82790152 ], [ 87.337863869000017, 27.829962323 ], [ 87.330018959000014, 27.827176802 ], [ 87.317866269, 27.825783955 ], [ 87.315569624, 27.82888695 ], [ 87.304460111000012, 27.835527094 ], [ 87.303607915000015, 27.843486622 ], [ 87.293302256, 27.843784158 ], [ 87.287906162000013, 27.846020112 ], [ 87.284780853000015, 27.844564558 ], [ 87.265486793, 27.851003886 ], [ 87.263768860000013, 27.849696346 ], [ 87.260444829, 27.85098417 ], [ 87.249982441000014, 27.843106805 ], [ 87.247494133, 27.843569282 ], [ 87.238651820000015, 27.839514669 ], [ 87.225673721, 27.819756315 ], [ 87.223610547, 27.822825879 ], [ 87.217817162000017, 27.823631514 ], [ 87.204773491000012, 27.821014012 ], [ 87.200326172, 27.822247947 ], [ 87.193182283000013, 27.820019953 ], [ 87.183631605000016, 27.822271143 ], [ 87.179041180000013, 27.820742946 ], [ 87.168280878, 27.821737975 ], [ 87.156733764, 27.824519894 ], [ 87.152782662, 27.82971136 ], [ 87.140499163000015, 27.837165414 ], [ 87.132599079000016, 27.836927291 ], [ 87.12634052300001, 27.834234731 ], [ 87.121941733000014, 27.839328699 ], [ 87.115905561, 27.840376246 ], [ 87.110013970000011, 27.848079268 ], [ 87.108157008, 27.854337239 ], [ 87.107176853000013, 27.87497551 ], [ 87.103832219000012, 27.878168353 ], [ 87.095240184, 27.879738183 ], [ 87.088823395, 27.88265512 ], [ 87.088552959000012, 27.889617932 ], [ 87.086068943000015, 27.890905523 ], [ 87.081985469000017, 27.899510932 ], [ 87.077811252, 27.902886369 ], [ 87.078276710000011, 27.915707985 ], [ 87.065776911000015, 27.923960962 ], [ 87.05338335, 27.926633126 ], [ 87.050279645, 27.934271451 ], [ 87.045792575, 27.938442499 ], [ 87.039132301, 27.950436122 ], [ 87.024178958, 27.9500402 ], [ 87.015719392, 27.957739548 ], [ 87.00881152, 27.953507551 ], [ 86.99220754400001, 27.954836508 ], [ 86.987774527000013, 27.950962275 ], [ 86.982371831, 27.949576427 ], [ 86.973122996000015, 27.954376082 ], [ 86.949448235, 27.95686481 ], [ 86.934411278000013, 27.962016081 ], [ 86.932476824, 27.965753587 ], [ 86.933077151, 27.978090622 ], [ 86.925907387, 27.984401992 ], [ 86.925351254, 27.987889734 ], [ 86.917347963000012, 27.989205034 ], [ 86.908929790000016, 27.993181842 ], [ 86.889923889000016, 27.996974163 ], [ 86.88904156800001, 27.999730463 ], [ 86.881659028000016, 28.00283774 ], [ 86.878889489000017, 28.00687383 ], [ 86.873046423, 28.010512276 ], [ 86.870978684, 28.013729888 ], [ 86.872507105000011, 28.022158039 ], [ 86.867427326000012, 28.025264481 ], [ 86.852044417000016, 28.027710238 ], [ 86.848117812000012, 28.024795553 ], [ 86.847316529000011, 28.019846918 ], [ 86.838490992, 28.01753553 ], [ 86.835819767, 28.015350677 ], [ 86.828092348000013, 28.015273546 ], [ 86.825844964000012, 28.017684852 ], [ 86.818767961, 28.020173192 ], [ 86.811824525, 28.019060605 ], [ 86.802679374, 28.023618722 ], [ 86.790097259, 28.018936666 ], [ 86.78620659900001, 28.023718169 ], [ 86.779300238, 28.027350971 ], [ 86.780108659, 28.031634415 ], [ 86.773757543000016, 28.037814936 ], [ 86.758591599000013, 28.035038914 ], [ 86.752458019000017, 28.038326449 ], [ 86.749332603000013, 28.044491341 ], [ 86.747193420000016, 28.045678697 ], [ 86.746866666000017, 28.050567128 ], [ 86.751182892000017, 28.054169009 ], [ 86.753518074000013, 28.065616339 ], [ 86.756391485, 28.069450109 ], [ 86.764931245000014, 28.074629297 ], [ 86.760884456000014, 28.07771995 ], [ 86.753379282000012, 28.079355919 ], [ 86.750846819000017, 28.081348008 ], [ 86.747381231, 28.086088647 ], [ 86.74853314100001, 28.094357115 ], [ 86.745864153000014, 28.098341023 ], [ 86.742114893, 28.098496442 ], [ 86.738278777, 28.103784275 ], [ 86.72668418100001, 28.103687202 ], [ 86.715459436, 28.107930748 ], [ 86.707991338000014, 28.106017661 ], [ 86.705066869, 28.107879442 ], [ 86.689098015000013, 28.108667649 ], [ 86.680445331000016, 28.103616636 ], [ 86.668642820000017, 28.100942228 ], [ 86.661650353000013, 28.095939115 ], [ 86.657948863000016, 28.081102815 ], [ 86.649974991, 28.074846797 ], [ 86.638971222, 28.073408231 ], [ 86.635552546000014, 28.070703099 ], [ 86.624283819000013, 28.074496873 ], [ 86.613985634000016, 28.073527465 ], [ 86.608357444, 28.07601808 ], [ 86.603827895, 28.082493607 ], [ 86.602607566000017, 28.087568631 ], [ 86.608016189000011, 28.092161815 ], [ 86.602484135000012, 28.101923843 ], [ 86.590067781000016, 28.104177234 ], [ 86.588373916, 28.108088728 ], [ 86.576424008, 28.1128804 ], [ 86.574408332, 28.11306141 ], [ 86.572225736, 28.110672211 ], [ 86.568261919, 28.111821663 ], [ 86.563679095000012, 28.108639617 ], [ 86.561599501, 28.102740046 ], [ 86.566857428, 28.091848554 ], [ 86.564316258, 28.08648224 ], [ 86.559701763, 28.082704371 ], [ 86.558608328, 28.077875035 ], [ 86.565136235000011, 28.071594588 ], [ 86.565340954, 28.068993949 ], [ 86.558225265, 28.063455071 ], [ 86.555796923000017, 28.056769127 ], [ 86.548896527000011, 28.050761168 ], [ 86.535667157, 28.050182425 ], [ 86.533350542, 28.046632452 ], [ 86.533369854000014, 28.038106717 ], [ 86.53041119400001, 28.031984775 ], [ 86.531456477, 28.027162538 ], [ 86.521438896, 28.019854329 ], [ 86.522229422, 28.016847424 ], [ 86.519791002, 28.005210924 ], [ 86.515039836000014, 28.001496422 ], [ 86.516458969000013, 27.998338355 ], [ 86.515779368000011, 27.990006339 ], [ 86.512837185, 27.984759508 ], [ 86.515443123000011, 27.977738619 ], [ 86.520150267, 27.97437094 ], [ 86.518696583, 27.971529919 ], [ 86.512227132, 27.968267348 ], [ 86.51341134, 27.960323204 ], [ 86.516249967, 27.957519817 ], [ 86.515569827, 27.956621698 ], [ 86.518221115000017, 27.953203926 ], [ 86.522158329, 27.940005739 ], [ 86.533724573000015, 27.942116502 ], [ 86.53966401400001, 27.934898877 ], [ 86.547803042000012, 27.930458604 ], [ 86.549789096000012, 27.919134652 ], [ 86.554435899000012, 27.908924959 ], [ 86.55424931200001, 27.902706387 ], [ 86.55166344300001, 27.898070631 ], [ 86.554622769, 27.885538177 ], [ 86.551026887, 27.876163452 ], [ 86.554102967, 27.857147144 ], [ 86.550142119000014, 27.848414166 ], [ 86.548873212, 27.84044573 ], [ 86.543842981000012, 27.827081649 ], [ 86.543533457, 27.821507891 ], [ 86.540462384, 27.817650869 ], [ 86.540352898, 27.814877678 ], [ 86.542426644000017, 27.811170919 ], [ 86.548210201, 27.81100491 ], [ 86.567083313000012, 27.80400799 ], [ 86.56563103900001, 27.799619669 ], [ 86.568815401, 27.795387977 ], [ 86.568832243000017, 27.791119296 ], [ 86.565686086000014, 27.78576678 ], [ 86.566204679, 27.778537247 ], [ 86.563987354, 27.769613818 ], [ 86.566071861000012, 27.762621665 ], [ 86.570361307000013, 27.759354532 ], [ 86.572762972, 27.754599123 ], [ 86.562887572, 27.749347356 ], [ 86.563276680000016, 27.744937693 ], [ 86.558259606, 27.738439685 ], [ 86.556318931, 27.732456748 ], [ 86.556995610000016, 27.728779087 ], [ 86.553549265000015, 27.71958066 ], [ 86.55132385200001, 27.717554177 ], [ 86.550962734, 27.710879079 ], [ 86.540256094000014, 27.70161603 ], [ 86.539114790000013, 27.696623705 ], [ 86.540783093000016, 27.692811762 ], [ 86.536605015, 27.678615204 ], [ 86.538810493000014, 27.674992252 ], [ 86.538034197000016, 27.670312531 ], [ 86.535483200000016, 27.668359098 ], [ 86.533015395, 27.662822986 ], [ 86.527117102, 27.660185807 ], [ 86.52882904, 27.655618305 ], [ 86.526218122000017, 27.650415535 ], [ 86.516817121000017, 27.646852064 ], [ 86.513706561, 27.648203953 ], [ 86.511385992000015, 27.64243574 ], [ 86.507177772, 27.640602267 ], [ 86.499863986, 27.620371379 ], [ 86.495478407, 27.618843939 ], [ 86.492498409, 27.613749717 ], [ 86.484099123, 27.61724526 ], [ 86.476622884, 27.615834194 ], [ 86.469695077000011, 27.617132271 ], [ 86.434791432000011, 27.610289028 ], [ 86.430225349000011, 27.604248486 ], [ 86.420183913000017, 27.598683684 ], [ 86.417960237000017, 27.591393483 ], [ 86.413454554000012, 27.586807877 ], [ 86.410022948, 27.586536154 ], [ 86.407813469, 27.58448936 ], [ 86.398500901, 27.583472416 ], [ 86.38826197600001, 27.572782755 ], [ 86.380789299000014, 27.571441058 ], [ 86.376640471000016, 27.568419444 ], [ 86.369238600000017, 27.558199164 ], [ 86.370670542000013, 27.552255967 ], [ 86.369655354000017, 27.549663494 ], [ 86.364823615, 27.546688114 ], [ 86.358536403000016, 27.539784496 ], [ 86.357653363000011, 27.529616073 ], [ 86.354945820000012, 27.524860887 ], [ 86.346537201, 27.5235243 ], [ 86.338277172, 27.52008284 ], [ 86.334418835, 27.515718975 ], [ 86.333210285, 27.510871261 ], [ 86.32625469700001, 27.505048285 ], [ 86.324645836000016, 27.499740542 ], [ 86.319393358000013, 27.498774101 ], [ 86.315548936000013, 27.492451349 ], [ 86.312913298000012, 27.491682496 ], [ 86.305393723, 27.482857155 ], [ 86.295040852000014, 27.47896951 ], [ 86.292949618, 27.476501882 ], [ 86.292066863000016, 27.470403284 ], [ 86.281087434000014, 27.464311576 ], [ 86.279139488000013, 27.464935612 ], [ 86.272454490000015, 27.462012822 ], [ 86.263749194000013, 27.456157258 ], [ 86.254229205000016, 27.440983071 ], [ 86.256545669, 27.437209508 ], [ 86.251260525, 27.432526586 ], [ 86.25198764000001, 27.428566263 ], [ 86.247963503, 27.424499181 ], [ 86.248265984000014, 27.420624593 ], [ 86.241230145000017, 27.418210689 ], [ 86.237624669000013, 27.412886539 ], [ 86.237372646000011, 27.409685819 ], [ 86.234449373, 27.408191964 ], [ 86.236032689000012, 27.404132666 ], [ 86.2277161, 27.397900266 ], [ 86.227395257000012, 27.389525568 ], [ 86.224922376, 27.387418025 ], [ 86.225795328, 27.384246072 ], [ 86.222001061000014, 27.382095074 ], [ 86.224723135, 27.370587581 ], [ 86.219052868, 27.362225916 ], [ 86.221834114, 27.359978412 ], [ 86.217126190000016, 27.353079571 ], [ 86.218413504000011, 27.350893724 ], [ 86.216623855, 27.342461069 ], [ 86.218049033000014, 27.337029201 ], [ 86.215661857000015, 27.333581841 ], [ 86.217233322000013, 27.328444074 ], [ 86.22229130800001, 27.327353257 ], [ 86.219323673, 27.322603067 ], [ 86.22891216, 27.319935215 ], [ 86.228983179000011, 27.315644222 ], [ 86.231319019000011, 27.314603355 ], [ 86.233819091000015, 27.3075189 ], [ 86.237225863, 27.306129582 ], [ 86.23789054, 27.302505039 ], [ 86.235456616, 27.296255491 ], [ 86.240605287, 27.288785928 ], [ 86.234044091000015, 27.285501109 ], [ 86.226757024, 27.277654308 ], [ 86.223733298000013, 27.277499957 ], [ 86.223178372, 27.274468905 ], [ 86.218984022000015, 27.27269018 ], [ 86.216235166, 27.268060732 ], [ 86.213815591000014, 27.268927114 ], [ 86.211134549, 27.260947341 ], [ 86.204737699, 27.254970325 ], [ 86.205122371000016, 27.2504013 ], [ 86.203580825000017, 27.250270723 ], [ 86.221580374000013, 27.239873448 ], [ 86.230122932000015, 27.237429746 ], [ 86.239667349000015, 27.241337874 ], [ 86.243193828000017, 27.247169227 ], [ 86.252805315, 27.250336797 ], [ 86.257453604, 27.258136683 ], [ 86.261575951000012, 27.257495184 ], [ 86.26630319600001, 27.261084946 ], [ 86.266663806000011, 27.253650111 ], [ 86.277122133, 27.250204969 ], [ 86.281315113, 27.245878675 ], [ 86.28788675700001, 27.245693364 ], [ 86.294928302000017, 27.238441125 ], [ 86.306114989, 27.237213174 ], [ 86.309000692000012, 27.233355565 ], [ 86.315882520000017, 27.231439914 ], [ 86.327709063000015, 27.230120792 ], [ 86.333197762000012, 27.231058615 ], [ 86.340984661, 27.229024116 ], [ 86.343149638000014, 27.219681792 ], [ 86.340152835000012, 27.214166792 ], [ 86.339910198000013, 27.21036825 ], [ 86.34357531500001, 27.202869664 ], [ 86.350620061000015, 27.200833339 ], [ 86.358078884, 27.20146341 ], [ 86.368739616000013, 27.192554129 ], [ 86.375358157, 27.19401655 ], [ 86.379023443, 27.193294988 ], [ 86.384207995000011, 27.182473848 ], [ 86.389862996, 27.179939855 ], [ 86.384554645, 27.176193659 ], [ 86.38490915700001, 27.173431159 ], [ 86.383146205000017, 27.1732204 ], [ 86.378139522000012, 27.165558242 ], [ 86.379098991, 27.163987523 ], [ 86.373760608000012, 27.158993062 ], [ 86.37360272, 27.154680441 ], [ 86.370460831000017, 27.15106527 ], [ 86.374220973, 27.14772463 ], [ 86.370492352000014, 27.147012942 ], [ 86.367912948000011, 27.140638463 ], [ 86.363526803000013, 27.142130382 ], [ 86.359155869, 27.139378051 ], [ 86.355565694, 27.143292144 ], [ 86.344969379, 27.143901974 ], [ 86.343032060000013, 27.147349698 ], [ 86.341227279, 27.145172798 ], [ 86.340900412000011, 27.140918106 ], [ 86.336594097000017, 27.138043537 ], [ 86.337951384, 27.133859869 ], [ 86.335128998000016, 27.13413086 ], [ 86.335947436000012, 27.131984438 ], [ 86.334281190000013, 27.130268437 ], [ 86.336438680000015, 27.129238502 ], [ 86.33471818000001, 27.128018706 ], [ 86.33642527, 27.127992925 ], [ 86.336650019, 27.126599552 ], [ 86.33460791600001, 27.126352977 ], [ 86.333802859000016, 27.122208768 ], [ 86.332007926000017, 27.121322503 ], [ 86.326212526, 27.110962948 ], [ 86.324247804, 27.109947192 ], [ 86.313237786000016, 27.110884298 ], [ 86.31189649, 27.109530708 ], [ 86.306430906000017, 27.108899109 ], [ 86.311194720000017, 27.102977089 ], [ 86.317153334000011, 27.102141949 ], [ 86.323083435000015, 27.099122316 ], [ 86.327832346, 27.100550833 ], [ 86.332358581, 27.099893218 ], [ 86.341190037, 27.106500971 ], [ 86.354906415000016, 27.104290147 ], [ 86.356113595000011, 27.100134909 ], [ 86.36262407000001, 27.099550947 ], [ 86.357028039000014, 27.094195826 ], [ 86.358783172000017, 27.091845938 ], [ 86.358279652, 27.084029808 ], [ 86.355278470000016, 27.081581474 ], [ 86.353606913, 27.07690986 ], [ 86.355245670000016, 27.075306278 ], [ 86.351486442, 27.073840345 ], [ 86.350866857000014, 27.069873123 ], [ 86.346990473, 27.070547873 ], [ 86.346081311, 27.066078315 ], [ 86.347654888, 27.064569288 ], [ 86.350871046, 27.066793146 ], [ 86.35116193, 27.061631919 ], [ 86.363293878, 27.054083354 ], [ 86.364028398000016, 27.042653501 ], [ 86.36698786800001, 27.037571875 ], [ 86.373078781, 27.036554442 ], [ 86.374970507000015, 27.034848001 ], [ 86.378174208, 27.035157777 ], [ 86.382623016000011, 27.031490426 ], [ 86.381997001000016, 27.030138348 ], [ 86.379370692, 27.031446751 ], [ 86.37961827, 27.029153145 ], [ 86.374040996, 27.023322691 ], [ 86.37538312800001, 27.020611953 ], [ 86.371987733000012, 27.01588775 ], [ 86.374148326000011, 27.012871491 ], [ 86.372209310000017, 27.010805015 ], [ 86.37409195, 27.007356602 ], [ 86.37310303400001, 27.003583982 ], [ 86.366664004000015, 27.000339847 ], [ 86.36817872200001, 26.99546149 ], [ 86.365151379000011, 26.979982431 ], [ 86.352980789000014, 26.964610584 ], [ 86.315035080000015, 26.963454362 ], [ 86.30971712600001, 26.961560127 ], [ 86.296583407000014, 26.952399653 ], [ 86.28347143500001, 26.94919278 ], [ 86.280994436000015, 26.946734206 ], [ 86.278369028000014, 26.934728035 ], [ 86.263073371, 26.927108076 ], [ 86.259883499000011, 26.922982513 ], [ 86.259684792000016, 26.919143287 ], [ 86.259252946, 26.914454505 ], [ 86.256460367000017, 26.911754697 ], [ 86.252402025, 26.911573083 ], [ 86.246247192000013, 26.91511673 ], [ 86.241796972000017, 26.905532564 ], [ 86.236111945, 26.903360598 ], [ 86.224201929000017, 26.903843982 ], [ 86.222113924000013, 26.899159487 ], [ 86.224043589, 26.891056109 ], [ 86.220998228000013, 26.888507658 ], [ 86.21659666, 26.892337247 ], [ 86.215899671000017, 26.896245952 ], [ 86.203690873000014, 26.900081223 ], [ 86.199966808000013, 26.905536429 ], [ 86.191945883000017, 26.904197853 ], [ 86.186857251, 26.906485941 ], [ 86.17107590900001, 26.919966301 ], [ 86.158529673, 26.925997746 ], [ 86.1574891, 26.929987626 ], [ 86.156246783000014, 26.925970648 ], [ 86.157813164, 26.9218576 ], [ 86.155924720000016, 26.918973948 ], [ 86.160769682, 26.914393122 ], [ 86.168514749000011, 26.913615319 ], [ 86.169183038000014, 26.91052129 ], [ 86.173941590000013, 26.908180014 ], [ 86.177997783, 26.900403393 ], [ 86.185507623, 26.900000115 ], [ 86.187049906000013, 26.894695173 ], [ 86.194556751, 26.894074727 ], [ 86.198372916000011, 26.892318508 ], [ 86.200244674, 26.889127259 ], [ 86.207789852, 26.887330792 ], [ 86.218943134000014, 26.881842149 ], [ 86.227445298, 26.880686268 ], [ 86.240801033000011, 26.866644792 ], [ 86.246865925, 26.863847702 ], [ 86.250232903000011, 26.867798534 ], [ 86.254979118, 26.869703196 ], [ 86.256941675, 26.872719087 ], [ 86.26820428100001, 26.878145859 ], [ 86.271219171000013, 26.882536646 ], [ 86.28753239400001, 26.88670624 ], [ 86.294188121, 26.885110553 ], [ 86.298593531, 26.885845436 ], [ 86.307198243000016, 26.881738318 ], [ 86.310401554, 26.882764906 ], [ 86.314267064, 26.879044799 ], [ 86.317263267000016, 26.88056209 ], [ 86.321345273, 26.878722445 ], [ 86.340800579, 26.880179643 ], [ 86.346299232, 26.8774546 ], [ 86.351567285000016, 26.877894088 ], [ 86.358003943000014, 26.875028448 ], [ 86.362259516, 26.87489878 ], [ 86.366043382000015, 26.872564611 ], [ 86.369652855000012, 26.875308806 ], [ 86.369491774000011, 26.880186499 ], [ 86.374043168000014, 26.883771946 ], [ 86.374766635000015, 26.889840422 ], [ 86.377231947000013, 26.892410113 ], [ 86.37680579, 26.896573676 ], [ 86.382797138000015, 26.902390013 ], [ 86.382679844, 26.908226872 ], [ 86.384447089, 26.909380862 ], [ 86.38639923800001, 26.907994892 ], [ 86.393778837000013, 26.908044825 ], [ 86.396528757000013, 26.909663164 ], [ 86.401724545, 26.908317872 ], [ 86.403459974000015, 26.909816769 ], [ 86.407445135, 26.907182192 ], [ 86.418443531, 26.906345639 ], [ 86.422724851000012, 26.903170303 ], [ 86.428243708000011, 26.90253164 ], [ 86.444932821, 26.891667943 ], [ 86.457129946, 26.887391962 ], [ 86.476116911, 26.887219922 ], [ 86.479555811000012, 26.888557174 ], [ 86.480126399000014, 26.886708972 ], [ 86.477393703, 26.883260042 ], [ 86.479238298000013, 26.876233443 ], [ 86.481258196000013, 26.874516877 ], [ 86.479474526, 26.872867617 ], [ 86.47994893900001, 26.871055161 ], [ 86.482509512, 26.869573022 ], [ 86.488153904000015, 26.869399507 ], [ 86.488672889000014, 26.86693511 ], [ 86.492877778, 26.863985252 ], [ 86.494335967000012, 26.860817806 ], [ 86.493232073000016, 26.859629141 ], [ 86.496095200000013, 26.856638328 ], [ 86.5004413, 26.857630815 ], [ 86.504766144000016, 26.856082336 ], [ 86.505436097000015, 26.848234288 ], [ 86.507244207000014, 26.84662721 ], [ 86.511694440000014, 26.846593038 ], [ 86.510972295000016, 26.843122333 ], [ 86.512529837000017, 26.840449219 ], [ 86.515107, 26.843445748 ], [ 86.517754971000016, 26.843287745 ], [ 86.520812061000015, 26.83488591 ], [ 86.519635721000014, 26.831562621 ], [ 86.525109489000016, 26.832479195 ], [ 86.537206183, 26.831585104 ], [ 86.53966653, 26.835453992 ], [ 86.543527067000014, 26.836529337 ], [ 86.552020239000015, 26.835238656 ], [ 86.551510131000015, 26.831673962 ], [ 86.554633932000016, 26.830670729 ], [ 86.551585273000015, 26.824412853 ], [ 86.553471852000015, 26.814878286 ], [ 86.550470333, 26.813607472 ], [ 86.544816222, 26.806305331 ], [ 86.545859335000017, 26.803413602 ], [ 86.540611249, 26.798281153 ], [ 86.536939676000017, 26.800776185 ], [ 86.535653853000014, 26.800300329 ], [ 86.534403499, 26.79814131 ], [ 86.535703502, 26.795909342 ], [ 86.530128138, 26.791210973 ], [ 86.531276288000015, 26.788831889 ], [ 86.534472217000015, 26.787308015 ], [ 86.538203721000016, 26.787769288 ], [ 86.536311289000011, 26.784396365 ], [ 86.538560148000016, 26.783106204 ], [ 86.543163399, 26.78425843 ], [ 86.548167671000016, 26.78194803 ], [ 86.551372779, 26.786703666 ], [ 86.556172626, 26.788038817 ], [ 86.557562961000016, 26.790247771 ], [ 86.562064704, 26.789503601 ], [ 86.563891808, 26.791091054 ], [ 86.565447362000015, 26.787767436 ], [ 86.565022019000011, 26.782910105 ], [ 86.566594543, 26.780969802 ], [ 86.571512450000014, 26.784676434 ], [ 86.577871128000012, 26.784438313 ], [ 86.577226019, 26.775760064 ], [ 86.572712952, 26.768234526 ], [ 86.568851020000011, 26.76806035 ], [ 86.567816484, 26.764263979 ], [ 86.561347644, 26.758036417 ], [ 86.553180834000017, 26.745976839 ], [ 86.56395722100001, 26.744085562 ], [ 86.573924644000016, 26.739582501 ], [ 86.571706247, 26.733492187 ], [ 86.572920771000014, 26.730776695 ], [ 86.57208055800001, 26.722357297 ], [ 86.579851351000016, 26.716694049 ], [ 86.580226751000012, 26.713260734 ], [ 86.583325494, 26.712209252 ], [ 86.581203667000011, 26.708152511 ], [ 86.583056746000011, 26.701832909 ], [ 86.586052447000014, 26.700442582 ], [ 86.586399049, 26.696472062 ], [ 86.59769518600001, 26.697303366 ], [ 86.601893711000017, 26.699885398 ], [ 86.605267422000011, 26.69270996 ], [ 86.610529003000011, 26.689077868 ], [ 86.613499138, 26.693969176 ], [ 86.616300813, 26.695123123 ], [ 86.627402038000014, 26.690046069 ], [ 86.628208343000011, 26.694342454 ], [ 86.63132649100001, 26.694797343 ], [ 86.633784968000015, 26.698547367 ], [ 86.64193579, 26.698207098 ], [ 86.648926493, 26.689857198 ], [ 86.652485243000015, 26.691729907 ], [ 86.656602711, 26.691530057 ], [ 86.664910296000016, 26.704488998 ], [ 86.669002264000014, 26.701538013 ], [ 86.671069399, 26.697142497 ], [ 86.670451303, 26.693681789 ], [ 86.684825677, 26.688104647 ], [ 86.691151571, 26.689700366 ], [ 86.698336649000012, 26.698056066 ], [ 86.702754296, 26.699392148 ], [ 86.703744821000015, 26.703993199 ], [ 86.706001188000016, 26.705263814 ], [ 86.706271426000015, 26.707173463 ], [ 86.714663374000011, 26.708282696 ], [ 86.717962226000012, 26.706827067 ], [ 86.722360469, 26.709645208 ], [ 86.727475991, 26.709704726 ], [ 86.729616991000015, 26.711315496 ], [ 86.73177098, 26.710383115 ], [ 86.73338261100001, 26.712092118 ], [ 86.736950953, 26.712333407 ], [ 86.740000233, 26.709904235 ], [ 86.739495885000011, 26.70589564 ], [ 86.742056507000015, 26.705036009 ], [ 86.74228317, 26.701845668 ], [ 86.74588769, 26.699419568 ], [ 86.746713385, 26.69695461 ], [ 86.748727100000011, 26.698059421 ], [ 86.753147709, 26.69523287 ], [ 86.753140525, 26.686305903 ], [ 86.759930200000014, 26.69540247 ], [ 86.764137097000017, 26.695053011 ], [ 86.768558747000014, 26.699246218 ], [ 86.771900571, 26.698908618 ], [ 86.775796798000016, 26.70265848 ], [ 86.781403028000014, 26.701694659 ], [ 86.783836213000015, 26.70455295 ], [ 86.799956072000015, 26.712673138 ], [ 86.806286496000013, 26.712812797 ], [ 86.808427801, 26.708943424 ], [ 86.814278003000013, 26.707786812 ], [ 86.815438624, 26.709688415 ], [ 86.818754263000017, 26.709331628 ], [ 86.823915049, 26.714340902 ], [ 86.83755756, 26.70985534 ], [ 86.841821431000014, 26.695756524 ], [ 86.840459941, 26.691799223 ], [ 86.842046198, 26.690586981 ], [ 86.843692804000014, 26.693208655 ], [ 86.84620184100001, 26.693734902 ], [ 86.848255689000013, 26.691322586 ], [ 86.851167332000017, 26.693255029 ], [ 86.850749256000014, 26.696454429 ], [ 86.858513342, 26.697929181 ], [ 86.859071842, 26.700420973 ], [ 86.861617418, 26.701779711 ], [ 86.86566816700001, 26.700653065 ], [ 86.866559355, 26.709932955 ], [ 86.871293234, 26.713157503 ], [ 86.878964365000016, 26.712967902 ], [ 86.882376772000015, 26.711276047 ], [ 86.884951732, 26.71210858 ], [ 86.889195768, 26.719741483 ], [ 86.894277503000012, 26.724712073 ], [ 86.897741905, 26.725772914 ], [ 86.899269884, 26.729226575 ], [ 86.901317487000014, 26.729449153 ], [ 86.901035416000013, 26.731633332 ], [ 86.902578859000016, 26.730743061 ], [ 86.904090634000013, 26.732093531 ], [ 86.903422325, 26.735976617 ], [ 86.906479433000015, 26.735807184 ], [ 86.907052608000015, 26.738732062 ], [ 86.91116142300001, 26.739946464 ], [ 86.908440587000015, 26.748849137 ], [ 86.908694581, 26.759294975 ], [ 86.913567422000014, 26.760489518 ], [ 86.921323223000016, 26.76657543 ], [ 86.925935822000014, 26.763165995 ], [ 86.92782286500001, 26.758428193 ], [ 86.92471950800001, 26.750153991 ], [ 86.93251007100001, 26.740730013 ], [ 86.944462685, 26.732986147 ], [ 86.948829885, 26.732202479 ], [ 86.967085689000015, 26.735701049 ], [ 86.970679199000017, 26.730999211 ], [ 86.973238129, 26.721666447 ], [ 86.982779283000013, 26.714972636 ], [ 86.984138652000013, 26.704030617 ], [ 86.990521386000012, 26.698224986 ], [ 86.991326930000014, 26.703002269 ], [ 86.995870464, 26.703061154 ], [ 87.000531389000017, 26.70751797 ], [ 87.000832289000016, 26.710349977 ], [ 87.003451672000011, 26.7087546 ], [ 87.007101571, 26.708826594 ], [ 87.009998151, 26.710886651 ], [ 87.009571025000014, 26.707727482 ], [ 87.013208711, 26.700282697 ], [ 87.01459212200001, 26.690243037 ], [ 87.01076418800001, 26.684053576 ], [ 87.013391503, 26.67090871 ], [ 87.006264087, 26.666368921 ], [ 87.002369549, 26.659601447 ], [ 87.00189175700001, 26.655699843 ], [ 86.99490938400001, 26.6540953 ], [ 86.99111441, 26.649595504 ], [ 86.991089637000016, 26.644982968 ], [ 86.98852324, 26.64106758 ], [ 86.988727751000013, 26.636380557 ], [ 86.984804150000016, 26.632749369 ], [ 86.985672733000015, 26.629409739 ], [ 86.978840208, 26.625236362 ], [ 86.986880423000017, 26.613132871 ], [ 86.989407247000017, 26.606006726 ], [ 86.982636943000017, 26.591013107 ], [ 86.982539117000016, 26.58635995 ], [ 86.984947021000011, 26.582122299 ], [ 86.991725203000016, 26.576264615 ], [ 86.992340399000014, 26.572123738 ], [ 86.973877840000014, 26.558092148 ], [ 86.972129461, 26.554196832 ], [ 86.963636265, 26.544638086 ], [ 86.95638825, 26.542424592 ], [ 86.950905195, 26.537297947 ], [ 86.933289869, 26.533619279 ], [ 86.923717015, 26.523261021 ], [ 86.916770768, 26.512472658 ], [ 86.916005835, 26.508049156 ], [ 86.91785998200001, 26.504527621 ], [ 86.91624513, 26.501462173 ], [ 86.910866376000016, 26.499195467 ], [ 86.909659613000017, 26.495338096 ], [ 86.906759265, 26.494079281 ], [ 86.907004360000016, 26.491035239 ], [ 86.904094981000014, 26.488352424 ] ] ] } },
{ "type": "Feature", "properties": { "province": "Madhesh" }, "geometry": { "type": "Polygon", "coordinates": [ [ [ 86.259684792000016, 26.919143287 ], [ 86.257246496, 26.921571905 ], [ 86.257926953, 26.928374066 ], [ 86.255417447000013, 26.932451664 ], [ 86.241409622, 26.939893148 ], [ 86.235380267000011, 26.946762879 ], [ 86.234186033000015, 26.950470407 ], [ 86.226640975, 26.949569547 ], [ 86.221691323000016, 26.954885433 ], [ 86.218801651, 26.954300873 ], [ 86.21846231, 26.957773811 ], [ 86.210204414, 26.965566422 ], [ 86.198610639, 26.970553039 ], [ 86.192563148, 26.97504929 ], [ 86.191521398, 26.978583585 ], [ 86.187263039000015, 26.977455739 ], [ 86.187578145, 26.982450864 ], [ 86.178882114, 26.984444732 ], [ 86.170112914000015, 26.989111423 ], [ 86.167191677, 26.988809838 ], [ 86.163087087, 26.99189481 ], [ 86.140379464, 26.999307839 ], [ 86.106402327000012, 27.015242677 ], [ 86.089175186, 27.019139421 ], [ 86.055265453, 27.018236939 ], [ 86.04906349800001, 27.019018641 ], [ 86.047532462, 27.021402343 ], [ 86.042138893000015, 27.019585539 ], [ 86.030341223, 27.020797612 ], [ 86.021100151000013, 27.019230972 ], [ 86.014964123000013, 27.020147103 ], [ 86.01229444, 27.018691188 ], [ 86.010875214, 27.020520064 ], [ 86.005755289, 27.022036283 ], [ 86.001869194, 27.02101156 ], [ 85.991668074, 27.024848989 ], [ 85.987627906000014, 27.02836911 ], [ 85.985760363000011, 27.033204401 ], [ 85.982635984000012, 27.035036501 ], [ 85.970902191, 27.050970645 ], [ 85.96969101900001, 27.061040482 ], [ 85.966069428000011, 27.067200564 ], [ 85.966884568000012, 27.070417167 ], [ 85.965485244, 27.073804781 ], [ 85.963215178000013, 27.073230795 ], [ 85.96201338600001, 27.079850752 ], [ 85.955603822000015, 27.084245817 ], [ 85.949945694, 27.084023181 ], [ 85.950976479, 27.087830423 ], [ 85.948078976, 27.088223904 ], [ 85.944129914000015, 27.092081746 ], [ 85.935898556000012, 27.110202627 ], [ 85.938129345, 27.12143748 ], [ 85.929260921, 27.125607277 ], [ 85.91411457000001, 27.129737223 ], [ 85.9120716, 27.132221219 ], [ 85.901890993, 27.135424766 ], [ 85.890875565000016, 27.141326123 ], [ 85.886572287, 27.145772845 ], [ 85.883022177000015, 27.14641023 ], [ 85.862468267000011, 27.12717135 ], [ 85.858400125000017, 27.132645672 ], [ 85.854898619000011, 27.133993433 ], [ 85.853522341000016, 27.138045612 ], [ 85.845540328000013, 27.140938037 ], [ 85.83565506, 27.147092453 ], [ 85.834648950000016, 27.149716953 ], [ 85.839756409, 27.152595281 ], [ 85.843550385000015, 27.159936629 ], [ 85.830688737000017, 27.167176088 ], [ 85.824570767000012, 27.168264327 ], [ 85.81586242600001, 27.161307552 ], [ 85.808996694000015, 27.161689406 ], [ 85.799001953000015, 27.167255872 ], [ 85.793692687, 27.168473738 ], [ 85.788109436000013, 27.173792987 ], [ 85.772915328000011, 27.178741673 ], [ 85.769443650000014, 27.182174375 ], [ 85.750324267000011, 27.186014407 ], [ 85.747549209000013, 27.188354091 ], [ 85.743188486, 27.187552466 ], [ 85.723654266000011, 27.195243025 ], [ 85.716855747000011, 27.187848635 ], [ 85.703729595000013, 27.184792753 ], [ 85.69894969100001, 27.186275857 ], [ 85.694892144, 27.184099358 ], [ 85.690129273000011, 27.177767156 ], [ 85.685863860000012, 27.17641652 ], [ 85.681718049000011, 27.169354454 ], [ 85.677534205000015, 27.167192079 ], [ 85.671077567000012, 27.166470039 ], [ 85.669616308000016, 27.164039918 ], [ 85.665722292000012, 27.162247701 ], [ 85.662445534000014, 27.156170251 ], [ 85.656065894, 27.155080495 ], [ 85.656333346000011, 27.152623967 ], [ 85.65349521200001, 27.152903583 ], [ 85.650288185, 27.150431689 ], [ 85.646783262000014, 27.144624649 ], [ 85.641738537, 27.142152849 ], [ 85.639905636, 27.14294956 ], [ 85.633458765000015, 27.141355098 ], [ 85.629769642000014, 27.137429699 ], [ 85.622804864000017, 27.140682422 ], [ 85.620082196000013, 27.138823793 ], [ 85.61278509600001, 27.141725354 ], [ 85.604979475, 27.139626539 ], [ 85.600049166, 27.143629354 ], [ 85.594686055000011, 27.14064072 ], [ 85.58906156, 27.142932738 ], [ 85.583884121000011, 27.142623431 ], [ 85.580707886000013, 27.143951699 ], [ 85.571085476, 27.137074718 ], [ 85.568919756000014, 27.143504923 ], [ 85.559044919000016, 27.143888917 ], [ 85.553554581000014, 27.14680588 ], [ 85.549767227, 27.145719979 ], [ 85.549193988000013, 27.142634557 ], [ 85.551730385000013, 27.140569469 ], [ 85.546786846, 27.140644694 ], [ 85.545949074, 27.143950136 ], [ 85.542322727000013, 27.144539652 ], [ 85.54224989, 27.146237686 ], [ 85.536655134000014, 27.148859614 ], [ 85.53316520300001, 27.146467894 ], [ 85.531053837000016, 27.141209639 ], [ 85.528095054, 27.140407102 ], [ 85.515962726000012, 27.142663893 ], [ 85.512596120000012, 27.141978587 ], [ 85.508081303000012, 27.143757981 ], [ 85.50103673000001, 27.143552073 ], [ 85.496225314000014, 27.146019088 ], [ 85.491223934, 27.154090102 ], [ 85.489520333000016, 27.154613527 ], [ 85.493146830000015, 27.162186662 ], [ 85.503958009000016, 27.163460785 ], [ 85.503349540000016, 27.165870436 ], [ 85.499562751000013, 27.167706961 ], [ 85.50338733800001, 27.17258915 ], [ 85.500943032, 27.175782326 ], [ 85.495185268000014, 27.173679484 ], [ 85.494056304000011, 27.169923987 ], [ 85.48620257200001, 27.164417102 ], [ 85.472268891000013, 27.161899727 ], [ 85.469414751000016, 27.162642551 ], [ 85.466852079, 27.166154884 ], [ 85.457214409000017, 27.166147043 ], [ 85.452924613, 27.168429521 ], [ 85.453354121, 27.177735575 ], [ 85.44948376100001, 27.180460269 ], [ 85.450172043, 27.183697305 ], [ 85.448103691000014, 27.186789058 ], [ 85.436568009000013, 27.187347698 ], [ 85.433689325, 27.190438564 ], [ 85.426631637000014, 27.193107213 ], [ 85.418280356000011, 27.190135092 ], [ 85.409280089, 27.197002899 ], [ 85.40351479600001, 27.196381675 ], [ 85.39728534000001, 27.197675709 ], [ 85.396126805, 27.200782539 ], [ 85.397271857, 27.206210386 ], [ 85.393486458000012, 27.210423949 ], [ 85.385164176, 27.207431583 ], [ 85.376593334, 27.212102529 ], [ 85.372815934000016, 27.210052777 ], [ 85.369377598000014, 27.211988236 ], [ 85.362558292000017, 27.212778932 ], [ 85.359651463, 27.210806061 ], [ 85.348749482000017, 27.222184871 ], [ 85.337608619, 27.219825779 ], [ 85.332815873000015, 27.223016479 ], [ 85.317412066000017, 27.227236607 ], [ 85.307395479, 27.231840348 ], [ 85.30403920900001, 27.229931465 ], [ 85.293027722, 27.232925835 ], [ 85.288743822000015, 27.231151487 ], [ 85.280631764, 27.231223602 ], [ 85.279537517, 27.228779051 ], [ 85.271949256000013, 27.22929251 ], [ 85.267376732000017, 27.226286018 ], [ 85.261912630000012, 27.226660211 ], [ 85.257793621, 27.229224104 ], [ 85.258094606000014, 27.234216351 ], [ 85.253405081000011, 27.238267477 ], [ 85.251520944, 27.244982659 ], [ 85.242451063, 27.248799612 ], [ 85.236673970000012, 27.247691057 ], [ 85.231797822, 27.243400112 ], [ 85.224714088000013, 27.245499499 ], [ 85.219929185000012, 27.244031928 ], [ 85.215196377000012, 27.246816543 ], [ 85.208402801, 27.245395311 ], [ 85.206739649000014, 27.248349396 ], [ 85.202454362000012, 27.250256594 ], [ 85.199598945, 27.249218455 ], [ 85.19791810400001, 27.246065272 ], [ 85.192902161, 27.245095092 ], [ 85.179143468, 27.248462698 ], [ 85.177304998000011, 27.249646875 ], [ 85.180960044000017, 27.254590803 ], [ 85.175045591000014, 27.253654669 ], [ 85.170951544, 27.254792252 ], [ 85.16770286500001, 27.260195718 ], [ 85.155995055, 27.26214067 ], [ 85.151794787000014, 27.265758031 ], [ 85.151070639000011, 27.268618014 ], [ 85.145278690000012, 27.272977032 ], [ 85.144783557000011, 27.282989193 ], [ 85.139378778, 27.285668554 ], [ 85.136749284, 27.290240604 ], [ 85.126637631, 27.292630419 ], [ 85.125534108000011, 27.301147202 ], [ 85.120880450000016, 27.302177286 ], [ 85.119020515000017, 27.314397851 ], [ 85.116795738, 27.317917188 ], [ 85.103919077000015, 27.320248588 ], [ 85.103231419000011, 27.323315554 ], [ 85.094481185, 27.333403887 ], [ 85.092092303000015, 27.340202305 ], [ 85.093097752, 27.348627879 ], [ 85.092306906, 27.352426588 ], [ 85.09063117, 27.353400788 ], [ 85.091340326, 27.35659445 ], [ 85.088066851, 27.358215128 ], [ 85.08656674, 27.361143967 ], [ 85.070817066, 27.364415238 ], [ 85.069423250000014, 27.364326598 ], [ 85.069718435000013, 27.362496891 ], [ 85.067316168, 27.360417104 ], [ 85.065494052, 27.362637501 ], [ 85.061477501000013, 27.36045032 ], [ 85.059756583, 27.361438016 ], [ 85.060067379000017, 27.363357912 ], [ 85.056175721000017, 27.365675143 ], [ 85.052376397, 27.363206304 ], [ 85.044781366, 27.361629887 ], [ 85.043041834, 27.359095775 ], [ 85.039984733000011, 27.359346391 ], [ 85.036488419, 27.357402761 ], [ 85.03195358100001, 27.360558844 ], [ 85.02456303000001, 27.35870458 ], [ 85.020960668000015, 27.356743261 ], [ 85.021496065, 27.352100686 ], [ 85.01320440500001, 27.355407696 ], [ 85.003978299000011, 27.352870716 ], [ 85.000918644, 27.355776096 ], [ 85.000641306, 27.362099899 ], [ 84.998880407000016, 27.365591496 ], [ 84.994824257, 27.365491878 ], [ 84.988325876, 27.361709303 ], [ 84.98153463700001, 27.36220615 ], [ 84.97745842, 27.356136317 ], [ 84.971913484000012, 27.355148444 ], [ 84.965582564000016, 27.358572225 ], [ 84.96419370800001, 27.363707806 ], [ 84.956767778000014, 27.359181095 ], [ 84.953784813000013, 27.36148253 ], [ 84.956296490000014, 27.364260758 ], [ 84.951790968000012, 27.367012502 ], [ 84.94941656200001, 27.362324511 ], [ 84.944954566, 27.360243001 ], [ 84.945436334, 27.362441749 ], [ 84.940982657, 27.363207361 ], [ 84.940884994000015, 27.365784628 ], [ 84.935874891000012, 27.366508673 ], [ 84.933401442, 27.364627803 ], [ 84.930956804, 27.365781224 ], [ 84.926235958, 27.364233288 ], [ 84.921732364, 27.370670703 ], [ 84.914151446, 27.372816579 ], [ 84.908457862, 27.377264591 ], [ 84.900819476, 27.374985739 ], [ 84.897824663, 27.379294055 ], [ 84.896701563, 27.385521605 ], [ 84.891321426, 27.38730236 ], [ 84.889891325, 27.389335343 ], [ 84.881851098000013, 27.388077768 ], [ 84.878529748, 27.393267689 ], [ 84.878768472, 27.396122499 ], [ 84.876728086000014, 27.397669641 ], [ 84.871510743000016, 27.399288413 ], [ 84.86409833, 27.397001627 ], [ 84.851894161, 27.398574795 ], [ 84.851098965, 27.40441201 ], [ 84.844283779, 27.411923729 ], [ 84.840877413000015, 27.412054852 ], [ 84.840398986000011, 27.414810284 ], [ 84.837709537, 27.41438653 ], [ 84.833704814000015, 27.417747478 ], [ 84.829764924000017, 27.416284111 ], [ 84.82527613900001, 27.419622866 ], [ 84.815670731000012, 27.419067952 ], [ 84.810126399000012, 27.415986706 ], [ 84.809243662000014, 27.424524864 ], [ 84.799866415000011, 27.430163148 ], [ 84.797181170000016, 27.435279835 ], [ 84.790944133000011, 27.437758828 ], [ 84.780046, 27.435094771 ], [ 84.774441917, 27.438830725 ], [ 84.770284529, 27.438910214 ], [ 84.768355694, 27.437091036 ], [ 84.75832882200001, 27.437590459 ], [ 84.755315132, 27.435727392 ], [ 84.748780019, 27.43775717 ], [ 84.743322156, 27.442075449 ], [ 84.739453824, 27.440489655 ], [ 84.738128525, 27.442369279 ], [ 84.734506134000014, 27.442115433 ], [ 84.734694879000017, 27.44426918 ], [ 84.726073324000012, 27.444686633 ], [ 84.720809779, 27.437744425 ], [ 84.718933154000013, 27.431265165 ], [ 84.704919223, 27.433026664 ], [ 84.700750982000017, 27.431966946 ], [ 84.69060631100001, 27.432529736 ], [ 84.680857964000012, 27.429899571 ], [ 84.67070501100001, 27.429084612 ], [ 84.662759674000014, 27.429745368 ], [ 84.661735557000014, 27.433037618 ], [ 84.65644157700001, 27.432690318 ], [ 84.647664057000014, 27.429141688 ], [ 84.643513274000014, 27.43663139 ], [ 84.642979346, 27.442915315 ], [ 84.639745929000014, 27.44453887 ], [ 84.634941254000012, 27.444477364 ], [ 84.628280824000015, 27.450877061 ], [ 84.622862437, 27.449789014 ], [ 84.621782099000015, 27.451973363 ], [ 84.610029591000014, 27.452052361 ], [ 84.606827533000015, 27.45432492 ], [ 84.60127326700001, 27.45114962 ], [ 84.59737603, 27.454465074 ], [ 84.59105476500001, 27.453253335 ], [ 84.584771658, 27.45649276 ], [ 84.582436594000015, 27.456500285 ], [ 84.581899454, 27.454392904 ], [ 84.575857575000015, 27.453982598 ], [ 84.573085472000017, 27.458860804 ], [ 84.567832510000017, 27.460540635 ], [ 84.565268486, 27.46316161 ], [ 84.561653342000014, 27.463036315 ], [ 84.557786434, 27.458882255 ], [ 84.556034808, 27.441849947 ], [ 84.551308585000015, 27.437207229 ], [ 84.547817748000014, 27.426763052 ], [ 84.548356908000017, 27.418031281 ], [ 84.543435124000013, 27.417971648 ], [ 84.54172132, 27.419505797 ], [ 84.538779857, 27.41838454 ], [ 84.536689001000013, 27.415407525 ], [ 84.532486015, 27.41442411 ], [ 84.534364243000013, 27.412397573 ], [ 84.544962325000014, 27.409994201 ], [ 84.546236003, 27.408222568 ], [ 84.545873823, 27.403842205 ], [ 84.537458561, 27.403843326 ], [ 84.534729149000015, 27.401800592 ], [ 84.535538659000011, 27.392472193 ], [ 84.539668239, 27.385919783 ], [ 84.532491288000017, 27.384002407 ], [ 84.530453863, 27.381054391 ], [ 84.519873204, 27.384090582 ], [ 84.511661070000017, 27.382604776 ], [ 84.509961828000016, 27.38080135 ], [ 84.504081975, 27.381179227 ], [ 84.501722001, 27.376593914 ], [ 84.495343842000011, 27.37669562 ], [ 84.49263296, 27.372943978 ], [ 84.487805316, 27.371424353 ], [ 84.483890247, 27.366142393 ], [ 84.485891065, 27.358590289 ], [ 84.51455307, 27.352907737 ], [ 84.520807165, 27.353723947 ], [ 84.533604353000015, 27.350185086 ], [ 84.565037685, 27.34759755 ], [ 84.586487532, 27.341367502 ], [ 84.601600333, 27.338758093 ], [ 84.607766770000012, 27.335450733 ], [ 84.618421752, 27.337879181 ], [ 84.622374946, 27.336367939 ], [ 84.648017862, 27.297923593 ], [ 84.681944687000012, 27.236704352 ], [ 84.685701900000012, 27.229066468 ], [ 84.685241387, 27.226503253 ], [ 84.687048007000016, 27.224050814 ], [ 84.689568872, 27.223548835 ], [ 84.690973351000011, 27.215044618 ], [ 84.68767166, 27.215144308 ], [ 84.686823868, 27.213341207 ], [ 84.684711339, 27.213085259 ], [ 84.687289138000011, 27.209151152 ], [ 84.680542753000012, 27.200725115 ], [ 84.68356999400001, 27.196644464 ], [ 84.681897060000011, 27.188462169 ], [ 84.6792419, 27.185722312 ], [ 84.681588213000012, 27.185909519 ], [ 84.681381223000017, 27.183514293 ], [ 84.683816387, 27.184296634 ], [ 84.683580647000014, 27.182149761 ], [ 84.68539268100001, 27.180888652 ], [ 84.681503772000013, 27.180108849 ], [ 84.683704085000016, 27.177979448 ], [ 84.675275706, 27.170969258 ], [ 84.676104935000012, 27.169685887 ], [ 84.679870613, 27.170292702 ], [ 84.680917690000015, 27.168861596 ], [ 84.677374389, 27.166538938 ], [ 84.676936461000011, 27.162621781 ], [ 84.681523981000012, 27.159339207 ], [ 84.684362451000013, 27.160900298 ], [ 84.686762367000014, 27.158580356 ], [ 84.682338408, 27.154301359 ], [ 84.682471357000011, 27.152732501 ], [ 84.680376208000013, 27.152052279 ], [ 84.683236871, 27.150030192 ], [ 84.683578448, 27.143681453 ], [ 84.677375774000012, 27.133418088 ], [ 84.679193422000012, 27.132779797 ], [ 84.677824356000016, 27.12938383 ], [ 84.67891112400001, 27.127485454 ], [ 84.675269668000013, 27.120873864 ], [ 84.67701596900001, 27.11920254 ], [ 84.676992111, 27.115245019 ], [ 84.672661015000017, 27.114119553 ], [ 84.669911573, 27.110459338 ], [ 84.671012802, 27.107283952 ], [ 84.674822208, 27.108809124 ], [ 84.673701201000014, 27.107081511 ], [ 84.675584025, 27.103302128 ], [ 84.674659652000017, 27.09651722 ], [ 84.673831211, 27.095842018 ], [ 84.669938304000013, 27.098211684 ], [ 84.667588577, 27.093635681 ], [ 84.664795237, 27.094700418 ], [ 84.664477882000014, 27.092612538 ], [ 84.666867682, 27.093023163 ], [ 84.670353011, 27.091018708 ], [ 84.666519775000012, 27.090565377 ], [ 84.666058704, 27.087735873 ], [ 84.663236734, 27.089263194 ], [ 84.664802019, 27.086448844 ], [ 84.66294550500001, 27.0869044 ], [ 84.65781263800001, 27.082627828 ], [ 84.655166578, 27.084386631 ], [ 84.654134322, 27.081997453 ], [ 84.658356219000012, 27.081174466 ], [ 84.658277946000013, 27.079644977 ], [ 84.653016805, 27.08077742 ], [ 84.653091292000013, 27.077746755 ], [ 84.649657564, 27.077322678 ], [ 84.648687616, 27.074781953 ], [ 84.647577102000014, 27.076619272 ], [ 84.646328161000014, 27.075632215 ], [ 84.647426788, 27.071184318 ], [ 84.643472284000012, 27.066037655 ], [ 84.645330701, 27.063989365 ], [ 84.64297834300001, 27.059742334 ], [ 84.645769683000012, 27.058669036 ], [ 84.64461256700001, 27.056298354 ], [ 84.646338058000012, 27.051421191 ], [ 84.643238909, 27.051076612 ], [ 84.644417730000015, 27.049103681 ], [ 84.642762209000011, 27.048578702 ], [ 84.642783245, 27.046520825 ], [ 84.679919372000015, 27.032289039 ], [ 84.701436887000014, 27.027070521 ], [ 84.709600417, 27.021512767 ], [ 84.714059391, 27.021544457 ], [ 84.721396125000012, 27.014379085 ], [ 84.727610198, 27.013564252 ], [ 84.729674022000012, 27.015017904 ], [ 84.756762249, 27.002898152 ], [ 84.760572702, 27.00521519 ], [ 84.764711383, 27.01302012 ], [ 84.773076814, 27.017879752 ], [ 84.782642938, 27.014203227 ], [ 84.784227283, 27.008086485 ], [ 84.785818455000012, 27.011037934 ], [ 84.786797928000013, 27.008981444 ], [ 84.788796914000017, 27.008992848 ], [ 84.786307378, 26.998577927 ], [ 84.788441655000014, 26.998877247 ], [ 84.789501235, 26.997215223 ], [ 84.79092275, 26.999682462 ], [ 84.791973767000016, 26.998065497 ], [ 84.790579588000014, 26.997443844 ], [ 84.793575974, 26.995861031 ], [ 84.797122909, 27.004225653 ], [ 84.799074227, 27.003564679 ], [ 84.800262998, 27.000782695 ], [ 84.80137147, 27.00444751 ], [ 84.808314116, 27.007842003 ], [ 84.80692216700001, 27.008260631 ], [ 84.806758017, 27.010583359 ], [ 84.808118620000016, 27.01220236 ], [ 84.809861853000015, 27.010969434 ], [ 84.810901285000014, 27.013905688 ], [ 84.810120239000014, 27.015121881 ], [ 84.807591097000014, 27.013820957 ], [ 84.806930666000014, 27.014736303 ], [ 84.809053382000016, 27.018284645 ], [ 84.810602614, 27.018361474 ], [ 84.810890866, 27.016232044 ], [ 84.812430982, 27.015916346 ], [ 84.812057624, 27.020832776 ], [ 84.813469426000012, 27.018259214 ], [ 84.816752568000013, 27.020853034 ], [ 84.825587528000014, 27.020968472 ], [ 84.838463402000016, 27.014118845 ], [ 84.85469944, 27.008272116 ], [ 84.855348624000015, 27.007259591 ], [ 84.852858724000015, 27.006112718 ], [ 84.851219935, 27.003083338 ], [ 84.852645146000015, 27.001847282 ], [ 84.851839548000015, 26.999478481 ], [ 84.850104983, 26.998432984 ], [ 84.85780942, 26.99775904 ], [ 84.857680535000014, 26.992651493 ], [ 84.854886904000011, 26.992591704 ], [ 84.857373801, 26.990721909 ], [ 84.855370674000014, 26.988288222 ], [ 84.856085174000015, 26.986600632 ], [ 84.859019302, 26.989173074 ], [ 84.858865782, 26.988025486 ], [ 84.86477076300001, 26.984250725 ], [ 84.867614910000015, 26.983199676 ], [ 84.869043581000014, 26.984028062 ], [ 84.868953866000012, 26.982837291 ], [ 84.871478862, 26.981968783 ], [ 84.888569137, 26.977566002 ], [ 84.891449343, 26.969869544 ], [ 84.892848101000013, 26.969621588 ], [ 84.892080088000014, 26.972340771 ], [ 84.895624672000011, 26.972992893 ], [ 84.899419544000011, 26.969888853 ], [ 84.909946321, 26.968029806 ], [ 84.917248715000014, 26.969020456 ], [ 84.924036287, 26.967617749 ], [ 84.92941787, 26.968735357 ], [ 84.953340335, 26.959780526 ], [ 84.956648499000011, 26.961080336 ], [ 84.962321952000011, 26.960540848 ], [ 84.963452088000011, 26.958719027 ], [ 84.965892774000011, 26.958370659 ], [ 84.965801446000015, 26.956593316 ], [ 84.978276181000012, 26.940343143 ], [ 84.974821024, 26.939624778 ], [ 84.978212900000017, 26.935927973 ], [ 84.976589063, 26.932117037 ], [ 84.973825989, 26.932000755 ], [ 84.970176277, 26.929036274 ], [ 84.971903042, 26.926235613 ], [ 84.969415267000016, 26.925034307 ], [ 84.97186769000001, 26.922036861 ], [ 84.970185567000016, 26.920405792 ], [ 84.97068868800001, 26.917137404 ], [ 84.967622859000016, 26.916310117 ], [ 84.99952011900001, 26.91223185 ], [ 85.001757121000011, 26.90989203 ], [ 85.000640831000013, 26.906601244 ], [ 85.002212498, 26.903460547 ], [ 84.995837773, 26.906687037 ], [ 84.993149146, 26.905663585 ], [ 84.992734127, 26.902958944 ], [ 85.003884814000017, 26.895145437 ], [ 85.022530928, 26.891819023 ], [ 85.053197514, 26.889107304 ], [ 85.051192181, 26.887630841 ], [ 85.051765071, 26.886252535 ], [ 85.054295349000014, 26.887021068 ], [ 85.058672930000014, 26.885393156 ], [ 85.060242379000016, 26.88699685 ], [ 85.055190212000014, 26.881500011 ], [ 85.053846825, 26.884783885 ], [ 85.050656774, 26.883271158 ], [ 85.048377284000011, 26.88526682 ], [ 85.049837148, 26.882388223 ], [ 85.05211503000001, 26.88267592 ], [ 85.052237729000012, 26.881321231 ], [ 85.045905551, 26.878620059 ], [ 85.043145329000012, 26.879712169 ], [ 85.041368418, 26.877523149 ], [ 85.041696117000015, 26.874639411 ], [ 85.037454607000015, 26.878136346 ], [ 85.036111528, 26.87515659 ], [ 85.029284609000015, 26.875328281 ], [ 85.027906693, 26.870690298 ], [ 85.030177576000014, 26.867742844 ], [ 85.026611004000017, 26.866577455 ], [ 85.02736297700001, 26.862937103 ], [ 85.028905845000011, 26.862461044 ], [ 85.028762736, 26.859364193 ], [ 85.02246768, 26.856542096 ], [ 85.02202551900001, 26.854929731 ], [ 85.057419357000015, 26.849222788 ], [ 85.057922032, 26.856145869 ], [ 85.060788384, 26.853971856 ], [ 85.062490003, 26.855635548 ], [ 85.060930686, 26.856818231 ], [ 85.062710736000014, 26.858264631 ], [ 85.062509111000011, 26.856474724 ], [ 85.064660819000011, 26.856903031 ], [ 85.061573345000014, 26.853914062 ], [ 85.063958487, 26.849721971 ], [ 85.065898958, 26.851043134 ], [ 85.066458451000017, 26.854042064 ], [ 85.076092341, 26.85577181 ], [ 85.076427523, 26.857032766 ], [ 85.078228933, 26.855859336 ], [ 85.076794205000013, 26.857970875 ], [ 85.078280493, 26.858850758 ], [ 85.07993307000001, 26.856581861 ], [ 85.08153241, 26.857178832 ], [ 85.081132244000017, 26.855638588 ], [ 85.083455731000015, 26.85666772 ], [ 85.083682881000016, 26.853838849 ], [ 85.087218622, 26.852940798 ], [ 85.087438257000017, 26.854141694 ], [ 85.084356635, 26.855512399 ], [ 85.087451766000015, 26.85680177 ], [ 85.087037022, 26.859271107 ], [ 85.089361086000011, 26.859625549 ], [ 85.085701719000014, 26.864592675 ], [ 85.08670315900001, 26.867439188 ], [ 85.089040040000015, 26.867405352 ], [ 85.090283967, 26.869164779 ], [ 85.096099119000016, 26.867113926 ], [ 85.099502844000014, 26.871130747 ], [ 85.109563401000017, 26.870948296 ], [ 85.111153601000012, 26.872510681 ], [ 85.123436133000013, 26.871474965 ], [ 85.134166045000015, 26.867846956 ], [ 85.140019961, 26.871197811 ], [ 85.167241565000012, 26.86855016 ], [ 85.189872687, 26.870146122 ], [ 85.192592334000011, 26.866786212 ], [ 85.192842186, 26.863022926 ], [ 85.190701527000016, 26.847181863 ], [ 85.192737483000016, 26.838882069 ], [ 85.19118158500001, 26.831282594 ], [ 85.184875337, 26.822342101 ], [ 85.17700957000001, 26.8152013 ], [ 85.176760084, 26.809731906 ], [ 85.182441823, 26.800907715 ], [ 85.17950713, 26.798427702 ], [ 85.180355633, 26.795812448 ], [ 85.186892663, 26.795103488 ], [ 85.18661203100001, 26.7909656 ], [ 85.19337515, 26.790628985 ], [ 85.194823581, 26.78440981 ], [ 85.191654728, 26.78218702 ], [ 85.197135307000011, 26.769995312 ], [ 85.200506761000014, 26.768928959 ], [ 85.205903009000011, 26.761570571 ], [ 85.211783746, 26.757953233 ], [ 85.23145670800001, 26.762309718 ], [ 85.240234751000017, 26.761953449 ], [ 85.251461956000014, 26.759300673 ], [ 85.260305438, 26.755280669 ], [ 85.306670233, 26.752252664 ], [ 85.319260772, 26.749069894 ], [ 85.322844882000012, 26.744927942 ], [ 85.334520731000012, 26.74158536 ], [ 85.35529732900001, 26.760329026 ], [ 85.361606135000017, 26.763154188 ], [ 85.363613988000012, 26.760443273 ], [ 85.369384650000015, 26.758307428 ], [ 85.375244522000017, 26.760721182 ], [ 85.384229143000013, 26.774220377 ], [ 85.392398487, 26.775469147 ], [ 85.397775908000014, 26.778559021 ], [ 85.402772855, 26.782938461 ], [ 85.407712481, 26.791293612 ], [ 85.417811799, 26.790446098 ], [ 85.425485633, 26.785976365 ], [ 85.429740686000017, 26.786662183 ], [ 85.432580871000013, 26.790175605 ], [ 85.452004063, 26.781348132 ], [ 85.45473950600001, 26.78192925 ], [ 85.464223438, 26.788958589 ], [ 85.465460045000015, 26.788018568 ], [ 85.473312037000014, 26.790102883 ], [ 85.477601303000014, 26.792524112 ], [ 85.479806132, 26.802412147 ], [ 85.495857261000012, 26.79706125 ], [ 85.496924571, 26.799558734 ], [ 85.495486973000013, 26.80146223 ], [ 85.497968397, 26.807837017 ], [ 85.49678564700001, 26.809369737 ], [ 85.498878909000013, 26.810638972 ], [ 85.49775527700001, 26.81211251 ], [ 85.507490346000012, 26.816867056 ], [ 85.51980278, 26.81447184 ], [ 85.542988768000015, 26.838442212 ], [ 85.553403049000011, 26.834375301 ], [ 85.55763811300001, 26.844074697 ], [ 85.565704368000013, 26.841009473 ], [ 85.572058906, 26.856995096 ], [ 85.575327958000017, 26.861109471 ], [ 85.578166179, 26.859592588 ], [ 85.57817449, 26.856436368 ], [ 85.580148608000016, 26.856402091 ], [ 85.581750041, 26.858611108 ], [ 85.583760162, 26.858211614 ], [ 85.586366555000012, 26.852665085 ], [ 85.584765059, 26.850456066 ], [ 85.585180631000014, 26.847249795 ], [ 85.606921958000015, 26.857315939 ], [ 85.62346671600001, 26.873641009 ], [ 85.634402248000015, 26.872287368 ], [ 85.64236033600001, 26.853292803 ], [ 85.67940243000001, 26.843752494 ], [ 85.704276341000011, 26.832259413 ], [ 85.720699677000013, 26.820604397 ], [ 85.728705442, 26.808183873 ], [ 85.728555629000013, 26.802873654 ], [ 85.734433562, 26.795929737 ], [ 85.735008981, 26.777508249 ], [ 85.728725102000013, 26.750059137 ], [ 85.73408365200001, 26.737501458 ], [ 85.729865762000017, 26.734602834 ], [ 85.73142295000001, 26.730672831 ], [ 85.728245382000011, 26.729791545 ], [ 85.729499435, 26.725245154 ], [ 85.728052814, 26.725130642 ], [ 85.725997969, 26.721371378 ], [ 85.727879605000012, 26.717859468 ], [ 85.724896346, 26.709692205 ], [ 85.726407273, 26.706549257 ], [ 85.724488152, 26.703289763 ], [ 85.724924589000011, 26.700423774 ], [ 85.723530409, 26.699826867 ], [ 85.725308326, 26.695479279 ], [ 85.723354877, 26.686892443 ], [ 85.725375584, 26.685229685 ], [ 85.723631978000014, 26.68312928 ], [ 85.724893459000015, 26.682084704 ], [ 85.723542165000012, 26.674304245 ], [ 85.726535407000014, 26.673893392 ], [ 85.725445493, 26.670472177 ], [ 85.728819494, 26.667075155 ], [ 85.730825662000015, 26.667505962 ], [ 85.730028239, 26.665700608 ], [ 85.736464995, 26.664009361 ], [ 85.734938447, 26.657588028 ], [ 85.732235340000017, 26.655587474 ], [ 85.732311177000014, 26.653841754 ], [ 85.735364868, 26.652474611 ], [ 85.734172186, 26.650591259 ], [ 85.735996247000017, 26.651288914 ], [ 85.748338629000017, 26.639002133 ], [ 85.759688076, 26.636290242 ], [ 85.769293823000012, 26.629997452 ], [ 85.801396681000014, 26.62433978 ], [ 85.80332949000001, 26.614987885 ], [ 85.817513194000014, 26.602813998 ], [ 85.83062213, 26.601697121 ], [ 85.831204611, 26.611365779 ], [ 85.85099558600001, 26.608580156 ], [ 85.857768010000015, 26.589988278 ], [ 85.848333627000017, 26.576929277 ], [ 85.849132807, 26.568927931 ], [ 85.852051556, 26.568687499 ], [ 85.853252859, 26.570703091 ], [ 85.856853923000017, 26.572103901 ], [ 85.85853026800001, 26.568953892 ], [ 85.868212697, 26.575001517 ], [ 85.870629350000016, 26.57968908 ], [ 85.872701037000013, 26.578721762 ], [ 85.878552337000016, 26.581820833 ], [ 85.87950236, 26.583868043 ], [ 85.885460113, 26.582375958 ], [ 85.887783667, 26.583247044 ], [ 85.891699869, 26.594484931 ], [ 85.896432954, 26.593779381 ], [ 85.900692684, 26.59509396 ], [ 85.900393803000014, 26.600434671 ], [ 85.906349275000011, 26.603634986 ], [ 85.91306869200001, 26.604613822 ], [ 85.913915306, 26.60896164 ], [ 85.927160314, 26.609711851 ], [ 85.926398811000013, 26.611691664 ], [ 85.929078722000014, 26.614290978 ], [ 85.928541309000011, 26.616570394 ], [ 85.932739071000015, 26.613576101 ], [ 85.938040012000016, 26.616269325 ], [ 85.940317526000015, 26.61329881 ], [ 85.947994331, 26.613561099 ], [ 85.94614848, 26.621246268 ], [ 85.949460665, 26.624779385 ], [ 85.951590644, 26.624386705 ], [ 85.955555564, 26.63065028 ], [ 85.952449332000015, 26.637493564 ], [ 85.953977905000016, 26.639443042 ], [ 85.95333083700001, 26.643937511 ], [ 85.956500690000013, 26.649306214 ], [ 85.959059605, 26.649394873 ], [ 85.960190167, 26.651411338 ], [ 85.963081181, 26.650597582 ], [ 85.965069874, 26.652940658 ], [ 85.967627747, 26.651998033 ], [ 85.970092236000013, 26.655161357 ], [ 85.973194338000013, 26.654901743 ], [ 85.975898479, 26.658283239 ], [ 85.999811677000011, 26.65496517 ], [ 86.005872733, 26.656345773 ], [ 86.009819516, 26.653974734 ], [ 86.01275598, 26.658460574 ], [ 86.01186426000001, 26.659618708 ], [ 86.018744769, 26.66117587 ], [ 86.028021819000017, 26.666819712 ], [ 86.052876397, 26.660337939 ], [ 86.067987539000015, 26.657930961 ], [ 86.06991974200001, 26.657027509 ], [ 86.07395042600001, 26.649783651 ], [ 86.100741002, 26.637139202 ], [ 86.119387591, 26.63009163 ], [ 86.138457315000011, 26.628996663 ], [ 86.14092768, 26.616718471 ], [ 86.139241906, 26.616426219 ], [ 86.136035898000017, 26.606600156 ], [ 86.142469153, 26.605095705 ], [ 86.14577639800001, 26.608755251 ], [ 86.155071163000017, 26.60999542 ], [ 86.161320122, 26.614965023 ], [ 86.167691741000013, 26.614397677 ], [ 86.171555181000016, 26.617184433 ], [ 86.173815075, 26.614015936 ], [ 86.175972515000012, 26.615495154 ], [ 86.182476141, 26.613756852 ], [ 86.188558566000012, 26.615296692 ], [ 86.19225391, 26.614749113 ], [ 86.193920813, 26.61188608 ], [ 86.190201672000015, 26.611901079 ], [ 86.195456940000014, 26.608106125 ], [ 86.196575936000016, 26.601130881 ], [ 86.195003133000014, 26.59843453 ], [ 86.196721669000013, 26.597925228 ], [ 86.19564856800001, 26.594428392 ], [ 86.197946287, 26.593516198 ], [ 86.20063711200001, 26.597231978 ], [ 86.201603104000014, 26.594473237 ], [ 86.20537469300001, 26.59668998 ], [ 86.208185653000015, 26.5929936 ], [ 86.212510472, 26.592586645 ], [ 86.21728556, 26.588492583 ], [ 86.223741909000012, 26.591402747 ], [ 86.22688983, 26.590530812 ], [ 86.228826982000015, 26.592193073 ], [ 86.230725247, 26.591512852 ], [ 86.231330324000012, 26.593129532 ], [ 86.23442053, 26.590842284 ], [ 86.234523807000016, 26.597998157 ], [ 86.23703964100001, 26.599342955 ], [ 86.237312371000016, 26.601652881 ], [ 86.240017650000013, 26.601369514 ], [ 86.240195583000016, 26.603505078 ], [ 86.243204893000012, 26.602841999 ], [ 86.242403122000013, 26.605861346 ], [ 86.244389604, 26.606338961 ], [ 86.243868755, 26.608346776 ], [ 86.24491809700001, 26.609440011 ], [ 86.246083171, 26.607571006 ], [ 86.248397409, 26.608711507 ], [ 86.247782788, 26.612384111 ], [ 86.252159809, 26.617132328 ], [ 86.253274835000013, 26.614854547 ], [ 86.275631372, 26.61739363 ], [ 86.292875461, 26.613319337 ], [ 86.30786062300001, 26.620049743 ], [ 86.329381020000014, 26.619514209 ], [ 86.344332936000015, 26.617083671 ], [ 86.342203829000013, 26.611522811 ], [ 86.340710887000014, 26.612003307 ], [ 86.338968496, 26.608599077 ], [ 86.34091148200001, 26.606071832 ], [ 86.356480993, 26.604290496 ], [ 86.396906392, 26.593600045 ], [ 86.39699722200001, 26.589085068 ], [ 86.394976815, 26.585190751 ], [ 86.430443391000011, 26.57299816 ], [ 86.455491297, 26.568158752 ], [ 86.497301269, 26.542370836 ], [ 86.515722128, 26.53926854 ], [ 86.520709215000011, 26.543008797 ], [ 86.523861732000015, 26.543540677 ], [ 86.541840186000016, 26.538538043 ], [ 86.550555098, 26.530369841 ], [ 86.550946666000016, 26.524677659 ], [ 86.55195437, 26.523572835 ], [ 86.554431596000015, 26.524280127 ], [ 86.555257032000014, 26.522213384 ], [ 86.55458943, 26.516208774 ], [ 86.561377058, 26.509676647 ], [ 86.564425527000012, 26.501088263 ], [ 86.570432187, 26.498003634 ], [ 86.5702693, 26.496545445 ], [ 86.588612171, 26.493474022 ], [ 86.611572163, 26.485674027 ], [ 86.613784097, 26.487126562 ], [ 86.615230580000016, 26.484833225 ], [ 86.618540113, 26.483675443 ], [ 86.620606079000012, 26.484439161 ], [ 86.621592443000011, 26.48179466 ], [ 86.626012328000016, 26.480768387 ], [ 86.62701133600001, 26.477083601 ], [ 86.628079471, 26.479020261 ], [ 86.629357199000012, 26.478100675 ], [ 86.626135982, 26.469557744 ], [ 86.629858935000016, 26.469612552 ], [ 86.627443488000011, 26.467065296 ], [ 86.629856184, 26.466654123 ], [ 86.630211907000017, 26.468713136 ], [ 86.63337352, 26.464593862 ], [ 86.63444266, 26.466239424 ], [ 86.637165678000017, 26.466415641 ], [ 86.64002387, 26.463430576 ], [ 86.690281857000016, 26.450965322 ], [ 86.693366577, 26.451242788 ], [ 86.696071085000014, 26.448930973 ], [ 86.695494811000017, 26.444759452 ], [ 86.698547767, 26.442841047 ], [ 86.699811153000013, 26.437425479 ], [ 86.720139943, 26.434934726 ], [ 86.72506948600001, 26.426229133 ], [ 86.727270853, 26.424863539 ], [ 86.728627448000012, 26.426856511 ], [ 86.730402795, 26.426106108 ], [ 86.729724146, 26.422516785 ], [ 86.732817204000014, 26.424456543 ], [ 86.73706592500001, 26.423430892 ], [ 86.737984882, 26.425781701 ], [ 86.74073511200001, 26.424617787 ], [ 86.747033838, 26.428575985 ], [ 86.7470976, 26.433669353 ], [ 86.743984538, 26.435024557 ], [ 86.747254276, 26.436244569 ], [ 86.750021620000012, 26.441457722 ], [ 86.753062901, 26.442074531 ], [ 86.753542558, 26.446527775 ], [ 86.760249717, 26.448177495 ], [ 86.760405875, 26.451625884 ], [ 86.764128775000017, 26.451289101 ], [ 86.764176577000015, 26.454443951 ], [ 86.762543384000011, 26.455910357 ], [ 86.766286013000013, 26.459364681 ], [ 86.76911164500001, 26.459491156 ], [ 86.804457024000016, 26.446385273 ], [ 86.833429421, 26.439085651 ], [ 86.835056481, 26.441116252 ], [ 86.83699012400001, 26.4402158 ], [ 86.837934077000014, 26.442613482 ], [ 86.84013580700001, 26.441880271 ], [ 86.839431301, 26.440534501 ], [ 86.842909105, 26.440319455 ], [ 86.84461746, 26.442668278 ], [ 86.847035526000013, 26.442427153 ], [ 86.845375823000012, 26.444478945 ], [ 86.84591411000001, 26.448295496 ], [ 86.856047667000013, 26.448549834 ], [ 86.859977996000012, 26.456257977 ], [ 86.86185243700001, 26.456456116 ], [ 86.860954404000012, 26.457628687 ], [ 86.865247534, 26.457657632 ], [ 86.864869502, 26.455578932 ], [ 86.866662129, 26.456338834 ], [ 86.866500493, 26.454894394 ], [ 86.86894662200001, 26.454456599 ], [ 86.870792733000016, 26.455609218 ], [ 86.872948236000013, 26.454114947 ], [ 86.875996121000014, 26.455674738 ], [ 86.875190745000012, 26.457684673 ], [ 86.879289226000012, 26.457124042 ], [ 86.883969567, 26.4596509 ], [ 86.884539831000012, 26.461416069 ], [ 86.893960283000013, 26.462134229 ], [ 86.895153643000015, 26.467393102 ], [ 86.894484755, 26.469182122 ], [ 86.892298598000011, 26.469241455 ], [ 86.893665299, 26.472133226 ], [ 86.89243964100001, 26.472267693 ], [ 86.893445668000012, 26.473739832 ], [ 86.89217754, 26.475711199 ], [ 86.893511479000011, 26.476434285 ], [ 86.891754956000014, 26.476433004 ], [ 86.892638117, 26.478173556 ], [ 86.890143114000011, 26.481836443 ], [ 86.891623331, 26.486150029 ], [ 86.893978706000013, 26.48650835 ], [ 86.893187970000014, 26.487719606 ], [ 86.904094981000014, 26.488352424 ], [ 86.907004360000016, 26.491035239 ], [ 86.906759265, 26.494079281 ], [ 86.909659613000017, 26.495338096 ], [ 86.910866376000016, 26.499195467 ], [ 86.91624513, 26.501462173 ], [ 86.91785998200001, 26.504527621 ], [ 86.916005835, 26.508049156 ], [ 86.916770768, 26.512472658 ], [ 86.923717015, 26.523261021 ], [ 86.933289869, 26.533619279 ], [ 86.950905195, 26.537297947 ], [ 86.95638825, 26.542424592 ], [ 86.963636265, 26.544638086 ], [ 86.972129461, 26.554196832 ], [ 86.973877840000014, 26.558092148 ], [ 86.992340399000014, 26.572123738 ], [ 86.991725203000016, 26.576264615 ], [ 86.984947021000011, 26.582122299 ], [ 86.982539117000016, 26.58635995 ], [ 86.982636943000017, 26.591013107 ], [ 86.989407247000017, 26.606006726 ], [ 86.986880423000017, 26.613132871 ], [ 86.978840208, 26.625236362 ], [ 86.985672733000015, 26.629409739 ], [ 86.984804150000016, 26.632749369 ], [ 86.988727751000013, 26.636380557 ], [ 86.98852324, 26.64106758 ], [ 86.991089637000016, 26.644982968 ], [ 86.99111441, 26.649595504 ], [ 86.99490938400001, 26.6540953 ], [ 87.00189175700001, 26.655699843 ], [ 87.002369549, 26.659601447 ], [ 87.006264087, 26.666368921 ], [ 87.013391503, 26.67090871 ], [ 87.01076418800001, 26.684053576 ], [ 87.01459212200001, 26.690243037 ], [ 87.013208711, 26.700282697 ], [ 87.009571025000014, 26.707727482 ], [ 87.009998151, 26.710886651 ], [ 87.007101571, 26.708826594 ], [ 87.003451672000011, 26.7087546 ], [ 87.000832289000016, 26.710349977 ], [ 87.000531389000017, 26.70751797 ], [ 86.995870464, 26.703061154 ], [ 86.991326930000014, 26.703002269 ], [ 86.990521386000012, 26.698224986 ], [ 86.984138652000013, 26.704030617 ], [ 86.982779283000013, 26.714972636 ], [ 86.973238129, 26.721666447 ], [ 86.970679199000017, 26.730999211 ], [ 86.967085689000015, 26.735701049 ], [ 86.948829885, 26.732202479 ], [ 86.944462685, 26.732986147 ], [ 86.93251007100001, 26.740730013 ], [ 86.92471950800001, 26.750153991 ], [ 86.92782286500001, 26.758428193 ], [ 86.925935822000014, 26.763165995 ], [ 86.921323223000016, 26.76657543 ], [ 86.913567422000014, 26.760489518 ], [ 86.908694581, 26.759294975 ], [ 86.908440587000015, 26.748849137 ], [ 86.91116142300001, 26.739946464 ], [ 86.907052608000015, 26.738732062 ], [ 86.906479433000015, 26.735807184 ], [ 86.903422325, 26.735976617 ], [ 86.904090634000013, 26.732093531 ], [ 86.902578859000016, 26.730743061 ], [ 86.901035416000013, 26.731633332 ], [ 86.901317487000014, 26.729449153 ], [ 86.899269884, 26.729226575 ], [ 86.897741905, 26.725772914 ], [ 86.894277503000012, 26.724712073 ], [ 86.889195768, 26.719741483 ], [ 86.884951732, 26.71210858 ], [ 86.882376772000015, 26.711276047 ], [ 86.878964365000016, 26.712967902 ], [ 86.871293234, 26.713157503 ], [ 86.866559355, 26.709932955 ], [ 86.86566816700001, 26.700653065 ], [ 86.861617418, 26.701779711 ], [ 86.859071842, 26.700420973 ], [ 86.858513342, 26.697929181 ], [ 86.850749256000014, 26.696454429 ], [ 86.851167332000017, 26.693255029 ], [ 86.848255689000013, 26.691322586 ], [ 86.84620184100001, 26.693734902 ], [ 86.843692804000014, 26.693208655 ], [ 86.842046198, 26.690586981 ], [ 86.840459941, 26.691799223 ], [ 86.841821431000014, 26.695756524 ], [ 86.83755756, 26.70985534 ], [ 86.823915049, 26.714340902 ], [ 86.818754263000017, 26.709331628 ], [ 86.815438624, 26.709688415 ], [ 86.814278003000013, 26.707786812 ], [ 86.808427801, 26.708943424 ], [ 86.806286496000013, 26.712812797 ], [ 86.799956072000015, 26.712673138 ], [ 86.783836213000015, 26.70455295 ], [ 86.781403028000014, 26.701694659 ], [ 86.775796798000016, 26.70265848 ], [ 86.771900571, 26.698908618 ], [ 86.768558747000014, 26.699246218 ], [ 86.764137097000017, 26.695053011 ], [ 86.759930200000014, 26.69540247 ], [ 86.753140525, 26.686305903 ], [ 86.753147709, 26.69523287 ], [ 86.748727100000011, 26.698059421 ], [ 86.746713385, 26.69695461 ], [ 86.74588769, 26.699419568 ], [ 86.74228317, 26.701845668 ], [ 86.742056507000015, 26.705036009 ], [ 86.739495885000011, 26.70589564 ], [ 86.740000233, 26.709904235 ], [ 86.736950953, 26.712333407 ], [ 86.73338261100001, 26.712092118 ], [ 86.73177098, 26.710383115 ], [ 86.729616991000015, 26.711315496 ], [ 86.727475991, 26.709704726 ], [ 86.722360469, 26.709645208 ], [ 86.717962226000012, 26.706827067 ], [ 86.714663374000011, 26.708282696 ], [ 86.706271426000015, 26.707173463 ], [ 86.706001188000016, 26.705263814 ], [ 86.703744821000015, 26.703993199 ], [ 86.702754296, 26.699392148 ], [ 86.698336649000012, 26.698056066 ], [ 86.691151571, 26.689700366 ], [ 86.684825677, 26.688104647 ], [ 86.670451303, 26.693681789 ], [ 86.671069399, 26.697142497 ], [ 86.669002264000014, 26.701538013 ], [ 86.664910296000016, 26.704488998 ], [ 86.656602711, 26.691530057 ], [ 86.652485243000015, 26.691729907 ], [ 86.648926493, 26.689857198 ], [ 86.64193579, 26.698207098 ], [ 86.633784968000015, 26.698547367 ], [ 86.63132649100001, 26.694797343 ], [ 86.628208343000011, 26.694342454 ], [ 86.627402038000014, 26.690046069 ], [ 86.616300813, 26.695123123 ], [ 86.613499138, 26.693969176 ], [ 86.610529003000011, 26.689077868 ], [ 86.605267422000011, 26.69270996 ], [ 86.601893711000017, 26.699885398 ], [ 86.59769518600001, 26.697303366 ], [ 86.586399049, 26.696472062 ], [ 86.586052447000014, 26.700442582 ], [ 86.583056746000011, 26.701832909 ], [ 86.581203667000011, 26.708152511 ], [ 86.583325494, 26.712209252 ], [ 86.580226751000012, 26.713260734 ], [ 86.579851351000016, 26.716694049 ], [ 86.57208055800001, 26.722357297 ], [ 86.572920771000014, 26.730776695 ], [ 86.571706247, 26.733492187 ], [ 86.573924644000016, 26.739582501 ], [ 86.56395722100001, 26.744085562 ], [ 86.553180834000017, 26.745976839 ], [ 86.561347644, 26.758036417 ], [ 86.567816484, 26.764263979 ], [ 86.568851020000011, 26.76806035 ], [ 86.572712952, 26.768234526 ], [ 86.577226019, 26.775760064 ], [ 86.577871128000012, 26.784438313 ], [ 86.571512450000014, 26.784676434 ], [ 86.566594543, 26.780969802 ], [ 86.565022019000011, 26.782910105 ], [ 86.565447362000015, 26.787767436 ], [ 86.563891808, 26.791091054 ], [ 86.562064704, 26.789503601 ], [ 86.557562961000016, 26.790247771 ], [ 86.556172626, 26.788038817 ], [ 86.551372779, 26.786703666 ], [ 86.548167671000016, 26.78194803 ], [ 86.543163399, 26.78425843 ], [ 86.538560148000016, 26.783106204 ], [ 86.536311289000011, 26.784396365 ], [ 86.538203721000016, 26.787769288 ], [ 86.534472217000015, 26.787308015 ], [ 86.531276288000015, 26.788831889 ], [ 86.530128138, 26.791210973 ], [ 86.535703502, 26.795909342 ], [ 86.534403499, 26.79814131 ], [ 86.535653853000014, 26.800300329 ], [ 86.536939676000017, 26.800776185 ], [ 86.540611249, 26.798281153 ], [ 86.545859335000017, 26.803413602 ], [ 86.544816222, 26.806305331 ], [ 86.550470333, 26.813607472 ], [ 86.553471852000015, 26.814878286 ], [ 86.551585273000015, 26.824412853 ], [ 86.554633932000016, 26.830670729 ], [ 86.551510131000015, 26.831673962 ], [ 86.552020239000015, 26.835238656 ], [ 86.543527067000014, 26.836529337 ], [ 86.53966653, 26.835453992 ], [ 86.537206183, 26.831585104 ], [ 86.525109489000016, 26.832479195 ], [ 86.519635721000014, 26.831562621 ], [ 86.520812061000015, 26.83488591 ], [ 86.517754971000016, 26.843287745 ], [ 86.515107, 26.843445748 ], [ 86.512529837000017, 26.840449219 ], [ 86.510972295000016, 26.843122333 ], [ 86.511694440000014, 26.846593038 ], [ 86.507244207000014, 26.84662721 ], [ 86.505436097000015, 26.848234288 ], [ 86.504766144000016, 26.856082336 ], [ 86.5004413, 26.857630815 ], [ 86.496095200000013, 26.856638328 ], [ 86.493232073000016, 26.859629141 ], [ 86.494335967000012, 26.860817806 ], [ 86.492877778, 26.863985252 ], [ 86.488672889000014, 26.86693511 ], [ 86.488153904000015, 26.869399507 ], [ 86.482509512, 26.869573022 ], [ 86.47994893900001, 26.871055161 ], [ 86.479474526, 26.872867617 ], [ 86.481258196000013, 26.874516877 ], [ 86.479238298000013, 26.876233443 ], [ 86.477393703, 26.883260042 ], [ 86.480126399000014, 26.886708972 ], [ 86.479555811000012, 26.888557174 ], [ 86.476116911, 26.887219922 ], [ 86.457129946, 26.887391962 ], [ 86.444932821, 26.891667943 ], [ 86.428243708000011, 26.90253164 ], [ 86.422724851000012, 26.903170303 ], [ 86.418443531, 26.906345639 ], [ 86.407445135, 26.907182192 ], [ 86.403459974000015, 26.909816769 ], [ 86.401724545, 26.908317872 ], [ 86.396528757000013, 26.909663164 ], [ 86.393778837000013, 26.908044825 ], [ 86.38639923800001, 26.907994892 ], [ 86.384447089, 26.909380862 ], [ 86.382679844, 26.908226872 ], [ 86.382797138000015, 26.902390013 ], [ 86.37680579, 26.896573676 ], [ 86.377231947000013, 26.892410113 ], [ 86.374766635000015, 26.889840422 ], [ 86.374043168000014, 26.883771946 ], [ 86.369491774000011, 26.880186499 ], [ 86.369652855000012, 26.875308806 ], [ 86.366043382000015, 26.872564611 ], [ 86.362259516, 26.87489878 ], [ 86.358003943000014, 26.875028448 ], [ 86.351567285000016, 26.877894088 ], [ 86.346299232, 26.8774546 ], [ 86.340800579, 26.880179643 ], [ 86.321345273, 26.878722445 ], [ 86.317263267000016, 26.88056209 ], [ 86.314267064, 26.879044799 ], [ 86.310401554, 26.882764906 ], [ 86.307198243000016, 26.881738318 ], [ 86.298593531, 26.885845436 ], [ 86.294188121, 26.885110553 ], [ 86.28753239400001, 26.88670624 ], [ 86.271219171000013, 26.882536646 ], [ 86.26820428100001, 26.878145859 ], [ 86.256941675, 26.872719087 ], [ 86.254979118, 26.869703196 ], [ 86.250232903000011, 26.867798534 ], [ 86.246865925, 26.863847702 ], [ 86.240801033000011, 26.866644792 ], [ 86.227445298, 26.880686268 ], [ 86.218943134000014, 26.881842149 ], [ 86.207789852, 26.887330792 ], [ 86.200244674, 26.889127259 ], [ 86.198372916000011, 26.892318508 ], [ 86.194556751, 26.894074727 ], [ 86.187049906000013, 26.894695173 ], [ 86.185507623, 26.900000115 ], [ 86.177997783, 26.900403393 ], [ 86.173941590000013, 26.908180014 ], [ 86.169183038000014, 26.91052129 ], [ 86.168514749000011, 26.913615319 ], [ 86.160769682, 26.914393122 ], [ 86.155924720000016, 26.918973948 ], [ 86.157813164, 26.9218576 ], [ 86.156246783000014, 26.925970648 ], [ 86.1574891, 26.929987626 ], [ 86.158529673, 26.925997746 ], [ 86.17107590900001, 26.919966301 ], [ 86.186857251, 26.906485941 ], [ 86.191945883000017, 26.904197853 ], [ 86.199966808000013, 26.905536429 ], [ 86.203690873000014, 26.900081223 ], [ 86.215899671000017, 26.896245952 ], [ 86.21659666, 26.892337247 ], [ 86.220998228000013, 26.888507658 ], [ 86.224043589, 26.891056109 ], [ 86.222113924000013, 26.899159487 ], [ 86.224201929000017, 26.903843982 ], [ 86.236111945, 26.903360598 ], [ 86.241796972000017, 26.905532564 ], [ 86.246247192000013, 26.91511673 ], [ 86.252402025, 26.911573083 ], [ 86.256460367000017, 26.911754697 ], [ 86.259252946, 26.914454505 ], [ 86.259684792000016, 26.919143287 ] ] ] } },
{ "type": "Feature", "properties": { "province": "Bagmati" }, "geometry": { "type": "Polygon", "coordinates": [ [ [ 86.515569827, 27.956621698 ], [ 86.497713538000014, 27.95722327 ], [ 86.493871783000017, 27.954842541 ], [ 86.493483514, 27.952429249 ], [ 86.48624679800001, 27.95156995 ], [ 86.481529812, 27.947933443 ], [ 86.474696452, 27.948331663 ], [ 86.469384261000016, 27.946201823 ], [ 86.466442068, 27.94133077 ], [ 86.469948562000013, 27.934887283 ], [ 86.469882304, 27.93004534 ], [ 86.459446222000011, 27.922322662 ], [ 86.455608262000013, 27.915090179 ], [ 86.445739879000016, 27.911998284 ], [ 86.442457263, 27.905724224 ], [ 86.439332756000013, 27.907663122 ], [ 86.429219357, 27.909555089 ], [ 86.410756102, 27.906585033 ], [ 86.406329924, 27.912738781 ], [ 86.40540977, 27.916707847 ], [ 86.397061204000011, 27.924193469 ], [ 86.390871169, 27.925885398 ], [ 86.381317288, 27.937870158 ], [ 86.370554137000013, 27.940977693 ], [ 86.358288179000013, 27.941417379 ], [ 86.347945314000015, 27.937574043 ], [ 86.337627224000016, 27.949461799 ], [ 86.339469828, 27.953585774 ], [ 86.335495147000017, 27.960023566 ], [ 86.335334494, 27.965094484 ], [ 86.318771430000012, 27.947880739 ], [ 86.312304854, 27.95026035 ], [ 86.307422802, 27.956266416 ], [ 86.304051386000012, 27.955592854 ], [ 86.302973401000017, 27.958567695 ], [ 86.299620534000013, 27.961210649 ], [ 86.29975875, 27.9676502 ], [ 86.296567302000014, 27.973025913 ], [ 86.288780585000012, 27.978395984 ], [ 86.281066941, 27.977130839 ], [ 86.278098859000011, 27.978782514 ], [ 86.266409613, 27.980460099 ], [ 86.254785691, 27.978358149 ], [ 86.248994463000017, 27.975098217 ], [ 86.248804211, 27.976290606 ], [ 86.237398536000015, 27.973082947 ], [ 86.23319519, 27.97421246 ], [ 86.231728125, 27.977407836 ], [ 86.226451605, 27.981588057 ], [ 86.22287377, 27.992696999 ], [ 86.222431015000012, 28.004146215 ], [ 86.220074447000016, 28.010050394 ], [ 86.221030220000017, 28.023167985 ], [ 86.225220422, 28.028651314 ], [ 86.224825252000016, 28.033070974 ], [ 86.219376830000016, 28.036674493 ], [ 86.217577862000013, 28.0402852 ], [ 86.21767783300001, 28.043866131 ], [ 86.215382456000015, 28.046339181 ], [ 86.216950020000013, 28.051139902 ], [ 86.211803277000016, 28.058995296 ], [ 86.209663854000013, 28.065421682 ], [ 86.209627955000016, 28.072372307 ], [ 86.206310992000013, 28.07643201 ], [ 86.204177295, 28.084015667 ], [ 86.207700024, 28.089407618 ], [ 86.207745097000014, 28.094344051 ], [ 86.222519552, 28.095770867 ], [ 86.218490043000017, 28.108990796 ], [ 86.21984405500001, 28.11165833 ], [ 86.214052054, 28.118023282 ], [ 86.212207237000015, 28.123594062 ], [ 86.205552283000017, 28.133085032 ], [ 86.201179839, 28.133980062 ], [ 86.197190459000012, 28.138274733 ], [ 86.195563449, 28.151325093 ], [ 86.197533964000016, 28.15296773 ], [ 86.197308295000013, 28.156350484 ], [ 86.192116579000015, 28.160412279 ], [ 86.192581440000012, 28.166733969 ], [ 86.18956099, 28.168374331 ], [ 86.189385537, 28.172955166 ], [ 86.186726674000013, 28.174175697 ], [ 86.173853692, 28.168269194 ], [ 86.176229442, 28.162582621 ], [ 86.175857724000011, 28.154867184 ], [ 86.178915004, 28.149329048 ], [ 86.178105112000011, 28.143571363 ], [ 86.166147874, 28.13811646 ], [ 86.160275402000011, 28.138015179 ], [ 86.152345364000013, 28.130476532 ], [ 86.142015952, 28.12608075 ], [ 86.140493272000015, 28.117778219 ], [ 86.136932227000017, 28.11845291 ], [ 86.132359059, 28.116635056 ], [ 86.133087775, 28.110938831 ], [ 86.13168241000001, 28.107534676 ], [ 86.132882347, 28.106042018 ], [ 86.130198330000013, 28.10013919 ], [ 86.127693548000011, 28.099638255 ], [ 86.12414367400001, 28.095322456 ], [ 86.117852027000012, 28.091399575 ], [ 86.11034676300001, 28.091653423 ], [ 86.108029714000011, 28.093601083 ], [ 86.104123180000016, 28.093022943 ], [ 86.098936666000014, 28.096422549 ], [ 86.092133659000012, 28.097826056 ], [ 86.089009149, 28.094304068 ], [ 86.082780982000017, 28.090932763 ], [ 86.08409338700001, 28.09020379 ], [ 86.084743985000017, 28.081770809 ], [ 86.087637838, 28.07389188 ], [ 86.091557044000012, 28.069349542 ], [ 86.094854897, 28.061867897 ], [ 86.089622931, 28.057607877 ], [ 86.087511265, 28.049354957 ], [ 86.089086053000017, 28.04383598 ], [ 86.087423158, 28.040441007 ], [ 86.090473601000014, 28.033196961 ], [ 86.088144441000011, 28.028809375 ], [ 86.079964847000014, 28.022503489 ], [ 86.079389718000016, 28.020367734 ], [ 86.082324041, 28.013659949 ], [ 86.085658150000015, 28.011417144 ], [ 86.089010885, 28.006070122 ], [ 86.091480516, 28.005177306 ], [ 86.09359572000001, 28.000243535 ], [ 86.095822018, 27.998893631 ], [ 86.103586125, 27.984217208 ], [ 86.109469781000016, 27.961496722 ], [ 86.10913621200001, 27.958058649 ], [ 86.107141647, 27.955873187 ], [ 86.115388099000015, 27.945508134 ], [ 86.123665278, 27.941606187 ], [ 86.12627048200001, 27.933710815 ], [ 86.123983040000013, 27.92764332 ], [ 86.118006211, 27.927309623 ], [ 86.108964529, 27.924375043 ], [ 86.104034919000014, 27.924864165 ], [ 86.09045075200001, 27.920055552 ], [ 86.087282862, 27.916885156 ], [ 86.079591747, 27.914257636 ], [ 86.075015862000015, 27.910836176 ], [ 86.066503229, 27.91109682 ], [ 86.069420398, 27.905672794 ], [ 86.064821758, 27.899753434 ], [ 86.055651747000013, 27.90415107 ], [ 86.050462306000014, 27.904146983 ], [ 86.047381473000016, 27.906559963 ], [ 86.043628534, 27.90636023 ], [ 86.039649545, 27.904153172 ], [ 86.028094551, 27.907898515 ], [ 86.023194952000011, 27.907638204 ], [ 86.013761534000011, 27.915121809 ], [ 86.001419873, 27.911145832 ], [ 85.997656609, 27.91457696 ], [ 85.988389762000011, 27.917696959 ], [ 85.97445491900001, 27.926157651 ], [ 85.967595374000012, 27.932551711 ], [ 85.948278468000012, 27.942074591 ], [ 85.957835515000014, 27.956781806 ], [ 85.959771902000014, 27.967575434 ], [ 85.978302829000015, 27.987896174 ], [ 85.977140729000013, 27.996715111 ], [ 85.974351253, 28.001084484 ], [ 85.967626781, 28.000361872 ], [ 85.964426727000017, 28.002160592 ], [ 85.953855544, 28.014542425 ], [ 85.941890252, 28.02310014 ], [ 85.938066971000012, 28.024728741 ], [ 85.935837591, 28.024167816 ], [ 85.928339920000013, 28.03160377 ], [ 85.914902999, 28.049378693 ], [ 85.900903064, 28.053894236 ], [ 85.900782226, 28.061649099 ], [ 85.896646209000011, 28.067436195 ], [ 85.896355974000016, 28.074309885 ], [ 85.900707751000013, 28.07827229 ], [ 85.900780091000016, 28.085184981 ], [ 85.903312169000017, 28.089234285 ], [ 85.89907022700001, 28.098045732 ], [ 85.899749389, 28.103729233 ], [ 85.898050936, 28.109077784 ], [ 85.89001339, 28.11402564 ], [ 85.888867362000013, 28.116628698 ], [ 85.878678817, 28.117414266 ], [ 85.870129123000012, 28.123771048 ], [ 85.869312166000014, 28.135391114 ], [ 85.871952683, 28.144447655 ], [ 85.87026404400001, 28.146779853 ], [ 85.861798628000017, 28.151307239 ], [ 85.859729648000013, 28.154434672 ], [ 85.859334862000011, 28.161334357 ], [ 85.856425866, 28.161621405 ], [ 85.851306984, 28.167195629 ], [ 85.84851942200001, 28.184174612 ], [ 85.843280633, 28.183422092 ], [ 85.828939559, 28.185066512 ], [ 85.818062430000012, 28.193955651 ], [ 85.815690665, 28.203369137 ], [ 85.811489863, 28.202669503 ], [ 85.807301009000014, 28.198403379 ], [ 85.800013392000011, 28.196419934 ], [ 85.790965430000014, 28.203798053 ], [ 85.784325773, 28.205507786 ], [ 85.782134686, 28.208495291 ], [ 85.776377382, 28.208606309 ], [ 85.77464761600001, 28.211318161 ], [ 85.775847237, 28.215709597 ], [ 85.774052172000012, 28.218109538 ], [ 85.76395693500001, 28.227364468 ], [ 85.75702132, 28.228952833 ], [ 85.754311299, 28.23493081 ], [ 85.748859264, 28.238169987 ], [ 85.748393527, 28.249106304 ], [ 85.743030944000012, 28.256911696 ], [ 85.742942072, 28.271731293 ], [ 85.739441692000014, 28.2761249 ], [ 85.738222729000015, 28.284741976 ], [ 85.733058396, 28.291296733 ], [ 85.732907784, 28.294548187 ], [ 85.736351034, 28.299409682 ], [ 85.737245235, 28.319270901 ], [ 85.735897383, 28.323639046 ], [ 85.727534877000011, 28.32885787 ], [ 85.732267147000016, 28.339352751 ], [ 85.728483078000011, 28.342574833 ], [ 85.726284508, 28.350677313 ], [ 85.722037004000015, 28.353743651 ], [ 85.719935596000013, 28.359476097 ], [ 85.718904623000014, 28.36734343 ], [ 85.724324212000013, 28.373369665 ], [ 85.720796550000017, 28.373591522 ], [ 85.717756223, 28.375572791 ], [ 85.711482073000013, 28.386284716 ], [ 85.700930633000013, 28.384623563 ], [ 85.695321541000013, 28.385731679 ], [ 85.683920313000016, 28.382477592 ], [ 85.686194031000014, 28.346956157 ], [ 85.681526716, 28.349690206 ], [ 85.676200775000012, 28.350703274 ], [ 85.665749409000014, 28.348036714 ], [ 85.664396252000017, 28.331746226 ], [ 85.661341276000016, 28.326243922 ], [ 85.657294787000012, 28.324543945 ], [ 85.65376078300001, 28.317475775 ], [ 85.66132853, 28.30589495 ], [ 85.660724797000015, 28.302972391 ], [ 85.64511202700001, 28.289802818 ], [ 85.642127265000013, 28.282624792 ], [ 85.635433402, 28.273934464 ], [ 85.625611248000013, 28.266096694 ], [ 85.608688816000011, 28.256882243 ], [ 85.606997350000015, 28.257020639 ], [ 85.606297167, 28.261123444 ], [ 85.603621321, 28.264655579 ], [ 85.598973248, 28.279263305 ], [ 85.596636008, 28.299033042 ], [ 85.600600305000015, 28.304363314 ], [ 85.59195229800001, 28.308672966 ], [ 85.58077608100001, 28.306306054 ], [ 85.575922452000015, 28.310363043 ], [ 85.561754093, 28.309831041 ], [ 85.547781395000015, 28.315150825 ], [ 85.54319623100001, 28.319121512 ], [ 85.538819980000014, 28.320028857 ], [ 85.526052433, 28.328352515 ], [ 85.506528280000012, 28.3340138 ], [ 85.497763515000017, 28.333638186 ], [ 85.496542391, 28.332378031 ], [ 85.48737782, 28.331197046 ], [ 85.483572346000017, 28.333209925 ], [ 85.47539249, 28.333368524 ], [ 85.458003722000015, 28.337029213 ], [ 85.451917505000011, 28.335287332 ], [ 85.437370447, 28.334794072 ], [ 85.430234180000014, 28.330276549 ], [ 85.424607428000016, 28.330197774 ], [ 85.415387531, 28.327135836 ], [ 85.413146525000016, 28.323795851 ], [ 85.414119309000014, 28.316062318 ], [ 85.412038314000014, 28.30836273 ], [ 85.397712740000017, 28.298305402 ], [ 85.396755207000012, 28.294164762 ], [ 85.391961588000015, 28.28853388 ], [ 85.377641950000012, 28.278584792 ], [ 85.375562074000015, 28.282796877 ], [ 85.370178914, 28.285774393 ], [ 85.352665845, 28.286720391 ], [ 85.348264516000015, 28.288503093 ], [ 85.347148166000011, 28.291423999 ], [ 85.348197246000012, 28.301713209 ], [ 85.340373050000011, 28.303969312 ], [ 85.32538682900001, 28.299150751 ], [ 85.322902414000012, 28.296046177 ], [ 85.31857809200001, 28.29407366 ], [ 85.30357161100001, 28.289916037 ], [ 85.298098507, 28.290766682 ], [ 85.292496697, 28.287470077 ], [ 85.272910792, 28.287791599 ], [ 85.27357489, 28.293812815 ], [ 85.270473976, 28.29740125 ], [ 85.266791698, 28.29819568 ], [ 85.254777811000011, 28.294471818 ], [ 85.253070328, 28.298500488 ], [ 85.24711027, 28.303244835 ], [ 85.244613712, 28.312872671 ], [ 85.241456402000011, 28.317827982 ], [ 85.230148609000011, 28.323087068 ], [ 85.202454107, 28.340669582 ], [ 85.198325497000013, 28.339354694 ], [ 85.193596068, 28.33320855 ], [ 85.181285954, 28.324283531 ], [ 85.170802322000014, 28.328551596 ], [ 85.16682891, 28.33162644 ], [ 85.140381765000015, 28.330471798 ], [ 85.135051432000012, 28.33249909 ], [ 85.128653104, 28.338074416 ], [ 85.120773451, 28.335770746 ], [ 85.107955679000014, 28.346604114 ], [ 85.092999522000014, 28.344671982 ], [ 85.088368541, 28.346371628 ], [ 85.080549591, 28.345883356 ], [ 85.067371045000016, 28.339285052 ], [ 85.052993403000016, 28.327014494 ], [ 85.046657769, 28.32586762 ], [ 85.042834718, 28.319704617 ], [ 85.041207161000017, 28.311866676 ], [ 85.032718977000016, 28.302844545 ], [ 85.03799325300001, 28.291890687 ], [ 85.031825649000012, 28.279264045 ], [ 85.027943952000015, 28.262405822 ], [ 85.001747690000016, 28.25325429 ], [ 85.000654556000015, 28.251660541 ], [ 85.002690985000015, 28.248079087 ], [ 84.999130283000014, 28.244473231 ], [ 84.998667786000013, 28.241246142 ], [ 84.997781732, 28.240472072 ], [ 84.991604716000012, 28.244706213 ], [ 84.977062272000012, 28.226723108 ], [ 84.970425473, 28.223436112 ], [ 84.964733168, 28.217365132 ], [ 84.962262041000017, 28.212175876 ], [ 84.96741114000001, 28.20443341 ], [ 84.967531363, 28.201948762 ], [ 84.970630259, 28.199115943 ], [ 84.97086601, 28.19449193 ], [ 84.973854137, 28.190281485 ], [ 84.967465286, 28.184853873 ], [ 84.96407038000001, 28.177931884 ], [ 84.965668363, 28.174509657 ], [ 84.961910102, 28.168959474 ], [ 84.960801317, 28.159609616 ], [ 84.95724481100001, 28.155549051 ], [ 84.95789064600001, 28.147175008 ], [ 84.954199963, 28.143496532 ], [ 84.958320005, 28.136079582 ], [ 84.956912571, 28.126761091 ], [ 84.951831235000014, 28.124215677 ], [ 84.948420487, 28.12490256 ], [ 84.942777722000017, 28.122579491 ], [ 84.939197195, 28.125753397 ], [ 84.928817251000012, 28.126320428 ], [ 84.920176874, 28.115310975 ], [ 84.921567993000011, 28.106600347 ], [ 84.918135514000014, 28.103422142 ], [ 84.913582816000016, 28.102908866 ], [ 84.90043067500001, 28.106691125 ], [ 84.892449748, 28.099970855 ], [ 84.88538195000001, 28.105512177 ], [ 84.880995884000015, 28.112768637 ], [ 84.872801206, 28.116723835 ], [ 84.869368398, 28.120470316 ], [ 84.862331873000016, 28.121568291 ], [ 84.859042529, 28.120072874 ], [ 84.85469267900001, 28.122660632 ], [ 84.849597691000014, 28.118539049 ], [ 84.843738078000015, 28.116321468 ], [ 84.842132889000013, 28.114578413 ], [ 84.842458924000013, 28.110716456 ], [ 84.837149951000015, 28.104143403 ], [ 84.837267560000015, 28.094958488 ], [ 84.831809895, 28.089568326 ], [ 84.831635265000017, 28.084820441 ], [ 84.827876398000015, 28.075133446 ], [ 84.824396782, 28.066712403 ], [ 84.820925441000014, 28.06315067 ], [ 84.821262683000015, 28.058257618 ], [ 84.818486319000016, 28.054321617 ], [ 84.818377717, 28.047700903 ], [ 84.812130456, 28.042957483 ], [ 84.809500969000013, 28.037989516 ], [ 84.809468353000014, 28.034659754 ], [ 84.813569746000013, 28.028435945 ], [ 84.812825302, 28.021311327 ], [ 84.809546202, 28.016863741 ], [ 84.813283796, 28.009331357 ], [ 84.811329434000015, 28.002944842 ], [ 84.803852416000012, 28.000428137 ], [ 84.797416295, 28.002369734 ], [ 84.796906760000013, 27.998144859 ], [ 84.79015291, 27.997992078 ], [ 84.788068741, 27.995292289 ], [ 84.787980436000012, 27.989352637 ], [ 84.785016125000013, 27.98703905 ], [ 84.784066515, 27.983299436 ], [ 84.778576845, 27.981397208 ], [ 84.776894019000011, 27.977605274 ], [ 84.771630537, 27.977355151 ], [ 84.771462025, 27.975988895 ], [ 84.775159966, 27.973123277 ], [ 84.774721309000014, 27.971393051 ], [ 84.769150756000016, 27.967298021 ], [ 84.760711566000012, 27.967223081 ], [ 84.75720791900001, 27.963458991 ], [ 84.745881492, 27.960096179 ], [ 84.746537124000014, 27.955309748 ], [ 84.741074572000016, 27.947409187 ], [ 84.73937813900001, 27.936589139 ], [ 84.73389656, 27.933168861 ], [ 84.734138255, 27.931252227 ], [ 84.736412399000017, 27.930797867 ], [ 84.736433379, 27.928548445 ], [ 84.732648656, 27.927334557 ], [ 84.732010583, 27.925837683 ], [ 84.73341485600001, 27.924745053 ], [ 84.735099444000014, 27.915443235 ], [ 84.733223736000014, 27.907053837 ], [ 84.737626850000012, 27.897047186 ], [ 84.735765244, 27.892878846 ], [ 84.737518679, 27.890737442 ], [ 84.749241528000013, 27.88611242 ], [ 84.745955082, 27.880248648 ], [ 84.753404601000014, 27.873570682 ], [ 84.756033551000016, 27.861774977 ], [ 84.759344971, 27.859392431 ], [ 84.76509470900001, 27.859311029 ], [ 84.765350412, 27.853786657 ], [ 84.768039221, 27.851729886 ], [ 84.767560631, 27.843791157 ], [ 84.769932459, 27.842871028 ], [ 84.77067412800001, 27.838905147 ], [ 84.77595831, 27.835344803 ], [ 84.773116743000017, 27.829474538 ], [ 84.773718205, 27.824200961 ], [ 84.777033371000016, 27.818898554 ], [ 84.781936284000011, 27.815777725 ], [ 84.781952952000012, 27.813489933 ], [ 84.775428473, 27.808824938 ], [ 84.773084599000015, 27.808653166 ], [ 84.76851552, 27.81170407 ], [ 84.768991003000011, 27.815627098 ], [ 84.764972854, 27.8185079 ], [ 84.762642731000014, 27.818238762 ], [ 84.756952561, 27.814518133 ], [ 84.75625907300001, 27.809012556 ], [ 84.753848256000012, 27.806469559 ], [ 84.738787303, 27.804069165 ], [ 84.737025073000012, 27.799067776 ], [ 84.730841837000014, 27.795605866 ], [ 84.727448827, 27.799923986 ], [ 84.721550456000017, 27.80134014 ], [ 84.718748842000011, 27.803750753 ], [ 84.713826872000013, 27.800486908 ], [ 84.711169975, 27.800504989 ], [ 84.707961172000012, 27.802565628 ], [ 84.707412600000012, 27.806690372 ], [ 84.685059806000012, 27.810342879 ], [ 84.677123502000015, 27.815753891 ], [ 84.668033465, 27.818541621 ], [ 84.667453513000012, 27.823083764 ], [ 84.661161609, 27.828889704 ], [ 84.663986376000011, 27.840594503 ], [ 84.660000032000013, 27.849985593 ], [ 84.655263363, 27.852381615 ], [ 84.64730533800001, 27.853396085 ], [ 84.646881547, 27.855135297 ], [ 84.649934823, 27.858566034 ], [ 84.648980989, 27.859745975 ], [ 84.635496204, 27.860377268 ], [ 84.633890689000012, 27.862471555 ], [ 84.633808134, 27.86890191 ], [ 84.627627517, 27.872090961 ], [ 84.626836813000011, 27.878179399 ], [ 84.620903367000011, 27.880539093 ], [ 84.614968409000014, 27.87716343 ], [ 84.613750213, 27.873092029 ], [ 84.608564058000013, 27.871625955 ], [ 84.604965898, 27.872196784 ], [ 84.603413104000012, 27.875465965 ], [ 84.596040878000011, 27.876303461 ], [ 84.5907327, 27.879836872 ], [ 84.58053747400001, 27.874395516 ], [ 84.576947521, 27.870931587 ], [ 84.576326123000015, 27.863606238 ], [ 84.567428647000014, 27.858936834 ], [ 84.55878756300001, 27.85796585 ], [ 84.556860235000016, 27.852766478 ], [ 84.558076101000012, 27.845068069 ], [ 84.555176043, 27.835815985 ], [ 84.546115514, 27.831793331 ], [ 84.539171148, 27.83371355 ], [ 84.521961648000016, 27.83233122 ], [ 84.52034453600001, 27.829844294 ], [ 84.520367012, 27.821383559 ], [ 84.517098425000015, 27.816159294 ], [ 84.511418316, 27.815521638 ], [ 84.502976793000016, 27.819706253 ], [ 84.496442137000017, 27.820907606 ], [ 84.492794526000012, 27.819420308 ], [ 84.468529903, 27.82435555 ], [ 84.465405510000011, 27.824115709 ], [ 84.466179237, 27.820038466 ], [ 84.464927923, 27.818937107 ], [ 84.445098043000016, 27.822916941 ], [ 84.440215315, 27.816597187 ], [ 84.435340427000014, 27.815274794 ], [ 84.432333563000014, 27.812743788 ], [ 84.429889837, 27.792890171 ], [ 84.431274834, 27.78688886 ], [ 84.439336866, 27.778477244 ], [ 84.449086260000016, 27.778375904 ], [ 84.460596572000014, 27.773730938 ], [ 84.467368613, 27.767201321 ], [ 84.471982256, 27.754097451 ], [ 84.470679404, 27.752197665 ], [ 84.467917337000017, 27.751990454 ], [ 84.457682115000011, 27.759357381 ], [ 84.450560310000014, 27.759353646 ], [ 84.437052926, 27.742847742 ], [ 84.433065862, 27.741222264 ], [ 84.426885532000014, 27.742541049 ], [ 84.422042386000015, 27.741335334 ], [ 84.430748839, 27.713196072 ], [ 84.431343103, 27.708453885 ], [ 84.429984286, 27.705064794 ], [ 84.406852474, 27.695839021 ], [ 84.378886155, 27.681345338 ], [ 84.372912666, 27.682900293 ], [ 84.365197018, 27.688606597 ], [ 84.360070949, 27.698330828 ], [ 84.350302095, 27.702852583 ], [ 84.343715793000015, 27.70231628 ], [ 84.325361078000014, 27.69402606 ], [ 84.322972976000017, 27.68657251 ], [ 84.313969354, 27.680323125 ], [ 84.292371952000011, 27.668367125 ], [ 84.270973459, 27.662993346 ], [ 84.26228036, 27.656604542 ], [ 84.257918732, 27.651143593 ], [ 84.250335056000011, 27.654183141 ], [ 84.241054833, 27.651855334 ], [ 84.228874761000014, 27.645407232 ], [ 84.218175717, 27.643605984 ], [ 84.206679271000013, 27.63880418 ], [ 84.19695564300001, 27.631334269 ], [ 84.176418728000016, 27.619148685 ], [ 84.164263135000013, 27.606997723 ], [ 84.151108606, 27.598470357 ], [ 84.141659606, 27.588877581 ], [ 84.135268349000015, 27.584590184 ], [ 84.127761592000013, 27.574836577 ], [ 84.125647225, 27.566122519 ], [ 84.11983711, 27.560116787 ], [ 84.119400489000014, 27.556407803 ], [ 84.114713856, 27.553347697 ], [ 84.107303431, 27.551769664 ], [ 84.100685456, 27.553906873 ], [ 84.090269762, 27.554721767 ], [ 84.074662431, 27.559568533 ], [ 84.070871099000016, 27.557436043 ], [ 84.067571134, 27.552241401 ], [ 84.064427443000014, 27.551399055 ], [ 84.056569534, 27.555531502 ], [ 84.050602432, 27.556544634 ], [ 84.044034009000015, 27.552284732 ], [ 84.038854543000014, 27.540582774 ], [ 84.031175375, 27.537265709 ], [ 84.018300749, 27.538517966 ], [ 84.00556151, 27.544823207 ], [ 83.998920189, 27.545588226 ], [ 83.993159929000015, 27.543564199 ], [ 83.985361458000014, 27.543951609 ], [ 83.970409695000015, 27.550603099 ], [ 83.957757541, 27.548451794 ], [ 83.954396462, 27.543080728 ], [ 83.94847574, 27.540231147 ], [ 83.941022767, 27.54160235 ], [ 83.931762862000014, 27.545501424 ], [ 83.924451598, 27.54464258 ], [ 83.919758796000011, 27.540700428 ], [ 83.918773132000013, 27.533084852 ], [ 83.919941096000017, 27.526668636 ], [ 83.922256894000014, 27.52440225 ], [ 83.921740008000015, 27.518573894 ], [ 83.92564556, 27.514785419 ], [ 83.931221351, 27.513084781 ], [ 83.941928877, 27.515788257 ], [ 83.946333805, 27.518538199 ], [ 83.950933670000012, 27.526515985 ], [ 83.953042432, 27.52759748 ], [ 83.96488394, 27.523259798 ], [ 83.969499223000014, 27.51542695 ], [ 83.968110354, 27.508303447 ], [ 83.963533169000016, 27.503884465 ], [ 83.941147515000011, 27.493908347 ], [ 83.938754564, 27.491587832 ], [ 83.944603205, 27.465847805 ], [ 83.93935616200001, 27.455177626 ], [ 83.935443195, 27.451040005 ], [ 83.931224469000014, 27.449634569 ], [ 83.942205734000012, 27.447800647 ], [ 83.944242621000015, 27.446043774 ], [ 83.94320817900001, 27.443554608 ], [ 83.945952047, 27.441224921 ], [ 83.962599096, 27.444032727 ], [ 83.966113644, 27.446662291 ], [ 83.972652860000011, 27.442144296 ], [ 83.977823292000011, 27.442519714 ], [ 83.977580820000014, 27.439381118 ], [ 83.984013445000016, 27.443930803 ], [ 83.99164767500001, 27.444245076 ], [ 83.996185974000014, 27.446228651 ], [ 83.998138817000012, 27.440714178 ], [ 83.998809951000013, 27.442212365 ], [ 84.001716099, 27.440396009 ], [ 84.002405222, 27.442239416 ], [ 84.005251343000012, 27.442298015 ], [ 84.005296074000015, 27.43975287 ], [ 84.007621437000012, 27.440574082 ], [ 84.009253086000015, 27.437694864 ], [ 84.011938270000016, 27.438919857 ], [ 84.015806647, 27.434833221 ], [ 84.018641370000012, 27.436116773 ], [ 84.022734633000013, 27.433121978 ], [ 84.02722184000001, 27.433703304 ], [ 84.025914612, 27.438511852 ], [ 84.02784895500001, 27.439840449 ], [ 84.031043731000011, 27.439074879 ], [ 84.031725405, 27.441696588 ], [ 84.035647588, 27.440933028 ], [ 84.043672727000015, 27.443410425 ], [ 84.05209337, 27.442814166 ], [ 84.054707274, 27.449458043 ], [ 84.061774276, 27.455969124 ], [ 84.05853985600001, 27.461284223 ], [ 84.060803479000015, 27.462043626 ], [ 84.062094090000016, 27.467007009 ], [ 84.066698867000014, 27.469712459 ], [ 84.070764162, 27.481811116 ], [ 84.072828661000017, 27.480578133 ], [ 84.078156575, 27.484108644 ], [ 84.084045371000016, 27.483319992 ], [ 84.090907345, 27.486160963 ], [ 84.091443472, 27.488920096 ], [ 84.09547761, 27.489652904 ], [ 84.098715624, 27.50258166 ], [ 84.097211339000012, 27.505087226 ], [ 84.098738876000013, 27.50565026 ], [ 84.099764023, 27.510475777 ], [ 84.097867084000015, 27.517288947 ], [ 84.108658631000011, 27.521809325 ], [ 84.11092712300001, 27.51948807 ], [ 84.116665802000014, 27.519332232 ], [ 84.117541166, 27.513742562 ], [ 84.12419189500001, 27.51112621 ], [ 84.129840192, 27.511976218 ], [ 84.13834158200001, 27.517696767 ], [ 84.143718378000017, 27.517163396 ], [ 84.145822066, 27.518880524 ], [ 84.151111659, 27.516503441 ], [ 84.149902270000013, 27.512558467 ], [ 84.151295004, 27.510242009 ], [ 84.149302034000016, 27.509407054 ], [ 84.148358216, 27.50308811 ], [ 84.149960293, 27.500985761 ], [ 84.144434164, 27.496975352 ], [ 84.1462477, 27.495558758 ], [ 84.145421985000013, 27.492937794 ], [ 84.148846729000013, 27.489073569 ], [ 84.148924777, 27.486002659 ], [ 84.151940374, 27.486105445 ], [ 84.153717739000015, 27.48409759 ], [ 84.163647175, 27.483876446 ], [ 84.16717537000001, 27.481882179 ], [ 84.167541738000011, 27.479708882 ], [ 84.171116524000013, 27.479165296 ], [ 84.171582090000015, 27.475753111 ], [ 84.176090340000016, 27.473879285 ], [ 84.179926, 27.47482657 ], [ 84.184096866, 27.472530964 ], [ 84.188737570000015, 27.472165942 ], [ 84.191141181, 27.469301673 ], [ 84.194493035, 27.473322299 ], [ 84.205832724, 27.46973648 ], [ 84.208855717, 27.465422415 ], [ 84.203896110000017, 27.459649048 ], [ 84.207801904, 27.45634453 ], [ 84.206633679, 27.446664384 ], [ 84.208561813000017, 27.442661023 ], [ 84.219551646000014, 27.440466762 ], [ 84.220941575000012, 27.447707379 ], [ 84.227014894, 27.451104666 ], [ 84.231699236000011, 27.456358764 ], [ 84.23918131500001, 27.452582528 ], [ 84.244136742, 27.454746783 ], [ 84.246138821000017, 27.45312321 ], [ 84.250656277, 27.453519055 ], [ 84.254264887, 27.452133859 ], [ 84.254756935, 27.449438923 ], [ 84.259495188000017, 27.445876501 ], [ 84.258671306000011, 27.438813437 ], [ 84.272621021, 27.428874793 ], [ 84.273597597, 27.421395418 ], [ 84.278176410000015, 27.415711623 ], [ 84.277586474, 27.409826019 ], [ 84.279165199, 27.406736198 ], [ 84.275556222, 27.401125085 ], [ 84.276419335000014, 27.395703647 ], [ 84.282493638, 27.396585036 ], [ 84.291865304000012, 27.385004219 ], [ 84.294886413000015, 27.384481187 ], [ 84.297669149000015, 27.388886394 ], [ 84.300572797000015, 27.39048217 ], [ 84.313788021, 27.385277087 ], [ 84.317549893, 27.382197671 ], [ 84.32864996, 27.380287949 ], [ 84.332600928, 27.377455888 ], [ 84.338421402, 27.377751075 ], [ 84.34807369100001, 27.374241224 ], [ 84.36130182, 27.373923328 ], [ 84.371704354000016, 27.375326423 ], [ 84.372852677000012, 27.376693067 ], [ 84.387624615, 27.372399614 ], [ 84.391847761, 27.368231616 ], [ 84.397054842000017, 27.370423622 ], [ 84.398813690000011, 27.369504795 ], [ 84.406088209, 27.370440509 ], [ 84.410377116, 27.368564242 ], [ 84.414041275000017, 27.370836844 ], [ 84.420353644000016, 27.369928959 ], [ 84.424253774, 27.372040392 ], [ 84.435332418000016, 27.36959878 ], [ 84.441195817, 27.370263996 ], [ 84.443889927000015, 27.368664744 ], [ 84.446457744000014, 27.363796533 ], [ 84.457756343000014, 27.362173663 ], [ 84.461867227000013, 27.359402912 ], [ 84.464760463, 27.359792671 ], [ 84.466121527000013, 27.356825585 ], [ 84.46962296800001, 27.355243467 ], [ 84.47257062700001, 27.355978071 ], [ 84.475980988, 27.36252791 ], [ 84.485891065, 27.358590289 ], [ 84.483890247, 27.366142393 ], [ 84.487805316, 27.371424353 ], [ 84.49263296, 27.372943978 ], [ 84.495343842000011, 27.37669562 ], [ 84.501722001, 27.376593914 ], [ 84.504081975, 27.381179227 ], [ 84.509961828000016, 27.38080135 ], [ 84.511661070000017, 27.382604776 ], [ 84.519873204, 27.384090582 ], [ 84.530453863, 27.381054391 ], [ 84.532491288000017, 27.384002407 ], [ 84.539668239, 27.385919783 ], [ 84.535538659000011, 27.392472193 ], [ 84.534729149000015, 27.401800592 ], [ 84.537458561, 27.403843326 ], [ 84.545873823, 27.403842205 ], [ 84.546236003, 27.408222568 ], [ 84.544962325000014, 27.409994201 ], [ 84.534364243000013, 27.412397573 ], [ 84.532486015, 27.41442411 ], [ 84.536689001000013, 27.415407525 ], [ 84.538779857, 27.41838454 ], [ 84.54172132, 27.419505797 ], [ 84.543435124000013, 27.417971648 ], [ 84.548356908000017, 27.418031281 ], [ 84.547817748000014, 27.426763052 ], [ 84.551308585000015, 27.437207229 ], [ 84.556034808, 27.441849947 ], [ 84.557786434, 27.458882255 ], [ 84.561653342000014, 27.463036315 ], [ 84.565268486, 27.46316161 ], [ 84.567832510000017, 27.460540635 ], [ 84.573085472000017, 27.458860804 ], [ 84.575857575000015, 27.453982598 ], [ 84.581899454, 27.454392904 ], [ 84.582436594000015, 27.456500285 ], [ 84.584771658, 27.45649276 ], [ 84.59105476500001, 27.453253335 ], [ 84.59737603, 27.454465074 ], [ 84.60127326700001, 27.45114962 ], [ 84.606827533000015, 27.45432492 ], [ 84.610029591000014, 27.452052361 ], [ 84.621782099000015, 27.451973363 ], [ 84.622862437, 27.449789014 ], [ 84.628280824000015, 27.450877061 ], [ 84.634941254000012, 27.444477364 ], [ 84.639745929000014, 27.44453887 ], [ 84.642979346, 27.442915315 ], [ 84.643513274000014, 27.43663139 ], [ 84.647664057000014, 27.429141688 ], [ 84.65644157700001, 27.432690318 ], [ 84.661735557000014, 27.433037618 ], [ 84.662759674000014, 27.429745368 ], [ 84.67070501100001, 27.429084612 ], [ 84.680857964000012, 27.429899571 ], [ 84.69060631100001, 27.432529736 ], [ 84.700750982000017, 27.431966946 ], [ 84.704919223, 27.433026664 ], [ 84.718933154000013, 27.431265165 ], [ 84.720809779, 27.437744425 ], [ 84.726073324000012, 27.444686633 ], [ 84.734694879000017, 27.44426918 ], [ 84.734506134000014, 27.442115433 ], [ 84.738128525, 27.442369279 ], [ 84.739453824, 27.440489655 ], [ 84.743322156, 27.442075449 ], [ 84.748780019, 27.43775717 ], [ 84.755315132, 27.435727392 ], [ 84.75832882200001, 27.437590459 ], [ 84.768355694, 27.437091036 ], [ 84.770284529, 27.438910214 ], [ 84.774441917, 27.438830725 ], [ 84.780046, 27.435094771 ], [ 84.790944133000011, 27.437758828 ], [ 84.797181170000016, 27.435279835 ], [ 84.799866415000011, 27.430163148 ], [ 84.809243662000014, 27.424524864 ], [ 84.810126399000012, 27.415986706 ], [ 84.815670731000012, 27.419067952 ], [ 84.82527613900001, 27.419622866 ], [ 84.829764924000017, 27.416284111 ], [ 84.833704814000015, 27.417747478 ], [ 84.837709537, 27.41438653 ], [ 84.840398986000011, 27.414810284 ], [ 84.840877413000015, 27.412054852 ], [ 84.844283779, 27.411923729 ], [ 84.851098965, 27.40441201 ], [ 84.851894161, 27.398574795 ], [ 84.86409833, 27.397001627 ], [ 84.871510743000016, 27.399288413 ], [ 84.876728086000014, 27.397669641 ], [ 84.878768472, 27.396122499 ], [ 84.878529748, 27.393267689 ], [ 84.881851098000013, 27.388077768 ], [ 84.889891325, 27.389335343 ], [ 84.891321426, 27.38730236 ], [ 84.896701563, 27.385521605 ], [ 84.897824663, 27.379294055 ], [ 84.900819476, 27.374985739 ], [ 84.908457862, 27.377264591 ], [ 84.914151446, 27.372816579 ], [ 84.921732364, 27.370670703 ], [ 84.926235958, 27.364233288 ], [ 84.930956804, 27.365781224 ], [ 84.933401442, 27.364627803 ], [ 84.935874891000012, 27.366508673 ], [ 84.940884994000015, 27.365784628 ], [ 84.940982657, 27.363207361 ], [ 84.945436334, 27.362441749 ], [ 84.944954566, 27.360243001 ], [ 84.94941656200001, 27.362324511 ], [ 84.951790968000012, 27.367012502 ], [ 84.956296490000014, 27.364260758 ], [ 84.953784813000013, 27.36148253 ], [ 84.956767778000014, 27.359181095 ], [ 84.96419370800001, 27.363707806 ], [ 84.965582564000016, 27.358572225 ], [ 84.971913484000012, 27.355148444 ], [ 84.97745842, 27.356136317 ], [ 84.98153463700001, 27.36220615 ], [ 84.988325876, 27.361709303 ], [ 84.994824257, 27.365491878 ], [ 84.998880407000016, 27.365591496 ], [ 85.000641306, 27.362099899 ], [ 85.000918644, 27.355776096 ], [ 85.003978299000011, 27.352870716 ], [ 85.01320440500001, 27.355407696 ], [ 85.021496065, 27.352100686 ], [ 85.020960668000015, 27.356743261 ], [ 85.02456303000001, 27.35870458 ], [ 85.03195358100001, 27.360558844 ], [ 85.036488419, 27.357402761 ], [ 85.039984733000011, 27.359346391 ], [ 85.043041834, 27.359095775 ], [ 85.044781366, 27.361629887 ], [ 85.052376397, 27.363206304 ], [ 85.056175721000017, 27.365675143 ], [ 85.060067379000017, 27.363357912 ], [ 85.059756583, 27.361438016 ], [ 85.061477501000013, 27.36045032 ], [ 85.065494052, 27.362637501 ], [ 85.067316168, 27.360417104 ], [ 85.069718435000013, 27.362496891 ], [ 85.069423250000014, 27.364326598 ], [ 85.070817066, 27.364415238 ], [ 85.08656674, 27.361143967 ], [ 85.088066851, 27.358215128 ], [ 85.091340326, 27.35659445 ], [ 85.09063117, 27.353400788 ], [ 85.092306906, 27.352426588 ], [ 85.093097752, 27.348627879 ], [ 85.092092303000015, 27.340202305 ], [ 85.094481185, 27.333403887 ], [ 85.103231419000011, 27.323315554 ], [ 85.103919077000015, 27.320248588 ], [ 85.116795738, 27.317917188 ], [ 85.119020515000017, 27.314397851 ], [ 85.120880450000016, 27.302177286 ], [ 85.125534108000011, 27.301147202 ], [ 85.126637631, 27.292630419 ], [ 85.136749284, 27.290240604 ], [ 85.139378778, 27.285668554 ], [ 85.144783557000011, 27.282989193 ], [ 85.145278690000012, 27.272977032 ], [ 85.151070639000011, 27.268618014 ], [ 85.151794787000014, 27.265758031 ], [ 85.155995055, 27.26214067 ], [ 85.16770286500001, 27.260195718 ], [ 85.170951544, 27.254792252 ], [ 85.175045591000014, 27.253654669 ], [ 85.180960044000017, 27.254590803 ], [ 85.177304998000011, 27.249646875 ], [ 85.179143468, 27.248462698 ], [ 85.192902161, 27.245095092 ], [ 85.19791810400001, 27.246065272 ], [ 85.199598945, 27.249218455 ], [ 85.202454362000012, 27.250256594 ], [ 85.206739649000014, 27.248349396 ], [ 85.208402801, 27.245395311 ], [ 85.215196377000012, 27.246816543 ], [ 85.219929185000012, 27.244031928 ], [ 85.224714088000013, 27.245499499 ], [ 85.231797822, 27.243400112 ], [ 85.236673970000012, 27.247691057 ], [ 85.242451063, 27.248799612 ], [ 85.251520944, 27.244982659 ], [ 85.253405081000011, 27.238267477 ], [ 85.258094606000014, 27.234216351 ], [ 85.257793621, 27.229224104 ], [ 85.261912630000012, 27.226660211 ], [ 85.267376732000017, 27.226286018 ], [ 85.271949256000013, 27.22929251 ], [ 85.279537517, 27.228779051 ], [ 85.280631764, 27.231223602 ], [ 85.288743822000015, 27.231151487 ], [ 85.293027722, 27.232925835 ], [ 85.30403920900001, 27.229931465 ], [ 85.307395479, 27.231840348 ], [ 85.317412066000017, 27.227236607 ], [ 85.332815873000015, 27.223016479 ], [ 85.337608619, 27.219825779 ], [ 85.348749482000017, 27.222184871 ], [ 85.359651463, 27.210806061 ], [ 85.362558292000017, 27.212778932 ], [ 85.369377598000014, 27.211988236 ], [ 85.372815934000016, 27.210052777 ], [ 85.376593334, 27.212102529 ], [ 85.385164176, 27.207431583 ], [ 85.393486458000012, 27.210423949 ], [ 85.397271857, 27.206210386 ], [ 85.396126805, 27.200782539 ], [ 85.39728534000001, 27.197675709 ], [ 85.40351479600001, 27.196381675 ], [ 85.409280089, 27.197002899 ], [ 85.418280356000011, 27.190135092 ], [ 85.426631637000014, 27.193107213 ], [ 85.433689325, 27.190438564 ], [ 85.436568009000013, 27.187347698 ], [ 85.448103691000014, 27.186789058 ], [ 85.450172043, 27.183697305 ], [ 85.44948376100001, 27.180460269 ], [ 85.453354121, 27.177735575 ], [ 85.452924613, 27.168429521 ], [ 85.457214409000017, 27.166147043 ], [ 85.466852079, 27.166154884 ], [ 85.469414751000016, 27.162642551 ], [ 85.472268891000013, 27.161899727 ], [ 85.48620257200001, 27.164417102 ], [ 85.494056304000011, 27.169923987 ], [ 85.495185268000014, 27.173679484 ], [ 85.500943032, 27.175782326 ], [ 85.50338733800001, 27.17258915 ], [ 85.499562751000013, 27.167706961 ], [ 85.503349540000016, 27.165870436 ], [ 85.503958009000016, 27.163460785 ], [ 85.493146830000015, 27.162186662 ], [ 85.489520333000016, 27.154613527 ], [ 85.491223934, 27.154090102 ], [ 85.496225314000014, 27.146019088 ], [ 85.50103673000001, 27.143552073 ], [ 85.508081303000012, 27.143757981 ], [ 85.512596120000012, 27.141978587 ], [ 85.515962726000012, 27.142663893 ], [ 85.528095054, 27.140407102 ], [ 85.531053837000016, 27.141209639 ], [ 85.53316520300001, 27.146467894 ], [ 85.536655134000014, 27.148859614 ], [ 85.54224989, 27.146237686 ], [ 85.542322727000013, 27.144539652 ], [ 85.545949074, 27.143950136 ], [ 85.546786846, 27.140644694 ], [ 85.551730385000013, 27.140569469 ], [ 85.549193988000013, 27.142634557 ], [ 85.549767227, 27.145719979 ], [ 85.553554581000014, 27.14680588 ], [ 85.559044919000016, 27.143888917 ], [ 85.568919756000014, 27.143504923 ], [ 85.571085476, 27.137074718 ], [ 85.580707886000013, 27.143951699 ], [ 85.583884121000011, 27.142623431 ], [ 85.58906156, 27.142932738 ], [ 85.594686055000011, 27.14064072 ], [ 85.600049166, 27.143629354 ], [ 85.604979475, 27.139626539 ], [ 85.61278509600001, 27.141725354 ], [ 85.620082196000013, 27.138823793 ], [ 85.622804864000017, 27.140682422 ], [ 85.629769642000014, 27.137429699 ], [ 85.633458765000015, 27.141355098 ], [ 85.639905636, 27.14294956 ], [ 85.641738537, 27.142152849 ], [ 85.646783262000014, 27.144624649 ], [ 85.650288185, 27.150431689 ], [ 85.65349521200001, 27.152903583 ], [ 85.656333346000011, 27.152623967 ], [ 85.656065894, 27.155080495 ], [ 85.662445534000014, 27.156170251 ], [ 85.665722292000012, 27.162247701 ], [ 85.669616308000016, 27.164039918 ], [ 85.671077567000012, 27.166470039 ], [ 85.677534205000015, 27.167192079 ], [ 85.681718049000011, 27.169354454 ], [ 85.685863860000012, 27.17641652 ], [ 85.690129273000011, 27.177767156 ], [ 85.694892144, 27.184099358 ], [ 85.69894969100001, 27.186275857 ], [ 85.703729595000013, 27.184792753 ], [ 85.716855747000011, 27.187848635 ], [ 85.723654266000011, 27.195243025 ], [ 85.743188486, 27.187552466 ], [ 85.747549209000013, 27.188354091 ], [ 85.750324267000011, 27.186014407 ], [ 85.769443650000014, 27.182174375 ], [ 85.772915328000011, 27.178741673 ], [ 85.788109436000013, 27.173792987 ], [ 85.793692687, 27.168473738 ], [ 85.799001953000015, 27.167255872 ], [ 85.808996694000015, 27.161689406 ], [ 85.81586242600001, 27.161307552 ], [ 85.824570767000012, 27.168264327 ], [ 85.830688737000017, 27.167176088 ], [ 85.843550385000015, 27.159936629 ], [ 85.839756409, 27.152595281 ], [ 85.834648950000016, 27.149716953 ], [ 85.83565506, 27.147092453 ], [ 85.845540328000013, 27.140938037 ], [ 85.853522341000016, 27.138045612 ], [ 85.854898619000011, 27.133993433 ], [ 85.858400125000017, 27.132645672 ], [ 85.862468267000011, 27.12717135 ], [ 85.883022177000015, 27.14641023 ], [ 85.886572287, 27.145772845 ], [ 85.890875565000016, 27.141326123 ], [ 85.901890993, 27.135424766 ], [ 85.9120716, 27.132221219 ], [ 85.91411457000001, 27.129737223 ], [ 85.929260921, 27.125607277 ], [ 85.938129345, 27.12143748 ], [ 85.935898556000012, 27.110202627 ], [ 85.944129914000015, 27.092081746 ], [ 85.948078976, 27.088223904 ], [ 85.950976479, 27.087830423 ], [ 85.949945694, 27.084023181 ], [ 85.955603822000015, 27.084245817 ], [ 85.96201338600001, 27.079850752 ], [ 85.963215178000013, 27.073230795 ], [ 85.965485244, 27.073804781 ], [ 85.966884568000012, 27.070417167 ], [ 85.966069428000011, 27.067200564 ], [ 85.96969101900001, 27.061040482 ], [ 85.970902191, 27.050970645 ], [ 85.982635984000012, 27.035036501 ], [ 85.985760363000011, 27.033204401 ], [ 85.987627906000014, 27.02836911 ], [ 85.991668074, 27.024848989 ], [ 86.001869194, 27.02101156 ], [ 86.005755289, 27.022036283 ], [ 86.010875214, 27.020520064 ], [ 86.01229444, 27.018691188 ], [ 86.014964123000013, 27.020147103 ], [ 86.021100151000013, 27.019230972 ], [ 86.030341223, 27.020797612 ], [ 86.042138893000015, 27.019585539 ], [ 86.047532462, 27.021402343 ], [ 86.04906349800001, 27.019018641 ], [ 86.055265453, 27.018236939 ], [ 86.089175186, 27.019139421 ], [ 86.106402327000012, 27.015242677 ], [ 86.140379464, 26.999307839 ], [ 86.163087087, 26.99189481 ], [ 86.167191677, 26.988809838 ], [ 86.170112914000015, 26.989111423 ], [ 86.178882114, 26.984444732 ], [ 86.187578145, 26.982450864 ], [ 86.187263039000015, 26.977455739 ], [ 86.191521398, 26.978583585 ], [ 86.192563148, 26.97504929 ], [ 86.198610639, 26.970553039 ], [ 86.210204414, 26.965566422 ], [ 86.21846231, 26.957773811 ], [ 86.218801651, 26.954300873 ], [ 86.221691323000016, 26.954885433 ], [ 86.226640975, 26.949569547 ], [ 86.234186033000015, 26.950470407 ], [ 86.235380267000011, 26.946762879 ], [ 86.241409622, 26.939893148 ], [ 86.255417447000013, 26.932451664 ], [ 86.257926953, 26.928374066 ], [ 86.257246496, 26.921571905 ], [ 86.259684792000016, 26.919143287 ], [ 86.259883499000011, 26.922982513 ], [ 86.263073371, 26.927108076 ], [ 86.278369028000014, 26.934728035 ], [ 86.280994436000015, 26.946734206 ], [ 86.28347143500001, 26.94919278 ], [ 86.296583407000014, 26.952399653 ], [ 86.30971712600001, 26.961560127 ], [ 86.315035080000015, 26.963454362 ], [ 86.352980789000014, 26.964610584 ], [ 86.365151379000011, 26.979982431 ], [ 86.36817872200001, 26.99546149 ], [ 86.366664004000015, 27.000339847 ], [ 86.37310303400001, 27.003583982 ], [ 86.37409195, 27.007356602 ], [ 86.372209310000017, 27.010805015 ], [ 86.374148326000011, 27.012871491 ], [ 86.371987733000012, 27.01588775 ], [ 86.37538312800001, 27.020611953 ], [ 86.374040996, 27.023322691 ], [ 86.37961827, 27.029153145 ], [ 86.379370692, 27.031446751 ], [ 86.381997001000016, 27.030138348 ], [ 86.382623016000011, 27.031490426 ], [ 86.378174208, 27.035157777 ], [ 86.374970507000015, 27.034848001 ], [ 86.373078781, 27.036554442 ], [ 86.36698786800001, 27.037571875 ], [ 86.364028398000016, 27.042653501 ], [ 86.363293878, 27.054083354 ], [ 86.35116193, 27.061631919 ], [ 86.350871046, 27.066793146 ], [ 86.347654888, 27.064569288 ], [ 86.346081311, 27.066078315 ], [ 86.346990473, 27.070547873 ], [ 86.350866857000014, 27.069873123 ], [ 86.351486442, 27.073840345 ], [ 86.355245670000016, 27.075306278 ], [ 86.353606913, 27.07690986 ], [ 86.355278470000016, 27.081581474 ], [ 86.358279652, 27.084029808 ], [ 86.358783172000017, 27.091845938 ], [ 86.357028039000014, 27.094195826 ], [ 86.36262407000001, 27.099550947 ], [ 86.356113595000011, 27.100134909 ], [ 86.354906415000016, 27.104290147 ], [ 86.341190037, 27.106500971 ], [ 86.332358581, 27.099893218 ], [ 86.327832346, 27.100550833 ], [ 86.323083435000015, 27.099122316 ], [ 86.317153334000011, 27.102141949 ], [ 86.311194720000017, 27.102977089 ], [ 86.306430906000017, 27.108899109 ], [ 86.31189649, 27.109530708 ], [ 86.313237786000016, 27.110884298 ], [ 86.324247804, 27.109947192 ], [ 86.326212526, 27.110962948 ], [ 86.332007926000017, 27.121322503 ], [ 86.333802859000016, 27.122208768 ], [ 86.33460791600001, 27.126352977 ], [ 86.336650019, 27.126599552 ], [ 86.33642527, 27.127992925 ], [ 86.33471818000001, 27.128018706 ], [ 86.336438680000015, 27.129238502 ], [ 86.334281190000013, 27.130268437 ], [ 86.335947436000012, 27.131984438 ], [ 86.335128998000016, 27.13413086 ], [ 86.337951384, 27.133859869 ], [ 86.336594097000017, 27.138043537 ], [ 86.340900412000011, 27.140918106 ], [ 86.341227279, 27.145172798 ], [ 86.343032060000013, 27.147349698 ], [ 86.344969379, 27.143901974 ], [ 86.355565694, 27.143292144 ], [ 86.359155869, 27.139378051 ], [ 86.363526803000013, 27.142130382 ], [ 86.367912948000011, 27.140638463 ], [ 86.370492352000014, 27.147012942 ], [ 86.374220973, 27.14772463 ], [ 86.370460831000017, 27.15106527 ], [ 86.37360272, 27.154680441 ], [ 86.373760608000012, 27.158993062 ], [ 86.379098991, 27.163987523 ], [ 86.378139522000012, 27.165558242 ], [ 86.383146205000017, 27.1732204 ], [ 86.38490915700001, 27.173431159 ], [ 86.384554645, 27.176193659 ], [ 86.389862996, 27.179939855 ], [ 86.384207995000011, 27.182473848 ], [ 86.379023443, 27.193294988 ], [ 86.375358157, 27.19401655 ], [ 86.368739616000013, 27.192554129 ], [ 86.358078884, 27.20146341 ], [ 86.350620061000015, 27.200833339 ], [ 86.34357531500001, 27.202869664 ], [ 86.339910198000013, 27.21036825 ], [ 86.340152835000012, 27.214166792 ], [ 86.343149638000014, 27.219681792 ], [ 86.340984661, 27.229024116 ], [ 86.333197762000012, 27.231058615 ], [ 86.327709063000015, 27.230120792 ], [ 86.315882520000017, 27.231439914 ], [ 86.309000692000012, 27.233355565 ], [ 86.306114989, 27.237213174 ], [ 86.294928302000017, 27.238441125 ], [ 86.28788675700001, 27.245693364 ], [ 86.281315113, 27.245878675 ], [ 86.277122133, 27.250204969 ], [ 86.266663806000011, 27.253650111 ], [ 86.26630319600001, 27.261084946 ], [ 86.261575951000012, 27.257495184 ], [ 86.257453604, 27.258136683 ], [ 86.252805315, 27.250336797 ], [ 86.243193828000017, 27.247169227 ], [ 86.239667349000015, 27.241337874 ], [ 86.230122932000015, 27.237429746 ], [ 86.221580374000013, 27.239873448 ], [ 86.203580825000017, 27.250270723 ], [ 86.205122371000016, 27.2504013 ], [ 86.204737699, 27.254970325 ], [ 86.211134549, 27.260947341 ], [ 86.213815591000014, 27.268927114 ], [ 86.216235166, 27.268060732 ], [ 86.218984022000015, 27.27269018 ], [ 86.223178372, 27.274468905 ], [ 86.223733298000013, 27.277499957 ], [ 86.226757024, 27.277654308 ], [ 86.234044091000015, 27.285501109 ], [ 86.240605287, 27.288785928 ], [ 86.235456616, 27.296255491 ], [ 86.23789054, 27.302505039 ], [ 86.237225863, 27.306129582 ], [ 86.233819091000015, 27.3075189 ], [ 86.231319019000011, 27.314603355 ], [ 86.228983179000011, 27.315644222 ], [ 86.22891216, 27.319935215 ], [ 86.219323673, 27.322603067 ], [ 86.22229130800001, 27.327353257 ], [ 86.217233322000013, 27.328444074 ], [ 86.215661857000015, 27.333581841 ], [ 86.218049033000014, 27.337029201 ], [ 86.216623855, 27.342461069 ], [ 86.218413504000011, 27.350893724 ], [ 86.217126190000016, 27.353079571 ], [ 86.221834114, 27.359978412 ], [ 86.219052868, 27.362225916 ], [ 86.224723135, 27.370587581 ], [ 86.222001061000014, 27.382095074 ], [ 86.225795328, 27.384246072 ], [ 86.224922376, 27.387418025 ], [ 86.227395257000012, 27.389525568 ], [ 86.2277161, 27.397900266 ], [ 86.236032689000012, 27.404132666 ], [ 86.234449373, 27.408191964 ], [ 86.237372646000011, 27.409685819 ], [ 86.237624669000013, 27.412886539 ], [ 86.241230145000017, 27.418210689 ], [ 86.248265984000014, 27.420624593 ], [ 86.247963503, 27.424499181 ], [ 86.25198764000001, 27.428566263 ], [ 86.251260525, 27.432526586 ], [ 86.256545669, 27.437209508 ], [ 86.254229205000016, 27.440983071 ], [ 86.263749194000013, 27.456157258 ], [ 86.272454490000015, 27.462012822 ], [ 86.279139488000013, 27.464935612 ], [ 86.281087434000014, 27.464311576 ], [ 86.292066863000016, 27.470403284 ], [ 86.292949618, 27.476501882 ], [ 86.295040852000014, 27.47896951 ], [ 86.305393723, 27.482857155 ], [ 86.312913298000012, 27.491682496 ], [ 86.315548936000013, 27.492451349 ], [ 86.319393358000013, 27.498774101 ], [ 86.324645836000016, 27.499740542 ], [ 86.32625469700001, 27.505048285 ], [ 86.333210285, 27.510871261 ], [ 86.334418835, 27.515718975 ], [ 86.338277172, 27.52008284 ], [ 86.346537201, 27.5235243 ], [ 86.354945820000012, 27.524860887 ], [ 86.357653363000011, 27.529616073 ], [ 86.358536403000016, 27.539784496 ], [ 86.364823615, 27.546688114 ], [ 86.369655354000017, 27.549663494 ], [ 86.370670542000013, 27.552255967 ], [ 86.369238600000017, 27.558199164 ], [ 86.376640471000016, 27.568419444 ], [ 86.380789299000014, 27.571441058 ], [ 86.38826197600001, 27.572782755 ], [ 86.398500901, 27.583472416 ], [ 86.407813469, 27.58448936 ], [ 86.410022948, 27.586536154 ], [ 86.413454554000012, 27.586807877 ], [ 86.417960237000017, 27.591393483 ], [ 86.420183913000017, 27.598683684 ], [ 86.430225349000011, 27.604248486 ], [ 86.434791432000011, 27.610289028 ], [ 86.469695077000011, 27.617132271 ], [ 86.476622884, 27.615834194 ], [ 86.484099123, 27.61724526 ], [ 86.492498409, 27.613749717 ], [ 86.495478407, 27.618843939 ], [ 86.499863986, 27.620371379 ], [ 86.507177772, 27.640602267 ], [ 86.511385992000015, 27.64243574 ], [ 86.513706561, 27.648203953 ], [ 86.516817121000017, 27.646852064 ], [ 86.526218122000017, 27.650415535 ], [ 86.52882904, 27.655618305 ], [ 86.527117102, 27.660185807 ], [ 86.533015395, 27.662822986 ], [ 86.535483200000016, 27.668359098 ], [ 86.538034197000016, 27.670312531 ], [ 86.538810493000014, 27.674992252 ], [ 86.536605015, 27.678615204 ], [ 86.540783093000016, 27.692811762 ], [ 86.539114790000013, 27.696623705 ], [ 86.540256094000014, 27.70161603 ], [ 86.550962734, 27.710879079 ], [ 86.55132385200001, 27.717554177 ], [ 86.553549265000015, 27.71958066 ], [ 86.556995610000016, 27.728779087 ], [ 86.556318931, 27.732456748 ], [ 86.558259606, 27.738439685 ], [ 86.563276680000016, 27.744937693 ], [ 86.562887572, 27.749347356 ], [ 86.572762972, 27.754599123 ], [ 86.570361307000013, 27.759354532 ], [ 86.566071861000012, 27.762621665 ], [ 86.563987354, 27.769613818 ], [ 86.566204679, 27.778537247 ], [ 86.565686086000014, 27.78576678 ], [ 86.568832243000017, 27.791119296 ], [ 86.568815401, 27.795387977 ], [ 86.56563103900001, 27.799619669 ], [ 86.567083313000012, 27.80400799 ], [ 86.548210201, 27.81100491 ], [ 86.542426644000017, 27.811170919 ], [ 86.540352898, 27.814877678 ], [ 86.540462384, 27.817650869 ], [ 86.543533457, 27.821507891 ], [ 86.543842981000012, 27.827081649 ], [ 86.548873212, 27.84044573 ], [ 86.550142119000014, 27.848414166 ], [ 86.554102967, 27.857147144 ], [ 86.551026887, 27.876163452 ], [ 86.554622769, 27.885538177 ], [ 86.55166344300001, 27.898070631 ], [ 86.55424931200001, 27.902706387 ], [ 86.554435899000012, 27.908924959 ], [ 86.549789096000012, 27.919134652 ], [ 86.547803042000012, 27.930458604 ], [ 86.53966401400001, 27.934898877 ], [ 86.533724573000015, 27.942116502 ], [ 86.522158329, 27.940005739 ], [ 86.518221115000017, 27.953203926 ], [ 86.515569827, 27.956621698 ] ] ] } },
{ "type": "Feature", "properties": { "province": "Gandaki" }, "geometry": { "type": "Polygon", "coordinates": [ [ [ 85.107955679000014, 28.346604114 ], [ 85.113015534000013, 28.35721036 ], [ 85.11519166, 28.36718124 ], [ 85.121878905000017, 28.372714035 ], [ 85.12199217300001, 28.385959147 ], [ 85.12663610700001, 28.39243776 ], [ 85.12487924700001, 28.396918762 ], [ 85.118956362, 28.402198747 ], [ 85.115830762000016, 28.408856404 ], [ 85.11747483500001, 28.415817798 ], [ 85.112676542000017, 28.43336425 ], [ 85.114300744, 28.443220069 ], [ 85.102812488000012, 28.447863521 ], [ 85.10025618600001, 28.451664883 ], [ 85.099509552000015, 28.45690202 ], [ 85.104304471, 28.460095808 ], [ 85.112624249, 28.471399355 ], [ 85.113303172000016, 28.479663427 ], [ 85.116682811, 28.481309583 ], [ 85.118501667, 28.485591786 ], [ 85.126583792, 28.487877899 ], [ 85.130725844000011, 28.485912521 ], [ 85.144508764, 28.485637023 ], [ 85.152892167, 28.490580712 ], [ 85.157025898000015, 28.497953422 ], [ 85.157000593, 28.509561679 ], [ 85.162111234, 28.515031141 ], [ 85.16333941500001, 28.519374203 ], [ 85.166102756000015, 28.521344569 ], [ 85.165035104000012, 28.526329849 ], [ 85.166124399000012, 28.532124526 ], [ 85.168932683, 28.53350351 ], [ 85.178293954000011, 28.532621746 ], [ 85.186875463, 28.534310984 ], [ 85.18641614900001, 28.540222751 ], [ 85.188946535000014, 28.547292524 ], [ 85.188371034000014, 28.553938411 ], [ 85.184727985, 28.561420856 ], [ 85.191557851000013, 28.569057588 ], [ 85.181532037000011, 28.578998142 ], [ 85.182568055, 28.583435131 ], [ 85.181344632, 28.587497052 ], [ 85.175229660000014, 28.59220371 ], [ 85.173664193, 28.597486578 ], [ 85.188964805000012, 28.605038457 ], [ 85.189709490000013, 28.609256835 ], [ 85.193209833000012, 28.612289305 ], [ 85.197331976000015, 28.620876466 ], [ 85.197653798, 28.627212083 ], [ 85.191275259, 28.630841333 ], [ 85.184812527, 28.632303281 ], [ 85.18842654, 28.641278585 ], [ 85.178693694, 28.645112574 ], [ 85.157184734000012, 28.643010783 ], [ 85.154366361000015, 28.648793584 ], [ 85.145141551, 28.656554786 ], [ 85.145663948, 28.661030137 ], [ 85.139806381000014, 28.665710488 ], [ 85.135045621, 28.666609952 ], [ 85.132409024000012, 28.675963869 ], [ 85.114906693, 28.686765094 ], [ 85.110574279, 28.683457762 ], [ 85.101883224, 28.681834703 ], [ 85.094450351, 28.678376145 ], [ 85.08880756, 28.671679288 ], [ 85.083937099000011, 28.670998769 ], [ 85.080423119000017, 28.671584033 ], [ 85.071294690000016, 28.678561371 ], [ 85.061778606, 28.680506348 ], [ 85.05859324, 28.682468929 ], [ 85.053709747000013, 28.680452094 ], [ 85.054537896000014, 28.677068793 ], [ 85.052039439000012, 28.6700887 ], [ 85.041186048000014, 28.668478543 ], [ 85.040339320000015, 28.658038794 ], [ 85.030872500000015, 28.656137373 ], [ 85.023006325000011, 28.648978584 ], [ 85.017125374000017, 28.639492352 ], [ 85.008919269, 28.637128746 ], [ 85.000212544, 28.622916524 ], [ 84.988833836000012, 28.612946058 ], [ 84.98608586600001, 28.605152037 ], [ 84.992846826, 28.599851255 ], [ 84.983404701000012, 28.591445116 ], [ 84.97454023200001, 28.589745064 ], [ 84.971919019000012, 28.586795228 ], [ 84.964776846, 28.58683267 ], [ 84.948884356, 28.580222513 ], [ 84.947457334, 28.590300133 ], [ 84.944897644, 28.594861175 ], [ 84.938802, 28.59574037 ], [ 84.932015072000013, 28.593822372 ], [ 84.919676751000011, 28.595300723 ], [ 84.912750543000016, 28.589716994 ], [ 84.906974345, 28.588212787 ], [ 84.900972290000013, 28.593319348 ], [ 84.89916022700001, 28.589952126 ], [ 84.890287812000011, 28.588738405 ], [ 84.88606487700001, 28.582702386 ], [ 84.879516755000012, 28.582541981 ], [ 84.875323477, 28.580753139 ], [ 84.869208568, 28.58253169 ], [ 84.867058686, 28.581679232 ], [ 84.861556012, 28.577313166 ], [ 84.857084873, 28.570648451 ], [ 84.780694391000011, 28.609542351 ], [ 84.76775541, 28.610565922 ], [ 84.763814142000015, 28.612767346 ], [ 84.755315698, 28.613611193 ], [ 84.746885663000015, 28.618356936 ], [ 84.736797853000013, 28.616934528 ], [ 84.730926132, 28.620246318 ], [ 84.725189578000013, 28.620671937 ], [ 84.721598229, 28.627506004 ], [ 84.71379403200001, 28.633024562 ], [ 84.694787126, 28.636486939 ], [ 84.698095933, 28.639594208 ], [ 84.701767715000017, 28.647439176 ], [ 84.697235008, 28.653539859 ], [ 84.704956610000011, 28.671145124 ], [ 84.696441109, 28.67184336 ], [ 84.688214377, 28.678871773 ], [ 84.676049187, 28.679088744 ], [ 84.668348377000015, 28.683451471 ], [ 84.66889616600001, 28.690042627 ], [ 84.666509398000017, 28.694293137 ], [ 84.664312244000016, 28.69478437 ], [ 84.66151441, 28.698815768 ], [ 84.650633853000016, 28.702457572 ], [ 84.650747213000017, 28.714473974 ], [ 84.647735465000011, 28.718745161 ], [ 84.6444715, 28.719996993 ], [ 84.643550014000013, 28.725289058 ], [ 84.639014548, 28.728863532 ], [ 84.629416128000017, 28.732720899 ], [ 84.626342022000017, 28.736527251 ], [ 84.615358176000015, 28.736733368 ], [ 84.605776027, 28.733480761 ], [ 84.592374443000011, 28.736646506 ], [ 84.58681173, 28.734629226 ], [ 84.571681244, 28.735224179 ], [ 84.567352880000016, 28.741543031 ], [ 84.557252996000017, 28.747010305 ], [ 84.556715522, 28.752214571 ], [ 84.54040887, 28.744281473 ], [ 84.533703869, 28.74542251 ], [ 84.524903239000011, 28.742246848 ], [ 84.514727408000013, 28.748620476 ], [ 84.510172335, 28.745326205 ], [ 84.499895763000012, 28.742892076 ], [ 84.494322093, 28.735802073 ], [ 84.491882191000016, 28.734782191 ], [ 84.48334207, 28.741530436 ], [ 84.480306612, 28.747192057 ], [ 84.475626804000015, 28.747004874 ], [ 84.46626421, 28.751819221 ], [ 84.460413567, 28.751354234 ], [ 84.451911491, 28.764825676 ], [ 84.436546330000013, 28.769512001 ], [ 84.439795189, 28.776501412 ], [ 84.446000529000017, 28.783273579 ], [ 84.443950422000015, 28.786693356 ], [ 84.445297041, 28.793400138 ], [ 84.43885685, 28.796092101 ], [ 84.432059399000011, 28.801498808 ], [ 84.429622544000011, 28.813356621 ], [ 84.435325498000012, 28.82093383 ], [ 84.427494306000014, 28.823611709 ], [ 84.418889920000012, 28.831622149 ], [ 84.408427196, 28.828757744 ], [ 84.400625523000016, 28.830290293 ], [ 84.399345362, 28.837354874 ], [ 84.407677691, 28.843003426 ], [ 84.408950926000017, 28.853615597 ], [ 84.403957206000015, 28.854350262 ], [ 84.392283083, 28.860511635 ], [ 84.382416819000014, 28.861742366 ], [ 84.37525847500001, 28.86445369 ], [ 84.369221857000014, 28.860903858 ], [ 84.365377794000011, 28.861746718 ], [ 84.357010777000013, 28.859416299 ], [ 84.34313979800001, 28.873007707 ], [ 84.335121277000013, 28.86860867 ], [ 84.333311161000012, 28.86472856 ], [ 84.323620816000016, 28.862728716 ], [ 84.320844779000012, 28.867492921 ], [ 84.315621432000015, 28.869849059 ], [ 84.308673186, 28.86943205 ], [ 84.287818518, 28.876992461 ], [ 84.283969169000017, 28.882723687 ], [ 84.27402479700001, 28.886752909 ], [ 84.272096432000012, 28.892820571 ], [ 84.265563706, 28.897819008 ], [ 84.258258733, 28.895602222 ], [ 84.253825311000014, 28.890298077 ], [ 84.228462111000013, 28.892511347 ], [ 84.225767437000016, 28.894286766 ], [ 84.225466475, 28.903592655 ], [ 84.220481211, 28.915689965 ], [ 84.224607821, 28.925983397 ], [ 84.225604613000016, 28.941808706 ], [ 84.227221386000011, 28.942311248 ], [ 84.229344635, 28.946726875 ], [ 84.231476208, 28.959728088 ], [ 84.235304787, 28.964275981 ], [ 84.235413625, 28.968460347 ], [ 84.23933352200001, 28.969096351 ], [ 84.239040075, 28.971492626 ], [ 84.241807044000012, 28.976177488 ], [ 84.238632540000012, 28.982005465 ], [ 84.238280531000015, 28.987749368 ], [ 84.24106975, 28.992319179 ], [ 84.239498481000012, 28.997440495 ], [ 84.242740505000015, 29.006963668 ], [ 84.24786665100001, 29.012715784 ], [ 84.247866340000016, 29.027809151 ], [ 84.246645771, 29.029243326 ], [ 84.247866144000014, 29.037314501 ], [ 84.242289662, 29.044319459 ], [ 84.235965739, 29.044639764 ], [ 84.227086179000011, 29.051427252 ], [ 84.221570826, 29.053525054 ], [ 84.209022156, 29.053719386 ], [ 84.196443124000012, 29.046618783 ], [ 84.189684381, 29.046996296 ], [ 84.188722842, 29.064776854 ], [ 84.186518171, 29.068318438 ], [ 84.186273950000015, 29.073872123 ], [ 84.18787582600001, 29.077835253 ], [ 84.186136497, 29.080798971 ], [ 84.190751578, 29.084756428 ], [ 84.195816643000015, 29.093048896 ], [ 84.196014856, 29.099161388 ], [ 84.198127905, 29.099603885 ], [ 84.20171315, 29.103834051 ], [ 84.199912671, 29.11275387 ], [ 84.200965154000016, 29.124029092 ], [ 84.186532234000012, 29.126391851 ], [ 84.174807341, 29.130917386 ], [ 84.172823765, 29.140685892 ], [ 84.173395704000015, 29.149855588 ], [ 84.167613244, 29.157465114 ], [ 84.16594249500001, 29.164180242 ], [ 84.169260668, 29.172184699 ], [ 84.166918720000012, 29.17410137 ], [ 84.167033075, 29.177507582 ], [ 84.162288071, 29.185305936 ], [ 84.166819216, 29.190365735 ], [ 84.164339903000013, 29.194900953 ], [ 84.168543031000013, 29.19992642 ], [ 84.173066627000011, 29.201118474 ], [ 84.177529102, 29.206840062 ], [ 84.181213582000012, 29.207896694 ], [ 84.188323263000015, 29.205819897 ], [ 84.194845393, 29.211825687 ], [ 84.19973513, 29.213982777 ], [ 84.197606675, 29.220793257 ], [ 84.19807948, 29.228187372 ], [ 84.202946202, 29.236672458 ], [ 84.201023782, 29.240116782 ], [ 84.19585170900001, 29.242098252 ], [ 84.195393976, 29.243587747 ], [ 84.191778118000016, 29.24417319 ], [ 84.183455619000014, 29.241863472 ], [ 84.17935927, 29.237806852 ], [ 84.167748829, 29.241071746 ], [ 84.157412380000011, 29.241781049 ], [ 84.15126393700001, 29.2407835 ], [ 84.141186960000013, 29.236248084 ], [ 84.128012628, 29.243186168 ], [ 84.119468814000015, 29.245381188 ], [ 84.116341208, 29.244221578 ], [ 84.112336235000015, 29.248173176 ], [ 84.113648236, 29.251899811 ], [ 84.111832647000014, 29.253812676 ], [ 84.114876264, 29.258658848 ], [ 84.112381697, 29.263068193 ], [ 84.118667427, 29.265185252 ], [ 84.121665268000015, 29.270384252 ], [ 84.121863539, 29.273599748 ], [ 84.117538188000012, 29.276834243 ], [ 84.120246199, 29.279704581 ], [ 84.114563054000016, 29.280303344 ], [ 84.108620459, 29.285122674 ], [ 84.102273619000016, 29.287043095 ], [ 84.099565475, 29.290613278 ], [ 84.087794825, 29.294639131 ], [ 84.08568939700001, 29.294551368 ], [ 84.080570888000011, 29.28852081 ], [ 84.068785131000013, 29.285343274 ], [ 84.06330787200001, 29.289821228 ], [ 84.056442332, 29.29039327 ], [ 84.05311629, 29.294056896 ], [ 84.05307045, 29.297453569 ], [ 84.043870572, 29.300850096 ], [ 84.030154927000012, 29.29328222 ], [ 84.026409557, 29.285651565 ], [ 84.023266598, 29.289238907 ], [ 84.015752663000015, 29.289034721 ], [ 84.010611034, 29.294416679 ], [ 84.004340487, 29.295951854 ], [ 83.998527694, 29.294910446 ], [ 83.98984707000001, 29.298481762 ], [ 83.987783619000012, 29.300536602 ], [ 83.989030906000011, 29.302659301 ], [ 83.999258638000015, 29.306356932 ], [ 84.00096754, 29.312032308 ], [ 83.992241614, 29.320184291 ], [ 83.988434675, 29.320932911 ], [ 83.975857714000014, 29.32869312 ], [ 83.962673441, 29.331358603 ], [ 83.955072647, 29.325608703 ], [ 83.948497522000011, 29.317111262 ], [ 83.942967911000011, 29.316310499 ], [ 83.933627539000014, 29.31978453 ], [ 83.927491143000012, 29.318522613 ], [ 83.919810021, 29.323325174 ], [ 83.911713242, 29.323191496 ], [ 83.904783126000012, 29.325787584 ], [ 83.900808895000011, 29.323594413 ], [ 83.898039428, 29.318871056 ], [ 83.887409025000011, 29.320177644 ], [ 83.870523401000014, 29.312416099 ], [ 83.856713568, 29.30991399 ], [ 83.854168955, 29.301684587 ], [ 83.848095357, 29.297649179 ], [ 83.844053689, 29.299029488 ], [ 83.838984453, 29.298191112 ], [ 83.835036243, 29.300940545 ], [ 83.829162713000017, 29.298375191 ], [ 83.823140062, 29.302840434 ], [ 83.812635185, 29.302014034 ], [ 83.812601071, 29.29866428 ], [ 83.807972152, 29.294714701 ], [ 83.810920206, 29.290870602 ], [ 83.807865782, 29.285919451 ], [ 83.801917855000013, 29.281863983 ], [ 83.79736297, 29.281875224 ], [ 83.79452000500001, 29.277454152 ], [ 83.793873111000011, 29.273512382 ], [ 83.80229938, 29.256404159 ], [ 83.797197315, 29.253552032 ], [ 83.797304745, 29.250100915 ], [ 83.781391697, 29.244438755 ], [ 83.778089641, 29.247659031 ], [ 83.771139595, 29.246866809 ], [ 83.770558424000015, 29.243802521 ], [ 83.767601069, 29.240876246 ], [ 83.76209870400001, 29.240029676 ], [ 83.756753312000015, 29.242600605 ], [ 83.749506511, 29.244134664 ], [ 83.746394069, 29.243467865 ], [ 83.740645618000016, 29.245505087 ], [ 83.738148421, 29.244130988 ], [ 83.730617484, 29.24495742 ], [ 83.721857548000017, 29.241612281 ], [ 83.711281478, 29.24462834 ], [ 83.707277030000014, 29.237884027 ], [ 83.700887081, 29.234716347 ], [ 83.696698065, 29.226383242 ], [ 83.684243325000011, 29.213158399 ], [ 83.675034677000014, 29.207772193 ], [ 83.655907461000012, 29.204018185 ], [ 83.655973094, 29.200057365 ], [ 83.658525265, 29.196114019 ], [ 83.658134114, 29.187514121 ], [ 83.663583321, 29.18411952 ], [ 83.65740412800001, 29.17617041 ], [ 83.666108990000012, 29.169758545 ], [ 83.662081308000012, 29.165000089 ], [ 83.663324916, 29.155763672 ], [ 83.67220439, 29.152866814 ], [ 83.676011030000012, 29.148581456 ], [ 83.674950915000011, 29.137096449 ], [ 83.679337332, 29.131729734 ], [ 83.678856876000012, 29.125109933 ], [ 83.680435469000017, 29.123510255 ], [ 83.66025130700001, 29.124497446 ], [ 83.65145591000001, 29.119138155 ], [ 83.650624530000016, 29.113500542 ], [ 83.652562219, 29.109274277 ], [ 83.649922899, 29.104536822 ], [ 83.646210885000016, 29.104178087 ], [ 83.636331528000014, 29.10741351 ], [ 83.628883821000016, 29.106909021 ], [ 83.62063011, 29.09786127 ], [ 83.61563352200001, 29.098378037 ], [ 83.616121850000013, 29.092652714 ], [ 83.623429909, 29.08833308 ], [ 83.630745655000013, 29.0810764 ], [ 83.62953815600001, 29.071636403 ], [ 83.631531695, 29.064962714 ], [ 83.631032697, 29.062504582 ], [ 83.626603820000014, 29.062504294 ], [ 83.61963917700001, 29.059761674 ], [ 83.618189877, 29.055203509 ], [ 83.619011337, 29.045827814 ], [ 83.612575779000011, 29.036021083 ], [ 83.61539844, 29.027646733 ], [ 83.614132235000014, 29.022417247 ], [ 83.616565752000014, 29.01895958 ], [ 83.611965930000011, 29.014799966 ], [ 83.616985563000014, 29.006236839 ], [ 83.614498864000012, 28.998699656 ], [ 83.615040694000015, 28.987754402 ], [ 83.609289053000012, 28.980312526 ], [ 83.604551205, 28.98021003 ], [ 83.599189445, 28.98569838 ], [ 83.592087021000012, 28.983707031 ], [ 83.586938006000011, 28.977041385 ], [ 83.587411050000014, 28.97259768 ], [ 83.585465912, 28.967761062 ], [ 83.581667041, 28.965007046 ], [ 83.582628287, 28.96134529 ], [ 83.580072885, 28.956214956 ], [ 83.574900897, 28.953956786 ], [ 83.571285181, 28.947323584 ], [ 83.566990488000016, 28.943402373 ], [ 83.56223798, 28.945244629 ], [ 83.558675539, 28.944903191 ], [ 83.556516930000015, 28.933774806 ], [ 83.546226497, 28.921892966 ], [ 83.53544019200001, 28.911437682 ], [ 83.528628114000014, 28.908700787 ], [ 83.52753735, 28.903915674 ], [ 83.522922303000016, 28.898005277 ], [ 83.51470671700001, 28.889584985 ], [ 83.506117271, 28.88475208 ], [ 83.49950372, 28.877269417 ], [ 83.506033738000013, 28.865239794 ], [ 83.506300891, 28.857019884 ], [ 83.502067251000014, 28.851757931 ], [ 83.501838507000016, 28.846200426 ], [ 83.497971010000015, 28.842660484 ], [ 83.491997908000016, 28.846507334 ], [ 83.481653877000014, 28.844727785 ], [ 83.480334303, 28.837829522 ], [ 83.483584095000012, 28.832268254 ], [ 83.479709041, 28.824233278 ], [ 83.480105851, 28.817205351 ], [ 83.485133042000015, 28.812265849 ], [ 83.488047275000014, 28.802117826 ], [ 83.486930506, 28.790587994 ], [ 83.483462121000017, 28.782889089 ], [ 83.461187612, 28.78011976 ], [ 83.456302017000013, 28.773799706 ], [ 83.446106921, 28.768955562 ], [ 83.436436351000012, 28.768820805 ], [ 83.410445196000012, 28.760672356 ], [ 83.400286625, 28.760785569 ], [ 83.38851810300001, 28.76310593 ], [ 83.383365985000012, 28.756504523 ], [ 83.377664677000013, 28.754026293 ], [ 83.374349491, 28.744549992 ], [ 83.362020975, 28.734185451 ], [ 83.356263135, 28.733700222 ], [ 83.349935193, 28.736063348 ], [ 83.325571189000016, 28.7379585 ], [ 83.313111035, 28.735669276 ], [ 83.308585951000012, 28.732715855 ], [ 83.29794127800001, 28.731774473 ], [ 83.282021039000014, 28.725712985 ], [ 83.276944418000014, 28.721984127 ], [ 83.270560843000013, 28.725209486 ], [ 83.259133174000013, 28.726279781 ], [ 83.248006844000017, 28.730411924 ], [ 83.239427853, 28.734923005 ], [ 83.237027334, 28.739745901 ], [ 83.229297692, 28.742889497 ], [ 83.223042765000017, 28.740609179 ], [ 83.216098453000015, 28.733928067 ], [ 83.209953131, 28.731979282 ], [ 83.200147139, 28.735271522 ], [ 83.186477200000013, 28.743606302 ], [ 83.166576477, 28.745194989 ], [ 83.154089174, 28.747828875 ], [ 83.145432479, 28.74715856 ], [ 83.142795366000016, 28.742145296 ], [ 83.14266254, 28.733886056 ], [ 83.146123945000014, 28.730785955 ], [ 83.14421905, 28.725540536 ], [ 83.146488820000016, 28.718198746 ], [ 83.151026263, 28.711996822 ], [ 83.14995780000001, 28.70438807 ], [ 83.152559760000017, 28.701185404 ], [ 83.149482093, 28.695501758 ], [ 83.143576361000015, 28.693659904 ], [ 83.142405343, 28.689774744 ], [ 83.146465756000012, 28.681821661 ], [ 83.139068561000016, 28.675449579 ], [ 83.13484053900001, 28.673721738 ], [ 83.128326034000011, 28.674029616 ], [ 83.122829038, 28.676746159 ], [ 83.118942251, 28.673310169 ], [ 83.119183235, 28.669082125 ], [ 83.125011482, 28.664017302 ], [ 83.123191414, 28.654068755 ], [ 83.115252680000012, 28.643570544 ], [ 83.115876759000017, 28.63150379 ], [ 83.111940485, 28.631094582 ], [ 83.096360382000015, 28.635160294 ], [ 83.084312273, 28.630863327 ], [ 83.080879521000014, 28.625617948 ], [ 83.067259084000014, 28.623478885 ], [ 83.05752539400001, 28.620127115 ], [ 83.051005729000011, 28.625842868 ], [ 83.04282113, 28.629983369 ], [ 83.035536879, 28.625733716 ], [ 83.024759005, 28.626464118 ], [ 83.019127538, 28.621738285 ], [ 83.00913185, 28.623711584 ], [ 83.005846122, 28.622717503 ], [ 82.998042533, 28.623578123 ], [ 82.993799106000012, 28.626862697 ], [ 82.98952632000001, 28.626206008 ], [ 82.982935497000014, 28.630799114 ], [ 82.976970523, 28.628963136 ], [ 82.974555511, 28.626914664 ], [ 82.972107835000017, 28.620555278 ], [ 82.96707235800001, 28.615443739 ], [ 82.956491813000014, 28.610515103 ], [ 82.95699822600001, 28.608091771 ], [ 82.952637373000016, 28.598108065 ], [ 82.954388853000012, 28.593163422 ], [ 82.958750473, 28.588773388 ], [ 82.962292184, 28.581897886 ], [ 82.972640913, 28.575245461 ], [ 82.97842219, 28.575607135 ], [ 82.982480534, 28.57138327 ], [ 82.985472265000013, 28.570871048 ], [ 82.985587938, 28.564075237 ], [ 82.982179429000013, 28.558926851 ], [ 82.980433313, 28.55084707 ], [ 82.973815174, 28.542347069 ], [ 82.963986105, 28.550113463 ], [ 82.959584349000011, 28.552051346 ], [ 82.95568994700001, 28.551419161 ], [ 82.952010800000011, 28.555866199 ], [ 82.943065336, 28.558183544 ], [ 82.940189597000014, 28.561668807 ], [ 82.935829977000012, 28.562791891 ], [ 82.932518743, 28.56581794 ], [ 82.923796384000013, 28.567646146 ], [ 82.916418057000016, 28.56464594 ], [ 82.911849135000011, 28.542852633 ], [ 82.913517879000011, 28.537813058 ], [ 82.911363940000015, 28.529853385 ], [ 82.914066743, 28.527605632 ], [ 82.894614023000017, 28.515450347 ], [ 82.877353535000012, 28.515446414 ], [ 82.888394084000012, 28.506640507 ], [ 82.89026045300001, 28.500150132 ], [ 82.894330449, 28.494273167 ], [ 82.912112389000015, 28.479413477 ], [ 82.908931053, 28.476802859 ], [ 82.903959308000012, 28.475483848 ], [ 82.886782482000015, 28.479679903 ], [ 82.87930904800001, 28.476361227 ], [ 82.878729494000012, 28.473405864 ], [ 82.880610087, 28.468100005 ], [ 82.882707645000011, 28.466567551 ], [ 82.882867531000016, 28.461290351 ], [ 82.886918021000014, 28.455945777 ], [ 82.886059193, 28.452891232 ], [ 82.894036839, 28.447727383 ], [ 82.900664577000015, 28.447377385 ], [ 82.906065994000016, 28.443049109 ], [ 82.909632996000013, 28.437009717 ], [ 82.914245738, 28.434350901 ], [ 82.912264943000011, 28.427414324 ], [ 82.918543719000013, 28.417428269 ], [ 82.919207967, 28.409181787 ], [ 82.91617130600001, 28.402746711 ], [ 82.922706766, 28.401273627 ], [ 82.936486084, 28.402126307 ], [ 82.938094931, 28.398637837 ], [ 82.943624691000011, 28.398452996 ], [ 82.942263021000016, 28.3938654 ], [ 82.946232597, 28.39126357 ], [ 82.947537568000016, 28.386628952 ], [ 82.95040998, 28.384047856 ], [ 82.947989402, 28.378714497 ], [ 82.950821353, 28.37423595 ], [ 82.955114510000016, 28.371699494 ], [ 82.956735175, 28.364450433 ], [ 82.954747645000012, 28.360171672 ], [ 82.961287711000011, 28.35977499 ], [ 82.967123215000015, 28.357662767 ], [ 82.980084378000015, 28.359429603 ], [ 82.99400366, 28.350976578 ], [ 83.004205498, 28.332702339 ], [ 83.009974766000013, 28.333741389 ], [ 83.012899202000014, 28.332876011 ], [ 83.018584198000013, 28.325544827 ], [ 83.025235003, 28.324875171 ], [ 83.033273793, 28.321785382 ], [ 83.040065497000015, 28.322279998 ], [ 83.044765259000016, 28.324629786 ], [ 83.051270176000017, 28.319015146 ], [ 83.061637307000012, 28.317676917 ], [ 83.066910554, 28.31335014 ], [ 83.068986568000014, 28.310925705 ], [ 83.069427112000014, 28.301934472 ], [ 83.07592213, 28.297674332 ], [ 83.078794045, 28.291517062 ], [ 83.085197916000013, 28.289155309 ], [ 83.092335288000015, 28.277982061 ], [ 83.097061479, 28.277180952 ], [ 83.093571193000017, 28.2570215 ], [ 83.101069525000014, 28.255672355 ], [ 83.105738709, 28.252269422 ], [ 83.109557768000016, 28.251800395 ], [ 83.116332943, 28.25400779 ], [ 83.11864821, 28.256565151 ], [ 83.124385606, 28.257804434 ], [ 83.127768466, 28.250801061 ], [ 83.130820068, 28.250157289 ], [ 83.137017246000013, 28.253120231 ], [ 83.144772283, 28.262490548 ], [ 83.155522062, 28.270850187 ], [ 83.16167886400001, 28.267208672 ], [ 83.162919769000013, 28.263340606 ], [ 83.165675803000013, 28.26177604 ], [ 83.16781696000001, 28.257974294 ], [ 83.184845815000017, 28.270737309 ], [ 83.189081785000013, 28.265273746 ], [ 83.203832416000012, 28.255878757 ], [ 83.205908086, 28.251947397 ], [ 83.212383841, 28.248553551 ], [ 83.215414, 28.248455917 ], [ 83.215799596000011, 28.24385372 ], [ 83.220056393, 28.240846057 ], [ 83.22280235800001, 28.236304637 ], [ 83.225871587000015, 28.235426449 ], [ 83.22580571, 28.232685011 ], [ 83.233250899000012, 28.225891429 ], [ 83.233781089, 28.221869743 ], [ 83.242133067000012, 28.219890356 ], [ 83.244221337000013, 28.21725569 ], [ 83.251805689, 28.214202205 ], [ 83.254705562000012, 28.206865732 ], [ 83.258560971, 28.204046358 ], [ 83.259237266000014, 28.200088542 ], [ 83.265508811, 28.199517747 ], [ 83.268842469, 28.197270564 ], [ 83.273696121000015, 28.187643015 ], [ 83.278063472000014, 28.19106364 ], [ 83.280463425, 28.189770044 ], [ 83.287742143000017, 28.19272063 ], [ 83.298211361000014, 28.192984508 ], [ 83.306303935000017, 28.197907738 ], [ 83.316522579, 28.19040601 ], [ 83.324999378000015, 28.19052256 ], [ 83.330234704, 28.189075081 ], [ 83.338169621, 28.190086042 ], [ 83.344308674, 28.193436387 ], [ 83.350328785000016, 28.194514189 ], [ 83.352552551000016, 28.197771112 ], [ 83.355536093000012, 28.19750093 ], [ 83.355839773000014, 28.195740345 ], [ 83.362521252, 28.192428308 ], [ 83.36439849300001, 28.186142723 ], [ 83.369900192, 28.182775111 ], [ 83.370491730000012, 28.176546689 ], [ 83.37533462, 28.174452701 ], [ 83.384223939, 28.163848987 ], [ 83.390129582000014, 28.167394813 ], [ 83.394784984000012, 28.15593899 ], [ 83.39977541, 28.150871338 ], [ 83.406136664000016, 28.148503148 ], [ 83.406806624000012, 28.145857462 ], [ 83.411249999, 28.144110124 ], [ 83.413615111000013, 28.137821358 ], [ 83.418220570000017, 28.137148487 ], [ 83.419835071, 28.128823645 ], [ 83.423315859000013, 28.125246711 ], [ 83.438757310000014, 28.131041157 ], [ 83.44602088500001, 28.125092183 ], [ 83.4511468, 28.126452882 ], [ 83.457510399000014, 28.13239131 ], [ 83.462612386, 28.129977167 ], [ 83.466726044000012, 28.132127468 ], [ 83.473708669, 28.132346176 ], [ 83.478253788, 28.13015488 ], [ 83.47657546500001, 28.122676413 ], [ 83.474126360000014, 28.119048272 ], [ 83.482465466, 28.117263806 ], [ 83.485777408, 28.113371086 ], [ 83.490006898, 28.11367112 ], [ 83.499675969, 28.117535347 ], [ 83.505484289, 28.125732309 ], [ 83.510351114000017, 28.127020076 ], [ 83.517033823, 28.121489367 ], [ 83.520921954000016, 28.120038743 ], [ 83.52534341, 28.120888919 ], [ 83.531988414000011, 28.116593596 ], [ 83.53815746, 28.120165548 ], [ 83.544299123000016, 28.120903509 ], [ 83.55429173200001, 28.117166498 ], [ 83.555193059, 28.106631222 ], [ 83.5650446, 28.100787963 ], [ 83.562644883, 28.092823092 ], [ 83.567164649, 28.089753376 ], [ 83.575161182000016, 28.087610189 ], [ 83.576411875, 28.081761803 ], [ 83.580677258, 28.077558249 ], [ 83.572543919000012, 28.073675172 ], [ 83.567445451000012, 28.064980014 ], [ 83.560962392, 28.064352538 ], [ 83.564026599000016, 28.058103841 ], [ 83.559166332, 28.043640276 ], [ 83.564047485, 28.040711615 ], [ 83.561560909, 28.03576959 ], [ 83.570449528000012, 28.032736123 ], [ 83.578432937000017, 28.034001687 ], [ 83.584295302000015, 28.026078059 ], [ 83.589772818000014, 28.026150883 ], [ 83.591152406, 28.021611192 ], [ 83.596392597, 28.020744535 ], [ 83.598820253000014, 28.015172266 ], [ 83.603275492, 28.013966942 ], [ 83.604920120000017, 28.012067452 ], [ 83.603320611000015, 27.99730096 ], [ 83.593404582, 27.989463528 ], [ 83.58414373, 27.987509132 ], [ 83.585218622000014, 27.978934554 ], [ 83.579111805000011, 27.979389797 ], [ 83.577606349, 27.974426165 ], [ 83.570142253000014, 27.976050032 ], [ 83.558731071000011, 27.973728451 ], [ 83.554332607, 27.976489323 ], [ 83.549975057000012, 27.976827102 ], [ 83.546245845000016, 27.971391104 ], [ 83.541152087000015, 27.9714419 ], [ 83.534152828, 27.968467382 ], [ 83.531033938, 27.964792795 ], [ 83.526767101, 27.96649964 ], [ 83.521855430000016, 27.963939988 ], [ 83.511200413000012, 27.967510132 ], [ 83.500407304, 27.976917742 ], [ 83.491578142, 27.978629396 ], [ 83.486415146000013, 27.981888335 ], [ 83.482888870000011, 27.981701364 ], [ 83.466655050000014, 27.964244778 ], [ 83.461604042, 27.953894336 ], [ 83.455932063, 27.949851622 ], [ 83.443492879, 27.944856457 ], [ 83.44292217600001, 27.943130481 ], [ 83.445418348, 27.939372861 ], [ 83.44030136100001, 27.935167044 ], [ 83.440294157000011, 27.9327552 ], [ 83.448924019, 27.928496652 ], [ 83.452664067000015, 27.932732758 ], [ 83.460502487000014, 27.934433217 ], [ 83.468262001000014, 27.92829964 ], [ 83.483878456000014, 27.922736749 ], [ 83.490488077, 27.929195881 ], [ 83.497988553000013, 27.927001129 ], [ 83.505930777, 27.928584351 ], [ 83.509813989, 27.932984132 ], [ 83.505037724, 27.934471864 ], [ 83.502917956, 27.937153588 ], [ 83.505876129000015, 27.94025285 ], [ 83.508718177, 27.940820276 ], [ 83.516370344, 27.937409075 ], [ 83.522972411000012, 27.929989034 ], [ 83.521902068000017, 27.925933325 ], [ 83.52408705900001, 27.924158518 ], [ 83.530630036, 27.932160948 ], [ 83.531013041, 27.93920375 ], [ 83.536810930000016, 27.937118338 ], [ 83.536336914, 27.931295861 ], [ 83.537929824000017, 27.928115548 ], [ 83.545223203, 27.929288236 ], [ 83.548467353, 27.928143764 ], [ 83.552793937, 27.929590507 ], [ 83.559868830000013, 27.93489944 ], [ 83.565625814000015, 27.934685357 ], [ 83.567628065, 27.940399679 ], [ 83.571026500000016, 27.943063548 ], [ 83.57640995300001, 27.937259343 ], [ 83.57344963700001, 27.931709117 ], [ 83.574627945, 27.930266579 ], [ 83.592963603000015, 27.9312177 ], [ 83.600704527, 27.92340921 ], [ 83.610789524000012, 27.925202446 ], [ 83.616441167, 27.930621786 ], [ 83.619074526, 27.929336317 ], [ 83.620390093000012, 27.926508469 ], [ 83.626151954, 27.926095529 ], [ 83.626746649000012, 27.924806717 ], [ 83.621015548000017, 27.917684093 ], [ 83.626994806000013, 27.914672643 ], [ 83.633508071, 27.914180221 ], [ 83.631476166000013, 27.910242299 ], [ 83.632503306, 27.902030373 ], [ 83.63431661300001, 27.899379641 ], [ 83.641025787, 27.902422838 ], [ 83.644770985, 27.898567743 ], [ 83.649045343000012, 27.902373586 ], [ 83.654977111, 27.902512598 ], [ 83.66586546, 27.919814935 ], [ 83.670300590000011, 27.924536446 ], [ 83.676267178, 27.92746333 ], [ 83.682001723000013, 27.924182713 ], [ 83.679563373, 27.920136234 ], [ 83.68305654000001, 27.916439684 ], [ 83.686053732, 27.918170197 ], [ 83.689436049, 27.923937972 ], [ 83.69833442800001, 27.917008733 ], [ 83.701444546, 27.91853164 ], [ 83.71104355300001, 27.916616331 ], [ 83.71911497, 27.920240621 ], [ 83.723137178000016, 27.913859261 ], [ 83.73359213, 27.908704197 ], [ 83.735124253, 27.904535537 ], [ 83.743015222000011, 27.900112556 ], [ 83.746293413, 27.899884 ], [ 83.747512596, 27.901436189 ], [ 83.742531451, 27.904675884 ], [ 83.744744905, 27.907983053 ], [ 83.750714688000016, 27.907111847 ], [ 83.757112845, 27.903141115 ], [ 83.758215043, 27.904695301 ], [ 83.756182417, 27.909222111 ], [ 83.762271082000012, 27.909993071 ], [ 83.775066879, 27.903361105 ], [ 83.788596546, 27.885511246 ], [ 83.797395428000016, 27.882514703 ], [ 83.807224350000013, 27.873262574 ], [ 83.816056655000011, 27.874195245 ], [ 83.820917939000012, 27.877793428 ], [ 83.835941961, 27.869854552 ], [ 83.845509960000015, 27.868525387 ], [ 83.847456549000015, 27.872633856 ], [ 83.843661085, 27.879544848 ], [ 83.845205328, 27.881653876 ], [ 83.851028360000015, 27.881308316 ], [ 83.851598909, 27.874616986 ], [ 83.85838596100001, 27.873586369 ], [ 83.861222216000016, 27.876418529 ], [ 83.860068678, 27.880002436 ], [ 83.86112381800001, 27.88236799 ], [ 83.873307616, 27.885642186 ], [ 83.87755356400001, 27.888396311 ], [ 83.880398327, 27.88741963 ], [ 83.880998030000015, 27.882373034 ], [ 83.892381129000015, 27.886150236 ], [ 83.899323204000012, 27.882884012 ], [ 83.910134311, 27.880290097 ], [ 83.913787497000015, 27.877797065 ], [ 83.910740999000012, 27.872738978 ], [ 83.913825806, 27.871141294 ], [ 83.920380237, 27.871560356 ], [ 83.924771651000015, 27.868271032 ], [ 83.932201707, 27.872505259 ], [ 83.93683380200001, 27.877728292 ], [ 83.939208854000015, 27.878112918 ], [ 83.948464972000011, 27.869489027 ], [ 83.952768452000015, 27.86992599 ], [ 83.958283533000014, 27.873052539 ], [ 83.968104652, 27.870311684 ], [ 83.971549273, 27.872656649 ], [ 83.974341615000014, 27.868029673 ], [ 83.978453602000016, 27.866128408 ], [ 83.994281866, 27.866274383 ], [ 83.99676770100001, 27.864162674 ], [ 83.997923013, 27.856110297 ], [ 84.000367026, 27.854745271 ], [ 84.006638065, 27.854812797 ], [ 84.017098991000012, 27.851215531 ], [ 84.021347049000013, 27.851257779 ], [ 84.022601606, 27.85257299 ], [ 84.021648569, 27.85469172 ], [ 84.015356402, 27.858160312 ], [ 84.017369386000013, 27.861354866 ], [ 84.020085513000012, 27.861956914 ], [ 84.028540742, 27.85645704 ], [ 84.0224742, 27.848498294 ], [ 84.022323128000011, 27.843557179 ], [ 84.020268515000012, 27.840892951 ], [ 84.025024739000017, 27.835283219 ], [ 84.026754038, 27.820635511 ], [ 84.025011376, 27.818361566 ], [ 84.021752795000012, 27.81915632 ], [ 84.020131657, 27.817994586 ], [ 84.020114710000016, 27.815334517 ], [ 84.015083074, 27.811731954 ], [ 84.012377321000017, 27.801256612 ], [ 84.006812819, 27.797543241 ], [ 84.000352473, 27.788658386 ], [ 83.99954195, 27.775824912 ], [ 83.992874608, 27.761529233 ], [ 83.992351703000011, 27.753636876 ], [ 83.994339540000013, 27.751538658 ], [ 83.989950043, 27.749279923 ], [ 83.98540117, 27.748088213 ], [ 83.980586284000012, 27.749452642 ], [ 83.976078858, 27.747572495 ], [ 83.972363784, 27.747928282 ], [ 83.970744337000014, 27.749861581 ], [ 83.965687689, 27.746992703 ], [ 83.960508665, 27.748349503 ], [ 83.958291243, 27.746539446 ], [ 83.950509449, 27.747549926 ], [ 83.946506865, 27.74380533 ], [ 83.944782274, 27.744185957 ], [ 83.928377706, 27.734329917 ], [ 83.92498835100001, 27.730700071 ], [ 83.924178342, 27.726864032 ], [ 83.921478642000011, 27.72679706 ], [ 83.919013667000016, 27.729597894 ], [ 83.915979092000015, 27.728470262 ], [ 83.913132046000015, 27.731126355 ], [ 83.906639152000011, 27.731564406 ], [ 83.908210955000015, 27.734250311 ], [ 83.90451923, 27.735716623 ], [ 83.903124261000016, 27.730713556 ], [ 83.900620848000017, 27.730481665 ], [ 83.898878675, 27.732050747 ], [ 83.896470094, 27.730092825 ], [ 83.893106956000011, 27.731335663 ], [ 83.888762617000012, 27.730253758 ], [ 83.883639335000012, 27.735080183 ], [ 83.880124956, 27.733497837 ], [ 83.876790731000014, 27.735911317 ], [ 83.875584191000016, 27.733234355 ], [ 83.869094839000013, 27.734724248 ], [ 83.851711867, 27.733312368 ], [ 83.844969233000015, 27.735067109 ], [ 83.841833422, 27.730487852 ], [ 83.844117741, 27.727340733 ], [ 83.844527017, 27.716332987 ], [ 83.848850147, 27.712080249 ], [ 83.846283348000014, 27.709539128 ], [ 83.838565910000014, 27.710985634 ], [ 83.833609388000013, 27.714039221 ], [ 83.824952166000017, 27.714064654 ], [ 83.820448204000016, 27.710674519 ], [ 83.81570797, 27.713540501 ], [ 83.810931526, 27.714355294 ], [ 83.80144047200001, 27.721365705 ], [ 83.792341235, 27.721914147 ], [ 83.786630319000011, 27.724743804 ], [ 83.78233201, 27.725095897 ], [ 83.763801727000015, 27.721699181 ], [ 83.759833177, 27.722572294 ], [ 83.756375931, 27.720219769 ], [ 83.751143613000011, 27.721029492 ], [ 83.7452075, 27.719179823 ], [ 83.739430658, 27.715083047 ], [ 83.732323559, 27.714223396 ], [ 83.72859621100001, 27.709177922 ], [ 83.721576430000013, 27.710723054 ], [ 83.714300932000015, 27.715689996 ], [ 83.695155162, 27.716064307 ], [ 83.691580837, 27.718851876 ], [ 83.682240918, 27.72094711 ], [ 83.677073898, 27.718649557 ], [ 83.682794519000012, 27.718234114 ], [ 83.689615866000011, 27.707803223 ], [ 83.689774459, 27.698225845 ], [ 83.700686808000015, 27.688771362 ], [ 83.704619580000013, 27.682886516 ], [ 83.701704306000011, 27.68149041 ], [ 83.702277208000012, 27.679339177 ], [ 83.699374898000016, 27.676462957 ], [ 83.698856899, 27.670017972 ], [ 83.69538351700001, 27.661540438 ], [ 83.703332820000014, 27.662209743 ], [ 83.705905289000015, 27.658950453 ], [ 83.708111803, 27.659176151 ], [ 83.710397704000016, 27.661588404 ], [ 83.715230541000011, 27.66275362 ], [ 83.720459335000015, 27.669941419 ], [ 83.725189346, 27.672504945 ], [ 83.733163843000014, 27.669323413 ], [ 83.740847563000017, 27.669719303 ], [ 83.744792341, 27.666872494 ], [ 83.758293471000016, 27.667469763 ], [ 83.759178423, 27.663644686 ], [ 83.762758240000011, 27.661243393 ], [ 83.768272219000011, 27.666651984 ], [ 83.783208599, 27.66705748 ], [ 83.799719742, 27.665559359 ], [ 83.80625892, 27.662915258 ], [ 83.811855248000015, 27.662415261 ], [ 83.80986914, 27.655519732 ], [ 83.812635064, 27.653339407 ], [ 83.810179415, 27.648602424 ], [ 83.806541481000011, 27.647604649 ], [ 83.808583116, 27.645910771 ], [ 83.807844578000015, 27.643172882 ], [ 83.810341868, 27.639994957 ], [ 83.809863201000013, 27.635504356 ], [ 83.802468120000015, 27.63231716 ], [ 83.801023300000011, 27.629627881 ], [ 83.805221778, 27.620917919 ], [ 83.797305092000016, 27.620319857 ], [ 83.799681119000013, 27.611961586 ], [ 83.789937581, 27.606412507 ], [ 83.801069727000012, 27.596203407 ], [ 83.806218591, 27.59696429 ], [ 83.809414444000012, 27.595450223 ], [ 83.808118990000011, 27.588769871 ], [ 83.815088797000016, 27.589609647 ], [ 83.821549194000013, 27.592724961 ], [ 83.836183751, 27.585802679 ], [ 83.841515662, 27.572661445 ], [ 83.83163191700001, 27.565722989 ], [ 83.83281744300001, 27.559226281 ], [ 83.837382921000014, 27.551350434 ], [ 83.836116329, 27.545098983 ], [ 83.841872611000014, 27.549300124 ], [ 83.841619889000015, 27.556292114 ], [ 83.847208134000013, 27.560375452 ], [ 83.850694132000015, 27.559054872 ], [ 83.855255096, 27.548552078 ], [ 83.858842112, 27.545609021 ], [ 83.870481583000014, 27.541337892 ], [ 83.88243330600001, 27.527934779 ], [ 83.882743412000011, 27.523379508 ], [ 83.878317055000011, 27.520401961 ], [ 83.875751580000014, 27.510469509 ], [ 83.880843454000015, 27.507750705 ], [ 83.887145604000011, 27.508432798 ], [ 83.893943405000016, 27.504236902 ], [ 83.897702880000011, 27.498840321 ], [ 83.891693231, 27.499393119 ], [ 83.88681694600001, 27.495754313 ], [ 83.88365717100001, 27.496198415 ], [ 83.874726233, 27.489376586 ], [ 83.877699228000012, 27.485227566 ], [ 83.885098883000012, 27.48118154 ], [ 83.886670336, 27.472437291 ], [ 83.883690447, 27.46420599 ], [ 83.889802931, 27.461717742 ], [ 83.887181514, 27.455799487 ], [ 83.887747609000016, 27.446573828 ], [ 83.889099611, 27.443555932 ], [ 83.895558048000012, 27.437823046 ], [ 83.913464291000011, 27.441492791 ], [ 83.931224469000014, 27.449634569 ], [ 83.935443195, 27.451040005 ], [ 83.93935616200001, 27.455177626 ], [ 83.944603205, 27.465847805 ], [ 83.938754564, 27.491587832 ], [ 83.941147515000011, 27.493908347 ], [ 83.963533169000016, 27.503884465 ], [ 83.968110354, 27.508303447 ], [ 83.969499223000014, 27.51542695 ], [ 83.96488394, 27.523259798 ], [ 83.953042432, 27.52759748 ], [ 83.950933670000012, 27.526515985 ], [ 83.946333805, 27.518538199 ], [ 83.941928877, 27.515788257 ], [ 83.931221351, 27.513084781 ], [ 83.92564556, 27.514785419 ], [ 83.921740008000015, 27.518573894 ], [ 83.922256894000014, 27.52440225 ], [ 83.919941096000017, 27.526668636 ], [ 83.918773132000013, 27.533084852 ], [ 83.919758796000011, 27.540700428 ], [ 83.924451598, 27.54464258 ], [ 83.931762862000014, 27.545501424 ], [ 83.941022767, 27.54160235 ], [ 83.94847574, 27.540231147 ], [ 83.954396462, 27.543080728 ], [ 83.957757541, 27.548451794 ], [ 83.970409695000015, 27.550603099 ], [ 83.985361458000014, 27.543951609 ], [ 83.993159929000015, 27.543564199 ], [ 83.998920189, 27.545588226 ], [ 84.00556151, 27.544823207 ], [ 84.018300749, 27.538517966 ], [ 84.031175375, 27.537265709 ], [ 84.038854543000014, 27.540582774 ], [ 84.044034009000015, 27.552284732 ], [ 84.050602432, 27.556544634 ], [ 84.056569534, 27.555531502 ], [ 84.064427443000014, 27.551399055 ], [ 84.067571134, 27.552241401 ], [ 84.070871099000016, 27.557436043 ], [ 84.074662431, 27.559568533 ], [ 84.090269762, 27.554721767 ], [ 84.100685456, 27.553906873 ], [ 84.107303431, 27.551769664 ], [ 84.114713856, 27.553347697 ], [ 84.119400489000014, 27.556407803 ], [ 84.11983711, 27.560116787 ], [ 84.125647225, 27.566122519 ], [ 84.127761592000013, 27.574836577 ], [ 84.135268349000015, 27.584590184 ], [ 84.141659606, 27.588877581 ], [ 84.151108606, 27.598470357 ], [ 84.164263135000013, 27.606997723 ], [ 84.176418728000016, 27.619148685 ], [ 84.19695564300001, 27.631334269 ], [ 84.206679271000013, 27.63880418 ], [ 84.218175717, 27.643605984 ], [ 84.228874761000014, 27.645407232 ], [ 84.241054833, 27.651855334 ], [ 84.250335056000011, 27.654183141 ], [ 84.257918732, 27.651143593 ], [ 84.26228036, 27.656604542 ], [ 84.270973459, 27.662993346 ], [ 84.292371952000011, 27.668367125 ], [ 84.313969354, 27.680323125 ], [ 84.322972976000017, 27.68657251 ], [ 84.325361078000014, 27.69402606 ], [ 84.343715793000015, 27.70231628 ], [ 84.350302095, 27.702852583 ], [ 84.360070949, 27.698330828 ], [ 84.365197018, 27.688606597 ], [ 84.372912666, 27.682900293 ], [ 84.378886155, 27.681345338 ], [ 84.406852474, 27.695839021 ], [ 84.429984286, 27.705064794 ], [ 84.431343103, 27.708453885 ], [ 84.430748839, 27.713196072 ], [ 84.422042386000015, 27.741335334 ], [ 84.426885532000014, 27.742541049 ], [ 84.433065862, 27.741222264 ], [ 84.437052926, 27.742847742 ], [ 84.450560310000014, 27.759353646 ], [ 84.457682115000011, 27.759357381 ], [ 84.467917337000017, 27.751990454 ], [ 84.470679404, 27.752197665 ], [ 84.471982256, 27.754097451 ], [ 84.467368613, 27.767201321 ], [ 84.460596572000014, 27.773730938 ], [ 84.449086260000016, 27.778375904 ], [ 84.439336866, 27.778477244 ], [ 84.431274834, 27.78688886 ], [ 84.429889837, 27.792890171 ], [ 84.432333563000014, 27.812743788 ], [ 84.435340427000014, 27.815274794 ], [ 84.440215315, 27.816597187 ], [ 84.445098043000016, 27.822916941 ], [ 84.464927923, 27.818937107 ], [ 84.466179237, 27.820038466 ], [ 84.465405510000011, 27.824115709 ], [ 84.468529903, 27.82435555 ], [ 84.492794526000012, 27.819420308 ], [ 84.496442137000017, 27.820907606 ], [ 84.502976793000016, 27.819706253 ], [ 84.511418316, 27.815521638 ], [ 84.517098425000015, 27.816159294 ], [ 84.520367012, 27.821383559 ], [ 84.52034453600001, 27.829844294 ], [ 84.521961648000016, 27.83233122 ], [ 84.539171148, 27.83371355 ], [ 84.546115514, 27.831793331 ], [ 84.555176043, 27.835815985 ], [ 84.558076101000012, 27.845068069 ], [ 84.556860235000016, 27.852766478 ], [ 84.55878756300001, 27.85796585 ], [ 84.567428647000014, 27.858936834 ], [ 84.576326123000015, 27.863606238 ], [ 84.576947521, 27.870931587 ], [ 84.58053747400001, 27.874395516 ], [ 84.5907327, 27.879836872 ], [ 84.596040878000011, 27.876303461 ], [ 84.603413104000012, 27.875465965 ], [ 84.604965898, 27.872196784 ], [ 84.608564058000013, 27.871625955 ], [ 84.613750213, 27.873092029 ], [ 84.614968409000014, 27.87716343 ], [ 84.620903367000011, 27.880539093 ], [ 84.626836813000011, 27.878179399 ], [ 84.627627517, 27.872090961 ], [ 84.633808134, 27.86890191 ], [ 84.633890689000012, 27.862471555 ], [ 84.635496204, 27.860377268 ], [ 84.648980989, 27.859745975 ], [ 84.649934823, 27.858566034 ], [ 84.646881547, 27.855135297 ], [ 84.64730533800001, 27.853396085 ], [ 84.655263363, 27.852381615 ], [ 84.660000032000013, 27.849985593 ], [ 84.663986376000011, 27.840594503 ], [ 84.661161609, 27.828889704 ], [ 84.667453513000012, 27.823083764 ], [ 84.668033465, 27.818541621 ], [ 84.677123502000015, 27.815753891 ], [ 84.685059806000012, 27.810342879 ], [ 84.707412600000012, 27.806690372 ], [ 84.707961172000012, 27.802565628 ], [ 84.711169975, 27.800504989 ], [ 84.713826872000013, 27.800486908 ], [ 84.718748842000011, 27.803750753 ], [ 84.721550456000017, 27.80134014 ], [ 84.727448827, 27.799923986 ], [ 84.730841837000014, 27.795605866 ], [ 84.737025073000012, 27.799067776 ], [ 84.738787303, 27.804069165 ], [ 84.753848256000012, 27.806469559 ], [ 84.75625907300001, 27.809012556 ], [ 84.756952561, 27.814518133 ], [ 84.762642731000014, 27.818238762 ], [ 84.764972854, 27.8185079 ], [ 84.768991003000011, 27.815627098 ], [ 84.76851552, 27.81170407 ], [ 84.773084599000015, 27.808653166 ], [ 84.775428473, 27.808824938 ], [ 84.781952952000012, 27.813489933 ], [ 84.781936284000011, 27.815777725 ], [ 84.777033371000016, 27.818898554 ], [ 84.773718205, 27.824200961 ], [ 84.773116743000017, 27.829474538 ], [ 84.77595831, 27.835344803 ], [ 84.77067412800001, 27.838905147 ], [ 84.769932459, 27.842871028 ], [ 84.767560631, 27.843791157 ], [ 84.768039221, 27.851729886 ], [ 84.765350412, 27.853786657 ], [ 84.76509470900001, 27.859311029 ], [ 84.759344971, 27.859392431 ], [ 84.756033551000016, 27.861774977 ], [ 84.753404601000014, 27.873570682 ], [ 84.745955082, 27.880248648 ], [ 84.749241528000013, 27.88611242 ], [ 84.737518679, 27.890737442 ], [ 84.735765244, 27.892878846 ], [ 84.737626850000012, 27.897047186 ], [ 84.733223736000014, 27.907053837 ], [ 84.735099444000014, 27.915443235 ], [ 84.73341485600001, 27.924745053 ], [ 84.732010583, 27.925837683 ], [ 84.732648656, 27.927334557 ], [ 84.736433379, 27.928548445 ], [ 84.736412399000017, 27.930797867 ], [ 84.734138255, 27.931252227 ], [ 84.73389656, 27.933168861 ], [ 84.73937813900001, 27.936589139 ], [ 84.741074572000016, 27.947409187 ], [ 84.746537124000014, 27.955309748 ], [ 84.745881492, 27.960096179 ], [ 84.75720791900001, 27.963458991 ], [ 84.760711566000012, 27.967223081 ], [ 84.769150756000016, 27.967298021 ], [ 84.774721309000014, 27.971393051 ], [ 84.775159966, 27.973123277 ], [ 84.771462025, 27.975988895 ], [ 84.771630537, 27.977355151 ], [ 84.776894019000011, 27.977605274 ], [ 84.778576845, 27.981397208 ], [ 84.784066515, 27.983299436 ], [ 84.785016125000013, 27.98703905 ], [ 84.787980436000012, 27.989352637 ], [ 84.788068741, 27.995292289 ], [ 84.79015291, 27.997992078 ], [ 84.796906760000013, 27.998144859 ], [ 84.797416295, 28.002369734 ], [ 84.803852416000012, 28.000428137 ], [ 84.811329434000015, 28.002944842 ], [ 84.813283796, 28.009331357 ], [ 84.809546202, 28.016863741 ], [ 84.812825302, 28.021311327 ], [ 84.813569746000013, 28.028435945 ], [ 84.809468353000014, 28.034659754 ], [ 84.809500969000013, 28.037989516 ], [ 84.812130456, 28.042957483 ], [ 84.818377717, 28.047700903 ], [ 84.818486319000016, 28.054321617 ], [ 84.821262683000015, 28.058257618 ], [ 84.820925441000014, 28.06315067 ], [ 84.824396782, 28.066712403 ], [ 84.827876398000015, 28.075133446 ], [ 84.831635265000017, 28.084820441 ], [ 84.831809895, 28.089568326 ], [ 84.837267560000015, 28.094958488 ], [ 84.837149951000015, 28.104143403 ], [ 84.842458924000013, 28.110716456 ], [ 84.842132889000013, 28.114578413 ], [ 84.843738078000015, 28.116321468 ], [ 84.849597691000014, 28.118539049 ], [ 84.85469267900001, 28.122660632 ], [ 84.859042529, 28.120072874 ], [ 84.862331873000016, 28.121568291 ], [ 84.869368398, 28.120470316 ], [ 84.872801206, 28.116723835 ], [ 84.880995884000015, 28.112768637 ], [ 84.88538195000001, 28.105512177 ], [ 84.892449748, 28.099970855 ], [ 84.90043067500001, 28.106691125 ], [ 84.913582816000016, 28.102908866 ], [ 84.918135514000014, 28.103422142 ], [ 84.921567993000011, 28.106600347 ], [ 84.920176874, 28.115310975 ], [ 84.928817251000012, 28.126320428 ], [ 84.939197195, 28.125753397 ], [ 84.942777722000017, 28.122579491 ], [ 84.948420487, 28.12490256 ], [ 84.951831235000014, 28.124215677 ], [ 84.956912571, 28.126761091 ], [ 84.958320005, 28.136079582 ], [ 84.954199963, 28.143496532 ], [ 84.95789064600001, 28.147175008 ], [ 84.95724481100001, 28.155549051 ], [ 84.960801317, 28.159609616 ], [ 84.961910102, 28.168959474 ], [ 84.965668363, 28.174509657 ], [ 84.96407038000001, 28.177931884 ], [ 84.967465286, 28.184853873 ], [ 84.973854137, 28.190281485 ], [ 84.97086601, 28.19449193 ], [ 84.970630259, 28.199115943 ], [ 84.967531363, 28.201948762 ], [ 84.96741114000001, 28.20443341 ], [ 84.962262041000017, 28.212175876 ], [ 84.964733168, 28.217365132 ], [ 84.970425473, 28.223436112 ], [ 84.977062272000012, 28.226723108 ], [ 84.991604716000012, 28.244706213 ], [ 84.997781732, 28.240472072 ], [ 84.998667786000013, 28.241246142 ], [ 84.999130283000014, 28.244473231 ], [ 85.002690985000015, 28.248079087 ], [ 85.000654556000015, 28.251660541 ], [ 85.001747690000016, 28.25325429 ], [ 85.027943952000015, 28.262405822 ], [ 85.031825649000012, 28.279264045 ], [ 85.03799325300001, 28.291890687 ], [ 85.032718977000016, 28.302844545 ], [ 85.041207161000017, 28.311866676 ], [ 85.042834718, 28.319704617 ], [ 85.046657769, 28.32586762 ], [ 85.052993403000016, 28.327014494 ], [ 85.067371045000016, 28.339285052 ], [ 85.080549591, 28.345883356 ], [ 85.088368541, 28.346371628 ], [ 85.092999522000014, 28.344671982 ], [ 85.107955679000014, 28.346604114 ] ] ] } },
{ "type": "Feature", "properties": { "province": "Lumbini" }, "geometry": { "type": "Polygon", "coordinates": [ [ [ 83.145432479, 28.74715856 ], [ 83.141534394, 28.746384949 ], [ 83.132371973, 28.748054348 ], [ 83.127688581000015, 28.745957911 ], [ 83.113654706, 28.743608547 ], [ 83.11217489900001, 28.747251003 ], [ 83.102616821000012, 28.753485975 ], [ 83.102279862, 28.760334462 ], [ 83.09821098, 28.766646071 ], [ 83.09515037300001, 28.767728676 ], [ 83.08505548, 28.777895028 ], [ 83.08176658, 28.779517143 ], [ 83.07926929300001, 28.786181616 ], [ 83.072576372000015, 28.78350114 ], [ 83.068380566000016, 28.779989404 ], [ 83.065176924000014, 28.783892247 ], [ 83.057970111, 28.785818214 ], [ 83.045722438000013, 28.78652172 ], [ 83.036091182, 28.792791938 ], [ 83.030083048, 28.793220312 ], [ 83.022353075000012, 28.790771237 ], [ 83.01233396, 28.798983584 ], [ 83.005159292000016, 28.799639232 ], [ 82.997382948, 28.80391941 ], [ 82.990495858000017, 28.801668768 ], [ 82.986901388, 28.802587006 ], [ 82.980928042000016, 28.800751026 ], [ 82.975854739000013, 28.803448828 ], [ 82.973752975000011, 28.809326943 ], [ 82.965880900000016, 28.816649777 ], [ 82.965869021, 28.820376057 ], [ 82.956657879, 28.820981868 ], [ 82.950660259, 28.823867763 ], [ 82.94965607200001, 28.827748765 ], [ 82.947215066000012, 28.829037986 ], [ 82.942070421000011, 28.827116589 ], [ 82.937264366, 28.828005875 ], [ 82.93021258600001, 28.827090733 ], [ 82.917573399, 28.831447084 ], [ 82.910310699, 28.831068327 ], [ 82.904878472, 28.832362004 ], [ 82.903843224000013, 28.82964674 ], [ 82.900849197000014, 28.829302103 ], [ 82.896106674, 28.824736269 ], [ 82.892873011, 28.826717227 ], [ 82.885917899, 28.826154866 ], [ 82.879574300000016, 28.830448816 ], [ 82.873166590000011, 28.831191778 ], [ 82.867583724000013, 28.834264602 ], [ 82.864165917, 28.831930581 ], [ 82.85459439200001, 28.832237666 ], [ 82.847999873, 28.827444639 ], [ 82.843779209, 28.826524351 ], [ 82.841252979, 28.827016956 ], [ 82.835694019000016, 28.831672071 ], [ 82.833461659, 28.830292666 ], [ 82.820269573, 28.829945633 ], [ 82.817122721, 28.831343584 ], [ 82.799354757, 28.820700251 ], [ 82.796823146, 28.821570884 ], [ 82.79335977, 28.819918238 ], [ 82.781760506000012, 28.824293667 ], [ 82.76583526, 28.808605579 ], [ 82.763594470000015, 28.813673703 ], [ 82.760145391, 28.816129988 ], [ 82.759431794, 28.819856445 ], [ 82.756814311000014, 28.821140602 ], [ 82.754753069, 28.825641843 ], [ 82.747931173000012, 28.832733464 ], [ 82.741787513, 28.845864724 ], [ 82.738325225000011, 28.846071468 ], [ 82.736116739000011, 28.848015381 ], [ 82.729177244000013, 28.847749432 ], [ 82.726417393, 28.84636102 ], [ 82.723735256000012, 28.849782166 ], [ 82.712118106, 28.851555148 ], [ 82.704686054, 28.854659818 ], [ 82.695677962, 28.86473657 ], [ 82.685444845, 28.861400482 ], [ 82.678480657, 28.854822805 ], [ 82.672670802000013, 28.852284581 ], [ 82.6694338, 28.852433147 ], [ 82.665559172000016, 28.85386096 ], [ 82.658468518, 28.860119655 ], [ 82.65607997, 28.866686574 ], [ 82.648594936, 28.86922817 ], [ 82.64419181800001, 28.867228356 ], [ 82.63797754, 28.860029248 ], [ 82.636765355, 28.855242047 ], [ 82.629926250000011, 28.853417869 ], [ 82.624733199, 28.84683753 ], [ 82.626056035, 28.839213756 ], [ 82.617679236000015, 28.82857231 ], [ 82.61368425, 28.826587062 ], [ 82.619120478000013, 28.814977151 ], [ 82.619735876, 28.809087518 ], [ 82.613274781000015, 28.80739727 ], [ 82.596235240000013, 28.79202114 ], [ 82.58970127900001, 28.790353828 ], [ 82.589495829000015, 28.785718941 ], [ 82.586985045, 28.782164922 ], [ 82.581453506000017, 28.780735601 ], [ 82.569770319000014, 28.77129481 ], [ 82.567058384, 28.770688703 ], [ 82.566761294000017, 28.767584174 ], [ 82.561865265, 28.767775713 ], [ 82.564709182000016, 28.76487602 ], [ 82.563713492, 28.758703391 ], [ 82.567144122000016, 28.756937602 ], [ 82.566030446000013, 28.743922665 ], [ 82.568599526000014, 28.744464151 ], [ 82.574205965, 28.740598775 ], [ 82.581653321, 28.741229759 ], [ 82.588051792000016, 28.739959217 ], [ 82.591931757000012, 28.740561279 ], [ 82.595600763, 28.743856463 ], [ 82.601418119000016, 28.74291082 ], [ 82.605281904, 28.71566752 ], [ 82.612655022000013, 28.712795389 ], [ 82.615325774000013, 28.710052867 ], [ 82.61244142000001, 28.695874136 ], [ 82.615902938, 28.689796997 ], [ 82.603974472, 28.687218129 ], [ 82.600659899, 28.684874238 ], [ 82.601044867000013, 28.676814551 ], [ 82.59891817, 28.669103296 ], [ 82.592063497000012, 28.667624711 ], [ 82.586706662000012, 28.663908104 ], [ 82.578947571000015, 28.664702046 ], [ 82.574967028, 28.658793474 ], [ 82.56628893300001, 28.652799094 ], [ 82.560692926000016, 28.646568529 ], [ 82.554662474000011, 28.644054801 ], [ 82.551887946, 28.645547687 ], [ 82.539212569000014, 28.646979189 ], [ 82.53659217900001, 28.650196605 ], [ 82.533538470000011, 28.650012454 ], [ 82.527865399, 28.654784559 ], [ 82.524510966, 28.655366021 ], [ 82.519246583000012, 28.660690269 ], [ 82.517268277000014, 28.661212255 ], [ 82.513352652, 28.659461862 ], [ 82.505612338, 28.662058452 ], [ 82.501400242000017, 28.667763489 ], [ 82.499824862000011, 28.662470395 ], [ 82.497677604, 28.661630629 ], [ 82.494728547, 28.66267143 ], [ 82.48993363000001, 28.659320673 ], [ 82.491046176000012, 28.651833631 ], [ 82.48581483400001, 28.640649591 ], [ 82.506919974000013, 28.630630811 ], [ 82.508357394000015, 28.627779844 ], [ 82.51841171800001, 28.624574468 ], [ 82.533953888000013, 28.623541344 ], [ 82.539889137, 28.620763434 ], [ 82.543817754000017, 28.622939413 ], [ 82.543559481000017, 28.626256852 ], [ 82.547971869, 28.62711171 ], [ 82.551492114000013, 28.625245682 ], [ 82.546963965, 28.622334887 ], [ 82.545787382000015, 28.618465228 ], [ 82.553431590000017, 28.615493047 ], [ 82.561240071000014, 28.610092843 ], [ 82.56874194000001, 28.609716608 ], [ 82.577750198, 28.614559411 ], [ 82.579407615, 28.61376932 ], [ 82.580608423000015, 28.611932319 ], [ 82.578697731, 28.602206565 ], [ 82.581017461000016, 28.59982863 ], [ 82.581204952, 28.591983419 ], [ 82.57914908, 28.589837151 ], [ 82.580825256000011, 28.588379497 ], [ 82.580580391000012, 28.586184508 ], [ 82.577341802, 28.5841589 ], [ 82.575121619000015, 28.579644786 ], [ 82.56824058, 28.577900912 ], [ 82.556898267, 28.579652842 ], [ 82.553419388, 28.581652546 ], [ 82.544198223, 28.5730459 ], [ 82.534993012000015, 28.570501694 ], [ 82.533034229, 28.566152194 ], [ 82.530356375000011, 28.5641744 ], [ 82.529057032000011, 28.55825974 ], [ 82.525960259000016, 28.558060062 ], [ 82.521318601, 28.553978737 ], [ 82.516653645, 28.554608342 ], [ 82.509028734000012, 28.551249734 ], [ 82.499795682000013, 28.554017037 ], [ 82.492335587000014, 28.55273355 ], [ 82.491774037000013, 28.548756486 ], [ 82.494125884000013, 28.543605919 ], [ 82.49297184400001, 28.540090312 ], [ 82.484569443000012, 28.5354576 ], [ 82.4796222, 28.53044337 ], [ 82.47276714600001, 28.52929763 ], [ 82.466857132000015, 28.525750437 ], [ 82.462950674000012, 28.521294857 ], [ 82.444279854000015, 28.522915699 ], [ 82.43358661, 28.526355921 ], [ 82.429474758000012, 28.52461065 ], [ 82.41818154900001, 28.528775824 ], [ 82.416558809, 28.52339005 ], [ 82.417054752000013, 28.51774101 ], [ 82.414346759000011, 28.513461277 ], [ 82.411878991, 28.512988265 ], [ 82.407517779000017, 28.50374096 ], [ 82.411753415, 28.496506478 ], [ 82.411688642000016, 28.492688316 ], [ 82.409414165000015, 28.488642505 ], [ 82.405757694000016, 28.486615796 ], [ 82.405643418000011, 28.478220421 ], [ 82.40041813500001, 28.469844047 ], [ 82.396073697, 28.468461433 ], [ 82.395624649000013, 28.460463038 ], [ 82.383566478, 28.456063653 ], [ 82.373826427000012, 28.448332982 ], [ 82.376911915, 28.436456757 ], [ 82.376618241, 28.430381363 ], [ 82.369228938, 28.426102469 ], [ 82.351186410000011, 28.423945858 ], [ 82.350383742, 28.42191016 ], [ 82.353910451, 28.414934476 ], [ 82.353220123000014, 28.410452504 ], [ 82.36104429400001, 28.40817076 ], [ 82.365593769000014, 28.403201093 ], [ 82.362577076, 28.394576283 ], [ 82.363590361, 28.388342748 ], [ 82.366552799, 28.386934791 ], [ 82.37516012, 28.377354106 ], [ 82.38359075000001, 28.372847636 ], [ 82.382827245000016, 28.364712438 ], [ 82.37609876, 28.358534538 ], [ 82.378524154, 28.356640058 ], [ 82.379317381, 28.351775579 ], [ 82.365991627000014, 28.343976491 ], [ 82.363191247, 28.34086455 ], [ 82.364193298, 28.330191861 ], [ 82.367366249000014, 28.329968362 ], [ 82.366806, 28.323543009 ], [ 82.363506950000016, 28.319558643 ], [ 82.372535079000016, 28.317726685 ], [ 82.376090457, 28.315164532 ], [ 82.377517166, 28.310063522 ], [ 82.376297675, 28.304677999 ], [ 82.382489098, 28.297088157 ], [ 82.381603237, 28.295982811 ], [ 82.383609417000017, 28.291690232 ], [ 82.386376807, 28.290893032 ], [ 82.395259564000014, 28.282961695 ], [ 82.395512630000013, 28.277110113 ], [ 82.403502955, 28.265034707 ], [ 82.403612049, 28.262229779 ], [ 82.410259787000015, 28.258281482 ], [ 82.413306703, 28.253889803 ], [ 82.419750338000014, 28.253730532 ], [ 82.424097608000011, 28.251244631 ], [ 82.427776659, 28.252196469 ], [ 82.430103141, 28.249620987 ], [ 82.437326033, 28.246669297 ], [ 82.435108073, 28.243539054 ], [ 82.426879196000016, 28.239032605 ], [ 82.427643938, 28.230080876 ], [ 82.424174066, 28.228089137 ], [ 82.422028262000012, 28.229861883 ], [ 82.418898809000012, 28.229817718 ], [ 82.414876813, 28.22471407 ], [ 82.406849151, 28.22071639 ], [ 82.403740700000014, 28.213202976 ], [ 82.400585112000016, 28.192421842 ], [ 82.403543153000015, 28.185033373 ], [ 82.399240631000012, 28.180189322 ], [ 82.401414904, 28.176402261 ], [ 82.398465974, 28.170055492 ], [ 82.396501878, 28.169150674 ], [ 82.39396152, 28.173471494 ], [ 82.396878029, 28.182773679 ], [ 82.392831523000012, 28.189304647 ], [ 82.387100619, 28.188566575 ], [ 82.378088902000016, 28.184567944 ], [ 82.36714747, 28.189868121 ], [ 82.36309239500001, 28.196795303 ], [ 82.358802618000013, 28.199145592 ], [ 82.35493659, 28.205581198 ], [ 82.347166458, 28.208685181 ], [ 82.346086718, 28.216394647 ], [ 82.337572803000015, 28.223556684 ], [ 82.327182047, 28.225315881 ], [ 82.312443877, 28.223421168 ], [ 82.310187037, 28.231680815 ], [ 82.302252401, 28.232670179 ], [ 82.300400545000016, 28.245989991 ], [ 82.297168745, 28.245161273 ], [ 82.291711075, 28.246904788 ], [ 82.287278505, 28.245728462 ], [ 82.281862878000013, 28.248229096 ], [ 82.275490732, 28.248512046 ], [ 82.26489018, 28.243706532 ], [ 82.258323565000012, 28.243683633 ], [ 82.256013506000016, 28.239741525 ], [ 82.248000214000015, 28.239602868 ], [ 82.244003468000017, 28.237945154 ], [ 82.233183015, 28.239989944 ], [ 82.223318399, 28.247768533 ], [ 82.217812857000013, 28.249683282 ], [ 82.19869842300001, 28.242958518 ], [ 82.190021436, 28.248394088 ], [ 82.1824105, 28.249804606 ], [ 82.175828151, 28.249026714 ], [ 82.169450528000013, 28.251592205 ], [ 82.166717298, 28.250101868 ], [ 82.160834983000015, 28.241800928 ], [ 82.153474735, 28.241168449 ], [ 82.152921488, 28.238107411 ], [ 82.149033866000011, 28.239241005 ], [ 82.143819668, 28.237152939 ], [ 82.142590002, 28.241880176 ], [ 82.13282146600001, 28.251566778 ], [ 82.125983526000013, 28.254391238 ], [ 82.117715003000015, 28.251569387 ], [ 82.111639707, 28.254571779 ], [ 82.108346649000012, 28.258311641 ], [ 82.100819840000014, 28.259044722 ], [ 82.093979579, 28.255095556 ], [ 82.091709733000016, 28.249354493 ], [ 82.081283465000013, 28.248613983 ], [ 82.069691807000012, 28.239444924 ], [ 82.068661486000011, 28.237086564 ], [ 82.061820847, 28.240688328 ], [ 82.054313397000016, 28.242142783 ], [ 82.051023382000011, 28.239785956 ], [ 82.046327208, 28.232064042 ], [ 82.042214044, 28.230218531 ], [ 82.039384137000013, 28.221401557 ], [ 82.035691450000016, 28.217608106 ], [ 82.036877083, 28.215110914 ], [ 82.030943274, 28.2141293 ], [ 82.026946345000013, 28.208488079 ], [ 82.026287317000012, 28.204358013 ], [ 82.023121896, 28.201253706 ], [ 82.029220641, 28.193909347 ], [ 82.029240076, 28.187737652 ], [ 82.028099515, 28.185631761 ], [ 82.02249079, 28.184516414 ], [ 82.018224813, 28.18185769 ], [ 82.012824130000013, 28.170040774 ], [ 82.014998315000014, 28.164090424 ], [ 82.01108502000001, 28.160695603 ], [ 82.012046304, 28.154228392 ], [ 82.007614275, 28.151110105 ], [ 81.998185402, 28.163676343 ], [ 81.987063098, 28.172384347 ], [ 81.984741751000016, 28.177190838 ], [ 81.979930474000014, 28.178315563 ], [ 81.977924137000016, 28.182896565 ], [ 81.973209771000015, 28.184981043 ], [ 81.970738224000016, 28.182362462 ], [ 81.968823502, 28.182547433 ], [ 81.965268649, 28.18452131 ], [ 81.963129555, 28.187320244 ], [ 81.964208183000011, 28.19189252 ], [ 81.962690095000013, 28.19442904 ], [ 81.951956990000014, 28.194116121 ], [ 81.94657890500001, 28.199242531 ], [ 81.938530936, 28.201790408 ], [ 81.93865293, 28.205353008 ], [ 81.936113542000015, 28.207653015 ], [ 81.931116064, 28.20768729 ], [ 81.926706839, 28.209495231 ], [ 81.92695084, 28.215846121 ], [ 81.920916726000016, 28.220388927 ], [ 81.922465223, 28.223997318 ], [ 81.921572657000013, 28.226913374 ], [ 81.914018361, 28.228426122 ], [ 81.909310244000011, 28.232281268 ], [ 81.896505891, 28.233329064 ], [ 81.888637768, 28.236901944 ], [ 81.887091605, 28.240368105 ], [ 81.882900554000017, 28.243549006 ], [ 81.876767518, 28.239196202 ], [ 81.860921663000013, 28.23873966 ], [ 81.864259231, 28.24512999 ], [ 81.864673783000015, 28.249846749 ], [ 81.861502247, 28.255116346 ], [ 81.854197774000014, 28.260141036 ], [ 81.843554636, 28.272039487 ], [ 81.831157459000011, 28.274290241 ], [ 81.826247577, 28.277015863 ], [ 81.81453075200001, 28.278807482 ], [ 81.808482186, 28.283023701 ], [ 81.805470044, 28.282190987 ], [ 81.798109055000012, 28.273666115 ], [ 81.793651842, 28.273874787 ], [ 81.791562632, 28.27711065 ], [ 81.792207276000013, 28.28200458 ], [ 81.787162495, 28.294714405 ], [ 81.78045564300001, 28.295172525 ], [ 81.776885328, 28.297960908 ], [ 81.773443925, 28.297536028 ], [ 81.767447619, 28.300793649 ], [ 81.76122913, 28.309231851 ], [ 81.753801599000013, 28.3074976 ], [ 81.748069291, 28.312487753 ], [ 81.745089804, 28.313286829 ], [ 81.743521981000015, 28.319057088 ], [ 81.746579503, 28.326755729 ], [ 81.751720966, 28.332241039 ], [ 81.751657097, 28.343721854 ], [ 81.758751462, 28.354287721 ], [ 81.760153375000016, 28.359279028 ], [ 81.765355633000013, 28.365381533 ], [ 81.766711244, 28.370176795 ], [ 81.762878309000016, 28.371141281 ], [ 81.757687965000017, 28.370069311 ], [ 81.752253128, 28.374376656 ], [ 81.732259339, 28.377641591 ], [ 81.724434054000014, 28.383140481 ], [ 81.721270745000012, 28.382367636 ], [ 81.716645966000016, 28.384144974 ], [ 81.710198050000017, 28.390096028 ], [ 81.703563343000013, 28.392587148 ], [ 81.699814898000014, 28.397116118 ], [ 81.695487568, 28.399585958 ], [ 81.688224553000012, 28.410615968 ], [ 81.683132540000017, 28.411442513 ], [ 81.674307693, 28.417638387 ], [ 81.669792938000015, 28.413360849 ], [ 81.658456999, 28.415453321 ], [ 81.655850044, 28.418912905 ], [ 81.648079151, 28.423055982 ], [ 81.643010341, 28.430323807 ], [ 81.631604284, 28.436371223 ], [ 81.62629193, 28.44449459 ], [ 81.620911568000011, 28.446136744 ], [ 81.612170364, 28.454365368 ], [ 81.607893143000013, 28.453642381 ], [ 81.600074483000014, 28.4630031 ], [ 81.59241067, 28.469030754 ], [ 81.587410033000012, 28.469027566 ], [ 81.583053793, 28.473869561 ], [ 81.574521808000014, 28.47854633 ], [ 81.572600487000017, 28.483377544 ], [ 81.56788615100001, 28.485601402 ], [ 81.557347984, 28.495009458 ], [ 81.553044344000014, 28.493382491 ], [ 81.543843436, 28.495161143 ], [ 81.538758695000013, 28.494694121 ], [ 81.539404955, 28.500130625 ], [ 81.536137831, 28.504109464 ], [ 81.530199048000014, 28.509380087 ], [ 81.516219372, 28.513584829 ], [ 81.511723372, 28.520153099 ], [ 81.512210675, 28.524259288 ], [ 81.508324742000013, 28.525692855 ], [ 81.506117559, 28.528308958 ], [ 81.497360845, 28.533579607 ], [ 81.491195201000011, 28.532428947 ], [ 81.48614008700001, 28.53916532 ], [ 81.476114622000011, 28.539809943 ], [ 81.472337739000011, 28.548598704 ], [ 81.469108929000015, 28.548451989 ], [ 81.465459896000013, 28.553817883 ], [ 81.459733416, 28.554259267 ], [ 81.453183399000011, 28.552289303 ], [ 81.445637267, 28.554132536 ], [ 81.442301151, 28.558125122 ], [ 81.437997212000013, 28.559569433 ], [ 81.433365836, 28.563606623 ], [ 81.432865578, 28.572009275 ], [ 81.430742028000012, 28.577358127 ], [ 81.424466685000013, 28.577668892 ], [ 81.421770552000012, 28.581368015 ], [ 81.424649868, 28.587806516 ], [ 81.421426343, 28.589269338 ], [ 81.416823801, 28.595579881 ], [ 81.409899801, 28.595648347 ], [ 81.401529957, 28.602050897 ], [ 81.400298784000015, 28.603651732 ], [ 81.400988450000014, 28.606880192 ], [ 81.379350794, 28.612329595 ], [ 81.37052871600001, 28.617700546 ], [ 81.364602923, 28.623545928 ], [ 81.345538679000015, 28.624746384 ], [ 81.339919311, 28.628868681 ], [ 81.330076859000016, 28.631175965 ], [ 81.323309206, 28.635528223 ], [ 81.316360377, 28.636783081 ], [ 81.31589424, 28.641440393 ], [ 81.310899073000016, 28.647163984 ], [ 81.310241973, 28.65112917 ], [ 81.31201158, 28.652805725 ], [ 81.316311941, 28.652385193 ], [ 81.316974851000012, 28.656171351 ], [ 81.32177801600001, 28.663545914 ], [ 81.319881813, 28.66870741 ], [ 81.307404436000013, 28.673018037 ], [ 81.302096821, 28.670598131 ], [ 81.301877561000012, 28.673082398 ], [ 81.30027164, 28.673929673 ], [ 81.294644289, 28.673290036 ], [ 81.290465395000012, 28.674751847 ], [ 81.285338365000015, 28.673314477 ], [ 81.287436114000016, 28.663530663 ], [ 81.287743318000011, 28.648645425 ], [ 81.281996375, 28.639351779 ], [ 81.27070788, 28.629624664 ], [ 81.268794768, 28.617863733 ], [ 81.259630543000014, 28.612137961 ], [ 81.248945594, 28.594462341 ], [ 81.232459667000015, 28.577576513 ], [ 81.220942381000015, 28.568298917 ], [ 81.199692675, 28.554545675 ], [ 81.168115323, 28.52422753 ], [ 81.167662816, 28.520729036 ], [ 81.162785660000011, 28.513430152 ], [ 81.160173892, 28.501465167 ], [ 81.153222577, 28.502003405 ], [ 81.147308752000015, 28.498237929 ], [ 81.145513652, 28.496286151 ], [ 81.148136659000016, 28.496991743 ], [ 81.147357032000016, 28.49598639 ], [ 81.13796463700001, 28.490917992 ], [ 81.129953363000013, 28.482226822 ], [ 81.120775596000016, 28.475151428 ], [ 81.114837942, 28.472580217 ], [ 81.109008286, 28.461476487 ], [ 81.098920062, 28.459413177 ], [ 81.094632949000015, 28.459833585 ], [ 81.090639849000013, 28.456973426 ], [ 81.08586773, 28.438423087 ], [ 81.076879527, 28.433496931 ], [ 81.068599458, 28.425857912 ], [ 81.064554962000017, 28.420851513 ], [ 81.059567249000011, 28.409950462 ], [ 81.059423057, 28.407502687 ], [ 81.067114828000015, 28.399630138 ], [ 81.067386184000014, 28.394511116 ], [ 81.079881141000016, 28.385004215 ], [ 81.089418643000016, 28.382162409 ], [ 81.20349207400001, 28.362083069 ], [ 81.210709932000015, 28.360641731 ], [ 81.213455347, 28.358336354 ], [ 81.219619789, 28.344939233 ], [ 81.234623521, 28.324711482 ], [ 81.232783154, 28.289046509 ], [ 81.286147341, 28.228597893 ], [ 81.291963957, 28.222943113 ], [ 81.299662528000013, 28.219914677 ], [ 81.320648490000011, 28.197326714 ], [ 81.318411844000011, 28.182446248 ], [ 81.32480541000001, 28.175112569 ], [ 81.32130267, 28.168896348 ], [ 81.314312758000014, 28.167737118 ], [ 81.304508632, 28.168575978 ], [ 81.302276446, 28.167863517 ], [ 81.301866216, 28.166147545 ], [ 81.303166151000013, 28.163089905 ], [ 81.309795481, 28.16075583 ], [ 81.310702252000013, 28.155641501 ], [ 81.320226329, 28.160323501 ], [ 81.327968724000016, 28.148347891 ], [ 81.318412626000011, 28.145299927 ], [ 81.315495090000013, 28.137040341 ], [ 81.318083546000011, 28.133620876 ], [ 81.334504283000015, 28.140262095 ], [ 81.342205940000014, 28.139638436 ], [ 81.37135077100001, 28.142454857 ], [ 81.376758922, 28.149794934 ], [ 81.378424854000016, 28.155572674 ], [ 81.377183721, 28.158777486 ], [ 81.36847404800001, 28.161052729 ], [ 81.366958995, 28.165420057 ], [ 81.369839646, 28.170635112 ], [ 81.374091344, 28.173209053 ], [ 81.374759567000012, 28.17701771 ], [ 81.389989874, 28.173839258 ], [ 81.414926246, 28.174316468 ], [ 81.426566857000012, 28.170734133 ], [ 81.444762291, 28.1619543 ], [ 81.447003516, 28.160363288 ], [ 81.446029717000016, 28.156037049 ], [ 81.450184679, 28.150721717 ], [ 81.450001925, 28.140948991 ], [ 81.467727564000015, 28.127274227 ], [ 81.47272754, 28.125673375 ], [ 81.484101624, 28.118319449 ], [ 81.47983552, 28.110165209 ], [ 81.478467773, 28.082609668 ], [ 81.496058806, 28.073069395 ], [ 81.547361332, 28.049271303 ], [ 81.586715110000014, 28.02485374 ], [ 81.61714518, 28.010475576 ], [ 81.624411722, 28.00145 ], [ 81.628053541000014, 28.001659028 ], [ 81.639332656, 27.997194146 ], [ 81.643531706, 27.993889753 ], [ 81.698394096000015, 27.988270662 ], [ 81.80496607500001, 27.903447205 ], [ 81.813650512, 27.904632583 ], [ 81.821212513, 27.903527407 ], [ 81.832795731, 27.898138115 ], [ 81.840084241000014, 27.891133914 ], [ 81.87365377, 27.869481524 ], [ 81.885552561000011, 27.857065067 ], [ 81.901268692000016, 27.853734889 ], [ 81.92622517400001, 27.859843593 ], [ 81.925477322, 27.875866489 ], [ 81.930099276, 27.882716295 ], [ 81.938117859000016, 27.887997417 ], [ 81.938180692, 27.893815259 ], [ 81.94781511, 27.903581114 ], [ 81.951016881000015, 27.910279667 ], [ 81.95938996400001, 27.916466271 ], [ 81.961788218, 27.923224308 ], [ 81.968291872, 27.92901955 ], [ 81.991252280000012, 27.929275828 ], [ 82.025609666, 27.925155219 ], [ 82.045175234000013, 27.924554658 ], [ 82.062565317, 27.921775393 ], [ 82.07102947700001, 27.922697919 ], [ 82.080621976, 27.909170724 ], [ 82.090155797, 27.899467114 ], [ 82.091469948000011, 27.894721505 ], [ 82.100973315, 27.886188349 ], [ 82.114286981, 27.87762156 ], [ 82.123419090000013, 27.865090079 ], [ 82.150075318, 27.857980707 ], [ 82.154066205, 27.866253752 ], [ 82.177133175, 27.854783672 ], [ 82.208334682000014, 27.8431779 ], [ 82.230551451000011, 27.820844239 ], [ 82.252834266, 27.810194448 ], [ 82.303957605, 27.772670374 ], [ 82.336651210000014, 27.754865939 ], [ 82.367228067000013, 27.742716897 ], [ 82.382415847, 27.720388451 ], [ 82.401691563000014, 27.70293274 ], [ 82.412936947, 27.698277317 ], [ 82.427349436000014, 27.688327792 ], [ 82.437118745, 27.685136278 ], [ 82.448799288, 27.67876358 ], [ 82.473278611000012, 27.676549611 ], [ 82.481968903, 27.682861216 ], [ 82.484064405000012, 27.680837865 ], [ 82.490122212, 27.681278158 ], [ 82.4925419, 27.684241044 ], [ 82.500363339, 27.685057639 ], [ 82.51630805, 27.690471986 ], [ 82.531015397, 27.6866156 ], [ 82.538787464, 27.687688169 ], [ 82.541204921000016, 27.685773627 ], [ 82.549531567000017, 27.688879394 ], [ 82.554589146000012, 27.688546494 ], [ 82.584982092, 27.698646362 ], [ 82.593736511, 27.696978195 ], [ 82.600149340000016, 27.704266493 ], [ 82.605094085, 27.706003776 ], [ 82.61889774, 27.702302678 ], [ 82.627593706000013, 27.709224477 ], [ 82.627876566000012, 27.711555395 ], [ 82.638570489, 27.709154697 ], [ 82.655286241000013, 27.713349356 ], [ 82.664261576000015, 27.72213049 ], [ 82.666557943000015, 27.715703046 ], [ 82.680737891, 27.713799601 ], [ 82.689306533, 27.715164594 ], [ 82.699299826000015, 27.722017607 ], [ 82.702007186, 27.716400969 ], [ 82.705205693000011, 27.71661143 ], [ 82.708058219, 27.721925923 ], [ 82.705694845000011, 27.711280736 ], [ 82.705945956, 27.702913564 ], [ 82.709991545, 27.695452612 ], [ 82.715753148, 27.69186283 ], [ 82.718344815, 27.687494514 ], [ 82.714907191, 27.681486701 ], [ 82.714328906, 27.677224394 ], [ 82.716257424, 27.675672124 ], [ 82.716037194, 27.672590715 ], [ 82.713270093, 27.670972324 ], [ 82.715916475000014, 27.668122808 ], [ 82.711802703, 27.665136147 ], [ 82.71429172500001, 27.662677718 ], [ 82.720385427000011, 27.66171664 ], [ 82.719085209000013, 27.659089986 ], [ 82.720435683, 27.657372098 ], [ 82.723974365, 27.659177982 ], [ 82.725640655, 27.658457883 ], [ 82.730501479000011, 27.652803903 ], [ 82.731444479, 27.649078942 ], [ 82.728728736, 27.647946383 ], [ 82.72816322700001, 27.645644648 ], [ 82.733112051, 27.646470516 ], [ 82.733447008000013, 27.642737735 ], [ 82.736331927, 27.64319042 ], [ 82.73763703600001, 27.637627819 ], [ 82.735075289, 27.635628216 ], [ 82.738256863, 27.63203865 ], [ 82.733681723, 27.628619773 ], [ 82.736738792000011, 27.626179599 ], [ 82.734815642000015, 27.624454355 ], [ 82.730837742, 27.624079584 ], [ 82.736740994000016, 27.6217715 ], [ 82.733120151, 27.619013263 ], [ 82.736318103000016, 27.611478056 ], [ 82.734952879, 27.609701511 ], [ 82.742287297, 27.604739627 ], [ 82.745457949000013, 27.600364693 ], [ 82.744976037000015, 27.595376828 ], [ 82.750270299, 27.593574689 ], [ 82.755880461, 27.587806916 ], [ 82.752476653000016, 27.584918006 ], [ 82.751055417, 27.57705439 ], [ 82.748881595000014, 27.576299366 ], [ 82.74779306500001, 27.572025739 ], [ 82.75135083, 27.565328148 ], [ 82.743629812, 27.560969875 ], [ 82.747150005, 27.55511808 ], [ 82.741812921, 27.554169718 ], [ 82.740105879000012, 27.551733542 ], [ 82.738231061, 27.552115856 ], [ 82.738531734, 27.55058225 ], [ 82.741053594, 27.550034396 ], [ 82.737855330000016, 27.546677721 ], [ 82.739076751000013, 27.545384855 ], [ 82.741964098000011, 27.546374368 ], [ 82.740759785, 27.544883485 ], [ 82.742694616, 27.54329022 ], [ 82.741262819000013, 27.542699754 ], [ 82.74321251500001, 27.541569071 ], [ 82.74153689100001, 27.539995003 ], [ 82.741853958, 27.537270381 ], [ 82.740588942000016, 27.537067194 ], [ 82.744621949, 27.5344393 ], [ 82.742096513, 27.532165034 ], [ 82.745124105000016, 27.532311939 ], [ 82.74457803300001, 27.529868278 ], [ 82.747282392000017, 27.531625279 ], [ 82.745212650000013, 27.529030238 ], [ 82.74705242200001, 27.528051976 ], [ 82.746522967, 27.525951348 ], [ 82.748552369, 27.526799861 ], [ 82.749397979, 27.524695813 ], [ 82.747591181, 27.523274106 ], [ 82.749530056000012, 27.522892229 ], [ 82.747147117000011, 27.51964018 ], [ 82.746310078, 27.521130596 ], [ 82.742119761000012, 27.521201032 ], [ 82.743169322000014, 27.516775261 ], [ 82.738779748000013, 27.518804266 ], [ 82.736834208, 27.518109803 ], [ 82.737674507, 27.508671547 ], [ 82.73514479, 27.508298859 ], [ 82.735846857000013, 27.502602073 ], [ 82.785371909, 27.50025709 ], [ 82.801992629000011, 27.496586213 ], [ 82.832508148000016, 27.502122505 ], [ 82.849131162, 27.49955603 ], [ 82.870414836, 27.498670091 ], [ 82.929494784000013, 27.501237613 ], [ 82.939618356000011, 27.491399521 ], [ 82.944811163000011, 27.477110452 ], [ 82.954273496000013, 27.468006347 ], [ 82.966671595, 27.464331164 ], [ 83.019060414, 27.454094821 ], [ 83.034194674, 27.448939186 ], [ 83.07490343, 27.452859211 ], [ 83.16454502500001, 27.457710154 ], [ 83.187918468, 27.45448665 ], [ 83.196048846000011, 27.446149769 ], [ 83.210558236000011, 27.424394756 ], [ 83.217692785000011, 27.417368493 ], [ 83.226210377000015, 27.411739309 ], [ 83.24015548700001, 27.406610846 ], [ 83.272328299, 27.383689685 ], [ 83.265673691, 27.365622851 ], [ 83.272841528000015, 27.352722932 ], [ 83.294775703000013, 27.333449482 ], [ 83.300545291, 27.334525405 ], [ 83.304815777000016, 27.331469179 ], [ 83.30815354500001, 27.333624718 ], [ 83.317601099000015, 27.330225784 ], [ 83.315548699, 27.332916574 ], [ 83.318674292000011, 27.335993591 ], [ 83.317982234000013, 27.33740264 ], [ 83.324567867000013, 27.336888656 ], [ 83.32705821, 27.334145751 ], [ 83.331794355000014, 27.332778567 ], [ 83.335040592000013, 27.333764274 ], [ 83.337614328000015, 27.332874015 ], [ 83.343275348, 27.335136703 ], [ 83.344094621000011, 27.338290306 ], [ 83.352484973000017, 27.340062264 ], [ 83.351202410000013, 27.342684946 ], [ 83.355986988000012, 27.344692584 ], [ 83.359259327, 27.343324566 ], [ 83.358004174000015, 27.350834494 ], [ 83.364629702000016, 27.355844448 ], [ 83.368098367000016, 27.355826312 ], [ 83.369749417, 27.35822768 ], [ 83.373818578000012, 27.357372816 ], [ 83.372407192000011, 27.365006294 ], [ 83.374839779000013, 27.370030686 ], [ 83.382896128000013, 27.371034459 ], [ 83.388161652, 27.375951529 ], [ 83.38650829, 27.380603521 ], [ 83.388107394000016, 27.383796444 ], [ 83.38511856400001, 27.386019262 ], [ 83.384872331000011, 27.390435985 ], [ 83.39267794700001, 27.395767926 ], [ 83.396666286000013, 27.396116889 ], [ 83.402492861000013, 27.400974971 ], [ 83.405594991000015, 27.405570725 ], [ 83.406464885, 27.41197097 ], [ 83.40965094900001, 27.412717824 ], [ 83.409436373, 27.415031862 ], [ 83.40718723, 27.415365237 ], [ 83.405622374, 27.418878397 ], [ 83.399820953000017, 27.419187473 ], [ 83.401144557, 27.421002703 ], [ 83.393284848, 27.424763751 ], [ 83.391849073, 27.429827335 ], [ 83.38429196300001, 27.436256144 ], [ 83.386433309000012, 27.439381456 ], [ 83.383980643000015, 27.442448206 ], [ 83.391658418, 27.446834293 ], [ 83.396077457, 27.446742865 ], [ 83.398759558, 27.449116877 ], [ 83.401991598, 27.457702333 ], [ 83.399974824000012, 27.460033406 ], [ 83.399849526000011, 27.463672199 ], [ 83.40260192400001, 27.466416366 ], [ 83.401397190000012, 27.467367886 ], [ 83.398039544000014, 27.46563412 ], [ 83.395570163000016, 27.466844164 ], [ 83.395618918000011, 27.46974584 ], [ 83.388670574000017, 27.470751149 ], [ 83.389019109, 27.473211931 ], [ 83.392417659, 27.476511994 ], [ 83.388911006000015, 27.479743401 ], [ 83.614848382, 27.469604195 ], [ 83.830005243000016, 27.370365852 ], [ 83.862784204, 27.346721339 ], [ 83.871434525000012, 27.351847005 ], [ 83.887833477000015, 27.358438463 ], [ 83.891389863000015, 27.362791562 ], [ 83.892135359, 27.367789997 ], [ 83.899337388, 27.372059969 ], [ 83.906232977000016, 27.381974613 ], [ 83.905267711, 27.38979902 ], [ 83.893650814000011, 27.389808722 ], [ 83.872697602000017, 27.392825892 ], [ 83.875563666, 27.405974061 ], [ 83.871273105000014, 27.41302805 ], [ 83.867468590000016, 27.427607242 ], [ 83.878376964000012, 27.433907896 ], [ 83.895558048000012, 27.437823046 ], [ 83.889099611, 27.443555932 ], [ 83.887747609000016, 27.446573828 ], [ 83.887181514, 27.455799487 ], [ 83.889802931, 27.461717742 ], [ 83.883690447, 27.46420599 ], [ 83.886670336, 27.472437291 ], [ 83.885098883000012, 27.48118154 ], [ 83.877699228000012, 27.485227566 ], [ 83.874726233, 27.489376586 ], [ 83.88365717100001, 27.496198415 ], [ 83.88681694600001, 27.495754313 ], [ 83.891693231, 27.499393119 ], [ 83.897702880000011, 27.498840321 ], [ 83.893943405000016, 27.504236902 ], [ 83.887145604000011, 27.508432798 ], [ 83.880843454000015, 27.507750705 ], [ 83.875751580000014, 27.510469509 ], [ 83.878317055000011, 27.520401961 ], [ 83.882743412000011, 27.523379508 ], [ 83.88243330600001, 27.527934779 ], [ 83.870481583000014, 27.541337892 ], [ 83.858842112, 27.545609021 ], [ 83.855255096, 27.548552078 ], [ 83.850694132000015, 27.559054872 ], [ 83.847208134000013, 27.560375452 ], [ 83.841619889000015, 27.556292114 ], [ 83.841872611000014, 27.549300124 ], [ 83.836116329, 27.545098983 ], [ 83.837382921000014, 27.551350434 ], [ 83.83281744300001, 27.559226281 ], [ 83.83163191700001, 27.565722989 ], [ 83.841515662, 27.572661445 ], [ 83.836183751, 27.585802679 ], [ 83.821549194000013, 27.592724961 ], [ 83.815088797000016, 27.589609647 ], [ 83.808118990000011, 27.588769871 ], [ 83.809414444000012, 27.595450223 ], [ 83.806218591, 27.59696429 ], [ 83.801069727000012, 27.596203407 ], [ 83.789937581, 27.606412507 ], [ 83.799681119000013, 27.611961586 ], [ 83.797305092000016, 27.620319857 ], [ 83.805221778, 27.620917919 ], [ 83.801023300000011, 27.629627881 ], [ 83.802468120000015, 27.63231716 ], [ 83.809863201000013, 27.635504356 ], [ 83.810341868, 27.639994957 ], [ 83.807844578000015, 27.643172882 ], [ 83.808583116, 27.645910771 ], [ 83.806541481000011, 27.647604649 ], [ 83.810179415, 27.648602424 ], [ 83.812635064, 27.653339407 ], [ 83.80986914, 27.655519732 ], [ 83.811855248000015, 27.662415261 ], [ 83.80625892, 27.662915258 ], [ 83.799719742, 27.665559359 ], [ 83.783208599, 27.66705748 ], [ 83.768272219000011, 27.666651984 ], [ 83.762758240000011, 27.661243393 ], [ 83.759178423, 27.663644686 ], [ 83.758293471000016, 27.667469763 ], [ 83.744792341, 27.666872494 ], [ 83.740847563000017, 27.669719303 ], [ 83.733163843000014, 27.669323413 ], [ 83.725189346, 27.672504945 ], [ 83.720459335000015, 27.669941419 ], [ 83.715230541000011, 27.66275362 ], [ 83.710397704000016, 27.661588404 ], [ 83.708111803, 27.659176151 ], [ 83.705905289000015, 27.658950453 ], [ 83.703332820000014, 27.662209743 ], [ 83.69538351700001, 27.661540438 ], [ 83.698856899, 27.670017972 ], [ 83.699374898000016, 27.676462957 ], [ 83.702277208000012, 27.679339177 ], [ 83.701704306000011, 27.68149041 ], [ 83.704619580000013, 27.682886516 ], [ 83.700686808000015, 27.688771362 ], [ 83.689774459, 27.698225845 ], [ 83.689615866000011, 27.707803223 ], [ 83.682794519000012, 27.718234114 ], [ 83.677073898, 27.718649557 ], [ 83.682240918, 27.72094711 ], [ 83.691580837, 27.718851876 ], [ 83.695155162, 27.716064307 ], [ 83.714300932000015, 27.715689996 ], [ 83.721576430000013, 27.710723054 ], [ 83.72859621100001, 27.709177922 ], [ 83.732323559, 27.714223396 ], [ 83.739430658, 27.715083047 ], [ 83.7452075, 27.719179823 ], [ 83.751143613000011, 27.721029492 ], [ 83.756375931, 27.720219769 ], [ 83.759833177, 27.722572294 ], [ 83.763801727000015, 27.721699181 ], [ 83.78233201, 27.725095897 ], [ 83.786630319000011, 27.724743804 ], [ 83.792341235, 27.721914147 ], [ 83.80144047200001, 27.721365705 ], [ 83.810931526, 27.714355294 ], [ 83.81570797, 27.713540501 ], [ 83.820448204000016, 27.710674519 ], [ 83.824952166000017, 27.714064654 ], [ 83.833609388000013, 27.714039221 ], [ 83.838565910000014, 27.710985634 ], [ 83.846283348000014, 27.709539128 ], [ 83.848850147, 27.712080249 ], [ 83.844527017, 27.716332987 ], [ 83.844117741, 27.727340733 ], [ 83.841833422, 27.730487852 ], [ 83.844969233000015, 27.735067109 ], [ 83.851711867, 27.733312368 ], [ 83.869094839000013, 27.734724248 ], [ 83.875584191000016, 27.733234355 ], [ 83.876790731000014, 27.735911317 ], [ 83.880124956, 27.733497837 ], [ 83.883639335000012, 27.735080183 ], [ 83.888762617000012, 27.730253758 ], [ 83.893106956000011, 27.731335663 ], [ 83.896470094, 27.730092825 ], [ 83.898878675, 27.732050747 ], [ 83.900620848000017, 27.730481665 ], [ 83.903124261000016, 27.730713556 ], [ 83.90451923, 27.735716623 ], [ 83.908210955000015, 27.734250311 ], [ 83.906639152000011, 27.731564406 ], [ 83.913132046000015, 27.731126355 ], [ 83.915979092000015, 27.728470262 ], [ 83.919013667000016, 27.729597894 ], [ 83.921478642000011, 27.72679706 ], [ 83.924178342, 27.726864032 ], [ 83.92498835100001, 27.730700071 ], [ 83.928377706, 27.734329917 ], [ 83.944782274, 27.744185957 ], [ 83.946506865, 27.74380533 ], [ 83.950509449, 27.747549926 ], [ 83.958291243, 27.746539446 ], [ 83.960508665, 27.748349503 ], [ 83.965687689, 27.746992703 ], [ 83.970744337000014, 27.749861581 ], [ 83.972363784, 27.747928282 ], [ 83.976078858, 27.747572495 ], [ 83.980586284000012, 27.749452642 ], [ 83.98540117, 27.748088213 ], [ 83.989950043, 27.749279923 ], [ 83.994339540000013, 27.751538658 ], [ 83.992351703000011, 27.753636876 ], [ 83.992874608, 27.761529233 ], [ 83.99954195, 27.775824912 ], [ 84.000352473, 27.788658386 ], [ 84.006812819, 27.797543241 ], [ 84.012377321000017, 27.801256612 ], [ 84.015083074, 27.811731954 ], [ 84.020114710000016, 27.815334517 ], [ 84.020131657, 27.817994586 ], [ 84.021752795000012, 27.81915632 ], [ 84.025011376, 27.818361566 ], [ 84.026754038, 27.820635511 ], [ 84.025024739000017, 27.835283219 ], [ 84.020268515000012, 27.840892951 ], [ 84.022323128000011, 27.843557179 ], [ 84.0224742, 27.848498294 ], [ 84.028540742, 27.85645704 ], [ 84.020085513000012, 27.861956914 ], [ 84.017369386000013, 27.861354866 ], [ 84.015356402, 27.858160312 ], [ 84.021648569, 27.85469172 ], [ 84.022601606, 27.85257299 ], [ 84.021347049000013, 27.851257779 ], [ 84.017098991000012, 27.851215531 ], [ 84.006638065, 27.854812797 ], [ 84.000367026, 27.854745271 ], [ 83.997923013, 27.856110297 ], [ 83.99676770100001, 27.864162674 ], [ 83.994281866, 27.866274383 ], [ 83.978453602000016, 27.866128408 ], [ 83.974341615000014, 27.868029673 ], [ 83.971549273, 27.872656649 ], [ 83.968104652, 27.870311684 ], [ 83.958283533000014, 27.873052539 ], [ 83.952768452000015, 27.86992599 ], [ 83.948464972000011, 27.869489027 ], [ 83.939208854000015, 27.878112918 ], [ 83.93683380200001, 27.877728292 ], [ 83.932201707, 27.872505259 ], [ 83.924771651000015, 27.868271032 ], [ 83.920380237, 27.871560356 ], [ 83.913825806, 27.871141294 ], [ 83.910740999000012, 27.872738978 ], [ 83.913787497000015, 27.877797065 ], [ 83.910134311, 27.880290097 ], [ 83.899323204000012, 27.882884012 ], [ 83.892381129000015, 27.886150236 ], [ 83.880998030000015, 27.882373034 ], [ 83.880398327, 27.88741963 ], [ 83.87755356400001, 27.888396311 ], [ 83.873307616, 27.885642186 ], [ 83.86112381800001, 27.88236799 ], [ 83.860068678, 27.880002436 ], [ 83.861222216000016, 27.876418529 ], [ 83.85838596100001, 27.873586369 ], [ 83.851598909, 27.874616986 ], [ 83.851028360000015, 27.881308316 ], [ 83.845205328, 27.881653876 ], [ 83.843661085, 27.879544848 ], [ 83.847456549000015, 27.872633856 ], [ 83.845509960000015, 27.868525387 ], [ 83.835941961, 27.869854552 ], [ 83.820917939000012, 27.877793428 ], [ 83.816056655000011, 27.874195245 ], [ 83.807224350000013, 27.873262574 ], [ 83.797395428000016, 27.882514703 ], [ 83.788596546, 27.885511246 ], [ 83.775066879, 27.903361105 ], [ 83.762271082000012, 27.909993071 ], [ 83.756182417, 27.909222111 ], [ 83.758215043, 27.904695301 ], [ 83.757112845, 27.903141115 ], [ 83.750714688000016, 27.907111847 ], [ 83.744744905, 27.907983053 ], [ 83.742531451, 27.904675884 ], [ 83.747512596, 27.901436189 ], [ 83.746293413, 27.899884 ], [ 83.743015222000011, 27.900112556 ], [ 83.735124253, 27.904535537 ], [ 83.73359213, 27.908704197 ], [ 83.723137178000016, 27.913859261 ], [ 83.71911497, 27.920240621 ], [ 83.71104355300001, 27.916616331 ], [ 83.701444546, 27.91853164 ], [ 83.69833442800001, 27.917008733 ], [ 83.689436049, 27.923937972 ], [ 83.686053732, 27.918170197 ], [ 83.68305654000001, 27.916439684 ], [ 83.679563373, 27.920136234 ], [ 83.682001723000013, 27.924182713 ], [ 83.676267178, 27.92746333 ], [ 83.670300590000011, 27.924536446 ], [ 83.66586546, 27.919814935 ], [ 83.654977111, 27.902512598 ], [ 83.649045343000012, 27.902373586 ], [ 83.644770985, 27.898567743 ], [ 83.641025787, 27.902422838 ], [ 83.63431661300001, 27.899379641 ], [ 83.632503306, 27.902030373 ], [ 83.631476166000013, 27.910242299 ], [ 83.633508071, 27.914180221 ], [ 83.626994806000013, 27.914672643 ], [ 83.621015548000017, 27.917684093 ], [ 83.626746649000012, 27.924806717 ], [ 83.626151954, 27.926095529 ], [ 83.620390093000012, 27.926508469 ], [ 83.619074526, 27.929336317 ], [ 83.616441167, 27.930621786 ], [ 83.610789524000012, 27.925202446 ], [ 83.600704527, 27.92340921 ], [ 83.592963603000015, 27.9312177 ], [ 83.574627945, 27.930266579 ], [ 83.57344963700001, 27.931709117 ], [ 83.57640995300001, 27.937259343 ], [ 83.571026500000016, 27.943063548 ], [ 83.567628065, 27.940399679 ], [ 83.565625814000015, 27.934685357 ], [ 83.559868830000013, 27.93489944 ], [ 83.552793937, 27.929590507 ], [ 83.548467353, 27.928143764 ], [ 83.545223203, 27.929288236 ], [ 83.537929824000017, 27.928115548 ], [ 83.536336914, 27.931295861 ], [ 83.536810930000016, 27.937118338 ], [ 83.531013041, 27.93920375 ], [ 83.530630036, 27.932160948 ], [ 83.52408705900001, 27.924158518 ], [ 83.521902068000017, 27.925933325 ], [ 83.522972411000012, 27.929989034 ], [ 83.516370344, 27.937409075 ], [ 83.508718177, 27.940820276 ], [ 83.505876129000015, 27.94025285 ], [ 83.502917956, 27.937153588 ], [ 83.505037724, 27.934471864 ], [ 83.509813989, 27.932984132 ], [ 83.505930777, 27.928584351 ], [ 83.497988553000013, 27.927001129 ], [ 83.490488077, 27.929195881 ], [ 83.483878456000014, 27.922736749 ], [ 83.468262001000014, 27.92829964 ], [ 83.460502487000014, 27.934433217 ], [ 83.452664067000015, 27.932732758 ], [ 83.448924019, 27.928496652 ], [ 83.440294157000011, 27.9327552 ], [ 83.44030136100001, 27.935167044 ], [ 83.445418348, 27.939372861 ], [ 83.44292217600001, 27.943130481 ], [ 83.443492879, 27.944856457 ], [ 83.455932063, 27.949851622 ], [ 83.461604042, 27.953894336 ], [ 83.466655050000014, 27.964244778 ], [ 83.482888870000011, 27.981701364 ], [ 83.486415146000013, 27.981888335 ], [ 83.491578142, 27.978629396 ], [ 83.500407304, 27.976917742 ], [ 83.511200413000012, 27.967510132 ], [ 83.521855430000016, 27.963939988 ], [ 83.526767101, 27.96649964 ], [ 83.531033938, 27.964792795 ], [ 83.534152828, 27.968467382 ], [ 83.541152087000015, 27.9714419 ], [ 83.546245845000016, 27.971391104 ], [ 83.549975057000012, 27.976827102 ], [ 83.554332607, 27.976489323 ], [ 83.558731071000011, 27.973728451 ], [ 83.570142253000014, 27.976050032 ], [ 83.577606349, 27.974426165 ], [ 83.579111805000011, 27.979389797 ], [ 83.585218622000014, 27.978934554 ], [ 83.58414373, 27.987509132 ], [ 83.593404582, 27.989463528 ], [ 83.603320611000015, 27.99730096 ], [ 83.604920120000017, 28.012067452 ], [ 83.603275492, 28.013966942 ], [ 83.598820253000014, 28.015172266 ], [ 83.596392597, 28.020744535 ], [ 83.591152406, 28.021611192 ], [ 83.589772818000014, 28.026150883 ], [ 83.584295302000015, 28.026078059 ], [ 83.578432937000017, 28.034001687 ], [ 83.570449528000012, 28.032736123 ], [ 83.561560909, 28.03576959 ], [ 83.564047485, 28.040711615 ], [ 83.559166332, 28.043640276 ], [ 83.564026599000016, 28.058103841 ], [ 83.560962392, 28.064352538 ], [ 83.567445451000012, 28.064980014 ], [ 83.572543919000012, 28.073675172 ], [ 83.580677258, 28.077558249 ], [ 83.576411875, 28.081761803 ], [ 83.575161182000016, 28.087610189 ], [ 83.567164649, 28.089753376 ], [ 83.562644883, 28.092823092 ], [ 83.5650446, 28.100787963 ], [ 83.555193059, 28.106631222 ], [ 83.55429173200001, 28.117166498 ], [ 83.544299123000016, 28.120903509 ], [ 83.53815746, 28.120165548 ], [ 83.531988414000011, 28.116593596 ], [ 83.52534341, 28.120888919 ], [ 83.520921954000016, 28.120038743 ], [ 83.517033823, 28.121489367 ], [ 83.510351114000017, 28.127020076 ], [ 83.505484289, 28.125732309 ], [ 83.499675969, 28.117535347 ], [ 83.490006898, 28.11367112 ], [ 83.485777408, 28.113371086 ], [ 83.482465466, 28.117263806 ], [ 83.474126360000014, 28.119048272 ], [ 83.47657546500001, 28.122676413 ], [ 83.478253788, 28.13015488 ], [ 83.473708669, 28.132346176 ], [ 83.466726044000012, 28.132127468 ], [ 83.462612386, 28.129977167 ], [ 83.457510399000014, 28.13239131 ], [ 83.4511468, 28.126452882 ], [ 83.44602088500001, 28.125092183 ], [ 83.438757310000014, 28.131041157 ], [ 83.423315859000013, 28.125246711 ], [ 83.419835071, 28.128823645 ], [ 83.418220570000017, 28.137148487 ], [ 83.413615111000013, 28.137821358 ], [ 83.411249999, 28.144110124 ], [ 83.406806624000012, 28.145857462 ], [ 83.406136664000016, 28.148503148 ], [ 83.39977541, 28.150871338 ], [ 83.394784984000012, 28.15593899 ], [ 83.390129582000014, 28.167394813 ], [ 83.384223939, 28.163848987 ], [ 83.37533462, 28.174452701 ], [ 83.370491730000012, 28.176546689 ], [ 83.369900192, 28.182775111 ], [ 83.36439849300001, 28.186142723 ], [ 83.362521252, 28.192428308 ], [ 83.355839773000014, 28.195740345 ], [ 83.355536093000012, 28.19750093 ], [ 83.352552551000016, 28.197771112 ], [ 83.350328785000016, 28.194514189 ], [ 83.344308674, 28.193436387 ], [ 83.338169621, 28.190086042 ], [ 83.330234704, 28.189075081 ], [ 83.324999378000015, 28.19052256 ], [ 83.316522579, 28.19040601 ], [ 83.306303935000017, 28.197907738 ], [ 83.298211361000014, 28.192984508 ], [ 83.287742143000017, 28.19272063 ], [ 83.280463425, 28.189770044 ], [ 83.278063472000014, 28.19106364 ], [ 83.273696121000015, 28.187643015 ], [ 83.268842469, 28.197270564 ], [ 83.265508811, 28.199517747 ], [ 83.259237266000014, 28.200088542 ], [ 83.258560971, 28.204046358 ], [ 83.254705562000012, 28.206865732 ], [ 83.251805689, 28.214202205 ], [ 83.244221337000013, 28.21725569 ], [ 83.242133067000012, 28.219890356 ], [ 83.233781089, 28.221869743 ], [ 83.233250899000012, 28.225891429 ], [ 83.22580571, 28.232685011 ], [ 83.225871587000015, 28.235426449 ], [ 83.22280235800001, 28.236304637 ], [ 83.220056393, 28.240846057 ], [ 83.215799596000011, 28.24385372 ], [ 83.215414, 28.248455917 ], [ 83.212383841, 28.248553551 ], [ 83.205908086, 28.251947397 ], [ 83.203832416000012, 28.255878757 ], [ 83.189081785000013, 28.265273746 ], [ 83.184845815000017, 28.270737309 ], [ 83.16781696000001, 28.257974294 ], [ 83.165675803000013, 28.26177604 ], [ 83.162919769000013, 28.263340606 ], [ 83.16167886400001, 28.267208672 ], [ 83.155522062, 28.270850187 ], [ 83.144772283, 28.262490548 ], [ 83.137017246000013, 28.253120231 ], [ 83.130820068, 28.250157289 ], [ 83.127768466, 28.250801061 ], [ 83.124385606, 28.257804434 ], [ 83.11864821, 28.256565151 ], [ 83.116332943, 28.25400779 ], [ 83.109557768000016, 28.251800395 ], [ 83.105738709, 28.252269422 ], [ 83.101069525000014, 28.255672355 ], [ 83.093571193000017, 28.2570215 ], [ 83.097061479, 28.277180952 ], [ 83.092335288000015, 28.277982061 ], [ 83.085197916000013, 28.289155309 ], [ 83.078794045, 28.291517062 ], [ 83.07592213, 28.297674332 ], [ 83.069427112000014, 28.301934472 ], [ 83.068986568000014, 28.310925705 ], [ 83.066910554, 28.31335014 ], [ 83.061637307000012, 28.317676917 ], [ 83.051270176000017, 28.319015146 ], [ 83.044765259000016, 28.324629786 ], [ 83.040065497000015, 28.322279998 ], [ 83.033273793, 28.321785382 ], [ 83.025235003, 28.324875171 ], [ 83.018584198000013, 28.325544827 ], [ 83.012899202000014, 28.332876011 ], [ 83.009974766000013, 28.333741389 ], [ 83.004205498, 28.332702339 ], [ 82.99400366, 28.350976578 ], [ 82.980084378000015, 28.359429603 ], [ 82.967123215000015, 28.357662767 ], [ 82.961287711000011, 28.35977499 ], [ 82.954747645000012, 28.360171672 ], [ 82.956735175, 28.364450433 ], [ 82.955114510000016, 28.371699494 ], [ 82.950821353, 28.37423595 ], [ 82.947989402, 28.378714497 ], [ 82.95040998, 28.384047856 ], [ 82.947537568000016, 28.386628952 ], [ 82.946232597, 28.39126357 ], [ 82.942263021000016, 28.3938654 ], [ 82.943624691000011, 28.398452996 ], [ 82.938094931, 28.398637837 ], [ 82.936486084, 28.402126307 ], [ 82.922706766, 28.401273627 ], [ 82.91617130600001, 28.402746711 ], [ 82.919207967, 28.409181787 ], [ 82.918543719000013, 28.417428269 ], [ 82.912264943000011, 28.427414324 ], [ 82.914245738, 28.434350901 ], [ 82.909632996000013, 28.437009717 ], [ 82.906065994000016, 28.443049109 ], [ 82.900664577000015, 28.447377385 ], [ 82.894036839, 28.447727383 ], [ 82.886059193, 28.452891232 ], [ 82.886918021000014, 28.455945777 ], [ 82.882867531000016, 28.461290351 ], [ 82.882707645000011, 28.466567551 ], [ 82.880610087, 28.468100005 ], [ 82.878729494000012, 28.473405864 ], [ 82.87930904800001, 28.476361227 ], [ 82.886782482000015, 28.479679903 ], [ 82.903959308000012, 28.475483848 ], [ 82.908931053, 28.476802859 ], [ 82.912112389000015, 28.479413477 ], [ 82.894330449, 28.494273167 ], [ 82.89026045300001, 28.500150132 ], [ 82.888394084000012, 28.506640507 ], [ 82.877353535000012, 28.515446414 ], [ 82.894614023000017, 28.515450347 ], [ 82.914066743, 28.527605632 ], [ 82.911363940000015, 28.529853385 ], [ 82.913517879000011, 28.537813058 ], [ 82.911849135000011, 28.542852633 ], [ 82.916418057000016, 28.56464594 ], [ 82.923796384000013, 28.567646146 ], [ 82.932518743, 28.56581794 ], [ 82.935829977000012, 28.562791891 ], [ 82.940189597000014, 28.561668807 ], [ 82.943065336, 28.558183544 ], [ 82.952010800000011, 28.555866199 ], [ 82.95568994700001, 28.551419161 ], [ 82.959584349000011, 28.552051346 ], [ 82.963986105, 28.550113463 ], [ 82.973815174, 28.542347069 ], [ 82.980433313, 28.55084707 ], [ 82.982179429000013, 28.558926851 ], [ 82.985587938, 28.564075237 ], [ 82.985472265000013, 28.570871048 ], [ 82.982480534, 28.57138327 ], [ 82.97842219, 28.575607135 ], [ 82.972640913, 28.575245461 ], [ 82.962292184, 28.581897886 ], [ 82.958750473, 28.588773388 ], [ 82.954388853000012, 28.593163422 ], [ 82.952637373000016, 28.598108065 ], [ 82.95699822600001, 28.608091771 ], [ 82.956491813000014, 28.610515103 ], [ 82.96707235800001, 28.615443739 ], [ 82.972107835000017, 28.620555278 ], [ 82.974555511, 28.626914664 ], [ 82.976970523, 28.628963136 ], [ 82.982935497000014, 28.630799114 ], [ 82.98952632000001, 28.626206008 ], [ 82.993799106000012, 28.626862697 ], [ 82.998042533, 28.623578123 ], [ 83.005846122, 28.622717503 ], [ 83.00913185, 28.623711584 ], [ 83.019127538, 28.621738285 ], [ 83.024759005, 28.626464118 ], [ 83.035536879, 28.625733716 ], [ 83.04282113, 28.629983369 ], [ 83.051005729000011, 28.625842868 ], [ 83.05752539400001, 28.620127115 ], [ 83.067259084000014, 28.623478885 ], [ 83.080879521000014, 28.625617948 ], [ 83.084312273, 28.630863327 ], [ 83.096360382000015, 28.635160294 ], [ 83.111940485, 28.631094582 ], [ 83.115876759000017, 28.63150379 ], [ 83.115252680000012, 28.643570544 ], [ 83.123191414, 28.654068755 ], [ 83.125011482, 28.664017302 ], [ 83.119183235, 28.669082125 ], [ 83.118942251, 28.673310169 ], [ 83.122829038, 28.676746159 ], [ 83.128326034000011, 28.674029616 ], [ 83.13484053900001, 28.673721738 ], [ 83.139068561000016, 28.675449579 ], [ 83.146465756000012, 28.681821661 ], [ 83.142405343, 28.689774744 ], [ 83.143576361000015, 28.693659904 ], [ 83.149482093, 28.695501758 ], [ 83.152559760000017, 28.701185404 ], [ 83.14995780000001, 28.70438807 ], [ 83.151026263, 28.711996822 ], [ 83.146488820000016, 28.718198746 ], [ 83.14421905, 28.725540536 ], [ 83.146123945000014, 28.730785955 ], [ 83.14266254, 28.733886056 ], [ 83.142795366000016, 28.742145296 ], [ 83.145432479, 28.74715856 ] ] ] } },
{ "type": "Feature", "properties": { "province": "Karnali" }, "geometry": { "type": "Polygon", "coordinates": [ [ [ 83.65740412800001, 29.17617041 ], [ 83.649637578000011, 29.168505562 ], [ 83.646140607, 29.168877599 ], [ 83.64397562100001, 29.167085295 ], [ 83.644400004, 29.163840416 ], [ 83.641680548000011, 29.161266049 ], [ 83.633400595000012, 29.158514301 ], [ 83.629622128, 29.160599425 ], [ 83.626698548, 29.165553984 ], [ 83.622825516, 29.16836504 ], [ 83.614740111, 29.171403072 ], [ 83.614425523, 29.174855748 ], [ 83.610224658, 29.180818944 ], [ 83.607507894, 29.181111125 ], [ 83.604429557, 29.17815379 ], [ 83.59616367400001, 29.174998143 ], [ 83.590191120000014, 29.174242309 ], [ 83.57608396900001, 29.180243849 ], [ 83.576080265000016, 29.187462119 ], [ 83.56997327900001, 29.190528554 ], [ 83.569311371000012, 29.193519767 ], [ 83.569461536, 29.196802341 ], [ 83.572279232000014, 29.199252093 ], [ 83.572081630000014, 29.202578658 ], [ 83.563222444, 29.206129881 ], [ 83.555521653000014, 29.204067579 ], [ 83.552408962000015, 29.20018864 ], [ 83.539138080000015, 29.202744452 ], [ 83.53095045100001, 29.208334996 ], [ 83.5304811, 29.21343358 ], [ 83.519686662000012, 29.217735266 ], [ 83.517575936000014, 29.221492448 ], [ 83.518035325000014, 29.227113059 ], [ 83.515169256, 29.228070427 ], [ 83.522819831, 29.23832078 ], [ 83.517801213000013, 29.240639676 ], [ 83.519545889000014, 29.245123538 ], [ 83.51609867, 29.248140519 ], [ 83.514841436000012, 29.25588428 ], [ 83.508455278000014, 29.257045201 ], [ 83.50421681600001, 29.255628768 ], [ 83.502764811, 29.259546069 ], [ 83.491580029, 29.264881529 ], [ 83.493496655000015, 29.273855163 ], [ 83.487315131000017, 29.276224912 ], [ 83.487250125000017, 29.280219477 ], [ 83.47881306, 29.281086831 ], [ 83.47157686300001, 29.274246293 ], [ 83.465254775, 29.274604601 ], [ 83.462557969000017, 29.276856226 ], [ 83.462196344, 29.282541318 ], [ 83.460004817000012, 29.286209257 ], [ 83.45491843500001, 29.286599143 ], [ 83.455907721000017, 29.290676906 ], [ 83.450747236000012, 29.293617492 ], [ 83.451435315000012, 29.29758807 ], [ 83.443713066000015, 29.299843369 ], [ 83.444265483, 29.306538256 ], [ 83.438353553000013, 29.308735336 ], [ 83.439991439000011, 29.312723491 ], [ 83.439410121, 29.316966215 ], [ 83.443177538000015, 29.320697051 ], [ 83.446572535000016, 29.329149629 ], [ 83.442461773, 29.33575964 ], [ 83.444988092000017, 29.340279196 ], [ 83.439035402000016, 29.349565681 ], [ 83.43693179200001, 29.350533497 ], [ 83.428708607, 29.349851185 ], [ 83.423524305000015, 29.356363501 ], [ 83.417319896, 29.356323035 ], [ 83.415160259, 29.359090246 ], [ 83.41739886500001, 29.36366323 ], [ 83.413213117000012, 29.366938112 ], [ 83.415501189000011, 29.376099295 ], [ 83.411837601000016, 29.380341845 ], [ 83.422700105, 29.384713355 ], [ 83.423607370000013, 29.387151141 ], [ 83.420483464000014, 29.397506756 ], [ 83.426239584000015, 29.402478257 ], [ 83.42074096, 29.40537553 ], [ 83.415999377, 29.41044811 ], [ 83.414338393, 29.420886552 ], [ 83.412776084000015, 29.422018797 ], [ 83.396826943, 29.421523476 ], [ 83.381166782, 29.423224518 ], [ 83.377153306000011, 29.427385506 ], [ 83.371450743000011, 29.428587995 ], [ 83.370750034000011, 29.434415444 ], [ 83.364446657000016, 29.439794472 ], [ 83.363137144, 29.446268599 ], [ 83.366241274, 29.450093104 ], [ 83.361984003, 29.451870498 ], [ 83.353826992, 29.451447727 ], [ 83.351588773, 29.458882563 ], [ 83.342386009, 29.465874896 ], [ 83.344092224, 29.468488493 ], [ 83.342084929, 29.475076223 ], [ 83.34769991, 29.47860898 ], [ 83.347947377000011, 29.484799595 ], [ 83.345454627, 29.489285014 ], [ 83.347309566, 29.492307574 ], [ 83.344496897000013, 29.494833546 ], [ 83.332112224000014, 29.500036435 ], [ 83.329292784, 29.503646994 ], [ 83.320440094, 29.504578711 ], [ 83.315786888, 29.508980292 ], [ 83.312058496, 29.506980609 ], [ 83.309399315, 29.502769212 ], [ 83.302357269000012, 29.499746075 ], [ 83.293497002, 29.504436004 ], [ 83.282112973000011, 29.498763234 ], [ 83.275263263000014, 29.502693577 ], [ 83.271604718, 29.507886225 ], [ 83.267469288000015, 29.507484576 ], [ 83.268377030000011, 29.511152622 ], [ 83.266675839000015, 29.513464193 ], [ 83.268988206, 29.517018148 ], [ 83.268802318000013, 29.52215979 ], [ 83.265075932000016, 29.526149613 ], [ 83.263867398000016, 29.532999831 ], [ 83.260732123000011, 29.536843924 ], [ 83.255906917, 29.539304872 ], [ 83.254238536000017, 29.544674972 ], [ 83.258850096, 29.551090757 ], [ 83.255393577, 29.556818544 ], [ 83.258948272000012, 29.557255682 ], [ 83.263965574000011, 29.555010031 ], [ 83.268826755, 29.556674386 ], [ 83.273975100000015, 29.554512477 ], [ 83.278837432, 29.557940357 ], [ 83.282155801000016, 29.557606439 ], [ 83.284027879, 29.562912598 ], [ 83.277792980000015, 29.569040994 ], [ 83.269073986, 29.56856022 ], [ 83.261498476000014, 29.573697001 ], [ 83.261206563000016, 29.577640253 ], [ 83.24705156600001, 29.576712751 ], [ 83.242360548, 29.57826491 ], [ 83.232038333, 29.5778966 ], [ 83.229501293000013, 29.581495289 ], [ 83.21555423800001, 29.588475615 ], [ 83.2145028, 29.58937164 ], [ 83.21676489, 29.594577188 ], [ 83.218143111, 29.605520063 ], [ 83.20514883700001, 29.607581112 ], [ 83.198871841000013, 29.606278014 ], [ 83.19603706800001, 29.611098958 ], [ 83.191091922000012, 29.608258524 ], [ 83.188224115000011, 29.608730438 ], [ 83.186449773, 29.60658136 ], [ 83.188821942, 29.600711257 ], [ 83.187339352, 29.596511501 ], [ 83.177715493, 29.592254691 ], [ 83.167766587000017, 29.595873766 ], [ 83.164019501000013, 29.594363789 ], [ 83.158851395000013, 29.597335432 ], [ 83.15987633, 29.603057352 ], [ 83.163592952000016, 29.609308261 ], [ 83.164473744, 29.616946436 ], [ 83.15008506400001, 29.623871886 ], [ 83.145032213, 29.622603366 ], [ 83.142052637, 29.624875734 ], [ 83.135725793, 29.622522795 ], [ 83.131406220000017, 29.617945284 ], [ 83.120367137000017, 29.628615371 ], [ 83.116858689000011, 29.624809612 ], [ 83.116518774000014, 29.616464323 ], [ 83.108592844000015, 29.616912037 ], [ 83.105431244000016, 29.618426723 ], [ 83.101142720000013, 29.614349165 ], [ 83.090181068, 29.612030279 ], [ 83.089533164000017, 29.608482477 ], [ 83.092320781000012, 29.605449925 ], [ 83.085709732000012, 29.6027882 ], [ 83.081630523000015, 29.606740895 ], [ 83.069369753, 29.609962035 ], [ 83.065410973000013, 29.616574297 ], [ 83.06547465300001, 29.626106344 ], [ 83.062131018000017, 29.627494665 ], [ 83.054613866000011, 29.626769183 ], [ 83.049923816, 29.630044432 ], [ 83.043383503000015, 29.630874757 ], [ 83.038460149000016, 29.647980584 ], [ 83.033490140000012, 29.654246174 ], [ 83.023575693000012, 29.650237776 ], [ 83.021065525000012, 29.650710944 ], [ 83.021070136, 29.657777222 ], [ 83.014093534000011, 29.660468178 ], [ 83.013793861000011, 29.664981315 ], [ 83.008614228000013, 29.672597587 ], [ 83.00055067000001, 29.664611464 ], [ 82.991674841, 29.663400695 ], [ 82.985039581, 29.668478932 ], [ 82.973135041, 29.667135444 ], [ 82.970685208, 29.666020323 ], [ 82.970275113000014, 29.664199301 ], [ 82.965047044000016, 29.662518881 ], [ 82.955718374000014, 29.662680226 ], [ 82.947335955000014, 29.668965139 ], [ 82.946844625000011, 29.673269104 ], [ 82.940961035000015, 29.674155933 ], [ 82.948455423000013, 29.691613787 ], [ 82.942511472, 29.695389344 ], [ 82.935880974000014, 29.703169269 ], [ 82.935484419, 29.705495857 ], [ 82.9267752, 29.700659932 ], [ 82.919572763, 29.706066194 ], [ 82.915052996000014, 29.706448716 ], [ 82.908316095, 29.700425616 ], [ 82.899024879, 29.702665019 ], [ 82.890953253, 29.701440638 ], [ 82.887902889, 29.699714505 ], [ 82.886207254000013, 29.692780754 ], [ 82.876857793000013, 29.692004938 ], [ 82.868323817, 29.686298346 ], [ 82.860699013000016, 29.684597891 ], [ 82.838653441, 29.691817578 ], [ 82.833293843, 29.689332419 ], [ 82.826464326, 29.689912639 ], [ 82.81809757900001, 29.696913235 ], [ 82.815004162, 29.704774828 ], [ 82.821399115, 29.713848761 ], [ 82.817906512, 29.721160962 ], [ 82.807137846, 29.721619198 ], [ 82.79764294, 29.719065985 ], [ 82.782090308, 29.72563789 ], [ 82.778935371, 29.725157764 ], [ 82.762943186000015, 29.731206899 ], [ 82.766269244000014, 29.733818015 ], [ 82.766749262, 29.742478337 ], [ 82.761471696000015, 29.747523786 ], [ 82.758571598, 29.760128561 ], [ 82.752218547000012, 29.765596518 ], [ 82.74796305000001, 29.766298328 ], [ 82.744756426, 29.769511041 ], [ 82.738582907, 29.768771208 ], [ 82.733141925000012, 29.770735382 ], [ 82.727823242000014, 29.769245505 ], [ 82.723825763, 29.770548887 ], [ 82.719022377000016, 29.766160978 ], [ 82.715631730000013, 29.768577326 ], [ 82.711074908000015, 29.768966036 ], [ 82.70726456300001, 29.765169274 ], [ 82.697734742, 29.761688398 ], [ 82.693270798000015, 29.761211314 ], [ 82.690095318, 29.763153273 ], [ 82.68920418, 29.770149355 ], [ 82.686510922000011, 29.773494251 ], [ 82.696091145000011, 29.781662876 ], [ 82.694126042, 29.791194516 ], [ 82.700778064, 29.794850458 ], [ 82.705246997, 29.792596171 ], [ 82.71027012, 29.792805414 ], [ 82.719987149, 29.800249795 ], [ 82.728127236, 29.802967098 ], [ 82.729131052000014, 29.808653267 ], [ 82.737148551, 29.813558674 ], [ 82.730544862000016, 29.821406841 ], [ 82.726619315, 29.835331414 ], [ 82.722169356, 29.838797649 ], [ 82.714829751000011, 29.837925811 ], [ 82.710600122000017, 29.838845286 ], [ 82.703909974000013, 29.845311019 ], [ 82.700557780000011, 29.85313536 ], [ 82.697211757, 29.855366602 ], [ 82.68646659800001, 29.852111811 ], [ 82.684423099000014, 29.847177308 ], [ 82.676068064, 29.843325296 ], [ 82.669958386, 29.843987831 ], [ 82.665999546, 29.841056674 ], [ 82.660655438, 29.842317415 ], [ 82.655757433, 29.838366089 ], [ 82.648566728, 29.83830174 ], [ 82.639721834000014, 29.833896649 ], [ 82.62098613900001, 29.83730843 ], [ 82.618948264000011, 29.842045644 ], [ 82.620331893000014, 29.845057318 ], [ 82.622510417000015, 29.847811091 ], [ 82.631737871000013, 29.849643616 ], [ 82.631467146, 29.856785254 ], [ 82.640529164000014, 29.862945434 ], [ 82.642817892000011, 29.867326056 ], [ 82.642303089, 29.870541184 ], [ 82.634614402000011, 29.876334465 ], [ 82.619682948, 29.879309341 ], [ 82.602397997000011, 29.889074983 ], [ 82.601494785000014, 29.893453997 ], [ 82.59628025100001, 29.899825822 ], [ 82.594355842000013, 29.905542569 ], [ 82.590061861, 29.908989996 ], [ 82.584781909000014, 29.921314322 ], [ 82.579671477, 29.921611157 ], [ 82.576872052000013, 29.924650269 ], [ 82.571907313000011, 29.926835928 ], [ 82.570071621000011, 29.930370194 ], [ 82.566679107000013, 29.932482507 ], [ 82.563406109000013, 29.94266044 ], [ 82.564773971, 29.946558719 ], [ 82.562582021000011, 29.949840878 ], [ 82.563098472, 29.955229503 ], [ 82.552197567, 29.959546064 ], [ 82.549364696000012, 29.963238113 ], [ 82.529737790000013, 29.971177267 ], [ 82.519088216000014, 29.956546239 ], [ 82.514153850000014, 29.952190201 ], [ 82.499259629, 29.946040814 ], [ 82.494752591, 29.95090479 ], [ 82.488403101, 29.95330841 ], [ 82.485938929000014, 29.95713164 ], [ 82.481132798, 29.959086822 ], [ 82.473876922000017, 29.965279573 ], [ 82.477129594, 29.969022704 ], [ 82.476167323000013, 29.973658817 ], [ 82.465019876000014, 29.97878511 ], [ 82.463221809, 29.982072774 ], [ 82.457348967000016, 29.97991883 ], [ 82.456300230000011, 29.976926596 ], [ 82.438591742000014, 29.988703543 ], [ 82.432156116000016, 29.989024108 ], [ 82.423698270000017, 29.995822596 ], [ 82.420952551000013, 30.004042968 ], [ 82.408946879000013, 30.010766037 ], [ 82.406473381000012, 30.015300575 ], [ 82.402537372000012, 30.014578022 ], [ 82.398089518, 30.022480088 ], [ 82.395506405, 30.024007158 ], [ 82.39087104, 30.02393216 ], [ 82.387220357, 30.020452685 ], [ 82.38369285, 30.023261432 ], [ 82.382163234, 30.027140544 ], [ 82.37596466, 30.026434272 ], [ 82.377646544000015, 30.020431487 ], [ 82.375674879000016, 30.016990469 ], [ 82.37786544, 30.011194297 ], [ 82.372706062, 30.015648116 ], [ 82.363015863000015, 30.010446966 ], [ 82.35951513, 30.021652984 ], [ 82.354527421000014, 30.025820082 ], [ 82.349259847000013, 30.024906717 ], [ 82.344795133, 30.028885466 ], [ 82.343627267000016, 30.036833324 ], [ 82.337885413, 30.040973664 ], [ 82.334130876, 30.046920363 ], [ 82.326999038000011, 30.047109804 ], [ 82.319977580000014, 30.049514539 ], [ 82.318599133, 30.043495774 ], [ 82.315695841, 30.040349591 ], [ 82.309947429, 30.037642139 ], [ 82.305120657, 30.037448775 ], [ 82.300999565000012, 30.039097561 ], [ 82.298519678, 30.037904263 ], [ 82.296965592, 30.040472498 ], [ 82.289493562, 30.04333787 ], [ 82.285250257000015, 30.047253815 ], [ 82.285385777000016, 30.051771891 ], [ 82.281327906000016, 30.061168322 ], [ 82.278410586, 30.062831686 ], [ 82.265544551, 30.062209684 ], [ 82.25875030200001, 30.065105127 ], [ 82.254926, 30.06910632 ], [ 82.252663267000017, 30.068088258 ], [ 82.251693879000015, 30.072488393 ], [ 82.246729571, 30.075212502 ], [ 82.243088134, 30.075136456 ], [ 82.233889872, 30.06977908 ], [ 82.231236327, 30.064876318 ], [ 82.22009060500001, 30.068284148 ], [ 82.21082585500001, 30.066096598 ], [ 82.205796329, 30.067570324 ], [ 82.199483646, 30.066827492 ], [ 82.188482662000013, 30.069768996 ], [ 82.171916581, 30.065229124 ], [ 82.166230907000013, 30.076082208 ], [ 82.165892415000016, 30.081432321 ], [ 82.169073385, 30.086485078 ], [ 82.173948524000011, 30.08673931 ], [ 82.17710736, 30.088948211 ], [ 82.181762209000013, 30.096285521 ], [ 82.179185744, 30.099907955 ], [ 82.179447161000013, 30.102377289 ], [ 82.183878547, 30.109344444 ], [ 82.186562335, 30.110948456 ], [ 82.17927328, 30.117215948 ], [ 82.171600513000016, 30.117643173 ], [ 82.170830724000012, 30.121991314 ], [ 82.176612868, 30.121962211 ], [ 82.17918781600001, 30.129180567 ], [ 82.186970847000012, 30.133774181 ], [ 82.198849733, 30.136279988 ], [ 82.19690189100001, 30.138760477 ], [ 82.197577411000012, 30.142651244 ], [ 82.20480026700001, 30.150796328 ], [ 82.205498924000011, 30.153888484 ], [ 82.201145159, 30.156566981 ], [ 82.194783879000013, 30.158023314 ], [ 82.19347602500001, 30.159807752 ], [ 82.182066695, 30.16087855 ], [ 82.181451566, 30.16561097 ], [ 82.186518419, 30.172926225 ], [ 82.18649317500001, 30.176072365 ], [ 82.183918702000014, 30.180121134 ], [ 82.187198846000015, 30.185028092 ], [ 82.18448479700001, 30.19082588 ], [ 82.178676064000015, 30.192450082 ], [ 82.15875517100001, 30.18929447 ], [ 82.153374367000012, 30.191633171 ], [ 82.15219373, 30.194191912 ], [ 82.139127248, 30.198915717 ], [ 82.138094045000017, 30.200609292 ], [ 82.1396028, 30.202607812 ], [ 82.13215635200001, 30.207705912 ], [ 82.131035378, 30.214463132 ], [ 82.133316349000012, 30.219312392 ], [ 82.127343485000011, 30.225784446 ], [ 82.112746320000014, 30.224835764 ], [ 82.109391259, 30.226009856 ], [ 82.106508429000016, 30.231327124 ], [ 82.099793127000012, 30.236651838 ], [ 82.098401518, 30.239324627 ], [ 82.105017392, 30.244187574 ], [ 82.104657236, 30.248446166 ], [ 82.107463537000015, 30.251773704 ], [ 82.107389672000011, 30.255082702 ], [ 82.117122724000012, 30.257604789 ], [ 82.118437195000013, 30.259490129 ], [ 82.118089123, 30.262481217 ], [ 82.11544201800001, 30.264222265 ], [ 82.11721411500001, 30.269292622 ], [ 82.116144327000015, 30.27244987 ], [ 82.109431223000016, 30.277188764 ], [ 82.112438786000013, 30.278448688 ], [ 82.114068884, 30.284514824 ], [ 82.116394909, 30.286091645 ], [ 82.117954035000011, 30.29124493 ], [ 82.11640769200001, 30.294216939 ], [ 82.125461739000016, 30.301836284 ], [ 82.128299466000016, 30.302258347 ], [ 82.122824507, 30.310110587 ], [ 82.12002372500001, 30.318947774 ], [ 82.117901629000016, 30.319608618 ], [ 82.121103958, 30.32187701 ], [ 82.118709943000013, 30.326804698 ], [ 82.113771266000015, 30.329156155 ], [ 82.110828935000015, 30.334958937 ], [ 82.110768757000017, 30.344771632 ], [ 82.104743618000015, 30.349628398 ], [ 82.100767233000013, 30.349456734 ], [ 82.099815265, 30.348037229 ], [ 82.091963596000014, 30.351280559 ], [ 82.085413161, 30.359144783 ], [ 82.07663499200001, 30.359305331 ], [ 82.070051143000015, 30.356197656 ], [ 82.067266266, 30.356694006 ], [ 82.064603784000013, 30.352045222 ], [ 82.065341961000016, 30.347274058 ], [ 82.06020883, 30.345252302 ], [ 82.059209287000016, 30.341591198 ], [ 82.056594611, 30.340105864 ], [ 82.056009459, 30.33258738 ], [ 82.041223836000015, 30.340950877 ], [ 82.030984185, 30.337536493 ], [ 82.022751914000011, 30.342334734 ], [ 82.021579912, 30.344396147 ], [ 82.016306892, 30.344150845 ], [ 82.011159583, 30.341838553 ], [ 82.012160309, 30.329172394 ], [ 82.005376619, 30.329015 ], [ 81.998146709000011, 30.320678749 ], [ 81.993771969, 30.322247915 ], [ 81.988572274, 30.320767231 ], [ 81.987205517, 30.321210607 ], [ 81.986380231000012, 30.325891839 ], [ 81.98206188, 30.329575554 ], [ 81.974822872, 30.329839489 ], [ 81.96922561800001, 30.337828402 ], [ 81.956675593000014, 30.341245027 ], [ 81.96214681, 30.346166324 ], [ 81.962211464, 30.350782262 ], [ 81.960526967, 30.353025027 ], [ 81.954091389000013, 30.354409492 ], [ 81.949338709, 30.358945494 ], [ 81.94604782, 30.357063689 ], [ 81.945043594000012, 30.349912915 ], [ 81.939499902, 30.34755331 ], [ 81.923422026000011, 30.348953389 ], [ 81.919565454, 30.351136565 ], [ 81.91450086, 30.34998129 ], [ 81.909404492, 30.353733488 ], [ 81.904299517000013, 30.353270459 ], [ 81.892102555, 30.357456515 ], [ 81.88871952, 30.360790278 ], [ 81.882168549000014, 30.360794059 ], [ 81.878581895000011, 30.365400821 ], [ 81.878076762, 30.369486115 ], [ 81.867701607000015, 30.377320225 ], [ 81.853887410000013, 30.379353026 ], [ 81.849894826000011, 30.376431435 ], [ 81.849893576000014, 30.373132061 ], [ 81.840561735, 30.376600101 ], [ 81.826393154000016, 30.375055423 ], [ 81.819541288000011, 30.378233338 ], [ 81.815239906000016, 30.383587145 ], [ 81.811006598, 30.384477251 ], [ 81.809002510000013, 30.387261334 ], [ 81.797633088000012, 30.386672731 ], [ 81.790743806, 30.388985665 ], [ 81.78289632900001, 30.385426768 ], [ 81.774060942, 30.384349559 ], [ 81.762202738000013, 30.389085382 ], [ 81.751133270000011, 30.388772882 ], [ 81.748180159000015, 30.38973025 ], [ 81.745731754, 30.392752741 ], [ 81.739216263, 30.393439336 ], [ 81.73666874700001, 30.396394645 ], [ 81.731703398, 30.398283022 ], [ 81.729366897, 30.40219318 ], [ 81.729260219000011, 30.409196388 ], [ 81.726846388000013, 30.411318465 ], [ 81.714375787, 30.411793248 ], [ 81.706607321, 30.417103822 ], [ 81.699994006000011, 30.419306708 ], [ 81.694836946, 30.42380196 ], [ 81.672334542000016, 30.427600349 ], [ 81.653632739000017, 30.434842276 ], [ 81.646574309000016, 30.439764587 ], [ 81.639216247, 30.440567657 ], [ 81.63400682000001, 30.445099093 ], [ 81.620161941, 30.447276506 ], [ 81.617938147, 30.445904606 ], [ 81.617570663, 30.44097857 ], [ 81.621959738000015, 30.424379207 ], [ 81.616831886000014, 30.420892093 ], [ 81.611829008000015, 30.414318962 ], [ 81.606819678, 30.41217497 ], [ 81.589290573000014, 30.416788417 ], [ 81.582978144, 30.422887874 ], [ 81.574284961, 30.426654459 ], [ 81.564767155000013, 30.429826338 ], [ 81.560833606, 30.428030018 ], [ 81.557878671000012, 30.419481602 ], [ 81.559472733, 30.407433833 ], [ 81.553399898, 30.406647761 ], [ 81.550792393, 30.402655667 ], [ 81.549824985000015, 30.381004337 ], [ 81.55565262, 30.37402208 ], [ 81.551839910000012, 30.369825301 ], [ 81.546538661000014, 30.372186317 ], [ 81.535103192, 30.371317994 ], [ 81.506866229000011, 30.380686404 ], [ 81.495707173000014, 30.382546949 ], [ 81.489472681, 30.381275922 ], [ 81.476219126, 30.388638917 ], [ 81.471433158000011, 30.399211095 ], [ 81.46772947, 30.403286222 ], [ 81.45597822, 30.406519066 ], [ 81.45280832600001, 30.411011408 ], [ 81.447157875000016, 30.413423727 ], [ 81.445028936000014, 30.415909586 ], [ 81.438636081000013, 30.418689485 ], [ 81.436342993000011, 30.413460325 ], [ 81.433965645000015, 30.41280973 ], [ 81.427689346, 30.42191709 ], [ 81.421148153, 30.420357338 ], [ 81.408316658, 30.421266389 ], [ 81.406060393, 30.418585113 ], [ 81.40660002700001, 30.413957873 ], [ 81.402803937000016, 30.409934768 ], [ 81.405057018, 30.405466786 ], [ 81.400700099, 30.396217669 ], [ 81.406733903, 30.39556525 ], [ 81.409661918000012, 30.393185766 ], [ 81.41193490900001, 30.393604882 ], [ 81.416626782, 30.388982385 ], [ 81.420216787000015, 30.388970873 ], [ 81.420691786, 30.385383346 ], [ 81.429349626, 30.383402089 ], [ 81.422623871000013, 30.376297173 ], [ 81.420111446, 30.370578995 ], [ 81.411627278000012, 30.372047177 ], [ 81.40236721, 30.370359713 ], [ 81.399084774000016, 30.371174903 ], [ 81.395291294, 30.367943283 ], [ 81.399796294000012, 30.364657095 ], [ 81.399380290000011, 30.357651068 ], [ 81.406050013000012, 30.353167209 ], [ 81.402557972000011, 30.344073152 ], [ 81.405632123, 30.339807849 ], [ 81.405832965000016, 30.336633965 ], [ 81.398881753000012, 30.32882255 ], [ 81.396407566, 30.323419468 ], [ 81.405387647000012, 30.316116221 ], [ 81.414732414000014, 30.316422943 ], [ 81.423283127, 30.30510526 ], [ 81.416942046, 30.302601849 ], [ 81.410326094000013, 30.295026792 ], [ 81.401922101000011, 30.293092986 ], [ 81.403570454, 30.285155825 ], [ 81.399599377000015, 30.281566174 ], [ 81.41524942400001, 30.284129206 ], [ 81.416608593, 30.28166427 ], [ 81.415049307, 30.27483546 ], [ 81.410397134, 30.267917116 ], [ 81.408422654, 30.26106474 ], [ 81.394713912000014, 30.251043319 ], [ 81.392008168, 30.250534956 ], [ 81.395613494, 30.246529885 ], [ 81.396434266000014, 30.242454157 ], [ 81.390288769, 30.233690156 ], [ 81.396994928000012, 30.218586055 ], [ 81.395246994, 30.214330872 ], [ 81.396451363000011, 30.209002269 ], [ 81.395064345, 30.206627039 ], [ 81.374551348000011, 30.19671389 ], [ 81.370981691000011, 30.191123935 ], [ 81.370250809000012, 30.186601604 ], [ 81.359038610000013, 30.182836998 ], [ 81.357235086, 30.180512069 ], [ 81.350642913000016, 30.178048902 ], [ 81.33410763, 30.160411915 ], [ 81.332137590000016, 30.153226633 ], [ 81.316772166, 30.151974546 ], [ 81.309535329000013, 30.156789055 ], [ 81.309188982, 30.161413487 ], [ 81.3048724, 30.164267658 ], [ 81.303528480000011, 30.16320624 ], [ 81.303581541000014, 30.159347107 ], [ 81.291054545, 30.157783151 ], [ 81.286887417, 30.155000109 ], [ 81.273075940000012, 30.155343079 ], [ 81.264834882000017, 30.152139212 ], [ 81.258100574000011, 30.151300076 ], [ 81.256264473000016, 30.146542566 ], [ 81.25716558500001, 30.143759779 ], [ 81.264489898, 30.136153473 ], [ 81.272388672, 30.133329346 ], [ 81.278699642, 30.124720621 ], [ 81.282535332, 30.123009585 ], [ 81.285217464000013, 30.11581124 ], [ 81.290504107, 30.112529247 ], [ 81.28828239, 30.106785075 ], [ 81.285215341000011, 30.105136252 ], [ 81.289213098, 30.094779537 ], [ 81.287155682, 30.088306499 ], [ 81.288970896, 30.083302247 ], [ 81.285974457, 30.078448229 ], [ 81.289563909, 30.074342228 ], [ 81.28767275700001, 30.072957022 ], [ 81.287483464, 30.06981113 ], [ 81.279744720000011, 30.066045383 ], [ 81.278520045, 30.060673252 ], [ 81.274611987000014, 30.059053041 ], [ 81.27421087, 30.054630954 ], [ 81.271444306, 30.051479028 ], [ 81.271969156000011, 30.045266437 ], [ 81.28136833, 30.043478418 ], [ 81.284669043, 30.037546211 ], [ 81.291048898000014, 30.034985851 ], [ 81.306857666000013, 30.031047934 ], [ 81.309794918, 30.032856678 ], [ 81.314620382000015, 30.032705444 ], [ 81.318661514000013, 30.025600045 ], [ 81.331776423, 30.024128672 ], [ 81.346461809, 30.018785936 ], [ 81.357050811, 30.010554545 ], [ 81.362867841000011, 30.009573277 ], [ 81.368102596000014, 30.010943592 ], [ 81.374816878, 30.009939028 ], [ 81.376616567000013, 30.006467255 ], [ 81.381950696, 30.007216505 ], [ 81.383926624000011, 30.013591429 ], [ 81.390234572000011, 30.016883889 ], [ 81.399552207000013, 30.018105461 ], [ 81.401339441, 30.022827351 ], [ 81.404826266000015, 30.019661385 ], [ 81.412641399, 30.018628899 ], [ 81.419226971000015, 30.012750732 ], [ 81.430255296000013, 30.007588493 ], [ 81.440271681000013, 30.006946377 ], [ 81.444535289000015, 30.003012056 ], [ 81.454513867, 30.002432183 ], [ 81.457159465, 30.000975044 ], [ 81.463238983000011, 29.995197858 ], [ 81.460719248, 29.985688724 ], [ 81.470053029000013, 29.975113724 ], [ 81.470192106000013, 29.973157724 ], [ 81.468297089, 29.971220319 ], [ 81.468690543, 29.963699161 ], [ 81.46692889900001, 29.960746292 ], [ 81.452762829, 29.95116938 ], [ 81.452876101000015, 29.949037585 ], [ 81.458605553000012, 29.942637078 ], [ 81.454785467, 29.934758397 ], [ 81.45903318500001, 29.931838605 ], [ 81.460354017000014, 29.924000738 ], [ 81.462692312000016, 29.920967994 ], [ 81.460104657000016, 29.918058483 ], [ 81.461669901, 29.913321014 ], [ 81.457046294, 29.905745168 ], [ 81.456432710000016, 29.901193465 ], [ 81.46449980300001, 29.893381623 ], [ 81.470691640000013, 29.889834354 ], [ 81.47985490500001, 29.89205683 ], [ 81.492737661, 29.887171339 ], [ 81.495618338000014, 29.890024984 ], [ 81.503992639, 29.892884827 ], [ 81.516940532, 29.904344419 ], [ 81.512000688000015, 29.916152986 ], [ 81.516886213, 29.922785301 ], [ 81.52832024300001, 29.924102332 ], [ 81.53491952600001, 29.927585217 ], [ 81.542245465, 29.927097425 ], [ 81.549373744, 29.923168204 ], [ 81.555389848, 29.927119412 ], [ 81.559647843, 29.926156312 ], [ 81.564299683000016, 29.930875242 ], [ 81.570219073, 29.933470576 ], [ 81.57756349600001, 29.93390326 ], [ 81.58490206, 29.936861581 ], [ 81.59103389, 29.930665623 ], [ 81.596887761, 29.93138801 ], [ 81.602632244, 29.930164266 ], [ 81.605165168000013, 29.932496081 ], [ 81.605997344000016, 29.937244455 ], [ 81.612895914, 29.943239108 ], [ 81.618650896, 29.938509634 ], [ 81.621451744000012, 29.939473082 ], [ 81.626618992, 29.938375004 ], [ 81.63444362300001, 29.940832067 ], [ 81.637156427, 29.944905844 ], [ 81.645628019000014, 29.948164339 ], [ 81.653067093, 29.942863504 ], [ 81.657412361000013, 29.943399012 ], [ 81.665146668, 29.940295037 ], [ 81.670714522000011, 29.940688576 ], [ 81.687789776000017, 29.949085516 ], [ 81.697935770000015, 29.941487809 ], [ 81.698977317000015, 29.937952532 ], [ 81.697482826000012, 29.931500933 ], [ 81.709651427000011, 29.926880037 ], [ 81.710783061000015, 29.914315675 ], [ 81.715999245, 29.90943152 ], [ 81.726555808000015, 29.912348702 ], [ 81.731330868000015, 29.910815724 ], [ 81.733384201, 29.907942148 ], [ 81.742212501000012, 29.907304142 ], [ 81.745944527, 29.908643067 ], [ 81.754987225, 29.908548763 ], [ 81.761794722, 29.912393369 ], [ 81.769366048, 29.909532492 ], [ 81.779972253000011, 29.911071556 ], [ 81.78263474500001, 29.908568017 ], [ 81.785575498000014, 29.910366138 ], [ 81.788677647000014, 29.909632687 ], [ 81.798901945000011, 29.902042606 ], [ 81.798738939, 29.896698295 ], [ 81.79573378500001, 29.896962292 ], [ 81.793638160000015, 29.895542709 ], [ 81.796344007000016, 29.890442727 ], [ 81.797212974, 29.878804025 ], [ 81.795263825, 29.860407044 ], [ 81.791544516000016, 29.85380974 ], [ 81.794210366000016, 29.848849806 ], [ 81.789183779000012, 29.843315822 ], [ 81.780781067, 29.839285649 ], [ 81.783017234000013, 29.837249308 ], [ 81.783387743, 29.830523636 ], [ 81.781601275000014, 29.824927201 ], [ 81.782785224, 29.822252031 ], [ 81.779196109000011, 29.814390473 ], [ 81.780360644000012, 29.807066991 ], [ 81.773657848000013, 29.798156739 ], [ 81.76452172, 29.801829829 ], [ 81.758222413000013, 29.797425159 ], [ 81.755359192000014, 29.796828113 ], [ 81.753004105000016, 29.798736088 ], [ 81.746721977, 29.794633013 ], [ 81.73962293000001, 29.792241518 ], [ 81.740238899, 29.789330799 ], [ 81.737229144000011, 29.784662949 ], [ 81.736145995000015, 29.776919225 ], [ 81.730183075000014, 29.769222806 ], [ 81.732840078, 29.759196099 ], [ 81.726795483, 29.747963324 ], [ 81.726482159000014, 29.744029253 ], [ 81.728304827000017, 29.741599069 ], [ 81.726160764000014, 29.737178831 ], [ 81.727020136, 29.734142753 ], [ 81.723100566000014, 29.729664497 ], [ 81.71991026100001, 29.729205996 ], [ 81.714031502000012, 29.722318001 ], [ 81.708694314000013, 29.70027213 ], [ 81.697067048, 29.678329098 ], [ 81.699491319, 29.661941297 ], [ 81.702153257, 29.655528374 ], [ 81.700334587000015, 29.647492543 ], [ 81.703610487, 29.645431718 ], [ 81.699393437000012, 29.642084225 ], [ 81.702628558000015, 29.641976905 ], [ 81.702854300000013, 29.637205294 ], [ 81.709512475000011, 29.632352091 ], [ 81.71044095500001, 29.626331608 ], [ 81.71307361400001, 29.62525287 ], [ 81.716186084000014, 29.620555916 ], [ 81.720303205, 29.620781701 ], [ 81.720686605000012, 29.616437739 ], [ 81.727949136, 29.614995098 ], [ 81.734988803, 29.607763498 ], [ 81.738549280000015, 29.606230253 ], [ 81.750477673, 29.604925038 ], [ 81.768820634, 29.606572633 ], [ 81.773773221000013, 29.605828833 ], [ 81.77792413600001, 29.599768771 ], [ 81.790465743000013, 29.595765569 ], [ 81.789697261000015, 29.590122339 ], [ 81.798611605, 29.576046469 ], [ 81.799017163000016, 29.559231429 ], [ 81.797569925, 29.552162259 ], [ 81.793582046000012, 29.547837486 ], [ 81.790388613, 29.540553126 ], [ 81.79289038600001, 29.530604907 ], [ 81.785728466, 29.528407641 ], [ 81.782397297, 29.524759749 ], [ 81.781083741, 29.520450448 ], [ 81.777293003000011, 29.517355438 ], [ 81.780625942000015, 29.509188875 ], [ 81.774903183, 29.508054028 ], [ 81.769198500000016, 29.509386325 ], [ 81.762492362, 29.505371737 ], [ 81.779214652, 29.501253162 ], [ 81.78391699, 29.502337499 ], [ 81.788049840000014, 29.50004852 ], [ 81.789382938, 29.494902459 ], [ 81.803913991000016, 29.475167381 ], [ 81.807061722000014, 29.466178017 ], [ 81.808222362, 29.456354768 ], [ 81.80316665, 29.447387975 ], [ 81.805434919, 29.439367009 ], [ 81.802170564, 29.431729118 ], [ 81.799036036, 29.429172065 ], [ 81.796749044, 29.414605774 ], [ 81.796449257, 29.408452096 ], [ 81.797921829, 29.407094493 ], [ 81.794506368000015, 29.39943229 ], [ 81.790457419, 29.396048302 ], [ 81.789346568000013, 29.389042318 ], [ 81.76883899900001, 29.39225224 ], [ 81.766910544000012, 29.390454382 ], [ 81.766527616, 29.385755942 ], [ 81.761095905, 29.38661485 ], [ 81.75817969, 29.382343524 ], [ 81.756540719000014, 29.375692124 ], [ 81.749681816, 29.366575386 ], [ 81.749168086000012, 29.362261096 ], [ 81.751202552, 29.359132354 ], [ 81.750220649000013, 29.354105686 ], [ 81.752315779000014, 29.351822491 ], [ 81.747352984000017, 29.346675968 ], [ 81.745493686, 29.338918044 ], [ 81.740254481, 29.334302906 ], [ 81.729934061, 29.335234929 ], [ 81.716006778, 29.331349544 ], [ 81.703192914000013, 29.330616877 ], [ 81.693938206000013, 29.32546611 ], [ 81.69092082600001, 29.320593838 ], [ 81.682907189, 29.319543327 ], [ 81.678303844000013, 29.321486334 ], [ 81.668528380000012, 29.317071742 ], [ 81.664363408000014, 29.31935491 ], [ 81.647748389000014, 29.321466678 ], [ 81.646562373, 29.328081416 ], [ 81.642483426000013, 29.331827449 ], [ 81.641949703, 29.334464632 ], [ 81.643993394, 29.343434444 ], [ 81.644092376, 29.354357985 ], [ 81.643092793, 29.356214672 ], [ 81.639143341, 29.355737415 ], [ 81.638269359, 29.361543109 ], [ 81.634733228000016, 29.364424603 ], [ 81.627558990000011, 29.366159345 ], [ 81.625599272000017, 29.368875315 ], [ 81.613673992000017, 29.3708006 ], [ 81.609249528, 29.367505098 ], [ 81.599901524, 29.365645961 ], [ 81.581792512, 29.364832982 ], [ 81.579644781000013, 29.362528046 ], [ 81.576288984000016, 29.362869719 ], [ 81.573175133, 29.36078081 ], [ 81.572894355000017, 29.353861705 ], [ 81.570473693000011, 29.349744309 ], [ 81.567028009000012, 29.347850628 ], [ 81.561055574, 29.351487145 ], [ 81.558454817000012, 29.357917696 ], [ 81.550387377, 29.349555684 ], [ 81.550595414000014, 29.345758543 ], [ 81.547374608000013, 29.338258203 ], [ 81.540458655, 29.332299856 ], [ 81.535904047000017, 29.331154279 ], [ 81.528912402, 29.326109221 ], [ 81.523885778, 29.315134933 ], [ 81.518093383, 29.314977058 ], [ 81.51520776400001, 29.312073916 ], [ 81.507967021000013, 29.314621207 ], [ 81.500002532000011, 29.29732541 ], [ 81.490768344, 29.290635476 ], [ 81.483867288000013, 29.279619042 ], [ 81.468066827000015, 29.271904494 ], [ 81.477636532, 29.264011797 ], [ 81.487063193000012, 29.263402541 ], [ 81.491212094, 29.26169788 ], [ 81.494758937000014, 29.257173413 ], [ 81.493248664, 29.252275102 ], [ 81.495218648, 29.244862384 ], [ 81.499628149, 29.238870628 ], [ 81.494828411000015, 29.236328241 ], [ 81.487041134, 29.226975325 ], [ 81.485692657000016, 29.210824881 ], [ 81.482109445, 29.200603665 ], [ 81.484704600000015, 29.192773682 ], [ 81.490767406, 29.185039236 ], [ 81.486795978, 29.17592041 ], [ 81.487322643000013, 29.173017626 ], [ 81.490679302, 29.169887964 ], [ 81.495257007, 29.168876307 ], [ 81.496951203, 29.154841703 ], [ 81.49909684, 29.151756895 ], [ 81.51202433600001, 29.151263736 ], [ 81.513528412000014, 29.153091898 ], [ 81.51833455900001, 29.153628285 ], [ 81.524673524, 29.1527577 ], [ 81.533333012000014, 29.146585704 ], [ 81.53303671, 29.140952102 ], [ 81.535297347000011, 29.136898572 ], [ 81.552419093000012, 29.128584389 ], [ 81.565559033000014, 29.1261656 ], [ 81.551374264, 29.119698893 ], [ 81.53672223, 29.106760783 ], [ 81.52351950900001, 29.104279778 ], [ 81.518087131000016, 29.096595299 ], [ 81.51478185, 29.095464361 ], [ 81.509907782000013, 29.090743613 ], [ 81.500594481, 29.091177951 ], [ 81.469390328, 29.078137447 ], [ 81.466815678, 29.067097694 ], [ 81.459303243, 29.064709943 ], [ 81.444141430000016, 29.053804701 ], [ 81.44297233, 29.046969074 ], [ 81.439669080000016, 29.040298342 ], [ 81.432728072, 29.037530447 ], [ 81.430024638, 29.029497286 ], [ 81.425538421000013, 29.023010396 ], [ 81.417805439, 29.021374385 ], [ 81.414916898000016, 29.013853487 ], [ 81.419037121000017, 29.004325806 ], [ 81.417308856, 29.000643002 ], [ 81.410146893, 28.996979 ], [ 81.415133069, 28.99442599 ], [ 81.416163228000016, 28.991526337 ], [ 81.42023123300001, 28.988055589 ], [ 81.421539318000015, 28.98353309 ], [ 81.425149819000012, 28.98027113 ], [ 81.425655545000012, 28.977693377 ], [ 81.422468099000014, 28.970442075 ], [ 81.424029892, 28.966401533 ], [ 81.428272784000015, 28.964574384 ], [ 81.432795357, 28.957111264 ], [ 81.437152020000013, 28.956702422 ], [ 81.442246518, 28.960177664 ], [ 81.443953564000012, 28.958545714 ], [ 81.4446419, 28.940445161 ], [ 81.451303893000016, 28.938997258 ], [ 81.455026831000012, 28.934892687 ], [ 81.455910337, 28.931113427 ], [ 81.466535054, 28.92891602 ], [ 81.473706096000015, 28.916720876 ], [ 81.480745768, 28.909053245 ], [ 81.483233159, 28.902820545 ], [ 81.49166253300001, 28.894222457 ], [ 81.500467477000015, 28.889524946 ], [ 81.508984502, 28.889824717 ], [ 81.510137133000015, 28.883901097 ], [ 81.515156548, 28.874457166 ], [ 81.522141487000013, 28.86997055 ], [ 81.52787432, 28.859569281 ], [ 81.53192532700001, 28.856122218 ], [ 81.537842687, 28.842717168 ], [ 81.537878913000014, 28.836432317 ], [ 81.543332451000012, 28.831118256 ], [ 81.548928646, 28.818905154 ], [ 81.551840988, 28.815868162 ], [ 81.552221542000012, 28.809593188 ], [ 81.556894048, 28.79757968 ], [ 81.579881472000011, 28.780072421 ], [ 81.582037623, 28.764885861 ], [ 81.581308068000013, 28.759240376 ], [ 81.578263043, 28.755538056 ], [ 81.571717433, 28.755434979 ], [ 81.55387807000001, 28.750108867 ], [ 81.542444273000015, 28.748512929 ], [ 81.520465873, 28.749082088 ], [ 81.520739107000011, 28.751533177 ], [ 81.52954565200001, 28.755737713 ], [ 81.535068497000012, 28.761339827 ], [ 81.527831881000012, 28.774574002 ], [ 81.518187777, 28.776952905 ], [ 81.51547552400001, 28.780455356 ], [ 81.51589971300001, 28.788080777 ], [ 81.518480921, 28.795846776 ], [ 81.523093986, 28.799228522 ], [ 81.522371202000016, 28.803346004 ], [ 81.517949178, 28.807037791 ], [ 81.51009876900001, 28.809332537 ], [ 81.498242053000013, 28.821283146 ], [ 81.49395931, 28.833243602 ], [ 81.490823734, 28.837096703 ], [ 81.490539707000011, 28.840984462 ], [ 81.481698252000015, 28.842814365 ], [ 81.474280155000017, 28.849098307 ], [ 81.46327134, 28.852811318 ], [ 81.462937095000015, 28.855156283 ], [ 81.467399062000013, 28.861937711 ], [ 81.465895953000015, 28.869506673 ], [ 81.462232543000013, 28.875163348 ], [ 81.462487292, 28.880603594 ], [ 81.466954944, 28.887416519 ], [ 81.464945175000011, 28.893676659 ], [ 81.440641930000012, 28.900410715 ], [ 81.435728344000012, 28.904387968 ], [ 81.431785899, 28.910667332 ], [ 81.424568154000013, 28.909361548 ], [ 81.418684989000013, 28.910936511 ], [ 81.414170924, 28.914169527 ], [ 81.403545205000015, 28.909056239 ], [ 81.394399084000014, 28.908526171 ], [ 81.387459358000015, 28.899944818 ], [ 81.37484394, 28.893023488 ], [ 81.355240224000013, 28.8897786 ], [ 81.347637126, 28.890202212 ], [ 81.34234068, 28.892701723 ], [ 81.33893228, 28.895715086 ], [ 81.337167761, 28.900003352 ], [ 81.336602597, 28.906984317 ], [ 81.332192915, 28.908935266 ], [ 81.324197329000015, 28.908102053 ], [ 81.316306576000017, 28.920239194 ], [ 81.309888514, 28.920100687 ], [ 81.302050736000012, 28.925758121 ], [ 81.283514952, 28.921636392 ], [ 81.281714996, 28.918770761 ], [ 81.275784968000011, 28.916272294 ], [ 81.272407701, 28.907447511 ], [ 81.266129260000014, 28.902679937 ], [ 81.261307409000011, 28.903025468 ], [ 81.251723661000014, 28.913729659 ], [ 81.245692084000012, 28.915164261 ], [ 81.24124014600001, 28.913999249 ], [ 81.236636531000016, 28.905990127 ], [ 81.219178716000016, 28.906152763 ], [ 81.204211410000013, 28.908107326 ], [ 81.194527782, 28.916229194 ], [ 81.184408556, 28.914894377 ], [ 81.16878688700001, 28.921454567 ], [ 81.155421193, 28.933699629 ], [ 81.146837412000011, 28.938243532 ], [ 81.142218049, 28.945417553 ], [ 81.132554685000017, 28.948815676 ], [ 81.126689092, 28.957440859 ], [ 81.119247507000011, 28.963509072 ], [ 81.107673667000014, 28.966067936 ], [ 81.098949765000015, 28.963881967 ], [ 81.089473243000015, 28.967788982 ], [ 81.080864106, 28.967688383 ], [ 81.073093189, 28.970005068 ], [ 81.064967668, 28.970286689 ], [ 81.05698914300001, 28.973288308 ], [ 81.049916462000013, 28.978319372 ], [ 81.048101215, 28.977986194 ], [ 81.041831950000017, 28.970045482 ], [ 81.028543122000016, 28.963247636 ], [ 81.026501784, 28.958761155 ], [ 81.020838153000014, 28.952894757 ], [ 81.01794330700001, 28.952340209 ], [ 81.010538241, 28.956872943 ], [ 81.003336593000014, 28.957180074 ], [ 80.998632584, 28.954935598 ], [ 80.992207827000016, 28.947678322 ], [ 80.982345333000012, 28.941480589 ], [ 80.98105143, 28.938782449 ], [ 80.987174982000013, 28.934133899 ], [ 80.99774187700001, 28.928984388 ], [ 81.00753294, 28.927549456 ], [ 81.014048568, 28.922800357 ], [ 81.021178018000015, 28.919857784 ], [ 81.025760464000015, 28.911787783 ], [ 81.030389892000017, 28.908121059 ], [ 81.039241729000011, 28.890159909 ], [ 81.045419451000015, 28.886268851 ], [ 81.051521960000017, 28.876911612 ], [ 81.058799774, 28.873477463 ], [ 81.067269681000013, 28.877423514 ], [ 81.07230132, 28.876807322 ], [ 81.073926624, 28.875155122 ], [ 81.07183052500001, 28.868172059 ], [ 81.07288980700001, 28.864891503 ], [ 81.076817046000016, 28.863497434 ], [ 81.089168625000013, 28.862885271 ], [ 81.092664385, 28.856052141 ], [ 81.102441549, 28.844824312 ], [ 81.107998232000014, 28.848567032 ], [ 81.126012667000012, 28.851662221 ], [ 81.12740860800001, 28.855157539 ], [ 81.126861581000014, 28.86128271 ], [ 81.129074467, 28.865241931 ], [ 81.136953903, 28.872258938 ], [ 81.143390639, 28.873098193 ], [ 81.145005143, 28.870962412 ], [ 81.145085895, 28.862462207 ], [ 81.149195870000014, 28.852719168 ], [ 81.15772547, 28.844419111 ], [ 81.152998717, 28.830417795 ], [ 81.156747548000013, 28.828681003 ], [ 81.165375772, 28.83488566 ], [ 81.174131955, 28.835005448 ], [ 81.178107839, 28.82812214 ], [ 81.1817982, 28.825074032 ], [ 81.195627631, 28.821276062 ], [ 81.203417583, 28.816761833 ], [ 81.207054465000013, 28.820437911 ], [ 81.206695747000012, 28.82525927 ], [ 81.195210618, 28.833061397 ], [ 81.19937158, 28.846583752 ], [ 81.19900033, 28.861181948 ], [ 81.202374953, 28.863705819 ], [ 81.206545288000015, 28.862095585 ], [ 81.208443164000016, 28.857580904 ], [ 81.205438251, 28.854434097 ], [ 81.206168656, 28.850431042 ], [ 81.211806243000012, 28.84406302 ], [ 81.22432881200001, 28.838892662 ], [ 81.225988017, 28.83548575 ], [ 81.232010568, 28.831922535 ], [ 81.233817735000017, 28.829690641 ], [ 81.229634364, 28.826036552 ], [ 81.229915352, 28.81679373 ], [ 81.242118542000014, 28.810853002 ], [ 81.23908352, 28.803066625 ], [ 81.227938852, 28.798973365 ], [ 81.225914753000012, 28.795162069 ], [ 81.232670108, 28.786054879 ], [ 81.245204529, 28.782242831 ], [ 81.247767098000011, 28.779688976 ], [ 81.250754163000011, 28.770086908 ], [ 81.247245353000011, 28.760932216 ], [ 81.250786593000015, 28.75503331 ], [ 81.259561668, 28.750166563 ], [ 81.261103467000012, 28.745879606 ], [ 81.256385288, 28.734904693 ], [ 81.256124465000013, 28.729985021 ], [ 81.269322691000013, 28.728885605 ], [ 81.27245704500001, 28.727090375 ], [ 81.273165545000012, 28.717341165 ], [ 81.266514665000017, 28.704218301 ], [ 81.278351219000015, 28.69816214 ], [ 81.281190195, 28.695137895 ], [ 81.285338365000015, 28.673314477 ], [ 81.290465395000012, 28.674751847 ], [ 81.294644289, 28.673290036 ], [ 81.30027164, 28.673929673 ], [ 81.301877561000012, 28.673082398 ], [ 81.302096821, 28.670598131 ], [ 81.307404436000013, 28.673018037 ], [ 81.319881813, 28.66870741 ], [ 81.32177801600001, 28.663545914 ], [ 81.316974851000012, 28.656171351 ], [ 81.316311941, 28.652385193 ], [ 81.31201158, 28.652805725 ], [ 81.310241973, 28.65112917 ], [ 81.310899073000016, 28.647163984 ], [ 81.31589424, 28.641440393 ], [ 81.316360377, 28.636783081 ], [ 81.323309206, 28.635528223 ], [ 81.330076859000016, 28.631175965 ], [ 81.339919311, 28.628868681 ], [ 81.345538679000015, 28.624746384 ], [ 81.364602923, 28.623545928 ], [ 81.37052871600001, 28.617700546 ], [ 81.379350794, 28.612329595 ], [ 81.400988450000014, 28.606880192 ], [ 81.400298784000015, 28.603651732 ], [ 81.401529957, 28.602050897 ], [ 81.409899801, 28.595648347 ], [ 81.416823801, 28.595579881 ], [ 81.421426343, 28.589269338 ], [ 81.424649868, 28.587806516 ], [ 81.421770552000012, 28.581368015 ], [ 81.424466685000013, 28.577668892 ], [ 81.430742028000012, 28.577358127 ], [ 81.432865578, 28.572009275 ], [ 81.433365836, 28.563606623 ], [ 81.437997212000013, 28.559569433 ], [ 81.442301151, 28.558125122 ], [ 81.445637267, 28.554132536 ], [ 81.453183399000011, 28.552289303 ], [ 81.459733416, 28.554259267 ], [ 81.465459896000013, 28.553817883 ], [ 81.469108929000015, 28.548451989 ], [ 81.472337739000011, 28.548598704 ], [ 81.476114622000011, 28.539809943 ], [ 81.48614008700001, 28.53916532 ], [ 81.491195201000011, 28.532428947 ], [ 81.497360845, 28.533579607 ], [ 81.506117559, 28.528308958 ], [ 81.508324742000013, 28.525692855 ], [ 81.512210675, 28.524259288 ], [ 81.511723372, 28.520153099 ], [ 81.516219372, 28.513584829 ], [ 81.530199048000014, 28.509380087 ], [ 81.536137831, 28.504109464 ], [ 81.539404955, 28.500130625 ], [ 81.538758695000013, 28.494694121 ], [ 81.543843436, 28.495161143 ], [ 81.553044344000014, 28.493382491 ], [ 81.557347984, 28.495009458 ], [ 81.56788615100001, 28.485601402 ], [ 81.572600487000017, 28.483377544 ], [ 81.574521808000014, 28.47854633 ], [ 81.583053793, 28.473869561 ], [ 81.587410033000012, 28.469027566 ], [ 81.59241067, 28.469030754 ], [ 81.600074483000014, 28.4630031 ], [ 81.607893143000013, 28.453642381 ], [ 81.612170364, 28.454365368 ], [ 81.620911568000011, 28.446136744 ], [ 81.62629193, 28.44449459 ], [ 81.631604284, 28.436371223 ], [ 81.643010341, 28.430323807 ], [ 81.648079151, 28.423055982 ], [ 81.655850044, 28.418912905 ], [ 81.658456999, 28.415453321 ], [ 81.669792938000015, 28.413360849 ], [ 81.674307693, 28.417638387 ], [ 81.683132540000017, 28.411442513 ], [ 81.688224553000012, 28.410615968 ], [ 81.695487568, 28.399585958 ], [ 81.699814898000014, 28.397116118 ], [ 81.703563343000013, 28.392587148 ], [ 81.710198050000017, 28.390096028 ], [ 81.716645966000016, 28.384144974 ], [ 81.721270745000012, 28.382367636 ], [ 81.724434054000014, 28.383140481 ], [ 81.732259339, 28.377641591 ], [ 81.752253128, 28.374376656 ], [ 81.757687965000017, 28.370069311 ], [ 81.762878309000016, 28.371141281 ], [ 81.766711244, 28.370176795 ], [ 81.765355633000013, 28.365381533 ], [ 81.760153375000016, 28.359279028 ], [ 81.758751462, 28.354287721 ], [ 81.751657097, 28.343721854 ], [ 81.751720966, 28.332241039 ], [ 81.746579503, 28.326755729 ], [ 81.743521981000015, 28.319057088 ], [ 81.745089804, 28.313286829 ], [ 81.748069291, 28.312487753 ], [ 81.753801599000013, 28.3074976 ], [ 81.76122913, 28.309231851 ], [ 81.767447619, 28.300793649 ], [ 81.773443925, 28.297536028 ], [ 81.776885328, 28.297960908 ], [ 81.78045564300001, 28.295172525 ], [ 81.787162495, 28.294714405 ], [ 81.792207276000013, 28.28200458 ], [ 81.791562632, 28.27711065 ], [ 81.793651842, 28.273874787 ], [ 81.798109055000012, 28.273666115 ], [ 81.805470044, 28.282190987 ], [ 81.808482186, 28.283023701 ], [ 81.81453075200001, 28.278807482 ], [ 81.826247577, 28.277015863 ], [ 81.831157459000011, 28.274290241 ], [ 81.843554636, 28.272039487 ], [ 81.854197774000014, 28.260141036 ], [ 81.861502247, 28.255116346 ], [ 81.864673783000015, 28.249846749 ], [ 81.864259231, 28.24512999 ], [ 81.860921663000013, 28.23873966 ], [ 81.876767518, 28.239196202 ], [ 81.882900554000017, 28.243549006 ], [ 81.887091605, 28.240368105 ], [ 81.888637768, 28.236901944 ], [ 81.896505891, 28.233329064 ], [ 81.909310244000011, 28.232281268 ], [ 81.914018361, 28.228426122 ], [ 81.921572657000013, 28.226913374 ], [ 81.922465223, 28.223997318 ], [ 81.920916726000016, 28.220388927 ], [ 81.92695084, 28.215846121 ], [ 81.926706839, 28.209495231 ], [ 81.931116064, 28.20768729 ], [ 81.936113542000015, 28.207653015 ], [ 81.93865293, 28.205353008 ], [ 81.938530936, 28.201790408 ], [ 81.94657890500001, 28.199242531 ], [ 81.951956990000014, 28.194116121 ], [ 81.962690095000013, 28.19442904 ], [ 81.964208183000011, 28.19189252 ], [ 81.963129555, 28.187320244 ], [ 81.965268649, 28.18452131 ], [ 81.968823502, 28.182547433 ], [ 81.970738224000016, 28.182362462 ], [ 81.973209771000015, 28.184981043 ], [ 81.977924137000016, 28.182896565 ], [ 81.979930474000014, 28.178315563 ], [ 81.984741751000016, 28.177190838 ], [ 81.987063098, 28.172384347 ], [ 81.998185402, 28.163676343 ], [ 82.007614275, 28.151110105 ], [ 82.012046304, 28.154228392 ], [ 82.01108502000001, 28.160695603 ], [ 82.014998315000014, 28.164090424 ], [ 82.012824130000013, 28.170040774 ], [ 82.018224813, 28.18185769 ], [ 82.02249079, 28.184516414 ], [ 82.028099515, 28.185631761 ], [ 82.029240076, 28.187737652 ], [ 82.029220641, 28.193909347 ], [ 82.023121896, 28.201253706 ], [ 82.026287317000012, 28.204358013 ], [ 82.026946345000013, 28.208488079 ], [ 82.030943274, 28.2141293 ], [ 82.036877083, 28.215110914 ], [ 82.035691450000016, 28.217608106 ], [ 82.039384137000013, 28.221401557 ], [ 82.042214044, 28.230218531 ], [ 82.046327208, 28.232064042 ], [ 82.051023382000011, 28.239785956 ], [ 82.054313397000016, 28.242142783 ], [ 82.061820847, 28.240688328 ], [ 82.068661486000011, 28.237086564 ], [ 82.069691807000012, 28.239444924 ], [ 82.081283465000013, 28.248613983 ], [ 82.091709733000016, 28.249354493 ], [ 82.093979579, 28.255095556 ], [ 82.100819840000014, 28.259044722 ], [ 82.108346649000012, 28.258311641 ], [ 82.111639707, 28.254571779 ], [ 82.117715003000015, 28.251569387 ], [ 82.125983526000013, 28.254391238 ], [ 82.13282146600001, 28.251566778 ], [ 82.142590002, 28.241880176 ], [ 82.143819668, 28.237152939 ], [ 82.149033866000011, 28.239241005 ], [ 82.152921488, 28.238107411 ], [ 82.153474735, 28.241168449 ], [ 82.160834983000015, 28.241800928 ], [ 82.166717298, 28.250101868 ], [ 82.169450528000013, 28.251592205 ], [ 82.175828151, 28.249026714 ], [ 82.1824105, 28.249804606 ], [ 82.190021436, 28.248394088 ], [ 82.19869842300001, 28.242958518 ], [ 82.217812857000013, 28.249683282 ], [ 82.223318399, 28.247768533 ], [ 82.233183015, 28.239989944 ], [ 82.244003468000017, 28.237945154 ], [ 82.248000214000015, 28.239602868 ], [ 82.256013506000016, 28.239741525 ], [ 82.258323565000012, 28.243683633 ], [ 82.26489018, 28.243706532 ], [ 82.275490732, 28.248512046 ], [ 82.281862878000013, 28.248229096 ], [ 82.287278505, 28.245728462 ], [ 82.291711075, 28.246904788 ], [ 82.297168745, 28.245161273 ], [ 82.300400545000016, 28.245989991 ], [ 82.302252401, 28.232670179 ], [ 82.310187037, 28.231680815 ], [ 82.312443877, 28.223421168 ], [ 82.327182047, 28.225315881 ], [ 82.337572803000015, 28.223556684 ], [ 82.346086718, 28.216394647 ], [ 82.347166458, 28.208685181 ], [ 82.35493659, 28.205581198 ], [ 82.358802618000013, 28.199145592 ], [ 82.36309239500001, 28.196795303 ], [ 82.36714747, 28.189868121 ], [ 82.378088902000016, 28.184567944 ], [ 82.387100619, 28.188566575 ], [ 82.392831523000012, 28.189304647 ], [ 82.396878029, 28.182773679 ], [ 82.39396152, 28.173471494 ], [ 82.396501878, 28.169150674 ], [ 82.398465974, 28.170055492 ], [ 82.401414904, 28.176402261 ], [ 82.399240631000012, 28.180189322 ], [ 82.403543153000015, 28.185033373 ], [ 82.400585112000016, 28.192421842 ], [ 82.403740700000014, 28.213202976 ], [ 82.406849151, 28.22071639 ], [ 82.414876813, 28.22471407 ], [ 82.418898809000012, 28.229817718 ], [ 82.422028262000012, 28.229861883 ], [ 82.424174066, 28.228089137 ], [ 82.427643938, 28.230080876 ], [ 82.426879196000016, 28.239032605 ], [ 82.435108073, 28.243539054 ], [ 82.437326033, 28.246669297 ], [ 82.430103141, 28.249620987 ], [ 82.427776659, 28.252196469 ], [ 82.424097608000011, 28.251244631 ], [ 82.419750338000014, 28.253730532 ], [ 82.413306703, 28.253889803 ], [ 82.410259787000015, 28.258281482 ], [ 82.403612049, 28.262229779 ], [ 82.403502955, 28.265034707 ], [ 82.395512630000013, 28.277110113 ], [ 82.395259564000014, 28.282961695 ], [ 82.386376807, 28.290893032 ], [ 82.383609417000017, 28.291690232 ], [ 82.381603237, 28.295982811 ], [ 82.382489098, 28.297088157 ], [ 82.376297675, 28.304677999 ], [ 82.377517166, 28.310063522 ], [ 82.376090457, 28.315164532 ], [ 82.372535079000016, 28.317726685 ], [ 82.363506950000016, 28.319558643 ], [ 82.366806, 28.323543009 ], [ 82.367366249000014, 28.329968362 ], [ 82.364193298, 28.330191861 ], [ 82.363191247, 28.34086455 ], [ 82.365991627000014, 28.343976491 ], [ 82.379317381, 28.351775579 ], [ 82.378524154, 28.356640058 ], [ 82.37609876, 28.358534538 ], [ 82.382827245000016, 28.364712438 ], [ 82.38359075000001, 28.372847636 ], [ 82.37516012, 28.377354106 ], [ 82.366552799, 28.386934791 ], [ 82.363590361, 28.388342748 ], [ 82.362577076, 28.394576283 ], [ 82.365593769000014, 28.403201093 ], [ 82.36104429400001, 28.40817076 ], [ 82.353220123000014, 28.410452504 ], [ 82.353910451, 28.414934476 ], [ 82.350383742, 28.42191016 ], [ 82.351186410000011, 28.423945858 ], [ 82.369228938, 28.426102469 ], [ 82.376618241, 28.430381363 ], [ 82.376911915, 28.436456757 ], [ 82.373826427000012, 28.448332982 ], [ 82.383566478, 28.456063653 ], [ 82.395624649000013, 28.460463038 ], [ 82.396073697, 28.468461433 ], [ 82.40041813500001, 28.469844047 ], [ 82.405643418000011, 28.478220421 ], [ 82.405757694000016, 28.486615796 ], [ 82.409414165000015, 28.488642505 ], [ 82.411688642000016, 28.492688316 ], [ 82.411753415, 28.496506478 ], [ 82.407517779000017, 28.50374096 ], [ 82.411878991, 28.512988265 ], [ 82.414346759000011, 28.513461277 ], [ 82.417054752000013, 28.51774101 ], [ 82.416558809, 28.52339005 ], [ 82.41818154900001, 28.528775824 ], [ 82.429474758000012, 28.52461065 ], [ 82.43358661, 28.526355921 ], [ 82.444279854000015, 28.522915699 ], [ 82.462950674000012, 28.521294857 ], [ 82.466857132000015, 28.525750437 ], [ 82.47276714600001, 28.52929763 ], [ 82.4796222, 28.53044337 ], [ 82.484569443000012, 28.5354576 ], [ 82.49297184400001, 28.540090312 ], [ 82.494125884000013, 28.543605919 ], [ 82.491774037000013, 28.548756486 ], [ 82.492335587000014, 28.55273355 ], [ 82.499795682000013, 28.554017037 ], [ 82.509028734000012, 28.551249734 ], [ 82.516653645, 28.554608342 ], [ 82.521318601, 28.553978737 ], [ 82.525960259000016, 28.558060062 ], [ 82.529057032000011, 28.55825974 ], [ 82.530356375000011, 28.5641744 ], [ 82.533034229, 28.566152194 ], [ 82.534993012000015, 28.570501694 ], [ 82.544198223, 28.5730459 ], [ 82.553419388, 28.581652546 ], [ 82.556898267, 28.579652842 ], [ 82.56824058, 28.577900912 ], [ 82.575121619000015, 28.579644786 ], [ 82.577341802, 28.5841589 ], [ 82.580580391000012, 28.586184508 ], [ 82.580825256000011, 28.588379497 ], [ 82.57914908, 28.589837151 ], [ 82.581204952, 28.591983419 ], [ 82.581017461000016, 28.59982863 ], [ 82.578697731, 28.602206565 ], [ 82.580608423000015, 28.611932319 ], [ 82.579407615, 28.61376932 ], [ 82.577750198, 28.614559411 ], [ 82.56874194000001, 28.609716608 ], [ 82.561240071000014, 28.610092843 ], [ 82.553431590000017, 28.615493047 ], [ 82.545787382000015, 28.618465228 ], [ 82.546963965, 28.622334887 ], [ 82.551492114000013, 28.625245682 ], [ 82.547971869, 28.62711171 ], [ 82.543559481000017, 28.626256852 ], [ 82.543817754000017, 28.622939413 ], [ 82.539889137, 28.620763434 ], [ 82.533953888000013, 28.623541344 ], [ 82.51841171800001, 28.624574468 ], [ 82.508357394000015, 28.627779844 ], [ 82.506919974000013, 28.630630811 ], [ 82.48581483400001, 28.640649591 ], [ 82.491046176000012, 28.651833631 ], [ 82.48993363000001, 28.659320673 ], [ 82.494728547, 28.66267143 ], [ 82.497677604, 28.661630629 ], [ 82.499824862000011, 28.662470395 ], [ 82.501400242000017, 28.667763489 ], [ 82.505612338, 28.662058452 ], [ 82.513352652, 28.659461862 ], [ 82.517268277000014, 28.661212255 ], [ 82.519246583000012, 28.660690269 ], [ 82.524510966, 28.655366021 ], [ 82.527865399, 28.654784559 ], [ 82.533538470000011, 28.650012454 ], [ 82.53659217900001, 28.650196605 ], [ 82.539212569000014, 28.646979189 ], [ 82.551887946, 28.645547687 ], [ 82.554662474000011, 28.644054801 ], [ 82.560692926000016, 28.646568529 ], [ 82.56628893300001, 28.652799094 ], [ 82.574967028, 28.658793474 ], [ 82.578947571000015, 28.664702046 ], [ 82.586706662000012, 28.663908104 ], [ 82.592063497000012, 28.667624711 ], [ 82.59891817, 28.669103296 ], [ 82.601044867000013, 28.676814551 ], [ 82.600659899, 28.684874238 ], [ 82.603974472, 28.687218129 ], [ 82.615902938, 28.689796997 ], [ 82.61244142000001, 28.695874136 ], [ 82.615325774000013, 28.710052867 ], [ 82.612655022000013, 28.712795389 ], [ 82.605281904, 28.71566752 ], [ 82.601418119000016, 28.74291082 ], [ 82.595600763, 28.743856463 ], [ 82.591931757000012, 28.740561279 ], [ 82.588051792000016, 28.739959217 ], [ 82.581653321, 28.741229759 ], [ 82.574205965, 28.740598775 ], [ 82.568599526000014, 28.744464151 ], [ 82.566030446000013, 28.743922665 ], [ 82.567144122000016, 28.756937602 ], [ 82.563713492, 28.758703391 ], [ 82.564709182000016, 28.76487602 ], [ 82.561865265, 28.767775713 ], [ 82.566761294000017, 28.767584174 ], [ 82.567058384, 28.770688703 ], [ 82.569770319000014, 28.77129481 ], [ 82.581453506000017, 28.780735601 ], [ 82.586985045, 28.782164922 ], [ 82.589495829000015, 28.785718941 ], [ 82.58970127900001, 28.790353828 ], [ 82.596235240000013, 28.79202114 ], [ 82.613274781000015, 28.80739727 ], [ 82.619735876, 28.809087518 ], [ 82.619120478000013, 28.814977151 ], [ 82.61368425, 28.826587062 ], [ 82.617679236000015, 28.82857231 ], [ 82.626056035, 28.839213756 ], [ 82.624733199, 28.84683753 ], [ 82.629926250000011, 28.853417869 ], [ 82.636765355, 28.855242047 ], [ 82.63797754, 28.860029248 ], [ 82.64419181800001, 28.867228356 ], [ 82.648594936, 28.86922817 ], [ 82.65607997, 28.866686574 ], [ 82.658468518, 28.860119655 ], [ 82.665559172000016, 28.85386096 ], [ 82.6694338, 28.852433147 ], [ 82.672670802000013, 28.852284581 ], [ 82.678480657, 28.854822805 ], [ 82.685444845, 28.861400482 ], [ 82.695677962, 28.86473657 ], [ 82.704686054, 28.854659818 ], [ 82.712118106, 28.851555148 ], [ 82.723735256000012, 28.849782166 ], [ 82.726417393, 28.84636102 ], [ 82.729177244000013, 28.847749432 ], [ 82.736116739000011, 28.848015381 ], [ 82.738325225000011, 28.846071468 ], [ 82.741787513, 28.845864724 ], [ 82.747931173000012, 28.832733464 ], [ 82.754753069, 28.825641843 ], [ 82.756814311000014, 28.821140602 ], [ 82.759431794, 28.819856445 ], [ 82.760145391, 28.816129988 ], [ 82.763594470000015, 28.813673703 ], [ 82.76583526, 28.808605579 ], [ 82.781760506000012, 28.824293667 ], [ 82.79335977, 28.819918238 ], [ 82.796823146, 28.821570884 ], [ 82.799354757, 28.820700251 ], [ 82.817122721, 28.831343584 ], [ 82.820269573, 28.829945633 ], [ 82.833461659, 28.830292666 ], [ 82.835694019000016, 28.831672071 ], [ 82.841252979, 28.827016956 ], [ 82.843779209, 28.826524351 ], [ 82.847999873, 28.827444639 ], [ 82.85459439200001, 28.832237666 ], [ 82.864165917, 28.831930581 ], [ 82.867583724000013, 28.834264602 ], [ 82.873166590000011, 28.831191778 ], [ 82.879574300000016, 28.830448816 ], [ 82.885917899, 28.826154866 ], [ 82.892873011, 28.826717227 ], [ 82.896106674, 28.824736269 ], [ 82.900849197000014, 28.829302103 ], [ 82.903843224000013, 28.82964674 ], [ 82.904878472, 28.832362004 ], [ 82.910310699, 28.831068327 ], [ 82.917573399, 28.831447084 ], [ 82.93021258600001, 28.827090733 ], [ 82.937264366, 28.828005875 ], [ 82.942070421000011, 28.827116589 ], [ 82.947215066000012, 28.829037986 ], [ 82.94965607200001, 28.827748765 ], [ 82.950660259, 28.823867763 ], [ 82.956657879, 28.820981868 ], [ 82.965869021, 28.820376057 ], [ 82.965880900000016, 28.816649777 ], [ 82.973752975000011, 28.809326943 ], [ 82.975854739000013, 28.803448828 ], [ 82.980928042000016, 28.800751026 ], [ 82.986901388, 28.802587006 ], [ 82.990495858000017, 28.801668768 ], [ 82.997382948, 28.80391941 ], [ 83.005159292000016, 28.799639232 ], [ 83.01233396, 28.798983584 ], [ 83.022353075000012, 28.790771237 ], [ 83.030083048, 28.793220312 ], [ 83.036091182, 28.792791938 ], [ 83.045722438000013, 28.78652172 ], [ 83.057970111, 28.785818214 ], [ 83.065176924000014, 28.783892247 ], [ 83.068380566000016, 28.779989404 ], [ 83.072576372000015, 28.78350114 ], [ 83.07926929300001, 28.786181616 ], [ 83.08176658, 28.779517143 ], [ 83.08505548, 28.777895028 ], [ 83.09515037300001, 28.767728676 ], [ 83.09821098, 28.766646071 ], [ 83.102279862, 28.760334462 ], [ 83.102616821000012, 28.753485975 ], [ 83.11217489900001, 28.747251003 ], [ 83.113654706, 28.743608547 ], [ 83.127688581000015, 28.745957911 ], [ 83.132371973, 28.748054348 ], [ 83.141534394, 28.746384949 ], [ 83.145432479, 28.74715856 ], [ 83.154089174, 28.747828875 ], [ 83.166576477, 28.745194989 ], [ 83.186477200000013, 28.743606302 ], [ 83.200147139, 28.735271522 ], [ 83.209953131, 28.731979282 ], [ 83.216098453000015, 28.733928067 ], [ 83.223042765000017, 28.740609179 ], [ 83.229297692, 28.742889497 ], [ 83.237027334, 28.739745901 ], [ 83.239427853, 28.734923005 ], [ 83.248006844000017, 28.730411924 ], [ 83.259133174000013, 28.726279781 ], [ 83.270560843000013, 28.725209486 ], [ 83.276944418000014, 28.721984127 ], [ 83.282021039000014, 28.725712985 ], [ 83.29794127800001, 28.731774473 ], [ 83.308585951000012, 28.732715855 ], [ 83.313111035, 28.735669276 ], [ 83.325571189000016, 28.7379585 ], [ 83.349935193, 28.736063348 ], [ 83.356263135, 28.733700222 ], [ 83.362020975, 28.734185451 ], [ 83.374349491, 28.744549992 ], [ 83.377664677000013, 28.754026293 ], [ 83.383365985000012, 28.756504523 ], [ 83.38851810300001, 28.76310593 ], [ 83.400286625, 28.760785569 ], [ 83.410445196000012, 28.760672356 ], [ 83.436436351000012, 28.768820805 ], [ 83.446106921, 28.768955562 ], [ 83.456302017000013, 28.773799706 ], [ 83.461187612, 28.78011976 ], [ 83.483462121000017, 28.782889089 ], [ 83.486930506, 28.790587994 ], [ 83.488047275000014, 28.802117826 ], [ 83.485133042000015, 28.812265849 ], [ 83.480105851, 28.817205351 ], [ 83.479709041, 28.824233278 ], [ 83.483584095000012, 28.832268254 ], [ 83.480334303, 28.837829522 ], [ 83.481653877000014, 28.844727785 ], [ 83.491997908000016, 28.846507334 ], [ 83.497971010000015, 28.842660484 ], [ 83.501838507000016, 28.846200426 ], [ 83.502067251000014, 28.851757931 ], [ 83.506300891, 28.857019884 ], [ 83.506033738000013, 28.865239794 ], [ 83.49950372, 28.877269417 ], [ 83.506117271, 28.88475208 ], [ 83.51470671700001, 28.889584985 ], [ 83.522922303000016, 28.898005277 ], [ 83.52753735, 28.903915674 ], [ 83.528628114000014, 28.908700787 ], [ 83.53544019200001, 28.911437682 ], [ 83.546226497, 28.921892966 ], [ 83.556516930000015, 28.933774806 ], [ 83.558675539, 28.944903191 ], [ 83.56223798, 28.945244629 ], [ 83.566990488000016, 28.943402373 ], [ 83.571285181, 28.947323584 ], [ 83.574900897, 28.953956786 ], [ 83.580072885, 28.956214956 ], [ 83.582628287, 28.96134529 ], [ 83.581667041, 28.965007046 ], [ 83.585465912, 28.967761062 ], [ 83.587411050000014, 28.97259768 ], [ 83.586938006000011, 28.977041385 ], [ 83.592087021000012, 28.983707031 ], [ 83.599189445, 28.98569838 ], [ 83.604551205, 28.98021003 ], [ 83.609289053000012, 28.980312526 ], [ 83.615040694000015, 28.987754402 ], [ 83.614498864000012, 28.998699656 ], [ 83.616985563000014, 29.006236839 ], [ 83.611965930000011, 29.014799966 ], [ 83.616565752000014, 29.01895958 ], [ 83.614132235000014, 29.022417247 ], [ 83.61539844, 29.027646733 ], [ 83.612575779000011, 29.036021083 ], [ 83.619011337, 29.045827814 ], [ 83.618189877, 29.055203509 ], [ 83.61963917700001, 29.059761674 ], [ 83.626603820000014, 29.062504294 ], [ 83.631032697, 29.062504582 ], [ 83.631531695, 29.064962714 ], [ 83.62953815600001, 29.071636403 ], [ 83.630745655000013, 29.0810764 ], [ 83.623429909, 29.08833308 ], [ 83.616121850000013, 29.092652714 ], [ 83.61563352200001, 29.098378037 ], [ 83.62063011, 29.09786127 ], [ 83.628883821000016, 29.106909021 ], [ 83.636331528000014, 29.10741351 ], [ 83.646210885000016, 29.104178087 ], [ 83.649922899, 29.104536822 ], [ 83.652562219, 29.109274277 ], [ 83.650624530000016, 29.113500542 ], [ 83.65145591000001, 29.119138155 ], [ 83.66025130700001, 29.124497446 ], [ 83.680435469000017, 29.123510255 ], [ 83.678856876000012, 29.125109933 ], [ 83.679337332, 29.131729734 ], [ 83.674950915000011, 29.137096449 ], [ 83.676011030000012, 29.148581456 ], [ 83.67220439, 29.152866814 ], [ 83.663324916, 29.155763672 ], [ 83.662081308000012, 29.165000089 ], [ 83.666108990000012, 29.169758545 ], [ 83.65740412800001, 29.17617041 ] ] ] } },
{ "type": "Feature", "properties": { "province": "Sudurpashchim" }, "geometry": { "type": "Polygon", "coordinates": [ [ [ 81.285338365000015, 28.673314477 ], [ 81.281190195, 28.695137895 ], [ 81.278351219000015, 28.69816214 ], [ 81.266514665000017, 28.704218301 ], [ 81.273165545000012, 28.717341165 ], [ 81.27245704500001, 28.727090375 ], [ 81.269322691000013, 28.728885605 ], [ 81.256124465000013, 28.729985021 ], [ 81.256385288, 28.734904693 ], [ 81.261103467000012, 28.745879606 ], [ 81.259561668, 28.750166563 ], [ 81.250786593000015, 28.75503331 ], [ 81.247245353000011, 28.760932216 ], [ 81.250754163000011, 28.770086908 ], [ 81.247767098000011, 28.779688976 ], [ 81.245204529, 28.782242831 ], [ 81.232670108, 28.786054879 ], [ 81.225914753000012, 28.795162069 ], [ 81.227938852, 28.798973365 ], [ 81.23908352, 28.803066625 ], [ 81.242118542000014, 28.810853002 ], [ 81.229915352, 28.81679373 ], [ 81.229634364, 28.826036552 ], [ 81.233817735000017, 28.829690641 ], [ 81.232010568, 28.831922535 ], [ 81.225988017, 28.83548575 ], [ 81.22432881200001, 28.838892662 ], [ 81.211806243000012, 28.84406302 ], [ 81.206168656, 28.850431042 ], [ 81.205438251, 28.854434097 ], [ 81.208443164000016, 28.857580904 ], [ 81.206545288000015, 28.862095585 ], [ 81.202374953, 28.863705819 ], [ 81.19900033, 28.861181948 ], [ 81.19937158, 28.846583752 ], [ 81.195210618, 28.833061397 ], [ 81.206695747000012, 28.82525927 ], [ 81.207054465000013, 28.820437911 ], [ 81.203417583, 28.816761833 ], [ 81.195627631, 28.821276062 ], [ 81.1817982, 28.825074032 ], [ 81.178107839, 28.82812214 ], [ 81.174131955, 28.835005448 ], [ 81.165375772, 28.83488566 ], [ 81.156747548000013, 28.828681003 ], [ 81.152998717, 28.830417795 ], [ 81.15772547, 28.844419111 ], [ 81.149195870000014, 28.852719168 ], [ 81.145085895, 28.862462207 ], [ 81.145005143, 28.870962412 ], [ 81.143390639, 28.873098193 ], [ 81.136953903, 28.872258938 ], [ 81.129074467, 28.865241931 ], [ 81.126861581000014, 28.86128271 ], [ 81.12740860800001, 28.855157539 ], [ 81.126012667000012, 28.851662221 ], [ 81.107998232000014, 28.848567032 ], [ 81.102441549, 28.844824312 ], [ 81.092664385, 28.856052141 ], [ 81.089168625000013, 28.862885271 ], [ 81.076817046000016, 28.863497434 ], [ 81.07288980700001, 28.864891503 ], [ 81.07183052500001, 28.868172059 ], [ 81.073926624, 28.875155122 ], [ 81.07230132, 28.876807322 ], [ 81.067269681000013, 28.877423514 ], [ 81.058799774, 28.873477463 ], [ 81.051521960000017, 28.876911612 ], [ 81.045419451000015, 28.886268851 ], [ 81.039241729000011, 28.890159909 ], [ 81.030389892000017, 28.908121059 ], [ 81.025760464000015, 28.911787783 ], [ 81.021178018000015, 28.919857784 ], [ 81.014048568, 28.922800357 ], [ 81.00753294, 28.927549456 ], [ 80.99774187700001, 28.928984388 ], [ 80.987174982000013, 28.934133899 ], [ 80.98105143, 28.938782449 ], [ 80.982345333000012, 28.941480589 ], [ 80.992207827000016, 28.947678322 ], [ 80.998632584, 28.954935598 ], [ 81.003336593000014, 28.957180074 ], [ 81.010538241, 28.956872943 ], [ 81.01794330700001, 28.952340209 ], [ 81.020838153000014, 28.952894757 ], [ 81.026501784, 28.958761155 ], [ 81.028543122000016, 28.963247636 ], [ 81.041831950000017, 28.970045482 ], [ 81.048101215, 28.977986194 ], [ 81.049916462000013, 28.978319372 ], [ 81.05698914300001, 28.973288308 ], [ 81.064967668, 28.970286689 ], [ 81.073093189, 28.970005068 ], [ 81.080864106, 28.967688383 ], [ 81.089473243000015, 28.967788982 ], [ 81.098949765000015, 28.963881967 ], [ 81.107673667000014, 28.966067936 ], [ 81.119247507000011, 28.963509072 ], [ 81.126689092, 28.957440859 ], [ 81.132554685000017, 28.948815676 ], [ 81.142218049, 28.945417553 ], [ 81.146837412000011, 28.938243532 ], [ 81.155421193, 28.933699629 ], [ 81.16878688700001, 28.921454567 ], [ 81.184408556, 28.914894377 ], [ 81.194527782, 28.916229194 ], [ 81.204211410000013, 28.908107326 ], [ 81.219178716000016, 28.906152763 ], [ 81.236636531000016, 28.905990127 ], [ 81.24124014600001, 28.913999249 ], [ 81.245692084000012, 28.915164261 ], [ 81.251723661000014, 28.913729659 ], [ 81.261307409000011, 28.903025468 ], [ 81.266129260000014, 28.902679937 ], [ 81.272407701, 28.907447511 ], [ 81.275784968000011, 28.916272294 ], [ 81.281714996, 28.918770761 ], [ 81.283514952, 28.921636392 ], [ 81.302050736000012, 28.925758121 ], [ 81.309888514, 28.920100687 ], [ 81.316306576000017, 28.920239194 ], [ 81.324197329000015, 28.908102053 ], [ 81.332192915, 28.908935266 ], [ 81.336602597, 28.906984317 ], [ 81.337167761, 28.900003352 ], [ 81.33893228, 28.895715086 ], [ 81.34234068, 28.892701723 ], [ 81.347637126, 28.890202212 ], [ 81.355240224000013, 28.8897786 ], [ 81.37484394, 28.893023488 ], [ 81.387459358000015, 28.899944818 ], [ 81.394399084000014, 28.908526171 ], [ 81.403545205000015, 28.909056239 ], [ 81.414170924, 28.914169527 ], [ 81.418684989000013, 28.910936511 ], [ 81.424568154000013, 28.909361548 ], [ 81.431785899, 28.910667332 ], [ 81.435728344000012, 28.904387968 ], [ 81.440641930000012, 28.900410715 ], [ 81.464945175000011, 28.893676659 ], [ 81.466954944, 28.887416519 ], [ 81.462487292, 28.880603594 ], [ 81.462232543000013, 28.875163348 ], [ 81.465895953000015, 28.869506673 ], [ 81.467399062000013, 28.861937711 ], [ 81.462937095000015, 28.855156283 ], [ 81.46327134, 28.852811318 ], [ 81.474280155000017, 28.849098307 ], [ 81.481698252000015, 28.842814365 ], [ 81.490539707000011, 28.840984462 ], [ 81.490823734, 28.837096703 ], [ 81.49395931, 28.833243602 ], [ 81.498242053000013, 28.821283146 ], [ 81.51009876900001, 28.809332537 ], [ 81.517949178, 28.807037791 ], [ 81.522371202000016, 28.803346004 ], [ 81.523093986, 28.799228522 ], [ 81.518480921, 28.795846776 ], [ 81.51589971300001, 28.788080777 ], [ 81.51547552400001, 28.780455356 ], [ 81.518187777, 28.776952905 ], [ 81.527831881000012, 28.774574002 ], [ 81.535068497000012, 28.761339827 ], [ 81.52954565200001, 28.755737713 ], [ 81.520739107000011, 28.751533177 ], [ 81.520465873, 28.749082088 ], [ 81.542444273000015, 28.748512929 ], [ 81.55387807000001, 28.750108867 ], [ 81.571717433, 28.755434979 ], [ 81.578263043, 28.755538056 ], [ 81.581308068000013, 28.759240376 ], [ 81.582037623, 28.764885861 ], [ 81.579881472000011, 28.780072421 ], [ 81.556894048, 28.79757968 ], [ 81.552221542000012, 28.809593188 ], [ 81.551840988, 28.815868162 ], [ 81.548928646, 28.818905154 ], [ 81.543332451000012, 28.831118256 ], [ 81.537878913000014, 28.836432317 ], [ 81.537842687, 28.842717168 ], [ 81.53192532700001, 28.856122218 ], [ 81.52787432, 28.859569281 ], [ 81.522141487000013, 28.86997055 ], [ 81.515156548, 28.874457166 ], [ 81.510137133000015, 28.883901097 ], [ 81.508984502, 28.889824717 ], [ 81.500467477000015, 28.889524946 ], [ 81.49166253300001, 28.894222457 ], [ 81.483233159, 28.902820545 ], [ 81.480745768, 28.909053245 ], [ 81.473706096000015, 28.916720876 ], [ 81.466535054, 28.92891602 ], [ 81.455910337, 28.931113427 ], [ 81.455026831000012, 28.934892687 ], [ 81.451303893000016, 28.938997258 ], [ 81.4446419, 28.940445161 ], [ 81.443953564000012, 28.958545714 ], [ 81.442246518, 28.960177664 ], [ 81.437152020000013, 28.956702422 ], [ 81.432795357, 28.957111264 ], [ 81.428272784000015, 28.964574384 ], [ 81.424029892, 28.966401533 ], [ 81.422468099000014, 28.970442075 ], [ 81.425655545000012, 28.977693377 ], [ 81.425149819000012, 28.98027113 ], [ 81.421539318000015, 28.98353309 ], [ 81.42023123300001, 28.988055589 ], [ 81.416163228000016, 28.991526337 ], [ 81.415133069, 28.99442599 ], [ 81.410146893, 28.996979 ], [ 81.417308856, 29.000643002 ], [ 81.419037121000017, 29.004325806 ], [ 81.414916898000016, 29.013853487 ], [ 81.417805439, 29.021374385 ], [ 81.425538421000013, 29.023010396 ], [ 81.430024638, 29.029497286 ], [ 81.432728072, 29.037530447 ], [ 81.439669080000016, 29.040298342 ], [ 81.44297233, 29.046969074 ], [ 81.444141430000016, 29.053804701 ], [ 81.459303243, 29.064709943 ], [ 81.466815678, 29.067097694 ], [ 81.469390328, 29.078137447 ], [ 81.500594481, 29.091177951 ], [ 81.509907782000013, 29.090743613 ], [ 81.51478185, 29.095464361 ], [ 81.518087131000016, 29.096595299 ], [ 81.52351950900001, 29.104279778 ], [ 81.53672223, 29.106760783 ], [ 81.551374264, 29.119698893 ], [ 81.565559033000014, 29.1261656 ], [ 81.552419093000012, 29.128584389 ], [ 81.535297347000011, 29.136898572 ], [ 81.53303671, 29.140952102 ], [ 81.533333012000014, 29.146585704 ], [ 81.524673524, 29.1527577 ], [ 81.51833455900001, 29.153628285 ], [ 81.513528412000014, 29.153091898 ], [ 81.51202433600001, 29.151263736 ], [ 81.49909684, 29.151756895 ], [ 81.496951203, 29.154841703 ], [ 81.495257007, 29.168876307 ], [ 81.490679302, 29.169887964 ], [ 81.487322643000013, 29.173017626 ], [ 81.486795978, 29.17592041 ], [ 81.490767406, 29.185039236 ], [ 81.484704600000015, 29.192773682 ], [ 81.482109445, 29.200603665 ], [ 81.485692657000016, 29.210824881 ], [ 81.487041134, 29.226975325 ], [ 81.494828411000015, 29.236328241 ], [ 81.499628149, 29.238870628 ], [ 81.495218648, 29.244862384 ], [ 81.493248664, 29.252275102 ], [ 81.494758937000014, 29.257173413 ], [ 81.491212094, 29.26169788 ], [ 81.487063193000012, 29.263402541 ], [ 81.477636532, 29.264011797 ], [ 81.468066827000015, 29.271904494 ], [ 81.483867288000013, 29.279619042 ], [ 81.490768344, 29.290635476 ], [ 81.500002532000011, 29.29732541 ], [ 81.507967021000013, 29.314621207 ], [ 81.51520776400001, 29.312073916 ], [ 81.518093383, 29.314977058 ], [ 81.523885778, 29.315134933 ], [ 81.528912402, 29.326109221 ], [ 81.535904047000017, 29.331154279 ], [ 81.540458655, 29.332299856 ], [ 81.547374608000013, 29.338258203 ], [ 81.550595414000014, 29.345758543 ], [ 81.550387377, 29.349555684 ], [ 81.558454817000012, 29.357917696 ], [ 81.561055574, 29.351487145 ], [ 81.567028009000012, 29.347850628 ], [ 81.570473693000011, 29.349744309 ], [ 81.572894355000017, 29.353861705 ], [ 81.573175133, 29.36078081 ], [ 81.576288984000016, 29.362869719 ], [ 81.579644781000013, 29.362528046 ], [ 81.581792512, 29.364832982 ], [ 81.599901524, 29.365645961 ], [ 81.609249528, 29.367505098 ], [ 81.613673992000017, 29.3708006 ], [ 81.625599272000017, 29.368875315 ], [ 81.627558990000011, 29.366159345 ], [ 81.634733228000016, 29.364424603 ], [ 81.638269359, 29.361543109 ], [ 81.639143341, 29.355737415 ], [ 81.643092793, 29.356214672 ], [ 81.644092376, 29.354357985 ], [ 81.643993394, 29.343434444 ], [ 81.641949703, 29.334464632 ], [ 81.642483426000013, 29.331827449 ], [ 81.646562373, 29.328081416 ], [ 81.647748389000014, 29.321466678 ], [ 81.664363408000014, 29.31935491 ], [ 81.668528380000012, 29.317071742 ], [ 81.678303844000013, 29.321486334 ], [ 81.682907189, 29.319543327 ], [ 81.69092082600001, 29.320593838 ], [ 81.693938206000013, 29.32546611 ], [ 81.703192914000013, 29.330616877 ], [ 81.716006778, 29.331349544 ], [ 81.729934061, 29.335234929 ], [ 81.740254481, 29.334302906 ], [ 81.745493686, 29.338918044 ], [ 81.747352984000017, 29.346675968 ], [ 81.752315779000014, 29.351822491 ], [ 81.750220649000013, 29.354105686 ], [ 81.751202552, 29.359132354 ], [ 81.749168086000012, 29.362261096 ], [ 81.749681816, 29.366575386 ], [ 81.756540719000014, 29.375692124 ], [ 81.75817969, 29.382343524 ], [ 81.761095905, 29.38661485 ], [ 81.766527616, 29.385755942 ], [ 81.766910544000012, 29.390454382 ], [ 81.76883899900001, 29.39225224 ], [ 81.789346568000013, 29.389042318 ], [ 81.790457419, 29.396048302 ], [ 81.794506368000015, 29.39943229 ], [ 81.797921829, 29.407094493 ], [ 81.796449257, 29.408452096 ], [ 81.796749044, 29.414605774 ], [ 81.799036036, 29.429172065 ], [ 81.802170564, 29.431729118 ], [ 81.805434919, 29.439367009 ], [ 81.80316665, 29.447387975 ], [ 81.808222362, 29.456354768 ], [ 81.807061722000014, 29.466178017 ], [ 81.803913991000016, 29.475167381 ], [ 81.789382938, 29.494902459 ], [ 81.788049840000014, 29.50004852 ], [ 81.78391699, 29.502337499 ], [ 81.779214652, 29.501253162 ], [ 81.762492362, 29.505371737 ], [ 81.769198500000016, 29.509386325 ], [ 81.774903183, 29.508054028 ], [ 81.780625942000015, 29.509188875 ], [ 81.777293003000011, 29.517355438 ], [ 81.781083741, 29.520450448 ], [ 81.782397297, 29.524759749 ], [ 81.785728466, 29.528407641 ], [ 81.79289038600001, 29.530604907 ], [ 81.790388613, 29.540553126 ], [ 81.793582046000012, 29.547837486 ], [ 81.797569925, 29.552162259 ], [ 81.799017163000016, 29.559231429 ], [ 81.798611605, 29.576046469 ], [ 81.789697261000015, 29.590122339 ], [ 81.790465743000013, 29.595765569 ], [ 81.77792413600001, 29.599768771 ], [ 81.773773221000013, 29.605828833 ], [ 81.768820634, 29.606572633 ], [ 81.750477673, 29.604925038 ], [ 81.738549280000015, 29.606230253 ], [ 81.734988803, 29.607763498 ], [ 81.727949136, 29.614995098 ], [ 81.720686605000012, 29.616437739 ], [ 81.720303205, 29.620781701 ], [ 81.716186084000014, 29.620555916 ], [ 81.71307361400001, 29.62525287 ], [ 81.71044095500001, 29.626331608 ], [ 81.709512475000011, 29.632352091 ], [ 81.702854300000013, 29.637205294 ], [ 81.702628558000015, 29.641976905 ], [ 81.699393437000012, 29.642084225 ], [ 81.703610487, 29.645431718 ], [ 81.700334587000015, 29.647492543 ], [ 81.702153257, 29.655528374 ], [ 81.699491319, 29.661941297 ], [ 81.697067048, 29.678329098 ], [ 81.708694314000013, 29.70027213 ], [ 81.714031502000012, 29.722318001 ], [ 81.71991026100001, 29.729205996 ], [ 81.723100566000014, 29.729664497 ], [ 81.727020136, 29.734142753 ], [ 81.726160764000014, 29.737178831 ], [ 81.728304827000017, 29.741599069 ], [ 81.726482159000014, 29.744029253 ], [ 81.726795483, 29.747963324 ], [ 81.732840078, 29.759196099 ], [ 81.730183075000014, 29.769222806 ], [ 81.736145995000015, 29.776919225 ], [ 81.737229144000011, 29.784662949 ], [ 81.740238899, 29.789330799 ], [ 81.73962293000001, 29.792241518 ], [ 81.746721977, 29.794633013 ], [ 81.753004105000016, 29.798736088 ], [ 81.755359192000014, 29.796828113 ], [ 81.758222413000013, 29.797425159 ], [ 81.76452172, 29.801829829 ], [ 81.773657848000013, 29.798156739 ], [ 81.780360644000012, 29.807066991 ], [ 81.779196109000011, 29.814390473 ], [ 81.782785224, 29.822252031 ], [ 81.781601275000014, 29.824927201 ], [ 81.783387743, 29.830523636 ], [ 81.783017234000013, 29.837249308 ], [ 81.780781067, 29.839285649 ], [ 81.789183779000012, 29.843315822 ], [ 81.794210366000016, 29.848849806 ], [ 81.791544516000016, 29.85380974 ], [ 81.795263825, 29.860407044 ], [ 81.797212974, 29.878804025 ], [ 81.796344007000016, 29.890442727 ], [ 81.793638160000015, 29.895542709 ], [ 81.79573378500001, 29.896962292 ], [ 81.798738939, 29.896698295 ], [ 81.798901945000011, 29.902042606 ], [ 81.788677647000014, 29.909632687 ], [ 81.785575498000014, 29.910366138 ], [ 81.78263474500001, 29.908568017 ], [ 81.779972253000011, 29.911071556 ], [ 81.769366048, 29.909532492 ], [ 81.761794722, 29.912393369 ], [ 81.754987225, 29.908548763 ], [ 81.745944527, 29.908643067 ], [ 81.742212501000012, 29.907304142 ], [ 81.733384201, 29.907942148 ], [ 81.731330868000015, 29.910815724 ], [ 81.726555808000015, 29.912348702 ], [ 81.715999245, 29.90943152 ], [ 81.710783061000015, 29.914315675 ], [ 81.709651427000011, 29.926880037 ], [ 81.697482826000012, 29.931500933 ], [ 81.698977317000015, 29.937952532 ], [ 81.697935770000015, 29.941487809 ], [ 81.687789776000017, 29.949085516 ], [ 81.670714522000011, 29.940688576 ], [ 81.665146668, 29.940295037 ], [ 81.657412361000013, 29.943399012 ], [ 81.653067093, 29.942863504 ], [ 81.645628019000014, 29.948164339 ], [ 81.637156427, 29.944905844 ], [ 81.63444362300001, 29.940832067 ], [ 81.626618992, 29.938375004 ], [ 81.621451744000012, 29.939473082 ], [ 81.618650896, 29.938509634 ], [ 81.612895914, 29.943239108 ], [ 81.605997344000016, 29.937244455 ], [ 81.605165168000013, 29.932496081 ], [ 81.602632244, 29.930164266 ], [ 81.596887761, 29.93138801 ], [ 81.59103389, 29.930665623 ], [ 81.58490206, 29.936861581 ], [ 81.57756349600001, 29.93390326 ], [ 81.570219073, 29.933470576 ], [ 81.564299683000016, 29.930875242 ], [ 81.559647843, 29.926156312 ], [ 81.555389848, 29.927119412 ], [ 81.549373744, 29.923168204 ], [ 81.542245465, 29.927097425 ], [ 81.53491952600001, 29.927585217 ], [ 81.52832024300001, 29.924102332 ], [ 81.516886213, 29.922785301 ], [ 81.512000688000015, 29.916152986 ], [ 81.516940532, 29.904344419 ], [ 81.503992639, 29.892884827 ], [ 81.495618338000014, 29.890024984 ], [ 81.492737661, 29.887171339 ], [ 81.47985490500001, 29.89205683 ], [ 81.470691640000013, 29.889834354 ], [ 81.46449980300001, 29.893381623 ], [ 81.456432710000016, 29.901193465 ], [ 81.457046294, 29.905745168 ], [ 81.461669901, 29.913321014 ], [ 81.460104657000016, 29.918058483 ], [ 81.462692312000016, 29.920967994 ], [ 81.460354017000014, 29.924000738 ], [ 81.45903318500001, 29.931838605 ], [ 81.454785467, 29.934758397 ], [ 81.458605553000012, 29.942637078 ], [ 81.452876101000015, 29.949037585 ], [ 81.452762829, 29.95116938 ], [ 81.46692889900001, 29.960746292 ], [ 81.468690543, 29.963699161 ], [ 81.468297089, 29.971220319 ], [ 81.470192106000013, 29.973157724 ], [ 81.470053029000013, 29.975113724 ], [ 81.460719248, 29.985688724 ], [ 81.463238983000011, 29.995197858 ], [ 81.457159465, 30.000975044 ], [ 81.454513867, 30.002432183 ], [ 81.444535289000015, 30.003012056 ], [ 81.440271681000013, 30.006946377 ], [ 81.430255296000013, 30.007588493 ], [ 81.419226971000015, 30.012750732 ], [ 81.412641399, 30.018628899 ], [ 81.404826266000015, 30.019661385 ], [ 81.401339441, 30.022827351 ], [ 81.399552207000013, 30.018105461 ], [ 81.390234572000011, 30.016883889 ], [ 81.383926624000011, 30.013591429 ], [ 81.381950696, 30.007216505 ], [ 81.376616567000013, 30.006467255 ], [ 81.374816878, 30.009939028 ], [ 81.368102596000014, 30.010943592 ], [ 81.362867841000011, 30.009573277 ], [ 81.357050811, 30.010554545 ], [ 81.346461809, 30.018785936 ], [ 81.331776423, 30.024128672 ], [ 81.318661514000013, 30.025600045 ], [ 81.314620382000015, 30.032705444 ], [ 81.309794918, 30.032856678 ], [ 81.306857666000013, 30.031047934 ], [ 81.291048898000014, 30.034985851 ], [ 81.284669043, 30.037546211 ], [ 81.28136833, 30.043478418 ], [ 81.271969156000011, 30.045266437 ], [ 81.263990912000011, 30.043349762 ], [ 81.262030491, 30.039932184 ], [ 81.250020980000016, 30.038609025 ], [ 81.23742352, 30.031834375 ], [ 81.253268421000016, 30.023637798 ], [ 81.253656873000011, 30.01969674 ], [ 81.245404719, 30.011211558 ], [ 81.239954633000011, 30.012565859 ], [ 81.23172141500001, 30.007699773 ], [ 81.217472444, 30.007311309 ], [ 81.214215775000014, 30.014031191 ], [ 81.210703856, 30.015611182 ], [ 81.207727620000014, 30.020444873 ], [ 81.203984981, 30.022018299 ], [ 81.200798367, 30.021414189 ], [ 81.194828289000014, 30.022880223 ], [ 81.184025924000011, 30.010792974 ], [ 81.177699095, 30.015100546 ], [ 81.171049334, 30.014464268 ], [ 81.163714599000016, 30.010528731 ], [ 81.156351329, 30.01245264 ], [ 81.149355556, 30.011578881 ], [ 81.14407864, 30.016269368 ], [ 81.133359932, 30.016046123 ], [ 81.123973400000011, 30.020232414 ], [ 81.122150446, 30.028500421 ], [ 81.118170707, 30.034230699 ], [ 81.110772201, 30.035653593 ], [ 81.107677435000014, 30.03958293 ], [ 81.106660240000011, 30.0443744 ], [ 81.099230644000016, 30.047693488 ], [ 81.090912177, 30.054222323 ], [ 81.098920143000015, 30.064677374 ], [ 81.100835640000014, 30.074811939 ], [ 81.107229645, 30.077813424 ], [ 81.106160768, 30.079264524 ], [ 81.108498291, 30.08452468 ], [ 81.108115658, 30.088025407 ], [ 81.104645518000012, 30.091201622 ], [ 81.101982032, 30.097128775 ], [ 81.098329174000014, 30.100014015 ], [ 81.094665102, 30.100812892 ], [ 81.087062931, 30.098977717 ], [ 81.08123602, 30.10052643 ], [ 81.084497339, 30.106713323 ], [ 81.084532595000013, 30.116871798 ], [ 81.078283071000016, 30.124654727 ], [ 81.082851249000015, 30.135753172 ], [ 81.081811482, 30.141309005 ], [ 81.083163676000012, 30.148189495 ], [ 81.077395918, 30.154882597 ], [ 81.064117745, 30.158775866 ], [ 81.061598622, 30.167792039 ], [ 81.05697691, 30.169889404 ], [ 81.056165149, 30.173403747 ], [ 81.051727165, 30.17894485 ], [ 81.043903277000013, 30.180585217 ], [ 81.042499558, 30.193594963 ], [ 81.033585792000011, 30.197018958 ], [ 81.035271409, 30.198410098 ], [ 81.034112081, 30.201322181 ], [ 81.043393678000015, 30.204709294 ], [ 81.045658509, 30.207297765 ], [ 81.04513947, 30.210056308 ], [ 81.04004964, 30.215448417 ], [ 81.029052583, 30.219840293 ], [ 81.029427928, 30.225711115 ], [ 81.025812029, 30.227024443 ], [ 81.028883066, 30.232964543 ], [ 81.026641596, 30.234672414 ], [ 81.020529561, 30.234804322 ], [ 81.012438098, 30.239426651 ], [ 81.005468914, 30.240559328 ], [ 80.99813966, 30.24512661 ], [ 80.988723745000016, 30.246722959 ], [ 80.982122641, 30.243979697 ], [ 80.976192314000016, 30.237895885 ], [ 80.95957798900001, 30.237632443 ], [ 80.935749515000012, 30.234765342 ], [ 80.927494700000011, 30.235785014 ], [ 80.921215077000014, 30.23159308 ], [ 80.915730266000011, 30.224575364 ], [ 80.907603324, 30.221101089 ], [ 80.902436469, 30.214159682 ], [ 80.897265404, 30.212261171 ], [ 80.894227927, 30.206099217 ], [ 80.884001917, 30.194324079 ], [ 80.885469131, 30.188226739 ], [ 80.880147236000013, 30.18123921 ], [ 80.87130667400001, 30.175774928 ], [ 80.868211229000011, 30.175663648 ], [ 80.863154093, 30.169546226 ], [ 80.863438087, 30.167620413 ], [ 80.8670098, 30.166586557 ], [ 80.871396355000016, 30.16092084 ], [ 80.870966733, 30.153233879 ], [ 80.878729517000011, 30.132457451 ], [ 80.877574118000013, 30.128498125 ], [ 80.874060954000015, 30.126216795 ], [ 80.868031926000015, 30.12534024 ], [ 80.86257063, 30.120918527 ], [ 80.855047680000013, 30.120238308 ], [ 80.854276372000015, 30.118830056 ], [ 80.8449992, 30.116022703 ], [ 80.841896537000011, 30.110411945 ], [ 80.846173761, 30.106612111 ], [ 80.845301705000011, 30.102316695 ], [ 80.837154661000014, 30.097446365 ], [ 80.829562462000013, 30.097222477 ], [ 80.826306177, 30.10003073 ], [ 80.822580254000016, 30.099888196 ], [ 80.819211394, 30.096888375 ], [ 80.815486356, 30.096348629 ], [ 80.814016491, 30.092954307 ], [ 80.80585111, 30.089640579 ], [ 80.801711626000014, 30.08559941 ], [ 80.799542255, 30.080875456 ], [ 80.78989402900001, 30.073094885 ], [ 80.789146447, 30.069304484 ], [ 80.779510989000016, 30.056651374 ], [ 80.77616080300001, 30.054336113 ], [ 80.765643231000013, 30.051949581 ], [ 80.761275, 30.049496822 ], [ 80.758457588000013, 30.045043895 ], [ 80.759427605000013, 30.043518739 ], [ 80.755766052000013, 30.039598753 ], [ 80.755557026, 30.03166819 ], [ 80.758306841, 30.027577301 ], [ 80.757595876000011, 30.023892829 ], [ 80.754249895000015, 30.02040193 ], [ 80.749502119000013, 30.008869777 ], [ 80.744746794, 30.003991054 ], [ 80.738147592, 29.999512269 ], [ 80.719640691, 30.000306459 ], [ 80.712394174000011, 29.990170515 ], [ 80.70461807, 29.985712278 ], [ 80.70057266100001, 29.979983208 ], [ 80.69711802, 29.979494897 ], [ 80.690103264000015, 29.974166939 ], [ 80.683770445, 29.966925358 ], [ 80.68269384700001, 29.962941846 ], [ 80.674171992000012, 29.957176349 ], [ 80.65647759, 29.955169128 ], [ 80.648679027000014, 29.955910897 ], [ 80.640772241, 29.959712625 ], [ 80.638013881, 29.96285148 ], [ 80.629896775, 29.965140786 ], [ 80.621505451, 29.963973478 ], [ 80.608776108000015, 29.958602015 ], [ 80.604009072000011, 29.958874242 ], [ 80.595464598, 29.953040437 ], [ 80.581452492000011, 29.936310662 ], [ 80.578300186, 29.928192204 ], [ 80.574334561000015, 29.923463228 ], [ 80.569780302000012, 29.909004355 ], [ 80.572722748, 29.895255445 ], [ 80.566006687000012, 29.879212757 ], [ 80.556978009, 29.870614147 ], [ 80.557550277, 29.868568035 ], [ 80.561658558, 29.866402916 ], [ 80.55487519, 29.862042933 ], [ 80.551611605, 29.856510416 ], [ 80.553594952000012, 29.853034645 ], [ 80.552787418, 29.850399759 ], [ 80.548585252, 29.850089986 ], [ 80.543756791, 29.846275101 ], [ 80.538983685, 29.847151707 ], [ 80.535912623000016, 29.838667037 ], [ 80.531269269, 29.838215333 ], [ 80.528252387, 29.833542489 ], [ 80.523885387, 29.83208776 ], [ 80.524006230000012, 29.829185473 ], [ 80.521842125, 29.827043838 ], [ 80.507350559000017, 29.823099843 ], [ 80.49747817, 29.811579937 ], [ 80.50036144500001, 29.808708307 ], [ 80.495568356, 29.804774558 ], [ 80.495019787, 29.80219667 ], [ 80.492796095, 29.802043782 ], [ 80.494612780000011, 29.798405837 ], [ 80.493431802, 29.795536844 ], [ 80.479647697, 29.795699846 ], [ 80.464030864, 29.802273092 ], [ 80.454310327000016, 29.802434082 ], [ 80.449140841000016, 29.799203075 ], [ 80.444245204000012, 29.799128459 ], [ 80.435453740000014, 29.806071943 ], [ 80.429012068, 29.798102681 ], [ 80.416053141, 29.795707123 ], [ 80.413216844, 29.791848954 ], [ 80.406975412, 29.794451005 ], [ 80.407213798000015, 29.784006872 ], [ 80.403755497, 29.781762855 ], [ 80.404721482000014, 29.778392998 ], [ 80.399978333, 29.773837934 ], [ 80.396445398000012, 29.765102156 ], [ 80.397623205000016, 29.759286096 ], [ 80.394532521000016, 29.758311212 ], [ 80.390228579, 29.760375464 ], [ 80.385252295000015, 29.758539015 ], [ 80.385873028, 29.750419792 ], [ 80.372451271, 29.749161433 ], [ 80.368125780000014, 29.75064524 ], [ 80.365320048000015, 29.746332802 ], [ 80.364214675000014, 29.740145187 ], [ 80.369766065, 29.734427045 ], [ 80.366233122000011, 29.729921617 ], [ 80.366489058000013, 29.723999867 ], [ 80.368534314000016, 29.721697797 ], [ 80.373200984, 29.721652297 ], [ 80.375589497, 29.719852371 ], [ 80.3721093, 29.715309134 ], [ 80.374562626000014, 29.712873519 ], [ 80.377224301000012, 29.702458788 ], [ 80.379962885000012, 29.701034893 ], [ 80.380469577000014, 29.688559705 ], [ 80.385330090000011, 29.68508628 ], [ 80.383424941000015, 29.679488223 ], [ 80.384591425000011, 29.674405157 ], [ 80.390168524, 29.671074727 ], [ 80.389415123, 29.667417251 ], [ 80.390961087, 29.664169639 ], [ 80.39904700400001, 29.662399844 ], [ 80.39819811400001, 29.658854855 ], [ 80.405757306000012, 29.660007652 ], [ 80.410143617, 29.653704988 ], [ 80.414605874, 29.653984142 ], [ 80.416625520000011, 29.65096839 ], [ 80.414120033, 29.644348548 ], [ 80.42032007600001, 29.639142929 ], [ 80.419495709, 29.634035026 ], [ 80.421028379, 29.629790009 ], [ 80.41816582700001, 29.626382796 ], [ 80.410747744, 29.625012584 ], [ 80.408128809, 29.620029711 ], [ 80.40826455700001, 29.615133488 ], [ 80.405797244000013, 29.612846611 ], [ 80.409021056000014, 29.60475229 ], [ 80.408076522000016, 29.595391975 ], [ 80.403293274, 29.58958509 ], [ 80.391530143000011, 29.581625948 ], [ 80.390305610000013, 29.574619033 ], [ 80.388021783000013, 29.571771024 ], [ 80.379193563000015, 29.571495505 ], [ 80.378916762, 29.561341898 ], [ 80.363727430000012, 29.564082705 ], [ 80.362404590000011, 29.561559114 ], [ 80.364112746, 29.556629912 ], [ 80.35732083, 29.555076977 ], [ 80.348962910000012, 29.555331727 ], [ 80.342776987, 29.552932941 ], [ 80.345743711000011, 29.548616884 ], [ 80.341657615, 29.542784135 ], [ 80.341919866000012, 29.54033587 ], [ 80.348642754000011, 29.540490813 ], [ 80.35807852100001, 29.53254524 ], [ 80.355554755000014, 29.527809843 ], [ 80.348593332, 29.52415573 ], [ 80.34973444500001, 29.518928361 ], [ 80.341362362000012, 29.509979917 ], [ 80.332405983000015, 29.512935155 ], [ 80.328795163, 29.505356265 ], [ 80.313944989, 29.499070927 ], [ 80.312940103, 29.496629708 ], [ 80.314730401, 29.489881304 ], [ 80.313147953000012, 29.484538664 ], [ 80.304588855, 29.486023483 ], [ 80.300924099000014, 29.490596632 ], [ 80.299165402000014, 29.49060536 ], [ 80.296136484000016, 29.488074437 ], [ 80.296396521, 29.483460939 ], [ 80.293117105, 29.47890308 ], [ 80.286723891, 29.476895316 ], [ 80.287558528, 29.472833022 ], [ 80.296605667, 29.460443863 ], [ 80.301665157000016, 29.456676592 ], [ 80.30258408600001, 29.453119876 ], [ 80.297729601000015, 29.450831972 ], [ 80.294534119, 29.453787966 ], [ 80.28843220200001, 29.450101428 ], [ 80.286130368000016, 29.451683813 ], [ 80.28056964400001, 29.450936567 ], [ 80.279070677, 29.453946452 ], [ 80.280572726, 29.457624436 ], [ 80.276297047000014, 29.458564297 ], [ 80.269261257000011, 29.455061354 ], [ 80.274132375, 29.452642953 ], [ 80.274366705, 29.449545061 ], [ 80.269863680000014, 29.450691086 ], [ 80.266994920000016, 29.448559628 ], [ 80.258218199000012, 29.451813153 ], [ 80.255720539, 29.448073039 ], [ 80.24530724200001, 29.446507686 ], [ 80.243043533, 29.443794915 ], [ 80.243106317000013, 29.441149478 ], [ 80.246953779, 29.437760843 ], [ 80.247556619, 29.434721513 ], [ 80.244073959, 29.42348703 ], [ 80.246046554, 29.416117936 ], [ 80.241730968000013, 29.411616121 ], [ 80.246061502, 29.407413757 ], [ 80.254067767, 29.404061858 ], [ 80.264200609000014, 29.397225124 ], [ 80.271846277, 29.395219029 ], [ 80.27474010200001, 29.393042332 ], [ 80.27565463, 29.391249575 ], [ 80.273016883000011, 29.386214268 ], [ 80.279006617, 29.378577746 ], [ 80.271386303000014, 29.373693553 ], [ 80.271209158, 29.364539288 ], [ 80.279424484, 29.35946599 ], [ 80.280222768000016, 29.346279491 ], [ 80.284714990000012, 29.340644326 ], [ 80.290605494, 29.336735141 ], [ 80.290978099000014, 29.33069209 ], [ 80.296289909, 29.324248822 ], [ 80.308487383000013, 29.322846413 ], [ 80.317004028000014, 29.314797023 ], [ 80.316011829, 29.308243816 ], [ 80.318574796, 29.303930628 ], [ 80.318038778000016, 29.301669959 ], [ 80.311473961, 29.291612265 ], [ 80.306203726, 29.28901582 ], [ 80.304378095, 29.285316085 ], [ 80.304087829000011, 29.272858879 ], [ 80.299259370000016, 29.260587726 ], [ 80.300288191, 29.255030699 ], [ 80.298648624, 29.249669434 ], [ 80.300437559000017, 29.242144974 ], [ 80.290780046, 29.231612037 ], [ 80.296138908, 29.221431247 ], [ 80.29410522, 29.211211371 ], [ 80.297369743, 29.205115733 ], [ 80.293351163000011, 29.197305731 ], [ 80.287325522, 29.195225668 ], [ 80.275084764000013, 29.207096905 ], [ 80.2609024, 29.206746394 ], [ 80.257920808, 29.210744857 ], [ 80.256101735000016, 29.219471015 ], [ 80.252786472000011, 29.221484849 ], [ 80.248406204, 29.221043025 ], [ 80.24719020900001, 29.215333922 ], [ 80.244552615, 29.212465662 ], [ 80.240890582, 29.202490744 ], [ 80.241982653, 29.200426263 ], [ 80.250173603, 29.195667808 ], [ 80.258013221000013, 29.187381368 ], [ 80.26072767, 29.174701468 ], [ 80.258483542, 29.170498086 ], [ 80.258441432000012, 29.165812775 ], [ 80.265730187, 29.153532454 ], [ 80.27193319300001, 29.146724855 ], [ 80.272916226, 29.144012059 ], [ 80.271750789, 29.142122285 ], [ 80.254173885000014, 29.137992465 ], [ 80.248904744000015, 29.129008057 ], [ 80.244417450000014, 29.127130868 ], [ 80.233378532, 29.11850336 ], [ 80.209806832000012, 29.121880827 ], [ 80.203529326, 29.12937536 ], [ 80.196707114, 29.130785085 ], [ 80.183555256, 29.137127458 ], [ 80.17819712, 29.128570574 ], [ 80.167875014, 29.125791089 ], [ 80.164017489, 29.117006118 ], [ 80.144754209000013, 29.103425105 ], [ 80.12859769100001, 29.061099703 ], [ 80.136581944000014, 29.058927188 ], [ 80.12654398, 29.031751372 ], [ 80.131455640000013, 29.030432053 ], [ 80.124672706000013, 29.013100475 ], [ 80.13637953300001, 29.009623565 ], [ 80.135691098, 29.007320585 ], [ 80.126909569, 29.006068287 ], [ 80.118041338000012, 28.981718967 ], [ 80.100349310000013, 28.986498874 ], [ 80.096165303, 28.975334498 ], [ 80.05858451600001, 28.91645152 ], [ 80.064849966000011, 28.837401124 ], [ 80.075086512000013, 28.824411084 ], [ 80.118217868000016, 28.828848106 ], [ 80.138567001000013, 28.81390668 ], [ 80.171043291, 28.782409756 ], [ 80.216155604, 28.755433743 ], [ 80.233590104000015, 28.75934152 ], [ 80.241568437000012, 28.756205844 ], [ 80.251558556, 28.757434534 ], [ 80.261037056, 28.750416988 ], [ 80.265170846, 28.743584114 ], [ 80.26310358, 28.734342078 ], [ 80.256299770000012, 28.729434644 ], [ 80.277671899000012, 28.71002627 ], [ 80.29374974800001, 28.711376708 ], [ 80.296977770000012, 28.709785082 ], [ 80.299010667, 28.70647504 ], [ 80.307990471000011, 28.704714373 ], [ 80.31737870100001, 28.699891684 ], [ 80.322003762, 28.691475837 ], [ 80.32275062, 28.685783565 ], [ 80.321332069, 28.681332464 ], [ 80.326042476000012, 28.669880463 ], [ 80.325997597000011, 28.666406224 ], [ 80.347405237, 28.654394911 ], [ 80.353446038000016, 28.650358796 ], [ 80.355758901000016, 28.646837151 ], [ 80.360456533, 28.645429151 ], [ 80.357283161000012, 28.640733239 ], [ 80.360824382, 28.635572825 ], [ 80.36765826700001, 28.635297994 ], [ 80.370997919, 28.632416989 ], [ 80.371392165, 28.629170422 ], [ 80.374357311000011, 28.630059374 ], [ 80.376435677, 28.628385992 ], [ 80.38296500300001, 28.630694417 ], [ 80.386198078, 28.629725545 ], [ 80.414781353, 28.639222872 ], [ 80.418494038, 28.639083242 ], [ 80.424064933000011, 28.637164675 ], [ 80.432470848, 28.63733101 ], [ 80.437748096, 28.635385879 ], [ 80.442669718, 28.628546012 ], [ 80.45169105, 28.628686608 ], [ 80.456320248000011, 28.623652069 ], [ 80.460612505000014, 28.621683991 ], [ 80.461778892000012, 28.618690595 ], [ 80.459691193000012, 28.617608422 ], [ 80.463000439000012, 28.617089197 ], [ 80.46439834200001, 28.614994472 ], [ 80.461932108000013, 28.615458462 ], [ 80.460366532, 28.613843781 ], [ 80.462600749, 28.612614172 ], [ 80.466249932000011, 28.60081669 ], [ 80.471811459, 28.590289801 ], [ 80.471052775, 28.584647066 ], [ 80.468313292, 28.58344527 ], [ 80.47549132, 28.583139323 ], [ 80.481176511000015, 28.585423864 ], [ 80.483793767, 28.582128952 ], [ 80.495019405, 28.575383153 ], [ 80.499853584, 28.569761233 ], [ 80.506496017, 28.568125216 ], [ 80.515302859000016, 28.557393945 ], [ 80.517691743000015, 28.551873113 ], [ 80.519966959000016, 28.55434016 ], [ 80.523008815000011, 28.553044691 ], [ 80.530778401, 28.572323865 ], [ 80.529949972000011, 28.574942361 ], [ 80.525669705000013, 28.573312274 ], [ 80.521671067000014, 28.576957387 ], [ 80.514876831, 28.615980857 ], [ 80.511386998, 28.623807586 ], [ 80.503585924, 28.665272002 ], [ 80.506211164, 28.671049932 ], [ 80.539901398000012, 28.690695566 ], [ 80.550142676, 28.691632351 ], [ 80.56873026400001, 28.687963792 ], [ 80.590460244000013, 28.679786067 ], [ 80.580237110000013, 28.661339789 ], [ 80.597643073000015, 28.656016808 ], [ 80.589770397, 28.647795228 ], [ 80.60629963800001, 28.652423684 ], [ 80.611622490000016, 28.63935709 ], [ 80.633322756000013, 28.637375975 ], [ 80.641561542, 28.643328769 ], [ 80.651283115000012, 28.633974009 ], [ 80.667659513, 28.641949277 ], [ 80.670807796, 28.628401077 ], [ 80.679608158, 28.620521918 ], [ 80.677440767, 28.604404892 ], [ 80.695766726000016, 28.603432081 ], [ 80.690323908000011, 28.587136343 ], [ 80.703965808, 28.578828782 ], [ 80.714675958000015, 28.567944238 ], [ 80.724572943000013, 28.574861089 ], [ 80.738805585, 28.565939905 ], [ 80.738455002, 28.574274938 ], [ 80.768020368, 28.565679411 ], [ 80.769581842, 28.549766221 ], [ 80.78276922, 28.546848405 ], [ 80.789585160000016, 28.543432369 ], [ 80.784597121, 28.529342742 ], [ 80.789051405, 28.524427191 ], [ 80.799811057000014, 28.521183624 ], [ 80.815522055000017, 28.520720796 ], [ 80.830046222, 28.511803865 ], [ 80.843592508000015, 28.499779897 ], [ 80.844535697000012, 28.495471997 ], [ 80.855342829, 28.49717141 ], [ 80.865603617, 28.489626673 ], [ 80.861621491, 28.504207644 ], [ 80.875896276, 28.509823048 ], [ 80.896162902000015, 28.505713805 ], [ 80.899814112000016, 28.50055939 ], [ 80.908669706000012, 28.497637333 ], [ 80.90703236600001, 28.489740234 ], [ 80.901480182000014, 28.485759035 ], [ 80.905770663000013, 28.465848375 ], [ 80.915700569, 28.45770619 ], [ 80.914532754, 28.467875545 ], [ 80.919622065000013, 28.463815547 ], [ 80.917644522, 28.459807707 ], [ 80.930641854000015, 28.457680814 ], [ 80.932440087, 28.463118644 ], [ 80.942602810000011, 28.468503895 ], [ 80.945305418, 28.466190331 ], [ 80.932336983000013, 28.458662931 ], [ 80.944775231, 28.454792819 ], [ 80.951653722, 28.455654949 ], [ 80.95180283, 28.447598824 ], [ 80.964137873000013, 28.449651097 ], [ 80.96710585400001, 28.457056073 ], [ 80.979894585000011, 28.455321391 ], [ 80.964906221, 28.444791808 ], [ 80.968144873000014, 28.442947207 ], [ 80.965369830000014, 28.437800525 ], [ 80.979154828, 28.434414822 ], [ 80.977911804000016, 28.442556613 ], [ 80.989240407000011, 28.441711957 ], [ 80.999766095000012, 28.454068566 ], [ 81.017519287000013, 28.45170088 ], [ 81.013049918, 28.438289382 ], [ 81.019267367000012, 28.431748442 ], [ 81.029639977000016, 28.438618433 ], [ 81.033828076, 28.427989345 ], [ 81.016804953, 28.415832574 ], [ 81.021073584, 28.410404005 ], [ 81.032382736000017, 28.398817095 ], [ 81.034885915, 28.413428771 ], [ 81.046001023000017, 28.410068533 ], [ 81.067386184000014, 28.394511116 ], [ 81.067114828000015, 28.399630138 ], [ 81.059423057, 28.407502687 ], [ 81.059567249000011, 28.409950462 ], [ 81.064554962000017, 28.420851513 ], [ 81.068599458, 28.425857912 ], [ 81.076879527, 28.433496931 ], [ 81.08586773, 28.438423087 ], [ 81.090639849000013, 28.456973426 ], [ 81.094632949000015, 28.459833585 ], [ 81.098920062, 28.459413177 ], [ 81.109008286, 28.461476487 ], [ 81.114837942, 28.472580217 ], [ 81.120775596000016, 28.475151428 ], [ 81.129953363000013, 28.482226822 ], [ 81.13796463700001, 28.490917992 ], [ 81.147357032000016, 28.49598639 ], [ 81.148136659000016, 28.496991743 ], [ 81.145513652, 28.496286151 ], [ 81.147308752000015, 28.498237929 ], [ 81.153222577, 28.502003405 ], [ 81.160173892, 28.501465167 ], [ 81.162785660000011, 28.513430152 ], [ 81.167662816, 28.520729036 ], [ 81.168115323, 28.52422753 ], [ 81.199692675, 28.554545675 ], [ 81.220942381000015, 28.568298917 ], [ 81.232459667000015, 28.577576513 ], [ 81.248945594, 28.594462341 ], [ 81.259630543000014, 28.612137961 ], [ 81.268794768, 28.617863733 ], [ 81.27070788, 28.629624664 ], [ 81.281996375, 28.639351779 ], [ 81.287743318000011, 28.648645425 ], [ 81.287436114000016, 28.663530663 ], [ 81.285338365000015, 28.673314477 ] ] ] } }
]
}
