Verified,Title,Description,Source,Hazard,Incident on,Province,District,Municipality,Ward,Total estimated loss (NPR),Agriculture economic loss (NPR),Infrastructure economic loss (NPR),Total infrastructure destroyed,House destroyed,House affected,Total livestock destroyed,Total - People Death,Male - People Death,Female - People Death,Unknown - People Death,Disabled - People Death,Total - People Missing,Male - People Missing,Female - People Missing,Unknown - People Missing,Disabled - People Missing,Total - People Injured,Male - People Injured,Female - People Injured,Unknown - People Injured,Disabled - People Injured
Yes,"Landslide at Aulise , Barahtal Rural Municipality-8",,other,Landslide,2026-09-13,Karnali,Surkhet,Barahtal,8,,0,0,0,0,0,0,0,0,0,0,0,0,0,0,0,0,0,0,0,0,0
Yes,"Landslide at Ghattekhola , Jugal Rural Municipality-2",,other,Landslide,2026-09-13,Bagmati,Sindhupalchok,Jugal,2,,0,0,0,0,0,0,0,0,0,0,0,0,0,0,0,0,0,0,0,0,0
Yes,Landslide at Ilam Municipality-12,,other,Landslide,2026-09-12,Koshi,Ilam,Ilam,12,,0,0,0,0,0,0,0,0,0,0,0,0,0,0,0,0,0,0,0,0,0
Yes,"Landslide at Nelbot , Pokhara Metropolitan City-25",,other,Landslide,2026-09-12,Gandaki,Kaski,Pokhara,25,,0,0,0,0,0,0,0,0,0,0,0,0,0,0,0,0,0,0,0,0,0
Yes,Landslide at Apihimal Rural Municipality-6,,other,Landslide,2026-09-12,Sudurpashchim,Darchula,Apihimal,6,,0,0,1,1,0,0,0,0,0,0,0,0,0,0,0,0,0,0,0,0,0
Yes,Landslide at Dharche Rural Municipality-5,,other,Landslide,2026-09-12,Gandaki,Gorkha,Dharche,5,,0,0,0,0,0,0,0,0,0,0,0,0,0,0,0,0,0,0,0,0,0
Yes,"Landslide at Chankhu , Bigu Rural Municipality-1",,other,Landslide,2026-09-12,Bagmati,Dolakha,Bigu,1,,0,0,0,0,0,0,0,0,0,0,0,0,0,0,0,0,1,0,0,1,0
Yes,"Landslide at Kasthali Laphra , Gokulganga Rural Municipality-4",,other,Landslide,2026-09-12,Bagmati,Ramechhap,Gokulganga,4,,0,0,0,0,0,1,0,0,0,0,0,0,0,0,0,0,0,0,0,0,0
Yes,Landslide at Inaruwa Municipality-8,,other,Landslide,2026-09-11,Koshi,Sunsari,Inaruwa,8,,0,0,0,0,0,0,0,0,0,0,0,0,0,0,0,0,0,0,0,0,0
Yes,Landslide at Solududhkunda Municipality-6,,other,Landslide,2026-09-11,Koshi,Solukhumbu,Solududhkunda,6,,0,0,0,0,0,0,0,0,0,0,0,0,0,0,0,0,0,0,0,0,0
Yes,Landslide at Barahtal Rural Municipality-8,,other,Landslide,2026-09-11,Karnali,Surkhet,Barahtal,8,,0,0,0,0,0,0,0,0,0,0,0,0,0,0,0,0,0,0,0,0,0
Yes,Landslide at Kamalamai Municipality-5,,other,Landslide,2026-09-11,Bagmati,Sindhuli,Kamalamai,5,,0,0,0,0,0,0,0,0,0,0,0,0,0,0,0,0,0,0,0,0,0
Yes,Landslide at Suryagadhi Rural Municipality-4,,other,Landslide,2026-09-11,Bagmati,Nuwakot,Suryagadhi,4,,0,0,0,0,0,0,1,1,0,0,0,0,0,0,0,0,0,0,0,0,0
Yes,Landslide at Barhadashi Rural Municipality-7,,other,Landslide,2026-09-11,Koshi,Jhapa,Barhadashi,7,27000,0,0,0,0,1,0,0,0,0,0,0,0,0,0,0,0,0,0,0,0,0
Yes,"Landslide at Halle , Gokulganga Rural Municipality-4",,other,Landslide,2026-09-10,Bagmati,Ramechhap,Gokulganga,4,,0,0,0,0,0,0,0,0,0,0,0,0,0,0,0,0,0,0,0,0,0
Yes,"Landslide at Gagene, Pachaljharana Rural Municipality-3",,other,Landslide,2026-09-10,Karnali,Kalikot,Pachaljharana,3,,0,0,0,0,0,0,0,0,0,0,0,0,0,0,0,0,0,0,0,0,0
Yes,Landslide at Bharatpur Metropolitan City-29,,other,Landslide,2026-09-10,Bagmati,Chitwan,Bharatpur,29,,0,0,0,0,0,0,0,0,0,0,0,0,0,0,0,0,0,0,0,0,0
Yes,Landslide at Rautamai Rural Municipality-7,,other,Landslide,2026-09-10,Koshi,Udayapur,Rautamai,7,,0,0,1,1,0,0,0,0,0,0,0,0,0,0,0,0,0,0,0,0,0
Yes,"Landslide at Dudhkhola, Inaruwa Municipality-8",,other,Landslide,2026-09-10,Koshi,Sunsari,Inaruwa,8,,0,0,0,0,0,0,0,0,0,0,0,0,0,0,0,0,0,0,0,0,0
Yes,Landslide at Rolpa Municipality-10,,other,Landslide,2026-09-10,Lumbini,Rolpa,Rolpa,10,,0,0,0,0,0,0,0,0,0,0,0,0,0,0,0,0,0,0,0,0,0
Yes,Landslide at Khumbu Pasanglhamu Rural Municipality-3,,other,Landslide,2026-09-10,Koshi,Solukhumbu,Khumbu Pasanglhamu,3,,0,0,0,0,0,0,0,0,0,0,0,0,0,0,0,0,0,0,0,0,0
Yes,Landslide at Khumbu Pasanglhamu Rural Municipality-3,,other,Landslide,2026-09-10,Koshi,Solukhumbu,Khumbu Pasanglhamu,3,,0,0,0,0,0,0,0,0,0,0,0,0,0,0,0,0,0,0,0,0,0
Yes,Landslide at Resunga Municipality-14,,other,Landslide,2026-09-10,Lumbini,Gulmi,Resunga,14,,0,0,0,0,0,0,0,0,0,0,0,0,0,0,0,0,0,0,0,0,0
Yes,"Landslide at Ghattekhola , Jugal Rural Municipality-2",,other,Landslide,2026-09-09,Bagmati,Sindhupalchok,Jugal,2,,0,0,0,0,0,0,0,0,0,0,0,0,0,0,0,0,0,0,0,0,0
Yes,"Landslide at Chatiban, Gokulganga Rural Municipality-4",,other,Landslide,2026-09-09,Bagmati,Ramechhap,Gokulganga,4,,0,0,0,0,0,0,0,0,0,0,0,0,0,0,0,0,0,0,0,0,0
Yes,Landslide at Rautamai Rural Municipality-7,,other,Landslide,2026-09-09,Koshi,Udayapur,Rautamai,7,,0,0,0,0,0,0,0,0,0,0,0,0,0,0,0,0,0,0,0,0,0
Yes,Landslide at Phidim Municipality-11,,other,Landslide,2026-09-09,Koshi,Panchthar,Phidim,11,,0,0,1,1,0,0,0,0,0,0,0,0,0,0,0,0,0,0,0,0,0
Yes,"Landslide at Dhansari, Inaruwa Municipality-8",,other,Landslide,2026-09-09,Koshi,Sunsari,Inaruwa,8,,0,0,0,0,0,0,0,0,0,0,0,0,0,0,0,0,0,0,0,0,0
Yes,"Landslide at Aakashebhanjyang , Phidim Municipality-11",,other,Landslide,2026-09-09,Koshi,Panchthar,Phidim,11,,0,0,0,0,0,0,0,0,0,0,0,0,0,0,0,0,0,0,0,0,0
Yes,"Landslide at Bahaaundanda, Netrawati Dabjong Rural Municipality-1",,other,Landslide,2026-09-08,Bagmati,Dhading,Netrawati Dabjong,1,,0,0,0,0,0,0,0,0,0,0,0,0,0,0,0,0,0,0,0,0,0
Yes,"Landslide at Kamerabhir, Netrawati Dabjong Rural Municipality-1",,other,Landslide,2026-09-08,Bagmati,Dhading,Netrawati Dabjong,1,,0,0,0,0,0,0,0,0,0,0,0,0,0,0,0,0,0,0,0,0,0
Yes,Landslide at Resunga Municipality-14,,other,Landslide,2026-09-08,Lumbini,Gulmi,Resunga,14,,0,0,0,0,0,0,0,0,0,0,0,0,0,0,0,0,0,0,0,0,0
Yes,"Landslide at Chitre, Molung Rural Municipality-1",,other,Landslide,2026-09-08,Koshi,Okhaldhunga,Molung,1,,0,0,0,0,0,0,0,0,0,0,0,0,0,0,0,0,0,0,0,0,0
Yes,Landslide at Sharada Municipality-9,,other,Landslide,2026-09-08,Karnali,Salyan,Sharada,9,,0,0,0,0,0,0,0,0,0,0,0,0,0,0,0,0,0,0,0,0,0
Yes,Landslide at Konjyosom Rural Municipality-4,,other,Landslide,2026-09-08,Bagmati,Lalitpur,Konjyosom,4,,0,0,0,0,0,0,0,0,0,0,0,0,0,0,0,0,0,0,0,0,0
Yes,Landslide at Rolpa Municipality-10,,other,Landslide,2026-09-08,Lumbini,Rolpa,Rolpa,10,,0,0,0,0,0,0,0,0,0,0,0,0,0,0,0,0,0,0,0,0,0
Yes,Landslide at Naubahini Rural Municipality-7,,other,Landslide,2026-09-08,Lumbini,Pyuthan,Naubahini,7,,0,0,0,0,0,0,0,0,0,0,0,0,0,0,0,0,0,0,0,0,0
Yes,"Landslide at Barhakilo , Netrawati Dabjong Rural Municipality-1",,other,Landslide,2026-09-08,Bagmati,Dhading,Netrawati Dabjong,1,,0,0,0,0,0,0,0,0,0,0,0,0,0,0,0,0,0,0,0,0,0
Yes,Landslide at Thakre Rural Municipality-2,,other,Landslide,2026-09-08,Bagmati,Dhading,Thakre,2,,0,0,0,0,0,0,0,0,0,0,0,0,0,0,0,0,0,0,0,0,0
Yes,Landslide at Pachaljharana Rural Municipality-3,,other,Landslide,2026-09-08,Karnali,Kalikot,Pachaljharana,3,,0,0,0,0,0,0,0,0,0,0,0,0,0,0,0,0,0,0,0,0,0
Yes,Landslide at Inaruwa Municipality-8,,other,Landslide,2026-09-08,Koshi,Sunsari,Inaruwa,8,,0,0,0,0,0,0,0,0,0,0,0,0,0,0,0,0,0,0,0,0,0
Yes,Landslide at Netrawati Dabjong Rural Municipality-1,,other,Landslide,2026-09-08,Bagmati,Dhading,Netrawati Dabjong,1,,0,0,0,0,0,0,0,0,0,0,0,0,0,0,0,0,0,0,0,0,0
Yes,Landslide at Ghorahi Submetropolitan City-5,,other,Landslide,2026-09-08,Lumbini,Dang,Ghorahi,5,,0,0,0,0,0,0,0,0,0,0,0,0,0,0,0,0,0,0,0,0,0
Yes,Landslide at Molung Rural Municipality-1,,other,Landslide,2026-09-08,Koshi,Okhaldhunga,Molung,1,,0,0,0,0,0,0,0,0,0,0,0,0,0,0,0,0,0,0,0,0,0
Yes,"Landslide at Dudhkhola, Inaruwa Municipality-8",,other,Landslide,2026-09-08,Koshi,Sunsari,Inaruwa,8,,0,0,0,0,0,0,0,0,0,0,0,0,0,0,0,0,0,0,0,0,0
Yes,Landslide at Banphikot Rural Municipality-6,,other,Landslide,2026-09-08,Karnali,Rukum West,Banphikot,6,,0,0,0,0,0,0,0,0,0,0,0,0,0,0,0,0,0,0,0,0,0
Yes,Landslide at Bhaktapur Municipality-9,,other,Landslide,2026-09-08,Bagmati,Bhaktapur,Bhaktapur,9,20000,0,0,0,0,0,0,0,0,0,0,0,0,0,0,0,0,0,0,0,0,0
Yes,"Landslide at Bagegaira, Nalgaad Municipality-12",,other,Landslide,2026-09-08,Karnali,Jajarkot,Nalgaad,12,,0,0,0,0,0,0,0,0,0,0,0,0,0,0,0,0,0,0,0,0,0
Yes,Landslide at Kushma Municipality-10,,other,Landslide,2026-09-07,Gandaki,Parbat,Kushma,10,,0,0,0,0,0,0,0,0,0,0,0,0,0,0,0,0,0,0,0,0,0
Yes,Landslide at Surnaya Rural Municipality-5,,other,Landslide,2026-09-07,Sudurpashchim,Baitadi,Surnaya,5,,0,0,0,0,0,0,0,0,0,0,0,0,0,0,0,0,0,0,0,0,0
Yes,Landslide at Mahabu Rural Municipality-2,,other,Landslide,2026-09-07,Karnali,Dailekh,Mahabu,2,,0,0,0,0,0,0,0,0,0,0,0,0,0,0,0,0,0,0,0,0,0
Yes,Landslide at Surnaya Rural Municipality-5,,other,Landslide,2026-09-07,Sudurpashchim,Baitadi,Surnaya,5,,0,0,0,0,0,0,0,0,0,0,0,0,0,0,0,0,0,0,0,0,0
Yes,"Landslide at Gangor , Bigu Rural Municipality-1",,other,Landslide,2026-09-07,Bagmati,Dolakha,Bigu,1,,0,0,0,0,0,0,0,0,0,0,0,0,0,0,0,0,0,0,0,0,0
Yes,Landslide at Barahtal Rural Municipality-8,,other,Landslide,2026-09-07,Karnali,Surkhet,Barahtal,8,,0,0,0,0,1,0,0,0,0,0,0,0,0,0,0,0,0,0,0,0,0
Yes,Landslide at Alital Rural Municipality-3,,other,Landslide,2026-09-07,Sudurpashchim,Dadeldhura,Alital,3,,0,0,0,0,1,0,0,0,0,0,0,0,0,0,0,0,0,0,0,0,0
Yes,"Landslide at Saunepani , Surnaya Rural Municipality-5",,other,Landslide,2026-09-06,Sudurpashchim,Baitadi,Surnaya,5,,0,0,0,0,0,0,0,0,0,0,0,0,0,0,0,0,0,0,0,0,0
Yes,Landslide at Gokulganga Rural Municipality-4,,other,Landslide,2026-09-06,Bagmati,Ramechhap,Gokulganga,4,,0,0,0,0,0,0,0,0,0,0,0,0,0,0,0,0,0,0,0,0,0
Yes,Landslide at Khumbu Pasanglhamu Rural Municipality-3,,other,Landslide,2026-09-06,Koshi,Solukhumbu,Khumbu Pasanglhamu,3,,0,0,0,0,0,0,0,0,0,0,0,0,0,0,0,0,0,0,0,0,0
Yes,Landslide at Shivanath Rural Municipality-5,,other,Landslide,2026-09-06,Sudurpashchim,Baitadi,Shivanath,5,,0,0,0,0,0,0,0,0,0,0,0,0,0,0,0,0,0,0,0,0,0
Yes,Landslide at Surnaya Rural Municipality-5,,other,Landslide,2026-09-06,Sudurpashchim,Baitadi,Surnaya,5,,0,0,0,0,0,0,0,0,0,0,0,0,0,0,0,0,0,0,0,0,0
Yes,Landslide at Shuklaphanta National Park National Park-99,,other,Landslide,2026-09-06,Sudurpashchim,Kanchanpur,Shuklaphanta National Park,99,,0,0,0,0,0,0,0,0,0,0,0,0,0,0,0,0,0,0,0,0,0
Yes,Landslide at Surma Rural Municipality-1,,other,Landslide,2026-09-06,Sudurpashchim,Bajhang,Surma,1,,0,0,0,0,0,0,0,0,0,0,0,0,0,0,0,0,0,0,0,0,0
Yes,Landslide at Gokulganga Rural Municipality-4,,other,Landslide,2026-09-06,Bagmati,Ramechhap,Gokulganga,4,,0,0,0,0,0,0,0,0,0,0,0,0,0,0,0,0,0,0,0,0,0
Yes,Landslide at Alital Rural Municipality-8,,other,Landslide,2026-09-06,Sudurpashchim,Dadeldhura,Alital,8,,0,0,0,0,0,0,0,0,0,0,0,0,0,0,0,0,0,0,0,0,0
Yes,"Landslide at Aaringale, Sharada Municipality-9",,other,Landslide,2026-09-06,Karnali,Salyan,Sharada,9,,0,0,0,0,0,0,0,0,0,0,0,0,0,0,0,0,0,0,0,0,0
Yes,"Landslide at Gothana, Alital Rural Municipality-3",,other,Landslide,2026-09-06,Sudurpashchim,Dadeldhura,Alital,3,,0,0,0,0,0,0,0,0,0,0,0,0,0,0,0,0,0,0,0,0,0
Yes,"Landslide at Chourkhola, Sharada Municipality-9",,other,Landslide,2026-09-06,Karnali,Salyan,Sharada,9,,0,0,0,0,0,0,0,0,0,0,0,0,0,0,0,0,0,0,0,0,0
Yes,Landslide at Ghorahi Submetropolitan City-5,,other,Landslide,2026-09-06,Lumbini,Dang,Ghorahi,5,,0,0,0,0,0,0,0,0,0,0,0,0,0,0,0,0,0,0,0,0,0
Yes,Landslide at Sharada Municipality-9,,other,Landslide,2026-09-06,Karnali,Salyan,Sharada,9,,0,0,0,0,0,0,1,0,0,1,0,0,0,0,0,0,1,1,0,0,0
Yes,Landslide at Surnaya Rural Municipality-5,,other,Landslide,2026-09-05,Sudurpashchim,Baitadi,Surnaya,5,,0,0,0,0,0,0,0,0,0,0,0,0,0,0,0,0,0,0,0,0,0
Yes,Landslide at Sharada Municipality-9,,other,Landslide,2026-09-05,Karnali,Salyan,Sharada,9,,0,0,0,0,0,0,0,0,0,0,0,0,0,0,0,0,0,0,0,0,0
Yes,Landslide at Barahtal Rural Municipality-8,,other,Landslide,2026-09-05,Karnali,Surkhet,Barahtal,8,,0,0,0,0,0,0,0,0,0,0,0,0,0,0,0,0,0,0,0,0,0
Yes,Landslide at Pachaljharana Rural Municipality-3,,other,Landslide,2026-09-05,Karnali,Kalikot,Pachaljharana,3,,0,0,0,0,0,0,0,0,0,0,0,0,0,0,0,0,0,0,0,0,0
Yes,Landslide at Pachaljharana Rural Municipality-3,,other,Landslide,2026-09-05,Karnali,Kalikot,Pachaljharana,3,,0,0,0,0,0,0,0,0,0,0,0,0,0,0,0,0,0,0,0,0,0
Yes,Landslide at Lalitpur Metropolitan City-24,,other,Landslide,2026-09-05,Bagmati,Lalitpur,Lalitpur,24,,0,0,0,0,0,0,0,0,0,0,0,0,0,0,0,0,0,0,0,0,0
Yes,Landslide at Shey Phoksundo Rural Municipality-99,,other,Landslide,2026-09-05,Karnali,Dolpa,Shey Phoksundo,99,,0,0,0,0,0,0,0,0,0,0,0,0,0,0,0,0,0,0,0,0,0
Yes,"Landslide at Chhipredaha , Shey Phoksundo Rural Municipality-99",,other,Landslide,2026-09-05,Karnali,Dolpa,Shey Phoksundo,99,,0,0,0,0,0,0,0,0,0,0,0,0,0,0,0,0,0,0,0,0,0
Yes,Landslide at Konjyosom Rural Municipality-4,,other,Landslide,2026-09-05,Bagmati,Lalitpur,Konjyosom,4,,0,0,0,0,0,0,0,0,0,0,0,0,0,0,0,0,0,0,0,0,0
Yes,Landslide at Rolpa Municipality-10,,other,Landslide,2026-09-05,Lumbini,Rolpa,Rolpa,10,,0,0,0,0,0,0,0,0,0,0,0,0,0,0,0,0,0,0,0,0,0
Yes,Landslide at Resunga Municipality-14,,other,Landslide,2026-09-05,Lumbini,Gulmi,Resunga,14,,0,0,0,0,0,0,0,0,0,0,0,0,0,0,0,0,0,0,0,0,0
Yes,Landslide at Shey Phoksundo Rural Municipality-99,,other,Landslide,2026-09-05,Karnali,Dolpa,Shey Phoksundo,99,,0,0,0,0,0,80,0,0,0,0,0,0,0,0,0,0,0,0,0,0,0
Yes,Landslide at Shey Phoksundo Rural Municipality-99,,other,Landslide,2026-09-05,Karnali,Dolpa,Shey Phoksundo,99,,0,0,0,0,0,80,0,0,0,0,0,0,0,0,0,0,0,0,0,0,0
Yes,"Landslide at Chachalung, Khumbu Pasanglhamu Rural Municipality-3",,other,Landslide,2026-09-05,Koshi,Solukhumbu,Khumbu Pasanglhamu,3,,0,0,0,0,0,0,0,0,0,0,0,0,0,0,0,0,0,0,0,0,0
Yes,"Landslide at Lafabazer, Pachaljharana Rural Municipality-3",,other,Landslide,2026-09-05,Karnali,Kalikot,Pachaljharana,3,,0,0,0,0,0,0,0,0,0,0,0,0,0,0,0,0,0,0,0,0,0
Yes,"Landslide at Sisnegadha, Pachaljharana Rural Municipality-3",,other,Landslide,2026-09-04,Karnali,Kalikot,Pachaljharana,3,,0,0,0,0,0,0,0,0,0,0,0,0,0,0,0,0,0,0,0,0,0
Yes,"Landslide at Singati, Bigu Rural Municipality-1",,other,Landslide,2026-09-04,Bagmati,Dolakha,Bigu,1,,0,0,0,0,0,0,0,0,0,0,0,0,0,0,0,0,0,0,0,0,0
Yes,Landslide at Pachaljharana Rural Municipality-3,,other,Landslide,2026-09-04,Karnali,Kalikot,Pachaljharana,3,,0,0,0,0,0,0,0,0,0,0,0,0,0,0,0,0,0,0,0,0,0
Yes,Landslide at Machhapuchchhre Rural Municipality-2,,other,Landslide,2026-09-04,Gandaki,Kaski,Machhapuchchhre,2,,0,0,0,0,0,0,2,2,0,0,0,0,0,0,0,0,1,1,0,0,0
Yes,Landslide at Gaumul Rural Municipality-1,,other,Landslide,2026-09-04,Sudurpashchim,Bajura,Gaumul,1,,0,0,0,0,0,0,0,0,0,0,0,0,0,0,0,0,0,0,0,0,0
Yes,Landslide at Kushma Municipality-10,,other,Landslide,2026-09-04,Gandaki,Parbat,Kushma,10,,0,0,0,0,0,0,0,0,0,0,0,0,0,0,0,0,0,0,0,0,0
Yes,Landslide at Gauriganga Municipality-9,,other,Landslide,2026-09-04,Sudurpashchim,Kailali,Gauriganga,9,,0,0,0,0,0,0,0,0,0,0,0,0,0,0,0,0,0,0,0,0,0
Yes,"Landslide at Bhattadanda, Konjyosom Rural Municipality-4",,other,Landslide,2026-09-04,Bagmati,Lalitpur,Konjyosom,4,,0,0,0,0,0,0,0,0,0,0,0,0,0,0,0,0,0,0,0,0,0
Yes,"Landslide at Bam, Gaumul Rural Municipality-1",,other,Landslide,2026-09-04,Sudurpashchim,Bajura,Gaumul,1,,0,0,0,0,0,0,0,0,0,0,0,0,0,0,0,0,0,0,0,0,0
Yes,Landslide at Alital Rural Municipality-3,,other,Landslide,2026-09-04,Sudurpashchim,Dadeldhura,Alital,3,,0,0,0,0,0,0,0,0,0,0,0,0,0,0,0,0,0,0,0,0,0
Yes,Landslide at Pachaljharana Rural Municipality-3,,other,Landslide,2026-09-04,Karnali,Kalikot,Pachaljharana,3,,0,0,0,0,0,0,0,0,0,0,0,0,0,0,0,0,0,0,0,0,0
Yes,"Landslide at Gagene, Pachaljharana Rural Municipality-3",,other,Landslide,2026-09-04,Karnali,Kalikot,Pachaljharana,3,,0,0,0,0,0,0,0,0,0,0,0,0,0,0,0,0,0,0,0,0,0
Yes,Landslide at Konjyosom Rural Municipality-4,,other,Landslide,2026-09-04,Bagmati,Lalitpur,Konjyosom,4,,0,0,0,0,0,0,0,0,0,0,0,0,0,0,0,0,0,0,0,0,0
Yes,Landslide at Gaumul Rural Municipality-1,,other,Landslide,2026-09-04,Sudurpashchim,Bajura,Gaumul,1,,0,0,0,0,0,0,0,0,0,0,0,0,0,0,0,0,0,0,0,0,0
Yes,Landslide at Netrawati Dabjong Rural Municipality-1,,other,Landslide,2026-09-04,Bagmati,Dhading,Netrawati Dabjong,1,,0,0,0,0,0,0,0,0,0,0,0,0,0,0,0,0,0,0,0,0,0
Yes,"Landslide at Sukebagar , Raghuganga Rural Municipality-8",,other,Landslide,2026-09-04,Gandaki,Myagdi,Raghuganga,8,,0,0,0,0,0,0,0,0,0,0,0,0,0,0,0,0,0,0,0,0,0
Yes,Landslide at Gaumul Rural Municipality-2,,other,Landslide,2026-09-04,Sudurpashchim,Bajura,Gaumul,2,,0,0,0,0,0,0,0,0,0,0,0,0,0,0,0,0,0,0,0,0,0
Yes,Landslide at Baglung Municipality-13,,other,Landslide,2026-09-04,Gandaki,Baglung,Baglung,13,,0,0,1,1,0,0,0,0,0,0,0,0,0,0,0,0,0,0,0,0,0
Yes,Landslide at Badimalika Municipality-8,,other,Landslide,2026-09-04,Sudurpashchim,Bajura,Badimalika,8,,0,0,1,1,1,2,0,0,0,0,0,0,0,0,0,0,0,0,0,0,0
Yes,"Landslide at Kerabari, Dharche Rural Municipality-5",,other,Landslide,2026-09-03,Gandaki,Gorkha,Dharche,5,,0,0,0,0,0,0,0,0,0,0,0,0,0,0,0,0,0,0,0,0,0
Yes,"Landslide at Shahukharka, Alital Rural Municipality-3",,other,Landslide,2026-09-03,Sudurpashchim,Dadeldhura,Alital,3,,0,0,0,0,0,0,0,0,0,0,0,0,0,0,0,0,0,0,0,0,0
Yes,"Landslide at Dandakharka, Phedap Rural Municipality-3",,other,Landslide,2026-09-03,Koshi,Terhathum,Phedap,3,,0,0,0,0,0,0,0,0,0,0,0,0,0,0,0,0,0,0,0,0,0
Yes,Landslide at Gaumul Rural Municipality-1,,other,Landslide,2026-09-03,Sudurpashchim,Bajura,Gaumul,1,,0,0,0,0,0,3,0,0,0,0,0,0,0,0,0,0,0,0,0,0,0
Yes,"Landslide at Ratamata, Pachaljharana Rural Municipality-3",,other,Landslide,2026-09-03,Karnali,Kalikot,Pachaljharana,3,,0,0,0,0,1,0,0,0,0,0,0,0,0,0,0,0,0,0,0,0,0
Yes,Landslide at Surnaya Rural Municipality-5,,other,Landslide,2026-09-03,Sudurpashchim,Baitadi,Surnaya,5,,0,0,0,0,0,0,0,0,0,0,0,0,0,0,0,0,0,0,0,0,0
Yes,"Landslide at Bhattedande, Konjyosom Rural Municipality-4",,other,Landslide,2026-09-03,Bagmati,Lalitpur,Konjyosom,4,,0,0,0,0,0,0,0,0,0,0,0,0,0,0,0,0,0,0,0,0,0
Yes,Landslide at Alital Rural Municipality-3,,other,Landslide,2026-09-03,Sudurpashchim,Dadeldhura,Alital,3,,0,0,0,0,0,0,0,0,0,0,0,0,0,0,0,0,0,0,0,0,0
Yes,Landslide at Apihimal Rural Municipality-6,,other,Landslide,2026-09-03,Sudurpashchim,Darchula,Apihimal,6,,0,0,0,0,0,0,0,0,0,0,0,0,0,0,0,0,0,0,0,0,0
Yes,Landslide at Alital Rural Municipality-3,,other,Landslide,2026-09-02,Sudurpashchim,Dadeldhura,Alital,3,,0,0,0,0,0,0,0,0,0,0,0,0,0,0,0,0,0,0,0,0,0
Yes,Landslide at Bhumikasthan Municipality-7,,other,Landslide,2026-09-02,Lumbini,Arghakhanchi,Bhumikasthan,7,,0,0,0,0,0,0,0,0,0,0,0,0,0,0,0,0,0,0,0,0,0
Yes,Landslide at Konjyosom Rural Municipality-4,,other,Landslide,2026-09-02,Bagmati,Lalitpur,Konjyosom,4,,0,0,0,0,0,0,0,0,0,0,0,0,0,0,0,0,0,0,0,0,0
Yes,Landslide at Rolpa Municipality-10,,other,Landslide,2026-09-02,Lumbini,Rolpa,Rolpa,10,,0,0,0,0,0,0,0,0,0,0,0,0,0,0,0,0,0,0,0,0,0
Yes,Landslide at Rolpa Municipality-10,,other,Landslide,2026-09-02,Lumbini,Rolpa,Rolpa,10,,0,0,0,0,0,0,0,0,0,0,0,0,0,0,0,0,0,0,0,0,0
Yes,Landslide at Dharche Rural Municipality-3,,other,Landslide,2026-09-02,Gandaki,Gorkha,Dharche,3,,0,0,0,0,0,0,0,0,0,0,0,0,0,0,0,0,0,0,0,0,0
Yes,Landslide at Surnaya Rural Municipality-5,,other,Landslide,2026-09-02,Sudurpashchim,Baitadi,Surnaya,5,,0,0,0,0,0,0,0,0,0,0,0,0,0,0,0,0,0,0,0,0,0
Yes,Landslide at Rolpa Municipality-10,,other,Landslide,2026-09-02,Lumbini,Rolpa,Rolpa,10,,0,0,0,0,0,0,0,0,0,0,0,0,0,0,0,0,0,0,0,0,0
Yes,Landslide at Sharada Municipality-9,,other,Landslide,2026-09-02,Karnali,Salyan,Sharada,9,,0,0,0,0,0,0,0,0,0,0,0,0,0,0,0,0,0,0,0,0,0
Yes,Landslide at Barahtal Rural Municipality-8,,other,Landslide,2026-09-02,Karnali,Surkhet,Barahtal,8,,0,0,0,0,0,0,0,0,0,0,0,0,0,0,0,0,0,0,0,0,0
Yes,Landslide at Bigu Rural Municipality-1,,other,Landslide,2026-09-02,Bagmati,Dolakha,Bigu,1,,0,0,0,0,0,0,0,0,0,0,0,0,0,0,0,0,0,0,0,0,0
Yes,"Landslide at Takurakhal , Mahabu Rural Municipality-2",,other,Landslide,2026-09-02,Karnali,Dailekh,Mahabu,2,,0,0,0,0,0,0,0,0,0,0,0,0,0,0,0,0,0,0,0,0,0
Yes,Landslide at Suryagadhi Rural Municipality-4,,other,Landslide,2026-09-01,Bagmati,Nuwakot,Suryagadhi,4,,0,0,0,0,0,0,0,0,0,0,0,0,0,0,0,0,0,0,0,0,0
Yes,Landslide at Konjyosom Rural Municipality-4,,other,Landslide,2026-09-01,Bagmati,Lalitpur,Konjyosom,4,,0,0,0,0,0,0,0,0,0,0,0,0,0,0,0,0,0,0,0,0,0
Yes,Landslide at Konjyosom Rural Municipality-4,,other,Landslide,2026-09-01,Bagmati,Lalitpur,Konjyosom,4,,0,0,0,0,0,0,0,0,0,0,0,0,0,0,0,0,0,0,0,0,0
Yes,Landslide at Banphikot Rural Municipality-6,,other,Landslide,2026-09-01,Karnali,Rukum West,Banphikot,6,,0,0,0,0,0,0,0,0,0,0,0,0,0,0,0,0,0,0,0,0,0
Yes,Landslide at Shikhar Municipality-2,,other,Landslide,2026-09-01,Sudurpashchim,Doti,Shikhar,2,100000,0,0,0,0,1,0,0,0,0,0,0,0,0,0,0,0,0,0,0,0,0
Yes,Landslide at Jugal Rural Municipality-2,,other,Landslide,2026-09-01,Bagmati,Sindhupalchok,Jugal,2,,0,0,0,0,0,0,0,0,0,0,0,0,0,0,0,0,0,0,0,0,0
Yes,Landslide at Marsyangdi Rural Municipality-7,,other,Landslide,2026-09-01,Gandaki,Lamjung,Marsyangdi,7,,0,0,0,0,0,0,0,0,0,0,0,0,0,0,0,0,0,0,0,0,0
Yes,Landslide at Kageshwori Manahora Municipality-9,,other,Landslide,2026-09-01,Bagmati,Kathmandu,Kageshwori Manahora,9,,0,0,0,0,0,0,0,0,0,0,0,0,0,0,0,0,0,0,0,0,0
Yes,Landslide at Rolpa Municipality-10,,other,Landslide,2026-09-01,Lumbini,Rolpa,Rolpa,10,,0,0,0,0,0,0,0,0,0,0,0,0,0,0,0,0,0,0,0,0,0
Yes,Landslide at Konjyosom Rural Municipality-4,,other,Landslide,2026-09-01,Bagmati,Lalitpur,Konjyosom,4,,0,0,0,0,0,0,0,0,0,0,0,0,0,0,0,0,0,0,0,0,0
Yes,Landslide at Musikot Municipality-14,,other,Landslide,2026-09-01,Karnali,Rukum West,Musikot,14,,0,0,1,1,0,0,0,0,0,0,0,0,0,0,0,0,0,0,0,0,0
Yes,Landslide at Raghuganga Rural Municipality-8,,other,Landslide,2026-08-31,Gandaki,Myagdi,Raghuganga,8,,0,0,0,0,0,0,0,0,0,0,0,0,0,0,0,0,0,0,0,0,0
Yes,"Landslide at Rakse , Resunga Municipality-14",,other,Landslide,2026-08-31,Lumbini,Gulmi,Resunga,14,,0,0,0,0,0,0,0,0,0,0,0,0,0,0,0,0,0,0,0,0,0
Yes,"Landslide at Jhulaghat , Dasharathchanda Municipality-8",,other,Landslide,2026-08-31,Sudurpashchim,Baitadi,Dasharathchanda,8,,0,0,0,0,0,0,0,0,0,0,0,0,0,0,0,0,0,0,0,0,0
Yes,"Landslide at Dullu , Shikhar Municipality-2",,other,Landslide,2026-08-31,Sudurpashchim,Doti,Shikhar,2,,0,0,0,0,0,0,0,0,0,0,0,0,0,0,0,0,0,0,0,0,0
Yes,Landslide at Kushma Municipality-10,,other,Landslide,2026-08-31,Gandaki,Parbat,Kushma,10,,0,0,0,0,0,0,0,0,0,0,0,0,0,0,0,0,0,0,0,0,0
Yes,"Landslide at Bahane , Pyuthan Municipality-7",,other,Landslide,2026-08-31,Lumbini,Pyuthan,Pyuthan,7,,0,0,0,0,0,0,0,0,0,0,0,0,0,0,0,0,0,0,0,0,0
Yes,Landslide at Dharche Rural Municipality-5,,other,Landslide,2026-08-31,Gandaki,Gorkha,Dharche,5,,0,0,0,0,0,0,0,0,0,0,0,0,0,0,0,0,0,0,0,0,0
Yes,Landslide at Resunga Municipality-14,,other,Landslide,2026-08-31,Lumbini,Gulmi,Resunga,14,,0,0,0,0,0,0,0,0,0,0,0,0,0,0,0,0,0,0,0,0,0
Yes,Landslide at Shikhar Municipality-2,,other,Landslide,2026-08-31,Sudurpashchim,Doti,Shikhar,2,,0,0,0,0,0,4,0,0,0,0,0,0,0,0,0,0,0,0,0,0,0
Yes,Landslide at Apihimal Rural Municipality-6,,other,Landslide,2026-08-31,Sudurpashchim,Darchula,Apihimal,6,,0,0,0,0,0,0,0,0,0,0,0,0,0,0,0,0,0,0,0,0,0
Yes,"Landslide at Talcha , Mugum Karmarong Rural Municipality-7",,other,Landslide,2026-08-31,Karnali,Mugu,Mugum Karmarong,7,,0,0,0,0,0,0,0,0,0,0,0,0,0,0,0,0,0,0,0,0,0
Yes,"Landslide at Kamerebhir , Netrawati Dabjong Rural Municipality-1",,other,Landslide,2026-08-31,Bagmati,Dhading,Netrawati Dabjong,1,,0,0,0,0,0,0,0,0,0,0,0,0,0,0,0,0,0,0,0,0,0
Yes,Landslide at Kushma Municipality-10,,other,Landslide,2026-08-31,Gandaki,Parbat,Kushma,10,,0,0,0,0,0,0,0,0,0,0,0,0,0,0,0,0,0,0,0,0,0
Yes,Landslide at Marsyangdi Rural Municipality-7,,other,Landslide,2026-08-31,Gandaki,Lamjung,Marsyangdi,7,,0,0,0,0,0,0,0,0,0,0,0,0,0,0,0,0,0,0,0,0,0
Yes,Landslide at Apihimal Rural Municipality-6,,other,Landslide,2026-08-31,Sudurpashchim,Darchula,Apihimal,6,,0,0,0,0,0,0,0,0,0,0,0,0,0,0,0,0,0,0,0,0,0
Yes,"Landslide at Khokse Khola , Phaktanglung Rural Municipality-6",,other,Landslide,2026-08-31,Koshi,Taplejung,Phaktanglung,6,,0,0,0,0,0,0,0,0,0,0,0,0,0,0,0,0,0,0,0,0,0
Yes,Landslide at Alital Rural Municipality-3,,other,Landslide,2026-08-31,Sudurpashchim,Dadeldhura,Alital,3,,0,0,0,0,0,0,0,0,0,0,0,0,0,0,0,0,0,0,0,0,0
Yes,Landslide at Alital Rural Municipality-3,,other,Landslide,2026-08-31,Sudurpashchim,Dadeldhura,Alital,3,,0,0,0,0,0,0,0,0,0,0,0,0,0,0,0,0,0,0,0,0,0
Yes,Landslide at Pokhara Metropolitan City-25,,other,Landslide,2026-08-31,Gandaki,Kaski,Pokhara,25,,0,0,0,0,0,0,0,0,0,0,0,0,0,0,0,0,0,0,0,0,0
Yes,Landslide at Konjyosom Rural Municipality-4,,other,Landslide,2026-08-31,Bagmati,Lalitpur,Konjyosom,4,,0,0,0,0,0,0,0,0,0,0,0,0,0,0,0,0,0,0,0,0,0
Yes,Landslide at Banphikot Rural Municipality-6,,other,Landslide,2026-08-31,Karnali,Rukum West,Banphikot,6,,0,0,0,0,0,0,0,0,0,0,0,0,0,0,0,0,0,0,0,0,0
Yes,Landslide at Banphikot Rural Municipality-6,,other,Landslide,2026-08-31,Karnali,Rukum West,Banphikot,6,,0,0,0,0,0,0,0,0,0,0,0,0,0,0,0,0,0,0,0,0,0
Yes,Landslide at Netrawati Dabjong Rural Municipality-1,,other,Landslide,2026-08-31,Bagmati,Dhading,Netrawati Dabjong,1,,0,0,0,0,0,0,0,0,0,0,0,0,0,0,0,0,0,0,0,0,0
Yes,Landslide at Jagadulla Rural Municipality-3,,other,Landslide,2026-08-31,Karnali,Dolpa,Jagadulla,3,,0,0,0,0,0,0,0,0,0,0,0,0,0,0,0,0,0,0,0,0,0
Yes,Landslide at Alital Rural Municipality-3,,other,Landslide,2026-08-31,Sudurpashchim,Dadeldhura,Alital,3,,0,0,0,0,0,0,0,0,0,0,0,0,0,0,0,0,0,0,0,0,0
Yes,"Landslide at Shreechaur, Marsyangdi Rural Municipality-7",,other,Landslide,2026-08-30,Gandaki,Lamjung,Marsyangdi,7,,0,0,0,0,0,0,0,0,0,0,0,0,0,0,0,0,0,0,0,0,0
Yes,"Landslide at Betahani, Rapti Sonari Rural Municipality-2",,other,Landslide,2026-08-30,Lumbini,Banke,Rapti Sonari,2,,0,0,0,0,0,0,0,0,0,0,0,0,0,0,0,0,0,0,0,0,0
Yes,Landslide at Phaktanglung Rural Municipality-6,,other,Landslide,2026-08-30,Koshi,Taplejung,Phaktanglung,6,,0,0,0,0,0,0,0,0,0,0,0,0,0,0,0,0,0,0,0,0,0
Yes,"Landslide at Jhore, Lo Ghekar Damodarkunda Rural Municipality-5",,other,Landslide,2026-08-30,Gandaki,Mustang,Lo Ghekar Damodarkunda,5,,0,0,0,0,0,0,0,0,0,0,0,0,0,0,0,0,0,0,0,0,0
Yes,"Landslide at Kharkhola, Putha Uttarganga Rural Municipality-4",,other,Landslide,2026-08-30,Lumbini,Rukum East,Putha Uttarganga,4,,0,0,0,0,0,0,0,0,0,0,0,0,0,0,0,0,0,0,0,0,0
Yes,"Landslide at Chaurikharka, Dharche Rural Municipality-5",,other,Landslide,2026-08-30,Gandaki,Gorkha,Dharche,5,,0,0,0,0,0,0,0,0,0,0,0,0,0,0,0,0,0,0,0,0,0
Yes,Landslide at Shailyashikhar Municipality-6,,other,Landslide,2026-08-30,Sudurpashchim,Darchula,Shailyashikhar,6,,0,0,0,0,0,0,0,0,0,0,0,0,0,0,0,0,0,0,0,0,0
Yes,Landslide at Godawari Municipality-10,,other,Landslide,2026-08-30,Bagmati,Lalitpur,Godawari,10,,0,0,0,0,0,0,0,0,0,0,0,0,0,0,0,0,0,0,0,0,0
Yes,"Landslide at Bhattedanda, Konjyosom Rural Municipality-4",,other,Landslide,2026-08-30,Bagmati,Lalitpur,Konjyosom,4,,0,0,0,0,0,0,0,0,0,0,0,0,0,0,0,0,0,0,0,0,0
Yes,Landslide at Mathagadhi Rural Municipality-1,,other,Landslide,2026-08-30,Lumbini,Palpa,Mathagadhi,1,,0,0,0,0,0,0,0,0,0,0,0,0,0,0,0,0,0,0,0,0,0
Yes,Landslide at Dharche Rural Municipality-5,,other,Landslide,2026-08-30,Gandaki,Gorkha,Dharche,5,,0,0,0,0,0,0,0,0,0,0,0,0,0,0,0,0,1,1,0,0,0
Yes,Landslide at Tripurasundari Municipality-11,,other,Landslide,2026-08-30,Karnali,Dolpa,Tripurasundari,11,,0,0,1,1,0,0,0,0,0,0,0,0,0,0,0,0,0,0,0,0,0
Yes,Landslide at Amargadhi Municipality-10,,other,Landslide,2026-08-30,Sudurpashchim,Dadeldhura,Amargadhi,10,,0,0,0,0,0,0,0,0,0,0,0,0,0,0,0,0,0,0,0,0,0
Yes,Landslide at Raghuganga Rural Municipality-8,,other,Landslide,2026-08-29,Gandaki,Myagdi,Raghuganga,8,,0,0,0,0,0,0,0,0,0,0,0,0,0,0,0,0,0,0,0,0,0
Yes,"Landslide at Bhattedanda , Konjyosom Rural Municipality-4",,other,Landslide,2026-08-29,Bagmati,Lalitpur,Konjyosom,4,,0,0,0,0,0,0,0,0,0,0,0,0,0,0,0,0,0,0,0,0,0
Yes,Landslide at Dhorpatan Municipality-4,,other,Landslide,2026-08-29,Gandaki,Baglung,Dhorpatan,4,,0,0,1,1,0,0,0,0,0,0,0,0,0,0,0,0,0,0,0,0,0
Yes,Landslide at Surnaya Rural Municipality-5,,other,Landslide,2026-08-29,Sudurpashchim,Baitadi,Surnaya,5,,0,0,0,0,0,0,0,0,0,0,0,0,0,0,0,0,0,0,0,0,0
Yes,"Landslide at Aulise , Barahtal Rural Municipality-8",,other,Landslide,2026-08-29,Karnali,Surkhet,Barahtal,8,,0,0,0,0,0,0,0,0,0,0,0,0,0,0,0,0,0,0,0,0,0
Yes,"Landslide at Krishna Bhir , Netrawati Dabjong Rural Municipality-1",,other,Landslide,2026-08-29,Bagmati,Dhading,Netrawati Dabjong,1,,0,0,0,0,0,0,0,0,0,0,0,0,0,0,0,0,0,0,0,0,0
Yes,"Landslide at Haluwa , Gokulganga Rural Municipality-4",,other,Landslide,2026-08-29,Bagmati,Ramechhap,Gokulganga,4,,0,0,0,0,0,0,0,0,0,0,0,0,0,0,0,0,0,0,0,0,0
Yes,"Landslide at Kodari , Jugal Rural Municipality-2",,other,Landslide,2026-08-29,Bagmati,Sindhupalchok,Jugal,2,,0,0,0,0,0,0,0,0,0,0,0,0,0,0,0,0,0,0,0,0,0
Yes,Landslide at Rolpa Municipality-10,,other,Landslide,2026-08-29,Lumbini,Rolpa,Rolpa,10,,0,0,0,0,0,0,0,0,0,0,0,0,0,0,0,0,0,0,0,0,0
Yes,Landslide at Mugum Karmarong Rural Municipality-7,,other,Landslide,2026-08-29,Karnali,Mugu,Mugum Karmarong,7,,0,0,0,0,0,0,0,0,0,0,0,0,0,0,0,0,0,0,0,0,0
Yes,Landslide at Rolpa Municipality-10,,other,Landslide,2026-08-29,Lumbini,Rolpa,Rolpa,10,,0,0,0,0,0,0,0,0,0,0,0,0,0,0,0,0,0,0,0,0,0
Yes,"Landslide at Galchhi , Shikhar Municipality-2",,other,Landslide,2026-08-29,Sudurpashchim,Doti,Shikhar,2,,0,0,0,0,0,0,0,0,0,0,0,0,0,0,0,0,0,0,0,0,0
Yes,Landslide at Shikhar Municipality-2,,other,Landslide,2026-08-29,Sudurpashchim,Doti,Shikhar,2,,0,0,0,0,0,0,0,0,0,0,0,0,0,0,0,0,0,0,0,0,0
Yes,Landslide at Shikhar Municipality-2,,other,Landslide,2026-08-29,Sudurpashchim,Doti,Shikhar,2,,0,0,0,0,0,0,0,0,0,0,0,0,0,0,0,0,0,0,0,0,0
Yes,Landslide at Rautamai Rural Municipality-7,,other,Landslide,2026-08-29,Koshi,Udayapur,Rautamai,7,,0,0,0,0,0,0,0,0,0,0,0,0,0,0,0,0,0,0,0,0,0
Yes,Landslide at Konjyosom Rural Municipality-4,,other,Landslide,2026-08-29,Bagmati,Lalitpur,Konjyosom,4,,0,0,0,0,0,0,0,0,0,0,0,0,0,0,0,0,0,0,0,0,0
Yes,Landslide at Pokhara Metropolitan City-25,,other,Landslide,2026-08-28,Gandaki,Kaski,Pokhara,25,,0,0,0,0,0,0,0,0,0,0,0,0,0,0,0,0,0,0,0,0,0
Yes,Landslide at Shey Phoksundo Rural Municipality-99,,other,Landslide,2026-08-28,Karnali,Dolpa,Shey Phoksundo,99,,0,0,0,0,1,0,0,0,0,0,0,0,0,0,0,0,0,0,0,0,0
Yes,"Landslide at Tamrang , Phaktanglung Rural Municipality-6",,other,Landslide,2026-08-28,Koshi,Taplejung,Phaktanglung,6,,0,0,0,0,0,0,0,0,0,0,0,0,0,0,0,0,0,0,0,0,0
Yes,"Landslide at Bhattedanda, Konjyosom Rural Municipality-4",,other,Landslide,2026-08-28,Bagmati,Lalitpur,Konjyosom,4,,0,0,0,0,0,0,0,0,0,0,0,0,0,0,0,0,0,0,0,0,0
Yes,Landslide at Madi Rural Municipality-6,,other,Landslide,2026-08-28,Lumbini,Rolpa,Madi,6,,0,0,0,0,0,0,0,0,0,0,0,0,0,0,0,0,0,0,0,0,0
Yes,Landslide at Resunga Municipality-14,,other,Landslide,2026-08-28,Lumbini,Gulmi,Resunga,14,,0,0,0,0,0,0,0,0,0,0,0,0,0,0,0,0,0,0,0,0,0
Yes,Landslide at Putha Uttarganga Rural Municipality-4,,other,Landslide,2026-08-28,Lumbini,Rukum East,Putha Uttarganga,4,,0,0,0,0,0,0,0,0,0,0,0,0,0,0,0,0,0,0,0,0,0
Yes,Landslide at Sitganga Municipality-12,,other,Landslide,2026-08-28,Lumbini,Arghakhanchi,Sitganga,12,,0,0,0,0,0,0,0,0,0,0,0,0,0,0,0,0,0,0,0,0,0
Yes,Landslide at Kaligandaki Rural Municipality-4,,other,Landslide,2026-08-28,Lumbini,Gulmi,Kaligandaki,4,,0,0,0,0,0,0,0,0,0,0,0,0,0,0,0,0,0,0,0,0,0
Yes,"Landslide at Khanibeshi , Dharche Rural Municipality-3",,other,Landslide,2026-08-28,Gandaki,Gorkha,Dharche,3,,0,0,0,0,0,0,0,0,0,0,0,0,0,0,0,0,0,0,0,0,0
Yes,Landslide at Bigu Rural Municipality-1,,other,Landslide,2026-08-28,Bagmati,Dolakha,Bigu,1,,0,0,0,0,0,0,0,0,0,0,0,0,0,0,0,0,0,0,0,0,0
Yes,"Landslide at Kodari, Jugal Rural Municipality-2",,other,Landslide,2026-08-27,Bagmati,Sindhupalchok,Jugal,2,,0,0,0,0,0,0,0,0,0,0,0,0,0,0,0,0,0,0,0,0,0
Yes,Landslide at Putha Uttarganga Rural Municipality-4,,other,Landslide,2026-08-27,Lumbini,Rukum East,Putha Uttarganga,4,,0,0,0,0,0,0,0,0,0,0,0,0,0,0,0,0,0,0,0,0,0
Yes,Landslide at Molung Rural Municipality-1,,other,Landslide,2026-08-27,Koshi,Okhaldhunga,Molung,1,,0,0,0,0,0,0,0,0,0,0,0,0,0,0,0,0,0,0,0,0,0
Yes,Landslide at Rolpa Municipality-10,,other,Landslide,2026-08-26,Lumbini,Rolpa,Rolpa,10,,0,0,0,0,0,0,0,0,0,0,0,0,0,0,0,0,0,0,0,0,0
Yes,"Landslide at Kharibot , Rolpa Municipality-10",,other,Landslide,2026-08-26,Lumbini,Rolpa,Rolpa,10,,0,0,0,0,0,0,0,0,0,0,0,0,0,0,0,0,0,0,0,0,0
Yes,"Landslide at Kuwakot , Surnaya Rural Municipality-5",,other,Landslide,2026-08-26,Sudurpashchim,Baitadi,Surnaya,5,,0,0,0,0,0,0,0,0,0,0,0,0,0,0,0,0,0,0,0,0,0
Yes,Landslide at Triveni Rural Municipality-10,,other,Landslide,2026-08-26,Karnali,Rukum West,Triveni,10,,0,0,0,0,0,0,1,1,0,0,0,0,0,0,0,0,0,0,0,0,0
Yes,"Landslide at Kungri , Paribartan Rural Municipality-4",,other,Landslide,2026-08-25,Lumbini,Rolpa,Paribartan,4,,0,0,0,0,0,0,0,0,0,0,0,0,0,0,0,0,0,0,0,0,0
Yes,Landslide at Dharche Rural Municipality-3,,other,Landslide,2026-08-25,Gandaki,Gorkha,Dharche,3,,0,0,0,0,0,0,0,0,0,0,0,0,0,0,0,0,0,0,0,0,0
Yes,Landslide at Putha Uttarganga Rural Municipality-4,,other,Landslide,2026-08-25,Lumbini,Rukum East,Putha Uttarganga,4,,0,0,1,1,0,0,0,0,0,0,0,0,0,0,0,0,0,0,0,0,0
Yes,"Landslide at Andardanda, Dharche Rural Municipality-5",,other,Landslide,2026-08-24,Gandaki,Gorkha,Dharche,5,,0,0,0,0,0,0,0,0,0,0,0,0,0,0,0,0,0,0,0,0,0
Yes,Landslide at Resunga Municipality-14,,other,Landslide,2026-08-24,Lumbini,Gulmi,Resunga,14,,0,0,0,0,0,0,0,0,0,0,0,0,0,0,0,0,0,0,0,0,0
Yes,"Landslide at Khokse Khola , Phaktanglung Rural Municipality-6",,other,Landslide,2026-08-24,Koshi,Taplejung,Phaktanglung,6,,0,0,0,0,0,0,0,0,0,0,0,0,0,0,0,0,0,0,0,0,0
Yes,Landslide at Suryagadhi Rural Municipality-4,,other,Landslide,2026-08-24,Bagmati,Nuwakot,Suryagadhi,4,,0,0,0,0,0,0,0,0,0,0,0,0,0,0,0,0,0,0,0,0,0
Yes,Landslide at Naubahini Rural Municipality-5,,other,Landslide,2026-08-23,Lumbini,Pyuthan,Naubahini,5,,0,0,0,0,0,0,0,0,0,0,0,0,0,0,0,0,0,0,0,0,0
Yes,"Landslide at Pisang , Narpa Bhoomi Rural Municipality-3",,other,Landslide,2026-08-23,Gandaki,Manang,Narpa Bhoomi,3,,0,0,0,0,0,0,0,0,0,0,0,0,0,0,0,0,0,0,0,0,0
Yes,"Landslide at Lapubeshi , Dharche Rural Municipality-7",,other,Landslide,2026-08-23,Gandaki,Gorkha,Dharche,7,,0,0,0,0,0,0,0,0,0,0,0,0,0,0,0,0,0,0,0,0,0
Yes,"Landslide at Khani, Rolpa Municipality-10",,other,Landslide,2026-08-23,Lumbini,Rolpa,Rolpa,10,,0,0,0,0,1,0,0,0,0,0,0,0,0,0,0,0,0,0,0,0,0
Yes,"Landslide at Mawang / Powang Bazar , Rolpa Municipality-10",,other,Landslide,2026-08-22,Lumbini,Rolpa,Rolpa,10,,0,0,0,0,0,0,0,0,0,0,0,0,0,0,0,0,0,0,0,0,0
Yes,"Landslide at Sotkhola , Barahtal Rural Municipality-8",,other,Landslide,2026-08-22,Karnali,Surkhet,Barahtal,8,,0,0,0,0,0,0,0,0,0,0,0,0,0,0,0,0,0,0,0,0,0
Yes,"Landslide at Ladne , Rolpa Municipality-10",,other,Landslide,2026-08-22,Lumbini,Rolpa,Rolpa,10,,0,0,0,0,0,0,0,0,0,0,0,0,0,0,0,0,0,0,0,0,0
Yes,"Landslide at Kungri , Rolpa Municipality-10",,other,Landslide,2026-08-22,Lumbini,Rolpa,Rolpa,10,,0,0,0,0,0,0,0,0,0,0,0,0,0,0,0,0,0,0,0,0,0
Yes,"Landslide at Laharichhara, Madi Rural Municipality-3",,other,Landslide,2026-08-22,Lumbini,Rolpa,Madi,3,,0,0,0,0,0,0,0,0,0,0,0,0,0,0,0,0,0,0,0,0,0
Yes,"Landslide at Bahanande, Phungling Municipality-7",,other,Landslide,2026-08-22,Koshi,Taplejung,Phungling,7,,0,0,0,0,0,0,0,0,0,0,0,0,0,0,0,0,0,0,0,0,0
Yes,"Landslide at Chhirkane , Vyas Municipality-12",,other,Landslide,2026-08-22,Gandaki,Tanahu,Vyas,12,,0,0,0,0,0,0,0,0,0,0,0,0,0,0,0,0,0,0,0,0,0
Yes,"Landslide at Ghalegaau , Dharche Rural Municipality-5",,other,Landslide,2026-08-22,Gandaki,Gorkha,Dharche,5,,0,0,0,0,0,0,0,0,0,0,0,0,0,0,0,0,0,0,0,0,0
Yes,Landslide at Surnaya Rural Municipality-5,,other,Landslide,2026-08-22,Sudurpashchim,Baitadi,Surnaya,5,,0,0,0,0,1,0,0,0,0,0,0,0,0,0,0,0,0,0,0,0,0
Yes,Landslide at Beni Municipality-4,,other,Landslide,2026-08-22,Gandaki,Myagdi,Beni,4,,0,0,0,0,0,0,0,0,0,0,0,0,0,0,0,0,0,0,0,0,0
Yes,Landslide at Banphikot Rural Municipality-6,,other,Landslide,2026-08-21,Karnali,Rukum West,Banphikot,6,,0,0,0,0,0,1,0,0,0,0,0,0,0,0,0,0,0,0,0,0,0
Yes,"Landslide at Siddhababa, Mathagadhi Rural Municipality-1",,other,Landslide,2026-08-21,Lumbini,Palpa,Mathagadhi,1,,0,0,0,0,0,0,0,0,0,0,0,0,0,0,0,0,0,0,0,0,0
Yes,Landslide at Narpa Bhoomi Rural Municipality-3,,other,Landslide,2026-08-21,Gandaki,Manang,Narpa Bhoomi,3,,0,0,0,0,0,0,0,0,0,0,0,0,0,0,0,0,0,0,0,0,0
Yes,Landslide at Rolpa Municipality-10,,other,Landslide,2026-08-21,Lumbini,Rolpa,Rolpa,10,,0,0,0,0,0,0,0,0,0,0,0,0,0,0,0,0,0,0,0,0,0
Yes,Landslide at Raghuganga Rural Municipality-8,,other,Landslide,2026-08-21,Gandaki,Myagdi,Raghuganga,8,,0,0,0,0,0,0,0,0,0,0,0,0,0,0,0,0,0,0,0,0,0
Yes,"Landslide at Sukebager, Raghuganga Rural Municipality-8",,other,Landslide,2026-08-21,Gandaki,Myagdi,Raghuganga,8,,0,0,0,0,0,0,0,0,0,0,0,0,0,0,0,0,0,0,0,0,0
Yes,"Landslide at Bidhi Khola , Resunga Municipality-14",,other,Landslide,2026-08-21,Lumbini,Gulmi,Resunga,14,,0,0,0,0,0,0,0,0,0,0,0,0,0,0,0,0,0,0,0,0,0
Yes,"Landslide at Sarkeguardbazar , Simkot Rural Municipality-3",,other,Landslide,2026-08-21,Karnali,Humla,Simkot,3,,0,0,0,0,0,0,0,0,0,0,0,0,0,0,0,0,0,0,0,0,0
Yes,Landslide at Resunga Municipality-14,,other,Landslide,2026-08-21,Lumbini,Gulmi,Resunga,14,,0,0,0,0,0,0,0,0,0,0,0,0,0,0,0,0,0,0,0,0,0
Yes,"Landslide at Kadkuna , Simkot Rural Municipality-3",,other,Landslide,2026-08-21,Karnali,Humla,Simkot,3,,0,0,0,0,0,0,0,0,0,0,0,0,0,0,0,0,0,0,0,0,0
Yes,"Landslide at Jayachaur , Sharada Municipality-9",,other,Landslide,2026-08-21,Karnali,Salyan,Sharada,9,,0,0,0,0,0,0,0,0,0,0,0,0,0,0,0,0,0,0,0,0,0
Yes,"Landslide at Khotro , Narpa Bhoomi Rural Municipality-3",,other,Landslide,2026-08-21,Gandaki,Manang,Narpa Bhoomi,3,,0,0,0,0,0,0,0,0,0,0,0,0,0,0,0,0,0,0,0,0,0
Yes,"Landslide at Thangna , Putha Uttarganga Rural Municipality-4",,other,Landslide,2026-08-21,Lumbini,Rukum East,Putha Uttarganga,4,,0,0,0,0,0,2,0,0,0,0,0,0,0,0,0,0,0,0,0,0,0
Yes,"Landslide at Ranjit Bhir , Madi Rural Municipality-4",,other,Landslide,2026-08-21,Gandaki,Kaski,Madi,4,,0,0,0,0,0,0,0,0,0,0,0,0,0,0,0,0,0,0,0,0,0
Yes,"Landslide at Syakhu , Bigu Rural Municipality-1",,other,Landslide,2026-08-21,Bagmati,Dolakha,Bigu,1,,0,0,0,0,0,0,0,0,0,0,0,0,0,0,0,0,0,0,0,0,0
Yes,"Landslide at Kaliban , Makawanpurgadhi Rural Municipality-5",,nepal_police,Landslide,2026-08-21,Bagmati,Makwanpur,Makawanpurgadhi,5,,0,0,0,0,0,0,0,0,0,0,0,0,0,0,0,0,0,0,0,0,0
Yes,Landslide at Khaniyabash Rural Municipality-4,,other,Landslide,2026-08-21,Bagmati,Dhading,Khaniyabash,4,,0,0,0,0,0,0,0,0,0,0,0,0,0,0,0,0,0,0,0,0,0
Yes,"Landslide at Lelep , Phaktanglung Rural Municipality-6",,other,Landslide,2026-08-21,Koshi,Taplejung,Phaktanglung,6,,0,0,0,0,0,0,0,0,0,0,0,0,0,0,0,0,0,0,0,0,0
Yes,Landslide at Shuklagandaki Municipality-7,,other,Landslide,2026-08-21,Gandaki,Tanahu,Shuklagandaki,7,,0,0,0,0,0,0,0,0,0,0,0,0,0,0,0,0,0,0,0,0,0
Yes,"Landslide at Khaharechowk , Machhapuchchhre Rural Municipality-2",,other,Landslide,2026-08-21,Gandaki,Kaski,Machhapuchchhre,2,,0,0,0,0,0,0,0,0,0,0,0,0,0,0,0,0,0,0,0,0,0
Yes,"Landslide at Sidin , Phidim Municipality-11",,other,Landslide,2026-08-21,Koshi,Panchthar,Phidim,11,,0,0,0,0,0,0,0,0,0,0,0,0,0,0,0,0,0,0,0,0,0
Yes,"Landslide at Bhattachowk, Belkotgadhi Municipality-9",,other,Landslide,2026-08-21,Bagmati,Nuwakot,Belkotgadhi,9,,0,0,0,0,0,0,0,0,0,0,0,0,0,0,0,0,0,0,0,0,0
Yes,"Landslide at Shiva Danda , Phaktanglung Rural Municipality-5",,other,Landslide,2026-08-21,Koshi,Taplejung,Phaktanglung,5,,0,0,0,0,0,0,0,0,0,0,0,0,0,0,0,0,0,0,0,0,0
Yes,Landslide at Pachaljharana Rural Municipality-3,,other,Landslide,2026-08-20,Karnali,Kalikot,Pachaljharana,3,,0,0,0,0,0,0,0,0,0,0,0,0,0,0,0,0,0,0,0,0,0
Yes,"Landslide at Dhade, Suryagadhi Rural Municipality-4",,other,Landslide,2026-08-20,Bagmati,Nuwakot,Suryagadhi,4,,0,0,0,0,0,0,0,0,0,0,0,0,0,0,0,0,0,0,0,0,0
Yes,Landslide at Suryagadhi Rural Municipality-4,,other,Landslide,2026-08-20,Bagmati,Nuwakot,Suryagadhi,4,,0,0,0,0,0,0,0,0,0,0,0,0,0,0,0,0,0,0,0,0,0
Yes,Landslide at Suryagadhi Rural Municipality-4,,other,Landslide,2026-08-20,Bagmati,Nuwakot,Suryagadhi,4,,0,0,1,1,0,0,0,0,0,0,0,0,0,0,0,0,1,0,0,1,0
Yes,"Landslide at Liping Bazer, Jugal Rural Municipality-2",,other,Landslide,2026-08-20,Bagmati,Sindhupalchok,Jugal,2,,0,0,0,0,0,0,0,0,0,0,0,0,0,0,0,0,0,0,0,0,0
Yes,"Landslide at Khanekharka, Suryagadhi Rural Municipality-4",,other,Landslide,2026-08-20,Bagmati,Nuwakot,Suryagadhi,4,,0,0,0,0,0,1,0,0,0,0,0,0,0,0,0,0,0,0,0,0,0
Yes,"Landslide at Mandregau, Dharche Rural Municipality-5",,other,Landslide,2026-08-20,Gandaki,Gorkha,Dharche,5,,0,0,0,0,0,0,0,0,0,0,0,0,0,0,0,0,0,0,0,0,0
Yes,"Landslide at Bagdula, Pyuthan Municipality-7",,other,Landslide,2026-08-20,Lumbini,Pyuthan,Pyuthan,7,,0,0,0,0,0,0,0,0,0,0,0,0,0,0,0,0,0,0,0,0,0
Yes,Landslide at Pokhara Metropolitan City-16,,other,Landslide,2026-08-20,Gandaki,Kaski,Pokhara,16,,0,0,0,0,0,0,0,0,0,0,0,0,0,0,0,0,0,0,0,0,0
Yes,Landslide at Shey Phoksundo Rural Municipality-99,,nepal_police,Landslide,2026-08-20,Karnali,Dolpa,Shey Phoksundo,99,,0,0,1,1,0,0,0,0,0,0,0,0,0,0,0,0,0,0,0,0,0
Yes,"Landslide at Ratmate/Rambhir , Suryagadhi Rural Municipality-4",,other,Landslide,2026-08-20,Bagmati,Nuwakot,Suryagadhi,4,,0,0,0,0,0,0,0,0,0,0,0,0,0,0,0,0,0,0,0,0,0
Yes,"Landslide at Tiru , Gosaikunda Rural Municipality-4",,other,Landslide,2026-08-20,Bagmati,Rasuwa,Gosaikunda,4,2950000,0,0,2,2,1,100,0,0,0,0,0,0,0,0,0,0,0,0,0,0,0
Yes,"Landslide at Sukebagar , Raghuganga Rural Municipality-8",,other,Landslide,2026-08-19,Gandaki,Myagdi,Raghuganga,8,,0,0,0,0,0,0,0,0,0,0,0,0,0,0,0,0,0,0,0,0,0
Yes,Landslide at Raghuganga Rural Municipality-8,,other,Landslide,2026-08-19,Gandaki,Myagdi,Raghuganga,8,,0,0,0,0,0,0,0,0,0,0,0,0,0,0,0,0,0,0,0,0,0
Yes,Landslide at Gosaikunda Rural Municipality-4,,other,Landslide,2026-08-19,Bagmati,Rasuwa,Gosaikunda,4,,0,0,0,0,0,0,0,0,0,0,0,0,0,0,0,0,0,0,0,0,0
Yes,"Landslide at Kusmabazer, Kushma Municipality-10",,other,Landslide,2026-08-19,Gandaki,Parbat,Kushma,10,,0,0,0,0,0,0,0,0,0,0,0,0,0,0,0,0,0,0,0,0,0
Yes,"Landslide at Badakhola, Sharada Municipality-9",,other,Landslide,2026-08-19,Karnali,Salyan,Sharada,9,500000,0,0,0,0,1,25,0,0,0,0,0,0,0,0,0,0,0,0,0,0,0
Yes,Landslide at Rolpa Municipality-10,,other,Landslide,2026-08-19,Lumbini,Rolpa,Rolpa,10,,0,0,0,0,0,0,0,0,0,0,0,0,0,0,0,0,0,0,0,0,0
Yes,"Landslide at Ghartigaau Bazar , Rolpa Municipality-10",,other,Landslide,2026-08-19,Lumbini,Rolpa,Rolpa,10,,0,0,0,0,2,0,0,0,0,0,0,0,0,0,0,0,0,0,0,0,0
Yes,"Landslide at Durlungkot , Kushma Municipality-10",,other,Landslide,2026-08-19,Gandaki,Parbat,Kushma,10,,0,0,0,0,0,0,0,0,0,0,0,0,0,0,0,0,0,0,0,0,0
Yes,"Landslide at Katigaau, Gaumul Rural Municipality-1",,other,Landslide,2026-08-19,Sudurpashchim,Bajura,Gaumul,1,,0,0,3,3,0,0,0,0,0,0,0,0,0,0,0,0,0,0,0,0,0
Yes,Landslide at Apihimal Rural Municipality-6,,other,Landslide,2026-08-19,Sudurpashchim,Darchula,Apihimal,6,,0,0,0,0,0,0,0,0,0,0,0,0,0,0,0,0,0,0,0,0,0
Yes,"Landslide at Chautaropakha, Machhapuchchhre Rural Municipality-2",,other,Landslide,2026-08-19,Gandaki,Kaski,Machhapuchchhre,2,,0,0,0,0,0,0,0,0,0,0,0,0,0,0,0,0,0,0,0,0,0
Yes,Landslide at Machhapuchchhre Rural Municipality-2,,other,Landslide,2026-08-19,Gandaki,Kaski,Machhapuchchhre,2,,0,0,0,0,0,0,0,0,0,0,0,0,0,0,0,0,0,0,0,0,0
Yes,"Landslide at Siddhababa, Mathagadhi Rural Municipality-1",,other,Landslide,2026-08-18,Lumbini,Palpa,Mathagadhi,1,,0,0,0,0,0,0,0,0,0,0,0,0,0,0,0,0,0,0,0,0,0
Yes,"Landslide at Garmaura, Apihimal Rural Municipality-6",,other,Landslide,2026-08-18,Sudurpashchim,Darchula,Apihimal,6,,0,0,0,0,0,0,0,0,0,0,0,0,0,0,0,0,0,0,0,0,0
Yes,"Landslide at Thati, Marsyangdi Rural Municipality-7",,other,Landslide,2026-08-18,Gandaki,Lamjung,Marsyangdi,7,,0,0,0,0,0,0,0,0,0,0,0,0,0,0,0,0,0,0,0,0,0
Yes,"Landslide at Surkhang , Lo Ghekar Damodarkunda Rural Municipality-4",,other,Landslide,2026-08-18,Gandaki,Mustang,Lo Ghekar Damodarkunda,4,,0,0,0,0,0,0,0,0,0,0,0,0,0,0,0,0,0,0,0,0,0
Yes,"Landslide at Bhasu Bhir , Gauriganga Municipality-9",,other,Landslide,2026-08-18,Sudurpashchim,Kailali,Gauriganga,9,,0,0,0,0,0,0,0,0,0,0,0,0,0,0,0,0,0,0,0,0,0
Yes,Landslide at Alital Rural Municipality-3,,other,Landslide,2026-08-18,Sudurpashchim,Dadeldhura,Alital,3,50000,0,0,0,0,1,0,0,0,0,0,0,0,0,0,0,0,0,0,0,0,0
Yes,"Landslide at Tiru , Gosaikunda Rural Municipality-4",,other,Landslide,2026-08-18,Bagmati,Rasuwa,Gosaikunda,4,,0,0,2,2,0,0,0,0,0,0,0,0,0,0,0,0,0,0,0,0,0
Yes,"Landslide at Raduwo, Alital Rural Municipality-3",,other,Landslide,2026-08-17,Sudurpashchim,Dadeldhura,Alital,3,,0,0,0,0,0,0,0,0,0,0,0,0,0,0,0,0,0,0,0,0,0
Yes,"Landslide at Selfidanda, Lo Ghekar Damodarkunda Rural Municipality-5",,other,Landslide,2026-08-17,Gandaki,Mustang,Lo Ghekar Damodarkunda,5,,0,0,0,0,0,0,0,0,0,0,0,0,0,0,0,0,0,0,0,0,0
Yes,"Landslide at Kotkhola , Bheri Municipality-2",,other,Landslide,2026-08-17,Karnali,Jajarkot,Bheri,2,,0,0,0,0,0,0,0,0,0,0,0,0,0,0,0,0,0,0,0,0,0
Yes,"Landslide at Kotkhola , Bheri Municipality-2",,other,Landslide,2026-08-17,Karnali,Jajarkot,Bheri,2,,0,0,0,0,0,0,0,0,0,0,0,0,0,0,0,0,0,0,0,0,0
Yes,Landslide at Pachaljharana Rural Municipality-3,,other,Landslide,2026-08-17,Karnali,Kalikot,Pachaljharana,3,,0,0,0,0,0,0,0,0,0,0,0,0,0,0,0,0,0,0,0,0,0
Yes,Landslide at Musikot Municipality-14,,other,Landslide,2026-08-17,Karnali,Rukum West,Musikot,14,,0,0,1,1,0,0,0,0,0,0,0,0,0,0,0,0,0,0,0,0,0
Yes,"Landslide at Katauti , Alital Rural Municipality-3",,other,Landslide,2026-08-17,Sudurpashchim,Dadeldhura,Alital,3,60000,0,0,0,0,0,0,0,0,0,0,0,0,0,0,0,0,0,0,0,0,0
Yes,"Landslide at Phumdam , Nalgaad Municipality-13",,other,Landslide,2026-08-17,Karnali,Jajarkot,Nalgaad,13,,0,0,3,3,0,0,0,0,0,0,0,0,0,0,0,0,0,0,0,0,0
Yes,"Landslide at Kotkhola , Kushe Rural Municipality-7",,other,Landslide,2026-08-17,Karnali,Jajarkot,Kushe,7,,0,0,0,0,0,0,0,0,0,0,0,0,0,0,0,0,0,0,0,0,0
Yes,"Landslide at Rupse , Raghuganga Rural Municipality-8",,other,Landslide,2026-08-16,Gandaki,Myagdi,Raghuganga,8,,0,0,0,0,0,0,0,0,0,0,0,0,0,0,0,0,0,0,0,0,0
Yes,"Landslide at Aringale , Kapurkot Rural Municipality-4",,other,Landslide,2026-08-16,Karnali,Salyan,Kapurkot,4,,0,0,0,0,0,0,0,0,0,0,0,0,0,0,0,0,0,0,0,0,0
Yes,"Landslide at Chalise , Netrawati Dabjong Rural Municipality-1",,other,Landslide,2026-08-16,Bagmati,Dhading,Netrawati Dabjong,1,,0,0,0,0,0,0,0,0,0,0,0,0,0,0,0,0,0,0,0,0,0
Yes,"Landslide at Talcha , Mugum Karmarong Rural Municipality-7",,other,Landslide,2026-08-16,Karnali,Mugu,Mugum Karmarong,7,,0,0,0,0,0,0,0,0,0,0,0,0,0,0,0,0,0,0,0,0,0
Yes,"Landslide at Lekh , Rurukshetra Rural Municipality-4",,other,Landslide,2026-08-16,Lumbini,Gulmi,Rurukshetra,4,,0,0,0,0,0,0,0,0,0,0,0,0,0,0,0,0,0,0,0,0,0
Yes,Landslide at Putha Uttarganga Rural Municipality-4,,other,Landslide,2026-08-16,Lumbini,Rukum East,Putha Uttarganga,4,,0,0,0,0,0,0,0,0,0,0,0,0,0,0,0,0,0,0,0,0,0
Yes,"Landslide at Powang Bazar , Rolpa Municipality-10",,other,Landslide,2026-08-16,Lumbini,Rolpa,Rolpa,10,,0,0,0,0,0,0,0,0,0,0,0,0,0,0,0,0,0,0,0,0,0
Yes,"Landslide at Khasrekhan , Alital Rural Municipality-3",,other,Landslide,2026-08-16,Sudurpashchim,Dadeldhura,Alital,3,,0,0,0,0,0,0,0,0,0,0,0,0,0,0,0,0,0,0,0,0,0
Yes,"Landslide at Mare , Dhorpatan Municipality-4",,other,Landslide,2026-08-16,Gandaki,Baglung,Dhorpatan,4,,0,0,0,0,0,0,0,0,0,0,0,0,0,0,0,0,0,0,0,0,0
Yes,"Landslide at Bhattedanda, Konjyosom Rural Municipality-4",,other,Landslide,2026-08-16,Bagmati,Lalitpur,Konjyosom,4,,0,0,0,0,0,0,0,0,0,0,0,0,0,0,0,0,0,0,0,0,0
Yes,"Landslide at Kalikatar , Makawanpurgadhi Rural Municipality-5",,other,Landslide,2026-08-16,Bagmati,Makwanpur,Makawanpurgadhi,5,,0,0,0,0,0,0,0,0,0,0,0,0,0,0,0,0,0,0,0,0,0
Yes,Landslide at Gaumul Rural Municipality-1,,other,Landslide,2026-08-16,Sudurpashchim,Bajura,Gaumul,1,,0,0,0,0,0,0,0,0,0,0,0,0,0,0,0,0,0,0,0,0,0
Yes,"Landslide at Deurali , Malarani Rural Municipality-5",,other,Landslide,2026-08-16,Lumbini,Arghakhanchi,Malarani,5,,0,0,0,0,0,0,0,0,0,0,0,0,0,0,0,0,0,0,0,0,0
Yes,"Landslide at Gibang , Rolpa Municipality-10",,other,Landslide,2026-08-16,Lumbini,Rolpa,Rolpa,10,,0,0,0,0,0,7,0,0,0,0,0,0,0,0,0,0,0,0,0,0,0
Yes,Landslide at Resunga Municipality-14,,other,Landslide,2026-08-16,Lumbini,Gulmi,Resunga,14,,0,0,0,0,1,0,0,0,0,0,0,0,0,0,0,0,0,0,0,0,0
Yes,"Landslide at Chiplati, Kushma Municipality-10",,other,Landslide,2026-08-16,Gandaki,Parbat,Kushma,10,,0,0,0,0,0,0,0,0,0,0,0,0,0,0,0,0,0,0,0,0,0
Yes,"Landslide at Narbir , Surnaya Rural Municipality-5",,other,Landslide,2026-08-16,Sudurpashchim,Baitadi,Surnaya,5,,0,0,0,0,0,0,0,0,0,0,0,0,0,0,0,0,0,0,0,0,0
Yes,"Landslide at Dhaireni , Lungri Rural Municipality-5",,other,Landslide,2026-08-15,Lumbini,Rolpa,Lungri,5,,0,0,0,0,0,0,1,0,0,1,0,0,0,0,0,0,0,0,0,0,0
Yes,"Landslide at Aringale , Sharada Municipality-9",,other,Landslide,2026-08-15,Karnali,Salyan,Sharada,9,,0,0,0,0,0,0,0,0,0,0,0,0,0,0,0,0,0,0,0,0,0
Yes,"Landslide at Ghumaune Bhir , Raghuganga Rural Municipality-8",,nepal_police,Landslide,2026-08-15,Gandaki,Myagdi,Raghuganga,8,,0,0,0,0,0,0,0,0,0,0,0,0,0,0,0,0,0,0,0,0,0
Yes,"Landslide at Ghattekhola , Shivapuri Rural Municipality-8",,other,Landslide,2026-08-15,Bagmati,Nuwakot,Shivapuri,8,,0,0,0,0,0,0,0,0,0,0,0,0,0,0,0,0,0,0,0,0,0
Yes,"Landslide at Baiseri , Raghuganga Rural Municipality-8",,other,Landslide,2026-08-15,Gandaki,Myagdi,Raghuganga,8,,0,0,0,0,0,0,0,0,0,0,0,0,0,0,0,0,0,0,0,0,0
Yes,"Landslide at Sukebagar, Raghuganga Rural Municipality-8",,other,Landslide,2026-08-15,Gandaki,Myagdi,Raghuganga,8,,0,0,0,0,0,0,0,0,0,0,0,0,0,0,0,0,0,0,0,0,0
Yes,"Landslide at Bakadepahiro, Gaumul Rural Municipality-1",,other,Landslide,2026-08-15,Sudurpashchim,Bajura,Gaumul,1,,0,0,0,0,0,0,0,0,0,0,0,0,0,0,0,0,0,0,0,0,0
Yes,"Landslide at Kaichimod , Sharada Municipality-9",,other,Landslide,2026-08-15,Karnali,Salyan,Sharada,9,,0,0,0,0,0,0,0,0,0,0,0,0,0,0,0,0,0,0,0,0,0
Yes,"Landslide at Champe, Machhapuchchhre Rural Municipality-2",,other,Landslide,2026-08-15,Gandaki,Kaski,Machhapuchchhre,2,,0,0,0,0,0,0,0,0,0,0,0,0,0,0,0,0,0,0,0,0,0
Yes,"Landslide at Amdanda, Rolpa Municipality-10",,other,Landslide,2026-08-15,Lumbini,Rolpa,Rolpa,10,,0,0,0,0,1,0,0,0,0,0,0,0,0,0,0,0,0,0,0,0,0
Yes,Landslide at Rolpa Municipality-10,,other,Landslide,2026-08-15,Lumbini,Rolpa,Rolpa,10,,0,0,0,0,0,0,0,0,0,0,0,0,0,0,0,0,0,0,0,0,0
Yes,Landslide at Pachaljharana Rural Municipality-3,,other,Landslide,2026-08-15,Karnali,Kalikot,Pachaljharana,3,,0,0,0,0,0,0,0,0,0,0,0,0,0,0,0,0,0,0,0,0,0
Yes,"Landslide at Shreechaur, Marsyangdi Rural Municipality-7",,other,Landslide,2026-08-15,Gandaki,Lamjung,Marsyangdi,7,,0,0,0,0,0,0,0,0,0,0,0,0,0,0,0,0,0,0,0,0,0
Yes,"Landslide at Lung, Pyuthan Municipality-7",,other,Landslide,2026-08-15,Lumbini,Pyuthan,Pyuthan,7,,0,0,0,0,1,0,0,0,0,0,0,0,0,0,0,0,0,0,0,0,0
Yes,Landslide at Pyuthan Municipality-7,,other,Landslide,2026-08-15,Lumbini,Pyuthan,Pyuthan,7,,0,0,0,0,0,2,0,0,0,0,0,0,0,0,0,0,0,0,0,0,0
Yes,"Landslide at Kunta, Pyuthan Municipality-7",,other,Landslide,2026-08-15,Lumbini,Pyuthan,Pyuthan,7,,0,0,0,0,0,0,0,0,0,0,0,0,0,0,0,0,0,0,0,0,0
Yes,"Landslide at Simpani, Machhapuchchhre Rural Municipality-2",,other,Landslide,2026-08-15,Gandaki,Kaski,Machhapuchchhre,2,,0,0,0,0,0,0,0,0,0,0,0,0,0,0,0,0,0,0,0,0,0
Yes,"Landslide at Kavresthali, Kageshwori Manahora Municipality-9",,other,Landslide,2026-08-15,Bagmati,Kathmandu,Kageshwori Manahora,9,,0,0,0,0,0,0,0,0,0,0,0,0,0,0,0,0,0,0,0,0,0
Yes,Landslide at Marsyangdi Rural Municipality-7,,other,Landslide,2026-08-15,Gandaki,Lamjung,Marsyangdi,7,,0,0,0,0,0,0,0,0,0,0,0,0,0,0,0,0,0,0,0,0,0
Yes,"Landslide at Rupse, Raghuganga Rural Municipality-8",,other,Landslide,2026-08-15,Gandaki,Myagdi,Raghuganga,8,,0,0,0,0,0,0,0,0,0,0,0,0,0,0,0,0,0,0,0,0,0
Yes,"Landslide at Jungepani, Rolpa Municipality-10",,other,Landslide,2026-08-15,Lumbini,Rolpa,Rolpa,10,,0,0,0,0,0,0,0,0,0,0,0,0,0,0,0,0,0,0,0,0,0
Yes,"Landslide at Budhakot, Kamalbazar Municipality-7",,other,Landslide,2026-08-15,Sudurpashchim,Achham,Kamalbazar,7,,0,0,0,0,0,0,0,0,0,0,0,0,0,0,0,0,0,0,0,0,0
Yes,Landslide at Sharada Municipality-9,,other,Landslide,2026-08-15,Karnali,Salyan,Sharada,9,,0,0,0,0,0,0,0,0,0,0,0,0,0,0,0,0,0,0,0,0,0
Yes,"Landslide at Punyakhola, Pyuthan Municipality-7",,other,Landslide,2026-08-15,Lumbini,Pyuthan,Pyuthan,7,,0,0,0,0,0,0,0,0,0,0,0,0,0,0,0,0,0,0,0,0,0
Yes,Landslide at Banphikot Rural Municipality-6,,other,Landslide,2026-08-15,Karnali,Rukum West,Banphikot,6,,0,0,0,0,0,0,0,0,0,0,0,0,0,0,0,0,0,0,0,0,0
Yes,"Landslide at Pipalchaur , Aathbiskot Municipality-14",,other,Landslide,2026-08-15,Karnali,Rukum West,Aathbiskot,14,,0,0,0,0,0,0,0,0,0,0,0,0,0,0,0,0,0,0,0,0,0
Yes,"Landslide at Rumale , Pyuthan Municipality-7",,other,Landslide,2026-08-15,Lumbini,Pyuthan,Pyuthan,7,,0,0,0,0,0,0,0,0,0,0,0,0,0,0,0,0,0,0,0,0,0
Yes,"Landslide at Kamere Bhanjyang , MadhyaNepal Municipality-7",,other,Landslide,2026-08-15,Gandaki,Lamjung,MadhyaNepal,7,,0,0,0,0,0,0,0,0,0,0,0,0,0,0,0,0,0,0,0,0,0
Yes,"Landslide at Patale Khola , Naubahini Rural Municipality-5",,other,Landslide,2026-08-15,Lumbini,Pyuthan,Naubahini,5,,0,0,0,0,0,0,0,0,0,0,0,0,0,0,0,0,0,0,0,0,0
Yes,"Landslide at Aagra , Thantikandh Rural Municipality-5",,other,Landslide,2026-08-15,Karnali,Dailekh,Thantikandh,5,,0,0,0,0,0,0,0,0,0,0,0,0,0,0,0,0,0,0,0,0,0
Yes,"Landslide at Khokse Khola , Phaktanglung Rural Municipality-6",,other,Landslide,2026-08-15,Koshi,Taplejung,Phaktanglung,6,,0,0,0,0,0,0,0,0,0,0,0,0,0,0,0,0,0,0,0,0,0
Yes,"Landslide at Kholakharka , Molung Rural Municipality-1",,other,Landslide,2026-08-15,Koshi,Okhaldhunga,Molung,1,,0,0,0,0,0,0,0,0,0,0,0,0,0,0,0,0,0,0,0,0,0
Yes,Landslide at Gokulganga Rural Municipality-4,,other,Landslide,2026-08-15,Bagmati,Ramechhap,Gokulganga,4,,0,0,0,0,1,0,0,0,0,0,0,0,0,0,0,0,0,0,0,0,0
Yes,"Landslide at Landruk , Machhapuchchhre Rural Municipality-2",,other,Landslide,2026-08-15,Gandaki,Kaski,Machhapuchchhre,2,,0,0,0,0,0,0,0,0,0,0,0,0,0,0,0,0,0,0,0,0,0
Yes,"Landslide at Baiseri , Raghuganga Rural Municipality-8",,other,Landslide,2026-08-14,Gandaki,Myagdi,Raghuganga,8,,0,0,0,0,0,0,0,0,0,0,0,0,0,0,0,0,0,0,0,0,0
Yes,"Landslide at Chinabagar , Banphikot Rural Municipality-6",,other,Landslide,2026-08-14,Karnali,Rukum West,Banphikot,6,,0,0,0,0,0,0,0,0,0,0,0,0,0,0,0,0,0,0,0,0,0
Yes,Landslide at Kageshwori Manahora Municipality-9,,other,Landslide,2026-08-14,Bagmati,Kathmandu,Kageshwori Manahora,9,,0,0,0,0,0,0,0,0,0,0,0,0,0,0,0,0,0,0,0,0,0
Yes,"Landslide at Lahari, Rolpa Municipality-10",,other,Landslide,2026-08-14,Lumbini,Rolpa,Rolpa,10,,0,0,0,0,0,0,0,0,0,0,0,0,0,0,0,0,0,0,0,0,0
Yes,"Landslide at Hurikot, Shey Phoksundo Rural Municipality-99",,other,Landslide,2026-08-14,Karnali,Dolpa,Shey Phoksundo,99,,0,0,0,0,0,0,0,0,0,0,0,0,0,0,0,0,0,0,0,0,0
Yes,Landslide at Gokulganga Rural Municipality-4,,other,Landslide,2026-08-14,Bagmati,Ramechhap,Gokulganga,4,,0,0,0,0,0,0,0,0,0,0,0,0,0,0,0,0,0,0,0,0,0
Yes,"Landslide at Khada, Pachaljharana Rural Municipality-3",,other,Landslide,2026-08-14,Karnali,Kalikot,Pachaljharana,3,,0,0,0,0,2,0,0,0,0,0,0,0,0,0,0,0,0,0,0,0,0
Yes,Landslide at Marsyangdi Rural Municipality-7,,other,Landslide,2026-08-14,Gandaki,Lamjung,Marsyangdi,7,,0,0,0,0,0,0,0,0,0,0,0,0,0,0,0,0,0,0,0,0,0
Yes,"Landslide at Sailimailimode, Rolpa Municipality-10",,other,Landslide,2026-08-14,Lumbini,Rolpa,Rolpa,10,,0,0,0,0,0,0,0,0,0,0,0,0,0,0,0,0,0,0,0,0,0
Yes,"Landslide at Mahavir, Kushma Municipality-10",,other,Landslide,2026-08-14,Gandaki,Parbat,Kushma,10,,0,0,0,0,0,0,0,0,0,0,0,0,0,0,0,0,0,0,0,0,0
Yes,"Landslide at Sireka dana, Khandbari Municipality-7",,other,Landslide,2026-08-14,Koshi,Sankhuwasabha,Khandbari,7,,0,0,0,0,0,0,0,0,0,0,0,0,0,0,0,0,0,0,0,0,0
Yes,"Landslide at Risang , Kushe Rural Municipality-7",,other,Landslide,2026-08-14,Karnali,Jajarkot,Kushe,7,,0,0,1,1,0,0,2,2,0,0,0,0,0,0,0,0,7,3,4,0,0
Yes,"Landslide at Kaiku Khola , Lo Ghekar Damodarkunda Rural Municipality-5",,other,Landslide,2026-08-14,Gandaki,Mustang,Lo Ghekar Damodarkunda,5,,0,0,0,0,0,0,0,0,0,0,0,0,0,0,0,0,0,0,0,0,0
Yes,"Landslide at Kagdanda, Sunil Smriti Rural Municipality-4",,other,Landslide,2026-08-14,Lumbini,Rolpa,Sunil Smriti,4,,0,0,0,0,0,0,0,0,0,0,0,0,0,0,0,0,0,0,0,0,0
Yes,"Landslide at Simaldhara , Bharatpur Metropolitan City-14",,nepal_police,Landslide,2026-08-14,Bagmati,Chitwan,Bharatpur,14,,0,0,0,0,0,0,0,0,0,0,0,0,0,0,0,0,0,0,0,0,0
Yes,Landslide at Dhorpatan Municipality-4,,other,Landslide,2026-08-14,Gandaki,Baglung,Dhorpatan,4,,0,0,0,0,0,0,0,0,0,0,0,0,0,0,0,0,0,0,0,0,0
Yes,"Landslide at Mawang & Jaima , Sunchhahari Rural Municipality-5",,nepal_police,Landslide,2026-08-14,Lumbini,Rolpa,Sunchhahari,5,,0,0,0,0,0,0,0,0,0,0,0,0,0,0,0,0,0,0,0,0,0
Yes,"Landslide at Lakhachaur , Pyuthan Municipality-7",,other,Landslide,2026-08-14,Lumbini,Pyuthan,Pyuthan,7,,0,0,0,0,0,0,0,0,0,0,0,0,0,0,0,0,0,0,0,0,0
Yes,"Landslide at Choyaga, Resunga Municipality-14",,other,Landslide,2026-08-14,Lumbini,Gulmi,Resunga,14,,0,0,0,0,0,0,0,0,0,0,0,0,0,0,0,0,0,0,0,0,0
Yes,"Landslide at Kamarebhir , Netrawati Dabjong Rural Municipality-1",,other,Landslide,2026-08-14,Bagmati,Dhading,Netrawati Dabjong,1,,0,0,0,0,0,0,0,0,0,0,0,0,0,0,0,0,0,0,0,0,0
Yes,"Landslide at Saatkilla , Netrawati Dabjong Rural Municipality-1",,other,Landslide,2026-08-14,Bagmati,Dhading,Netrawati Dabjong,1,,0,0,0,0,0,0,0,0,0,0,0,0,0,0,0,0,0,0,0,0,0
Yes,"Landslide at Kotkhola , Bheri Municipality-4",,other,Landslide,2026-08-14,Karnali,Jajarkot,Bheri,4,,0,0,0,0,0,0,0,0,0,0,0,0,0,0,0,0,0,0,0,0,0
Yes,"Landslide at Kalegaau/Raautgaau/Newarkhola , Kushe Rural Municipality-7",,other,Landslide,2026-08-14,Karnali,Jajarkot,Kushe,7,,0,0,0,0,0,0,0,0,0,0,0,0,0,0,0,0,0,0,0,0,0
Yes,Landslide at Pyuthan Municipality-7,,other,Landslide,2026-08-14,Lumbini,Pyuthan,Pyuthan,7,,0,0,0,0,0,0,0,0,0,0,0,0,0,0,0,0,0,0,0,0,0
Yes,"Landslide at Jyamirkot, Aathbiskot Municipality-14",,other,Landslide,2026-08-14,Karnali,Rukum West,Aathbiskot,14,,0,0,0,0,0,0,0,0,0,0,0,0,0,0,0,0,0,0,0,0,0
Yes,Landslide at Netrawati Dabjong Rural Municipality-1,,other,Landslide,2026-08-14,Bagmati,Dhading,Netrawati Dabjong,1,,0,0,0,0,0,4,0,0,0,0,0,0,0,0,0,0,0,0,0,0,0
Yes,Landslide at Pyuthan Municipality-7,,other,Landslide,2026-08-14,Lumbini,Pyuthan,Pyuthan,7,,0,0,0,0,0,0,0,0,0,0,0,0,0,0,0,0,0,0,0,0,0
Yes,"Landslide at Kashigau, Dharche Rural Municipality-5",,other,Landslide,2026-08-14,Gandaki,Gorkha,Dharche,5,,0,0,0,0,0,0,0,0,0,0,0,0,0,0,0,0,0,0,0,0,0
Yes,"Landslide at Panipokhara, Rolpa Municipality-10",,other,Landslide,2026-08-14,Lumbini,Rolpa,Rolpa,10,,0,0,0,0,2,0,0,0,0,0,0,0,0,0,0,0,0,0,0,0,0
Yes,"Landslide at Sunakhoti, Rhishing Rural Municipality-1",,other,Landslide,2026-08-14,Gandaki,Tanahu,Rhishing,1,,0,0,1,1,0,0,0,0,0,0,0,0,0,0,0,0,0,0,0,0,0
Yes,Landslide at Pyuthan Municipality-7,,other,Landslide,2026-08-14,Lumbini,Pyuthan,Pyuthan,7,,0,0,0,0,0,0,0,0,0,0,0,0,0,0,0,0,0,0,0,0,0
Yes,Landslide at Pyuthan Municipality-7,,other,Landslide,2026-08-14,Lumbini,Pyuthan,Pyuthan,7,,0,0,0,0,0,0,0,0,0,0,0,0,0,0,0,0,0,0,0,0,0
Yes,Landslide at Phaktanglung Rural Municipality-6,,other,Landslide,2026-08-14,Koshi,Taplejung,Phaktanglung,6,,0,0,0,0,0,0,0,0,0,0,0,0,0,0,0,0,0,0,0,0,0
Yes,"Landslide at Tamsu , Gaumul Rural Municipality-1",,other,Landslide,2026-08-13,Sudurpashchim,Bajura,Gaumul,1,,0,0,2,2,0,0,1,0,1,0,0,0,0,0,0,0,2,1,1,0,0
Yes,"Landslide at Phalabang , Sunchhahari Rural Municipality-2",,other,Landslide,2026-08-13,Lumbini,Rolpa,Sunchhahari,2,,0,0,2,2,0,0,2,1,1,0,0,0,0,0,0,0,0,0,0,0,0
Yes,"Landslide at Baiseri , Raghuganga Rural Municipality-8",,other,Landslide,2026-08-13,Gandaki,Myagdi,Raghuganga,8,,0,0,0,0,0,0,0,0,0,0,0,0,0,0,0,0,0,0,0,0,0
Yes,"Landslide at Mahabhir , Annapurna Rural Municipality-7",,other,Landslide,2026-08-13,Gandaki,Myagdi,Annapurna,7,,0,0,0,0,0,0,0,0,0,0,0,0,0,0,0,0,0,0,0,0,0
Yes,"Landslide at Golabhanjyang , Netrawati Dabjong Rural Municipality-1",,other,Landslide,2026-08-13,Bagmati,Dhading,Netrawati Dabjong,1,,0,0,0,0,0,0,0,0,0,0,0,0,0,0,0,0,0,0,0,0,0
Yes,"Landslide at Aathkilla , Netrawati Dabjong Rural Municipality-1",,other,Landslide,2026-08-13,Bagmati,Dhading,Netrawati Dabjong,1,,0,0,0,0,0,0,0,0,0,0,0,0,0,0,0,0,0,0,0,0,0
Yes,"Landslide at Bhalukhola , Konjyosom Rural Municipality-4",,other,Landslide,2026-08-13,Bagmati,Lalitpur,Konjyosom,4,,0,0,0,0,0,0,0,0,0,0,0,0,0,0,0,0,0,0,0,0,0
Yes,"Landslide at Telkot Bastolanagar , Bhaktapur Municipality-9",,other,Landslide,2026-08-13,Bagmati,Bhaktapur,Bhaktapur,9,,0,0,0,0,0,0,0,0,0,0,0,0,0,0,0,0,0,0,0,0,0
Yes,Landslide at Dharche Rural Municipality-5,,other,Landslide,2026-08-13,Gandaki,Gorkha,Dharche,5,,0,0,0,0,0,0,0,0,0,0,0,0,0,0,0,0,0,0,0,0,0
Yes,Landslide at Gaumul Rural Municipality-1,,other,Landslide,2026-08-13,Sudurpashchim,Bajura,Gaumul,1,,0,0,0,0,0,0,0,0,0,0,0,0,0,0,0,0,0,0,0,0,0
Yes,Landslide at Chhayanath Rara Municipality-7,,other,Landslide,2026-08-13,Karnali,Mugu,Chhayanath Rara,7,,0,0,0,0,0,0,0,0,0,0,0,0,0,0,0,0,0,0,0,0,0
Yes,Landslide at Thabang Rural Municipality-2,,other,Landslide,2026-08-13,Lumbini,Rolpa,Thabang,2,,0,0,0,0,0,0,0,0,0,0,0,0,0,0,0,0,0,0,0,0,0
Yes,"Landslide at Pangre , Hupsekot Rural Municipality-5",,other,Landslide,2026-08-13,Gandaki,Nawalparasi East,Hupsekot,5,,0,0,0,0,0,0,0,0,0,0,0,0,0,0,0,0,0,0,0,0,0
Yes,"Landslide at Ghamrang , Kwholasothar Rural Municipality-8",,other,Landslide,2026-08-13,Gandaki,Lamjung,Kwholasothar,8,,0,0,1,1,0,0,0,0,0,0,0,0,0,0,0,0,0,0,0,0,0
Yes,"Landslide at Bangabagar , Apihimal Rural Municipality-6",,other,Landslide,2026-08-13,Sudurpashchim,Darchula,Apihimal,6,,0,0,0,0,0,0,0,0,0,0,0,0,0,0,0,0,0,0,0,0,0
Yes,"Landslide at Chanaute , Dharche Rural Municipality-5",,other,Landslide,2026-08-13,Gandaki,Gorkha,Dharche,5,,0,0,0,0,0,0,0,0,0,0,0,0,0,0,0,0,0,0,0,0,0
Yes,"Landslide at Ghatachaur , Pachaljharana Rural Municipality-3",,other,Landslide,2026-08-13,Karnali,Kalikot,Pachaljharana,3,,0,0,0,0,0,0,0,0,0,0,0,0,0,0,0,0,0,0,0,0,0
Yes,Landslide at Dharche Rural Municipality-5,,other,Landslide,2026-08-13,Gandaki,Gorkha,Dharche,5,,0,0,0,0,0,0,0,0,0,0,0,0,0,0,0,0,0,0,0,0,0
Yes,Landslide at Dharche Rural Municipality-5,,other,Landslide,2026-08-13,Gandaki,Gorkha,Dharche,5,,0,0,0,0,0,0,0,0,0,0,0,0,0,0,0,0,0,0,0,0,0
Yes,Landslide at Kapurkot Rural Municipality-5,,other,Landslide,2026-08-13,Karnali,Salyan,Kapurkot,5,,0,0,0,0,0,0,0,0,0,0,0,0,0,0,0,0,1,1,0,0,0
Yes,"Landslide at Ringaltal Bangabagar, Apihimal Rural Municipality-6",,other,Landslide,2026-08-13,Sudurpashchim,Darchula,Apihimal,6,,0,0,0,0,0,0,0,0,0,0,0,0,0,0,0,0,3,2,1,0,0
Yes,Landslide at Pyuthan Municipality-7,,other,Landslide,2026-08-13,Lumbini,Pyuthan,Pyuthan,7,,0,0,0,0,0,0,0,0,0,0,0,0,0,0,0,0,0,0,0,0,0
Yes,"Landslide at Pitmari , Gauriganga Municipality-9",,other,Landslide,2026-08-13,Sudurpashchim,Kailali,Gauriganga,9,,0,0,0,0,0,0,0,0,0,0,0,0,0,0,0,0,0,0,0,0,0
Yes,Landslide at Apihimal Rural Municipality-6,,other,Landslide,2026-08-13,Sudurpashchim,Darchula,Apihimal,6,,0,0,0,0,0,0,0,0,0,0,0,0,0,0,0,0,0,0,0,0,0
Yes,"Landslide at Thulo Gaau , Rolpa Municipality-10",,other,Landslide,2026-08-13,Lumbini,Rolpa,Rolpa,10,,0,0,1,1,0,1,0,0,0,0,0,0,0,0,0,0,0,0,0,0,0
Yes,Landslide at Rolpa Municipality-10,,other,Landslide,2026-08-13,Lumbini,Rolpa,Rolpa,10,,0,0,0,0,0,0,0,0,0,0,0,0,0,0,0,0,0,0,0,0,0
Yes,"Landslide at Tikabhairav Birkhadhara , Konjyosom Rural Municipality-4",,other,Landslide,2026-08-13,Bagmati,Lalitpur,Konjyosom,4,,0,0,0,0,0,0,0,0,0,0,0,0,0,0,0,0,0,0,0,0,0
Yes,Landslide at Rolpa Municipality-10,,other,Landslide,2026-08-12,Lumbini,Rolpa,Rolpa,10,,0,0,0,0,0,0,0,0,0,0,0,0,0,0,0,0,0,0,0,0,0
Yes,"Landslide at Liping Khola , Jugal Rural Municipality-2",,other,Landslide,2026-08-12,Bagmati,Sindhupalchok,Jugal,2,,0,0,0,0,0,0,0,0,0,0,0,0,0,0,0,0,0,0,0,0,0
Yes,Landslide at Mugum Karmarong Rural Municipality-7,,other,Landslide,2026-08-12,Karnali,Mugu,Mugum Karmarong,7,,0,0,0,0,0,0,0,0,0,0,0,0,0,0,0,0,0,0,0,0,0
Yes,"Landslide at Kharkhare Bhir , Besishahar Municipality-6",,other,Landslide,2026-08-12,Gandaki,Lamjung,Besishahar,6,,0,0,0,0,0,0,0,0,0,0,0,0,0,0,0,0,0,0,0,0,0
Yes,Landslide at Dhorpatan Municipality-4,,other,Landslide,2026-08-12,Gandaki,Baglung,Dhorpatan,4,,0,0,1,1,0,0,0,0,0,0,0,0,0,0,0,0,0,0,0,0,0
Yes,"Landslide at Bimirebhanjyang , MadhyaNepal Municipality-10",,other,Landslide,2026-08-12,Gandaki,Lamjung,MadhyaNepal,10,,0,0,0,0,0,0,0,0,0,0,0,0,0,0,0,0,0,0,0,0,0
Yes,"Landslide at Chureni Bhir , Resunga Municipality-14",,other,Landslide,2026-08-12,Lumbini,Gulmi,Resunga,14,,0,0,0,0,0,0,0,0,0,0,0,0,0,0,0,0,0,0,0,0,0
Yes,"Landslide at Phuliban , Rolpa Municipality-10",,other,Landslide,2026-08-12,Lumbini,Rolpa,Rolpa,10,,0,0,0,0,0,0,0,0,0,0,0,0,0,0,0,0,0,0,0,0,0
Yes,"Landslide at Upallo Bengri , Dhorpatan Municipality-4",,other,Landslide,2026-08-12,Gandaki,Baglung,Dhorpatan,4,,0,0,1,1,3,0,0,0,0,0,0,0,0,0,0,0,0,0,0,0,0
Yes,"Landslide at Tasughat Khola , Nalgaad Municipality-10",,other,Landslide,2026-08-12,Karnali,Jajarkot,Nalgaad,10,,0,0,4,4,0,0,0,0,0,0,0,0,0,0,0,0,0,0,0,0,0
Yes,Landslide at Dharche Rural Municipality-5,,other,Landslide,2026-08-12,Gandaki,Gorkha,Dharche,5,,0,0,0,0,0,0,0,0,0,0,0,0,0,0,0,0,0,0,0,0,0
Yes,Landslide at Gaumul Rural Municipality-1,,other,Landslide,2026-08-12,Sudurpashchim,Bajura,Gaumul,1,500000,0,0,0,0,0,0,0,0,0,0,0,0,0,0,0,0,0,0,0,0,0
Yes,"Landslide at Pudabaula , Gaumul Rural Municipality-1",,other,Landslide,2026-08-12,Sudurpashchim,Bajura,Gaumul,1,,0,0,0,0,0,0,0,0,0,0,0,0,0,0,0,0,0,0,0,0,0
Yes,"Landslide at Chhanwang / Ghuswang , Rolpa Municipality-10",,other,Landslide,2026-08-12,Lumbini,Rolpa,Rolpa,10,,0,0,1,1,0,0,0,0,0,0,0,0,0,0,0,0,0,0,0,0,0
Yes,"Landslide at Ekantakuna, Guthichaur Rural Municipality-5",,other,Landslide,2026-08-11,Karnali,Jumla,Guthichaur,5,,0,0,0,0,0,0,0,0,0,0,0,0,0,0,0,0,0,0,0,0,0
Yes,"Landslide at Kotalbara , Rolpa Municipality-10",,other,Landslide,2026-08-11,Lumbini,Rolpa,Rolpa,10,,0,0,9,9,0,0,5,2,3,0,0,1,0,0,1,0,2,2,0,0,0
Yes,"Landslide at Kadabagar , Putha Uttarganga Rural Municipality-4",,other,Landslide,2026-08-11,Lumbini,Rukum East,Putha Uttarganga,4,,0,0,0,0,0,0,0,0,0,0,0,0,0,0,0,0,0,0,0,0,0
Yes,Landslide at Raghuganga Rural Municipality-8,,other,Landslide,2026-08-10,Gandaki,Myagdi,Raghuganga,8,,0,0,0,0,0,0,1,1,0,0,0,0,0,0,0,0,1,1,0,0,0
Yes,"Landslide at Chhayala , Surma Rural Municipality-1",,other,Landslide,2026-08-10,Sudurpashchim,Bajhang,Surma,1,,0,0,0,0,0,2,0,0,0,0,0,0,0,0,0,0,0,0,0,0,0
Yes,"Landslide at Koirakal , Sharada Municipality-9",,other,Landslide,2026-08-10,Karnali,Salyan,Sharada,9,,0,0,0,0,0,0,0,0,0,0,0,0,0,0,0,0,0,0,0,0,0
Yes,Landslide at Bheri Municipality-4,,other,Landslide,2026-08-10,Karnali,Jajarkot,Bheri,4,,0,0,0,0,0,0,0,0,0,0,0,0,0,0,0,0,0,0,0,0,0
Yes,"Landslide at Guyala , Barahtal Rural Municipality-8",,other,Landslide,2026-08-10,Karnali,Surkhet,Barahtal,8,,0,0,0,0,0,0,0,0,0,0,0,0,0,0,0,0,0,0,0,0,0
Yes,"Landslide at Ratapani, Surnaya Rural Municipality-5",,other,Landslide,2026-08-10,Sudurpashchim,Baitadi,Surnaya,5,,0,0,0,0,0,0,0,0,0,0,0,0,0,0,0,0,0,0,0,0,0
Yes,"Landslide at Pinthali, Narke , Roshi Rural Municipality-9",,other,Landslide,2026-08-09,Bagmati,Kavrepalanchok,Roshi,9,,0,0,0,0,0,0,0,0,0,0,0,0,0,0,0,0,0,0,0,0,0
Yes,"Landslide at Dumre , Jugal Rural Municipality-2",,other,Landslide,2026-08-09,Bagmati,Sindhupalchok,Jugal,2,,0,0,0,0,0,0,0,0,0,0,0,0,0,0,0,0,0,0,0,0,0
Yes,"Landslide at Syule & Amrise , Barahtal Rural Municipality-8",,other,Landslide,2026-08-09,Karnali,Surkhet,Barahtal,8,,0,0,0,0,0,0,0,0,0,0,0,0,0,0,0,0,0,0,0,0,0
Yes,Landslide at Birendranagar Municipality-14,,other,Landslide,2026-08-09,Karnali,Surkhet,Birendranagar,14,,0,0,0,0,0,0,0,0,0,0,0,0,0,0,0,0,0,0,0,0,0
Yes,"Landslide at Phurgad Khola , Pachaljharana Rural Municipality-3",,other,Landslide,2026-08-09,Karnali,Kalikot,Pachaljharana,3,,0,0,0,0,0,0,0,0,0,0,0,0,0,0,0,0,0,0,0,0,0
Yes,Landslide at Gokulganga Rural Municipality-4,,other,Landslide,2026-08-09,Bagmati,Ramechhap,Gokulganga,4,,0,0,0,0,0,0,0,0,0,0,0,0,0,0,0,0,0,0,0,0,0
Yes,"Landslide at Telkot , Bhaktapur Municipality-9",,other,Landslide,2026-08-09,Bagmati,Bhaktapur,Bhaktapur,9,,0,0,0,0,0,0,0,0,0,0,0,0,0,0,0,0,0,0,0,0,0
Yes,Landslide at Kamalamai Municipality-5,,other,Landslide,2026-08-09,Bagmati,Sindhuli,Kamalamai,5,,0,0,0,0,0,0,0,0,0,0,0,0,0,0,0,0,0,0,0,0,0
Yes,"Landslide at Silbalegada , Surnaya Rural Municipality-5",,other,Landslide,2026-08-09,Sudurpashchim,Baitadi,Surnaya,5,,0,0,0,0,1,0,0,0,0,0,0,0,0,0,0,0,0,0,0,0,0
Yes,"Landslide at Birkhadhara , Konjyosom Rural Municipality-4",,other,Landslide,2026-08-09,Bagmati,Lalitpur,Konjyosom,4,,0,0,0,0,0,0,0,0,0,0,0,0,0,0,0,0,0,0,0,0,0
Yes,"Landslide at Bhattedanda, Konjyosom Rural Municipality-4",,other,Landslide,2026-08-09,Bagmati,Lalitpur,Konjyosom,4,,0,0,0,0,0,0,0,0,0,0,0,0,0,0,0,0,0,0,0,0,0
Yes,"Landslide at Thadekhola , Ilam Municipality-11",,other,Landslide,2026-08-09,Koshi,Ilam,Ilam,11,,0,0,0,0,0,0,0,0,0,0,0,0,0,0,0,0,0,0,0,0,0
Yes,Landslide at Konjyosom Rural Municipality-4,,other,Landslide,2026-08-09,Bagmati,Lalitpur,Konjyosom,4,,0,0,0,0,0,0,0,0,0,0,0,0,0,0,0,0,0,0,0,0,0
Yes,Landslide at Bhojpur Municipality-11,,other,Landslide,2026-08-09,Koshi,Bhojpur,Bhojpur,11,,0,0,0,0,0,0,0,0,0,0,0,0,0,0,0,0,0,0,0,0,0
Yes,"Landslide at Gadijungle, Phedap Rural Municipality-3",,other,Landslide,2026-08-09,Koshi,Terhathum,Phedap,3,,0,0,0,0,0,0,0,0,0,0,0,0,0,0,0,0,0,0,0,0,0
Yes,Landslide at Gaumul Rural Municipality-1,,other,Landslide,2026-08-09,Sudurpashchim,Bajura,Gaumul,1,,0,0,0,0,0,0,0,0,0,0,0,0,0,0,0,0,0,0,0,0,0
Yes,Landslide at Suryagadhi Rural Municipality-4,,other,Landslide,2026-08-09,Bagmati,Nuwakot,Suryagadhi,4,,0,0,0,0,0,0,0,0,0,0,0,0,0,0,0,0,0,0,0,0,0
Yes,Landslide at Amargadhi Municipality-10,,other,Landslide,2026-08-09,Sudurpashchim,Dadeldhura,Amargadhi,10,,0,0,0,0,0,0,0,0,0,0,0,0,0,0,0,0,0,0,0,0,0
Yes,"Landslide at Amrise , Barahtal Rural Municipality-7",,other,Landslide,2026-08-08,Karnali,Surkhet,Barahtal,7,,0,0,0,0,0,0,0,0,0,0,0,0,0,0,0,0,0,0,0,0,0
Yes,"Landslide at Neta Bhir , Makalu Rural Municipality-4",,other,Landslide,2026-08-08,Koshi,Sankhuwasabha,Makalu,4,,0,0,0,0,0,0,0,0,0,0,0,0,0,0,0,0,0,0,0,0,0
Yes,"Landslide at Dharapani , Narpa Bhoomi Rural Municipality-3",,other,Landslide,2026-08-08,Gandaki,Manang,Narpa Bhoomi,3,,0,0,0,0,0,0,0,0,0,0,0,0,0,0,0,0,0,0,0,0,0
Yes,Landslide at Mahabu Rural Municipality-2,,other,Landslide,2026-08-08,Karnali,Dailekh,Mahabu,2,,0,0,0,0,0,0,0,0,0,0,0,0,0,0,0,0,0,0,0,0,0
Yes,"Landslide at Bhalumare , Alital Rural Municipality-3",,other,Landslide,2026-08-08,Sudurpashchim,Dadeldhura,Alital,3,,0,0,0,0,0,0,0,0,0,0,0,0,0,0,0,0,0,0,0,0,0
Yes,"Landslide at Bimire bhanjyang , MadhyaNepal Municipality-10",,other,Landslide,2026-08-08,Gandaki,Lamjung,MadhyaNepal,10,,0,0,0,0,0,0,0,0,0,0,0,0,0,0,0,0,0,0,0,0,0
Yes,"Landslide at Hadebhir , Raghuganga Rural Municipality-8",,other,Landslide,2026-08-08,Gandaki,Myagdi,Raghuganga,8,,0,0,0,0,0,0,0,0,0,0,0,0,0,0,0,0,0,0,0,0,0
Yes,"Landslide at Anda Danda , Dharche Rural Municipality-5",,other,Landslide,2026-08-08,Gandaki,Gorkha,Dharche,5,,0,0,0,0,0,0,0,0,0,0,0,0,0,0,0,0,0,0,0,0,0
Yes,"Landslide at Mathillotar, Suryagadhi Rural Municipality-4",,other,Landslide,2026-08-08,Bagmati,Nuwakot,Suryagadhi,4,,0,0,0,0,0,0,0,0,0,0,0,0,0,0,0,0,0,0,0,0,0
Yes,"Landslide at Sunkhani, Bigu Rural Municipality-1",,other,Landslide,2026-08-08,Bagmati,Dolakha,Bigu,1,,0,0,0,0,0,0,0,0,0,0,0,0,0,0,0,0,0,0,0,0,0
Yes,"Landslide at Bhadrutar Thapaliya Tole , Suryagadhi Rural Municipality-4",,other,Landslide,2026-08-07,Bagmati,Nuwakot,Suryagadhi,4,,0,0,0,0,1,0,0,0,0,0,0,0,0,0,0,0,0,0,0,0,0
Yes,"Landslide at Kande , Laligurans Municipality-9",,nepal_police,Landslide,2026-08-07,Koshi,Terhathum,Laligurans,9,,0,0,0,0,0,0,0,0,0,0,0,0,0,0,0,0,0,0,0,0,0
Yes,"Landslide at Tallo Bhalukhola , Bigu Rural Municipality-1",,other,Landslide,2026-08-07,Bagmati,Dolakha,Bigu,1,,0,0,0,0,2,0,0,0,0,0,0,0,0,0,0,0,0,0,0,0,0
Yes,Landslide at Bakaiya Rural Municipality-11,,other,Landslide,2026-08-07,Bagmati,Makwanpur,Bakaiya,11,,0,0,0,0,0,0,0,0,0,0,0,0,0,0,0,0,0,0,0,0,0
Yes,Landslide at Dharche Rural Municipality-5,,other,Landslide,2026-08-07,Gandaki,Gorkha,Dharche,5,,0,0,0,0,0,0,0,0,0,0,0,0,0,0,0,0,0,0,0,0,0
Yes,"Landslide at Shreechaur , Marsyangdi Rural Municipality-7",,other,Landslide,2026-08-07,Gandaki,Lamjung,Marsyangdi,7,,0,0,0,0,0,0,0,0,0,0,0,0,0,0,0,0,0,0,0,0,0
Yes,Landslide at Jugal Rural Municipality-2,,other,Landslide,2026-08-07,Bagmati,Sindhupalchok,Jugal,2,,0,0,0,0,0,0,0,0,0,0,0,0,0,0,0,0,0,0,0,0,0
Yes,"Landslide at Khilang, Machhapuchchhre Rural Municipality-2",,other,Landslide,2026-08-07,Gandaki,Kaski,Machhapuchchhre,2,,0,0,0,0,0,0,0,0,0,0,0,0,0,0,0,0,0,0,0,0,0
Yes,"Landslide at Thulasima , Pyuthan Municipality-7",,other,Landslide,2026-08-07,Lumbini,Pyuthan,Pyuthan,7,,0,0,0,0,0,0,0,0,0,0,0,0,0,0,0,0,0,0,0,0,0
Yes,"Landslide at Loding , Solududhkunda Municipality-3",,other,Landslide,2026-08-07,Koshi,Solukhumbu,Solududhkunda,3,,0,0,0,0,0,0,0,0,0,0,0,0,0,0,0,0,0,0,0,0,0
Yes,Landslide at Pachaljharana Rural Municipality-3,,other,Landslide,2026-08-06,Karnali,Kalikot,Pachaljharana,3,,0,0,0,0,0,0,0,0,0,0,0,0,0,0,0,0,0,0,0,0,0
Yes,"Landslide at Baisari, Raghuganga Rural Municipality-8",,other,Landslide,2026-08-06,Gandaki,Myagdi,Raghuganga,8,,0,0,0,0,0,0,0,0,0,0,0,0,0,0,0,0,0,0,0,0,0
Yes,Landslide at Jugal Rural Municipality-2,,other,Landslide,2026-08-06,Bagmati,Sindhupalchok,Jugal,2,,0,0,0,0,0,0,0,0,0,0,0,0,0,0,0,0,0,0,0,0,0
Yes,Landslide at Ilam Municipality-12,,other,Landslide,2026-08-06,Koshi,Ilam,Ilam,12,,0,0,0,0,0,0,0,0,0,0,0,0,0,0,0,0,0,0,0,0,0
Yes,Landslide at Gorkha Municipality-11,,other,Landslide,2026-08-06,Gandaki,Gorkha,Gorkha,11,,0,0,0,0,0,0,0,0,0,0,0,0,0,0,0,0,0,0,0,0,0
Yes,Landslide at Mikwakhola Rural Municipality-5,,other,Landslide,2026-08-06,Koshi,Taplejung,Mikwakhola,5,,0,0,0,0,0,0,0,0,0,0,0,0,0,0,0,0,0,0,0,0,0
Yes,Landslide at Konjyosom Rural Municipality-4,,other,Landslide,2026-08-06,Bagmati,Lalitpur,Konjyosom,4,,0,0,0,0,0,0,0,0,0,0,0,0,0,0,0,0,0,0,0,0,0
Yes,"Landslide at Nagdi Khola , Ichchhakamana Rural Municipality-5",,other,Landslide,2026-08-05,Bagmati,Chitwan,Ichchhakamana,5,,0,0,0,0,0,0,0,0,0,0,0,0,0,0,0,0,0,0,0,0,0
Yes,"Landslide at Simaltal, Bharatpur Metropolitan City-29",,other,Landslide,2026-08-05,Bagmati,Chitwan,Bharatpur,29,,0,0,0,0,0,0,0,0,0,0,0,0,0,0,0,0,0,0,0,0,0
Yes,"Landslide at Mahat Gaau , Chandannath Municipality-8",,other,Landslide,2026-08-05,Karnali,Jumla,Chandannath,8,,0,0,0,0,0,0,0,0,0,0,0,0,0,0,0,0,0,0,0,0,0
Yes,"Landslide at Baiseri , Raghuganga Rural Municipality-8",,other,Landslide,2026-08-05,Gandaki,Myagdi,Raghuganga,8,,0,0,0,0,0,0,0,0,0,0,0,0,0,0,0,0,0,0,0,0,0
Yes,"Landslide at Phalachaur , Bhumikasthan Municipality-7",,other,Landslide,2026-08-05,Lumbini,Arghakhanchi,Bhumikasthan,7,,0,0,0,0,0,0,0,0,0,0,0,0,0,0,0,0,0,0,0,0,0
Yes,"Landslide at Kerabari , Kushma Municipality-10",,other,Landslide,2026-08-05,Gandaki,Parbat,Kushma,10,,0,0,0,0,0,0,0,0,0,0,0,0,0,0,0,0,0,0,0,0,0
Yes,"Landslide at Bhirkot , Annapurna Rural Municipality-7",,other,Landslide,2026-08-05,Gandaki,Myagdi,Annapurna,7,,0,0,0,0,0,0,0,0,0,0,0,0,0,0,0,0,0,0,0,0,0
Yes,Landslide at Sarawal Rural Municipality-3,,other,Landslide,2026-08-05,Lumbini,Nawalparasi West,Sarawal,3,,0,0,0,0,0,0,0,0,0,0,0,0,0,0,0,0,0,0,0,0,0
Yes,"Landslide at Sukebagar , Raghuganga Rural Municipality-8",,other,Landslide,2026-08-05,Gandaki,Myagdi,Raghuganga,8,,0,0,0,0,0,0,0,0,0,0,0,0,0,0,0,0,0,0,0,0,0
Yes,"Landslide at Gaudepul , Mathagadhi Rural Municipality-1",,other,Landslide,2026-08-05,Lumbini,Palpa,Mathagadhi,1,,0,0,0,0,0,0,0,0,0,0,0,0,0,0,0,0,0,0,0,0,0
Yes,"Landslide at Mahat Gaau , Guthichaur Rural Municipality-5",,other,Landslide,2026-08-05,Karnali,Jumla,Guthichaur,5,,0,0,0,0,0,0,0,0,0,0,0,0,0,0,0,0,0,0,0,0,0
Yes,"Landslide at Thulo Dhunga , Rhishing Rural Municipality-1",,other,Landslide,2026-08-05,Gandaki,Tanahu,Rhishing,1,,0,0,0,0,0,0,0,0,0,0,0,0,0,0,0,0,0,0,0,0,0
Yes,"Landslide at Rakse , Resunga Municipality-14",,other,Landslide,2026-08-05,Lumbini,Gulmi,Resunga,14,,0,0,0,0,0,0,0,0,0,0,0,0,0,0,0,0,0,0,0,0,0
Yes,"Landslide at Sapingtar , Bhojpur Municipality-11",,other,Landslide,2026-08-05,Koshi,Bhojpur,Bhojpur,11,,0,0,0,0,0,0,0,0,0,0,0,0,0,0,0,0,0,0,0,0,0
Yes,"Landslide at Majuwa, Machhapuchchhre Rural Municipality-2",,other,Landslide,2026-08-05,Gandaki,Kaski,Machhapuchchhre,2,,0,0,0,0,0,0,0,0,0,0,0,0,0,0,0,0,0,0,0,0,0
Yes,"Landslide at Deurali , Konjyosom Rural Municipality-4",,other,Landslide,2026-08-05,Bagmati,Lalitpur,Konjyosom,4,,0,0,0,0,0,0,0,0,0,0,0,0,0,0,0,0,0,0,0,0,0
Yes,"Landslide at Kusundanda , Mahashila Rural Municipality-5",,other,Landslide,2026-08-05,Gandaki,Parbat,Mahashila,5,,0,0,0,0,0,0,0,0,0,0,0,0,0,0,0,0,0,0,0,0,0
Yes,Landslide at Gosaikunda Rural Municipality-4,,other,Landslide,2026-08-05,Bagmati,Rasuwa,Gosaikunda,4,,0,0,0,0,0,0,0,0,0,0,0,0,0,0,0,0,0,0,0,0,0
Yes,"Landslide at Gaudepul, Mathagadhi Rural Municipality-1",,other,Landslide,2026-08-05,Lumbini,Palpa,Mathagadhi,1,,0,0,0,0,0,0,0,0,0,0,0,0,0,0,0,0,0,0,0,0,0
Yes,"Landslide at Bikunthe Bhir , Tansen Municipality-13",,other,Landslide,2026-08-05,Lumbini,Palpa,Tansen,13,,0,0,0,0,0,0,0,0,0,0,0,0,0,0,0,0,0,0,0,0,0
Yes,"Landslide at Hiudekhola , Hupsekot Rural Municipality-4",,other,Landslide,2026-08-05,Gandaki,Nawalparasi East,Hupsekot,4,,0,0,0,0,0,0,0,0,0,0,0,0,0,0,0,0,0,0,0,0,0
Yes,"Landslide at Maldhunga , Kushma Municipality-10",,other,Landslide,2026-08-05,Gandaki,Parbat,Kushma,10,,0,0,0,0,0,0,0,0,0,0,0,0,0,0,0,0,0,0,0,0,0
Yes,Landslide at Dharche Rural Municipality-5,,other,Landslide,2026-08-05,Gandaki,Gorkha,Dharche,5,,0,0,1,1,0,0,0,0,0,0,0,0,0,0,0,0,0,0,0,0,0
Yes,"Landslide at Barahasthan , Bhumikasthan Municipality-7",,other,Landslide,2026-08-05,Lumbini,Arghakhanchi,Bhumikasthan,7,,0,0,0,0,0,0,0,0,0,0,0,0,0,0,0,0,0,0,0,0,0
Yes,"Landslide at Ranipauwa , Kakani Rural Municipality-4",,other,Landslide,2026-08-05,Bagmati,Nuwakot,Kakani,4,,0,0,0,0,0,0,0,0,0,0,0,0,0,0,0,0,0,0,0,0,0
Yes,"Landslide at Tapchaur , Mathagadhi Rural Municipality-1",,other,Landslide,2026-08-05,Lumbini,Palpa,Mathagadhi,1,,0,0,0,0,0,0,0,0,0,0,0,0,0,0,0,0,0,0,0,0,0
Yes,"Landslide at Garapani , Dharche Rural Municipality-5",,other,Landslide,2026-08-05,Gandaki,Gorkha,Dharche,5,,0,0,0,0,0,0,0,0,0,0,0,0,0,0,0,0,0,0,0,0,0
Yes,Landslide at Kushma Municipality-10,,other,Landslide,2026-08-05,Gandaki,Parbat,Kushma,10,,0,0,0,0,0,0,0,0,0,0,0,0,0,0,0,0,0,0,0,0,0
Yes,"Landslide at Barakillo, Gorkha Municipality-11",,other,Landslide,2026-08-05,Gandaki,Gorkha,Gorkha,11,,0,0,0,0,0,0,0,0,0,0,0,0,0,0,0,0,0,0,0,0,0
Yes,"Landslide at Sarauchoke, Kushma Municipality-10",,other,Landslide,2026-08-05,Gandaki,Parbat,Kushma,10,,0,0,0,0,0,0,0,0,0,0,0,0,0,0,0,0,0,0,0,0,0
Yes,"Landslide at Simaikhola, Annapurna Rural Municipality-10",,other,Landslide,2026-08-05,Gandaki,Kaski,Annapurna,10,,0,0,0,0,0,0,0,0,0,0,0,0,0,0,0,0,0,0,0,0,0
Yes,Landslide at Resunga Municipality-14,,other,Landslide,2026-08-05,Lumbini,Gulmi,Resunga,14,,0,0,0,0,0,0,0,0,0,0,0,0,0,0,0,0,0,0,0,0,0
Yes,"Landslide at Bangaphadi, Pyuthan Municipality-7",,other,Landslide,2026-08-05,Lumbini,Pyuthan,Pyuthan,7,,0,0,0,0,0,0,0,0,0,0,0,0,0,0,0,0,0,0,0,0,0
Yes,"Landslide at Nildarji, Khumbu Pasanglhamu Rural Municipality-3",,other,Landslide,2026-08-05,Koshi,Solukhumbu,Khumbu Pasanglhamu,3,,0,0,0,0,0,0,0,0,0,0,0,0,0,0,0,0,0,0,0,0,0
Yes,"Landslide at Jungepani, Rolpa Municipality-10",,other,Landslide,2026-08-05,Lumbini,Rolpa,Rolpa,10,,0,0,0,0,0,0,0,0,0,0,0,0,0,0,0,0,0,0,0,0,0
Yes,Landslide at Byas Rural Municipality-1,,other,Landslide,2026-08-05,Sudurpashchim,Darchula,Byas,1,,0,0,0,0,0,0,0,0,0,0,0,0,0,0,0,0,0,0,0,0,0
Yes,"Landslide at Sunkote, Alital Rural Municipality-3",,other,Landslide,2026-08-05,Sudurpashchim,Dadeldhura,Alital,3,20000,0,0,0,0,1,0,0,0,0,0,0,0,0,0,0,0,0,0,0,0,0
Yes,"Landslide at Sunkote, Gauriganga Municipality-9",,other,Landslide,2026-08-05,Sudurpashchim,Kailali,Gauriganga,9,,0,0,0,0,0,0,0,0,0,0,0,0,0,0,0,0,0,0,0,0,0
Yes,"Landslide at Phawakhola , Phungling Municipality-11",,other,Landslide,2026-08-04,Koshi,Taplejung,Phungling,11,,0,0,0,0,0,0,0,0,0,0,0,0,0,0,0,0,0,0,0,0,0
Yes,"Landslide at Sukebagar , Raghuganga Rural Municipality-8",,other,Landslide,2026-08-04,Gandaki,Myagdi,Raghuganga,8,,0,0,0,0,0,0,0,0,0,0,0,0,0,0,0,0,0,0,0,0,0
Yes,"Landslide at Ghumaune Bhir , Raghuganga Rural Municipality-8",,other,Landslide,2026-08-04,Gandaki,Myagdi,Raghuganga,8,,0,0,0,0,0,0,0,0,0,0,0,0,0,0,0,0,0,0,0,0,0
Yes,"Landslide at Simaltal , Bharatpur Metropolitan City-29",,other,Landslide,2026-08-04,Bagmati,Chitwan,Bharatpur,29,,0,0,0,0,0,0,0,0,0,0,0,0,0,0,0,0,0,0,0,0,0
Yes,"Landslide at Kholawang , Rolpa Municipality-10",,other,Landslide,2026-08-04,Lumbini,Rolpa,Rolpa,10,,0,0,0,0,0,0,0,0,0,0,0,0,0,0,0,0,0,0,0,0,0
Yes,"Landslide at Mabang , Rolpa Municipality-10",,other,Landslide,2026-08-04,Lumbini,Rolpa,Rolpa,10,,0,0,0,0,0,0,0,0,0,0,0,0,0,0,0,0,0,0,0,0,0
Yes,"Landslide at Tusare , Sharada Municipality-9",,other,Landslide,2026-08-04,Karnali,Salyan,Sharada,9,,0,0,0,0,0,0,0,0,0,0,0,0,0,0,0,0,0,0,0,0,0
Yes,"Landslide at Kolte , Sharada Municipality-9",,other,Landslide,2026-08-04,Karnali,Salyan,Sharada,9,,0,0,0,0,0,0,0,0,0,0,0,0,0,0,0,0,0,0,0,0,0
Yes,"Landslide at Talcha , Mugum Karmarong Rural Municipality-7",,other,Landslide,2026-08-04,Karnali,Mugu,Mugum Karmarong,7,,0,0,0,0,0,0,0,0,0,0,0,0,0,0,0,0,0,0,0,0,0
Yes,Landslide at Phaktanglung Rural Municipality-6,,other,Landslide,2026-08-04,Koshi,Taplejung,Phaktanglung,6,,0,0,0,0,0,0,0,0,0,0,0,0,0,0,0,0,0,0,0,0,0
Yes,Landslide at Putha Uttarganga Rural Municipality-4,,other,Landslide,2026-08-04,Lumbini,Rukum East,Putha Uttarganga,4,,0,0,0,0,0,0,0,0,0,0,0,0,0,0,0,0,0,0,0,0,0
Yes,Landslide at Phidim Municipality-11,,other,Landslide,2026-08-04,Koshi,Panchthar,Phidim,11,,0,0,0,0,0,0,0,0,0,0,0,0,0,0,0,0,0,0,0,0,0
Yes,"Landslide at Pangdur , Konjyosom Rural Municipality-4",,other,Landslide,2026-08-04,Bagmati,Lalitpur,Konjyosom,4,,0,0,0,0,0,0,0,0,0,0,0,0,0,0,0,0,0,0,0,0,0
Yes,"Landslide at Belbagar , Dhorpatan Municipality-4",,other,Landslide,2026-08-04,Gandaki,Baglung,Dhorpatan,4,,0,0,0,0,0,0,0,0,0,0,0,0,0,0,0,0,0,0,0,0,0
Yes,"Landslide at Phawakhola , Phungling Municipality-11",,other,Landslide,2026-08-04,Koshi,Taplejung,Phungling,11,,0,0,0,0,1,0,0,0,0,0,0,0,0,0,0,0,0,0,0,0,0
Yes,"Landslide at Khopikharka , Phidim Municipality-1",,other,Landslide,2026-08-04,Koshi,Panchthar,Phidim,1,,0,0,0,0,0,0,0,0,0,0,0,0,0,0,0,0,0,0,0,0,0
Yes,"Landslide at Karuwa , Machhapuchchhre Rural Municipality-2",,other,Landslide,2026-08-04,Gandaki,Kaski,Machhapuchchhre,2,,0,0,0,0,0,0,0,0,0,0,0,0,0,0,0,0,0,0,0,0,0
Yes,Landslide at Inaruwa Municipality-8,,other,Landslide,2026-08-03,Koshi,Sunsari,Inaruwa,8,,0,0,0,0,0,0,0,0,0,0,0,0,0,0,0,0,0,0,0,0,0
Yes,"Landslide at Kholawang, Rolpa Municipality-10",,other,Landslide,2026-08-03,Lumbini,Rolpa,Rolpa,10,,0,0,0,0,0,0,0,0,0,0,0,0,0,0,0,0,0,0,0,0,0
Yes,"Landslide at Kholawang, Rolpa Municipality-10",,other,Landslide,2026-08-03,Lumbini,Rolpa,Rolpa,10,,0,0,0,0,0,0,0,0,0,0,0,0,0,0,0,0,0,0,0,0,0
Yes,"Landslide at Barahasthan, Bhumikasthan Municipality-7",,other,Landslide,2026-08-03,Lumbini,Arghakhanchi,Bhumikasthan,7,,0,0,0,0,0,0,0,0,0,0,0,0,0,0,0,0,0,0,0,0,0
Yes,Landslide at Molung Rural Municipality-1,,other,Landslide,2026-08-03,Koshi,Okhaldhunga,Molung,1,,0,0,0,0,0,0,0,0,0,0,0,0,0,0,0,0,0,0,0,0,0
Yes,"Landslide at Padharikhola, Rolpa Municipality-10",,other,Landslide,2026-08-03,Lumbini,Rolpa,Rolpa,10,,0,0,0,0,0,0,0,0,0,0,0,0,0,0,0,0,0,0,0,0,0
Yes,"Landslide at Rangpani, Bhojpur Municipality-11",,other,Landslide,2026-08-03,Koshi,Bhojpur,Bhojpur,11,,0,0,0,0,0,0,0,0,0,0,0,0,0,0,0,0,0,0,0,0,0
Yes,"Landslide at ToplaKhola, Mugum Karmarong Rural Municipality-7",,other,Landslide,2026-08-03,Karnali,Mugu,Mugum Karmarong,7,,0,0,0,0,0,0,0,0,0,0,0,0,0,0,0,0,0,0,0,0,0
Yes,Landslide at Phaktanglung Rural Municipality-6,,other,Landslide,2026-08-03,Koshi,Taplejung,Phaktanglung,6,,0,0,0,0,0,0,0,0,0,0,0,0,0,0,0,0,0,0,0,0,0
Yes,Landslide at Rolpa Municipality-10,,other,Landslide,2026-08-03,Lumbini,Rolpa,Rolpa,10,,0,0,0,0,0,0,0,0,0,0,0,0,0,0,0,0,0,0,0,0,0
Yes,Landslide at Tara Khola Rural Municipality-4,,other,Landslide,2026-08-03,Gandaki,Baglung,Tara Khola,4,,0,0,0,0,0,0,0,0,0,0,0,0,0,0,0,0,0,0,0,0,0
Yes,"Landslide at Kalimati, Pyuthan Municipality-7",,other,Landslide,2026-08-03,Lumbini,Pyuthan,Pyuthan,7,,0,0,0,0,0,0,0,0,0,0,0,0,0,0,0,0,0,0,0,0,0
Yes,Landslide at Dhorpatan Municipality-4,,other,Landslide,2026-08-03,Gandaki,Baglung,Dhorpatan,4,,0,0,1,1,1,0,0,0,0,0,0,0,0,0,0,0,0,0,0,0,0
Yes,Landslide at Gosaikunda Rural Municipality-4,,other,Landslide,2026-08-03,Bagmati,Rasuwa,Gosaikunda,4,,0,0,0,0,0,0,0,0,0,0,0,0,0,0,0,0,0,0,0,0,0
Yes,"Landslide at Liping, Jugal Rural Municipality-2",,other,Landslide,2026-08-03,Bagmati,Sindhupalchok,Jugal,2,,0,0,0,0,0,0,0,0,0,0,0,0,0,0,0,0,0,0,0,0,0
Yes,"Landslide at Bishaltar , Netrawati Dabjong Rural Municipality-1",,other,Landslide,2026-08-03,Bagmati,Dhading,Netrawati Dabjong,1,,0,0,0,0,0,0,0,0,0,0,0,0,0,0,0,0,0,0,0,0,0
Yes,"Landslide at Phoksingtar , Rautamai Rural Municipality-5",,other,Landslide,2026-08-03,Koshi,Udayapur,Rautamai,5,,0,0,0,0,0,0,0,0,0,0,0,0,0,0,0,0,1,1,0,0,0
Yes,Landslide at Lo Ghekar Damodarkunda Rural Municipality-5,,other,Landslide,2026-08-03,Gandaki,Mustang,Lo Ghekar Damodarkunda,5,,0,0,0,0,0,0,0,0,0,0,0,0,0,0,0,0,0,0,0,0,0
Yes,"Landslide at Birbas , Resunga Municipality-14",,other,Landslide,2026-08-03,Lumbini,Gulmi,Resunga,14,,0,0,0,0,0,0,0,0,0,0,0,0,0,0,0,0,0,0,0,0,0
Yes,"Landslide at Aakashe , Phidim Municipality-11",,other,Landslide,2026-08-03,Koshi,Panchthar,Phidim,11,,0,0,0,0,0,0,0,0,0,0,0,0,0,0,0,0,0,0,0,0,0
Yes,"Landslide at Paiyabote , Ilam Municipality-12",,other,Landslide,2026-08-03,Koshi,Ilam,Ilam,12,,0,0,0,0,0,0,0,0,0,0,0,0,0,0,0,0,0,0,0,0,0
Yes,"Landslide at Paanidhara , Benighat Rorang Rural Municipality-10",,other,Landslide,2026-08-03,Bagmati,Dhading,Benighat Rorang,10,,0,0,0,0,0,0,0,0,0,0,0,0,0,0,0,0,0,0,0,0,0
Yes,"Landslide at Gairigaau , Molung Rural Municipality-1",,other,Landslide,2026-08-03,Koshi,Okhaldhunga,Molung,1,,0,0,0,0,0,0,0,0,0,0,0,0,0,0,0,0,0,0,0,0,0
Yes,"Landslide at Satal Bajar , Shadananda Municipality-10",,other,Landslide,2026-08-03,Koshi,Bhojpur,Shadananda,10,,0,0,0,0,0,0,0,0,0,0,0,0,0,0,0,0,0,0,0,0,0
Yes,Landslide at Shadananda Municipality-10,,other,Landslide,2026-08-03,Koshi,Bhojpur,Shadananda,10,5000000,0,0,1,1,0,0,0,0,0,0,0,0,0,0,0,0,0,0,0,0,0
Yes,Landslide at Godawari Municipality-14,,other,Landslide,2026-08-03,Bagmati,Lalitpur,Godawari,14,,0,0,0,0,0,0,0,0,0,0,0,0,0,0,0,0,0,0,0,0,0
Yes,Landslide at Phidim Municipality-11,,other,Landslide,2026-08-03,Koshi,Panchthar,Phidim,11,,0,0,0,0,0,0,0,0,0,0,0,0,0,0,0,0,0,0,0,0,0
Yes,"Landslide at Majhaula Changthapu , Phidim Municipality-11",,other,Landslide,2026-08-03,Koshi,Panchthar,Phidim,11,,0,0,0,0,0,0,0,0,0,0,0,0,0,0,0,0,0,0,0,0,0
Yes,"Landslide at Kaiku Khola , Lo Ghekar Damodarkunda Rural Municipality-5",,other,Landslide,2026-08-03,Gandaki,Mustang,Lo Ghekar Damodarkunda,5,,0,0,0,0,0,0,0,0,0,0,0,0,0,0,0,0,0,0,0,0,0
Yes,"Landslide at Namlung , Khumbu Pasanglhamu Rural Municipality-3",,other,Landslide,2026-08-03,Koshi,Solukhumbu,Khumbu Pasanglhamu,3,,0,0,0,0,0,1,0,0,0,0,0,0,0,0,0,0,0,0,0,0,0
Yes,"Landslide at Bangekholsa, Sharada Municipality-9",,other,Landslide,2026-08-03,Karnali,Salyan,Sharada,9,50000,0,0,0,0,0,1,0,0,0,0,0,0,0,0,0,0,0,0,0,0,0
Yes,"Landslide at Pangdur , Konjyosom Rural Municipality-4",,other,Landslide,2026-08-02,Bagmati,Lalitpur,Konjyosom,4,,0,0,0,0,0,0,0,0,0,0,0,0,0,0,0,0,0,0,0,0,0
Yes,"Landslide at Baiseri , Raghuganga Rural Municipality-8",,other,Landslide,2026-08-02,Gandaki,Myagdi,Raghuganga,8,,0,0,0,0,0,0,0,0,0,0,0,0,0,0,0,0,0,0,0,0,0
Yes,Landslide at Besishahar Municipality-6,,other,Landslide,2026-08-02,Gandaki,Lamjung,Besishahar,6,,0,0,0,0,0,0,0,0,0,0,0,0,0,0,0,0,0,0,0,0,0
Yes,"Landslide at Dhami Gaau , Machhapuchchhre Rural Municipality-2",,other,Landslide,2026-08-02,Gandaki,Kaski,Machhapuchchhre,2,,0,0,0,0,0,0,0,0,0,0,0,0,0,0,0,0,0,0,0,0,0
Yes,"Landslide at Kade , Phedap Rural Municipality-3",,other,Landslide,2026-08-02,Koshi,Terhathum,Phedap,3,,0,0,0,0,0,0,0,0,0,0,0,0,0,0,0,0,0,0,0,0,0
Yes,"Landslide at Near Mugling Public Toilet, Ichchhakamana Rural Municipality-5",,other,Landslide,2026-08-02,Bagmati,Chitwan,Ichchhakamana,5,,0,0,0,0,0,0,0,0,0,0,0,0,0,0,0,0,0,0,0,0,0
Yes,"Landslide at Rambajar , Marsyangdi Rural Municipality-7",,other,Landslide,2026-08-02,Gandaki,Lamjung,Marsyangdi,7,,0,0,0,0,0,0,0,0,0,0,0,0,0,0,0,0,0,0,0,0,0
Yes,"Landslide at Kholawag , Rolpa Municipality-10",,other,Landslide,2026-08-02,Lumbini,Rolpa,Rolpa,10,,0,0,0,0,0,0,0,0,0,0,0,0,0,0,0,0,0,0,0,0,0
Yes,"Landslide at Damphudanda , Sunapati Rural Municipality-3",,other,Landslide,2026-08-02,Bagmati,Ramechhap,Sunapati,3,,0,0,0,0,0,0,0,0,0,0,0,0,0,0,0,0,0,0,0,0,0
Yes,"Landslide at Pinthali , Namobuddha Municipality-7",,other,Landslide,2026-08-02,Bagmati,Kavrepalanchok,Namobuddha,7,,0,0,0,0,0,0,0,0,0,0,0,0,0,0,0,0,0,0,0,0,0
Yes,Landslide at Phedap Rural Municipality-3,,other,Landslide,2026-08-02,Koshi,Terhathum,Phedap,3,,0,0,0,0,0,0,0,0,0,0,0,0,0,0,0,0,0,0,0,0,0
Yes,"Landslide at Laxmibazar Diwa Marga , Dharche Rural Municipality-5",,other,Landslide,2026-08-02,Gandaki,Gorkha,Dharche,5,,0,0,1,1,1,0,0,0,0,0,0,0,0,0,0,0,1,1,0,0,0
Yes,"Landslide at Bagmara , Kushma Municipality-10",,other,Landslide,2026-08-02,Gandaki,Parbat,Kushma,10,,0,0,0,0,0,0,0,0,0,0,0,0,0,0,0,0,0,0,0,0,0
Yes,"Landslide at Tallo Thok , Dudhpokhari Rural Municipality-2",,other,Landslide,2026-08-02,Gandaki,Lamjung,Dudhpokhari,2,,0,0,0,0,0,0,0,0,0,0,0,0,0,0,0,0,0,0,0,0,0
Yes,"Landslide at Besi Tole Telkot , Bhaktapur Municipality-9",,other,Landslide,2026-08-02,Bagmati,Bhaktapur,Bhaktapur,9,,0,0,0,0,0,0,0,0,0,0,0,0,0,0,0,0,0,0,0,0,0
Yes,"Landslide at Panidhara, Ichchhakamana Rural Municipality-3",,other,Landslide,2026-08-02,Bagmati,Chitwan,Ichchhakamana,3,,0,0,0,0,0,0,0,0,0,0,0,0,0,0,0,0,0,0,0,0,0
Yes,"Landslide at Magrati Tole / Deurali , Dharche Rural Municipality-5",,other,Landslide,2026-08-02,Gandaki,Gorkha,Dharche,5,,0,0,0,0,0,0,0,0,0,0,0,0,0,0,0,0,0,0,0,0,0
Yes,"Landslide at Sibang , Raghuganga Rural Municipality-8",,other,Landslide,2026-08-02,Gandaki,Myagdi,Raghuganga,8,,0,0,0,0,0,0,0,0,0,0,0,0,0,0,0,0,0,0,0,0,0
Yes,"Landslide at Simleta , Sharada Municipality-9",,other,Landslide,2026-08-02,Karnali,Salyan,Sharada,9,100000,0,0,0,0,1,0,0,0,0,0,0,0,0,0,0,0,0,0,0,0,0
Yes,"Landslide at Bhalukhola , Konjyosom Rural Municipality-4",,other,Landslide,2026-08-02,Bagmati,Lalitpur,Konjyosom,4,,0,0,0,0,0,0,0,0,0,0,0,0,0,0,0,0,0,0,0,0,0
Yes,"Landslide at Thulo Khola , Nagarjun Municipality-8",,other,Landslide,2026-08-02,Bagmati,Kathmandu,Nagarjun,8,,0,0,0,0,0,0,0,0,0,0,0,0,0,0,0,0,0,0,0,0,0
Yes,"Landslide at Kandabajar, Putha Uttarganga Rural Municipality-4",,other,Landslide,2026-08-02,Lumbini,Rukum East,Putha Uttarganga,4,,0,0,0,0,0,0,0,0,0,0,0,0,0,0,0,0,0,0,0,0,0
Yes,"Landslide at Kalekhola , Banphikot Rural Municipality-6",,other,Landslide,2026-08-02,Karnali,Rukum West,Banphikot,6,,0,0,0,0,0,0,0,0,0,0,0,0,0,0,0,0,0,0,0,0,0
Yes,"Landslide at Lungthung , Phaktanglung Rural Municipality-6",,other,Landslide,2026-08-02,Koshi,Taplejung,Phaktanglung,6,60000,0,0,0,0,0,0,0,0,0,0,0,0,0,0,0,0,0,0,0,0,0
Yes,"Landslide at Chyanekhola , Dharche Rural Municipality-5",,other,Landslide,2026-08-02,Gandaki,Gorkha,Dharche,5,,0,0,0,0,1,0,0,0,0,0,0,0,0,0,0,0,0,0,0,0,0
Yes,Landslide at Bakaiya Rural Municipality-12,,other,Landslide,2026-08-02,Bagmati,Makwanpur,Bakaiya,12,,0,0,0,0,1,0,0,0,0,0,0,0,0,0,0,0,0,0,0,0,0
Yes,"Landslide at Bhalukhore, Rolpa Municipality-10",,other,Landslide,2026-08-02,Lumbini,Rolpa,Rolpa,10,,0,0,0,0,0,0,0,0,0,0,0,0,0,0,0,0,0,0,0,0,0
Yes,"Landslide at Kuwapani , Rolpa Municipality-10",,other,Landslide,2026-08-02,Lumbini,Rolpa,Rolpa,10,,0,0,0,0,0,0,0,0,0,0,0,0,0,0,0,0,0,0,0,0,0
Yes,"Landslide at Khachha , Simkot Rural Municipality-3",,other,Landslide,2026-08-01,Karnali,Humla,Simkot,3,,0,0,0,0,0,0,0,0,0,0,0,0,0,0,0,0,0,0,0,0,0
Yes,"Landslide at Gaulitar, Marsyangdi Rural Municipality-7",,other,Landslide,2026-08-01,Gandaki,Lamjung,Marsyangdi,7,,0,0,0,0,0,0,0,0,0,0,0,0,0,0,0,0,0,0,0,0,0
Yes,"Landslide at Bimire bhanjyang , MadhyaNepal Municipality-10",,other,Landslide,2026-08-01,Gandaki,Lamjung,MadhyaNepal,10,,0,0,0,0,0,0,0,0,0,0,0,0,0,0,0,0,0,0,0,0,0
Yes,"Landslide at Betali Haluwa , Gokulganga Rural Municipality-4",,other,Landslide,2026-08-01,Bagmati,Ramechhap,Gokulganga,4,,0,0,0,0,0,0,0,0,0,0,0,0,0,0,0,0,0,0,0,0,0
Yes,"Landslide at Chhatiwan , Gokulganga Rural Municipality-4",,other,Landslide,2026-08-01,Bagmati,Ramechhap,Gokulganga,4,,0,0,0,0,0,0,0,0,0,0,0,0,0,0,0,0,0,0,0,0,0
Yes,"Landslide at Dhami Gaau , Rupa Rural Municipality-4",,other,Landslide,2026-08-01,Gandaki,Kaski,Rupa,4,,0,0,0,0,0,0,0,0,0,0,0,0,0,0,0,0,0,0,0,0,0
Yes,"Landslide at Dharapani , Narpa Bhoomi Rural Municipality-3",,other,Landslide,2026-08-01,Gandaki,Manang,Narpa Bhoomi,3,,0,0,0,0,0,0,0,0,0,0,0,0,0,0,0,0,0,0,0,0,0
Yes,"Landslide at Dharapani , Nashong Rural Municipality-3",,other,Landslide,2026-08-01,Gandaki,Manang,Nashong,3,,0,0,0,0,0,0,0,0,0,0,0,0,0,0,0,0,0,0,0,0,0
Yes,"Landslide at Poudel Chowk , Phungling Municipality-7",,other,Landslide,2026-08-01,Koshi,Taplejung,Phungling,7,,0,0,0,0,0,0,0,0,0,0,0,0,0,0,0,0,0,0,0,0,0
Yes,"Landslide at Jyamireghat, Netrawati Dabjong Rural Municipality-1",,other,Landslide,2026-07-31,Bagmati,Dhading,Netrawati Dabjong,1,,0,0,0,0,0,0,0,0,0,0,0,0,0,0,0,0,0,0,0,0,0
Yes,"Landslide at Chhatiban , Gokulganga Rural Municipality-4",,other,Landslide,2026-07-31,Bagmati,Ramechhap,Gokulganga,4,,0,0,0,0,0,0,0,0,0,0,0,0,0,0,0,0,0,0,0,0,0
Yes,"Landslide at Under Danda , Dharche Rural Municipality-5",,other,Landslide,2026-07-31,Gandaki,Gorkha,Dharche,5,,0,0,0,0,0,0,0,0,0,0,0,0,0,0,0,0,0,0,0,0,0
Yes,Landslide at Molung Rural Municipality-1,,other,Landslide,2026-07-31,Koshi,Okhaldhunga,Molung,1,,0,0,0,0,0,0,0,0,0,0,0,0,0,0,0,0,0,0,0,0,0
Yes,"Landslide at Birenchowk Barthok , Gorkha Municipality-11",,other,Landslide,2026-07-31,Gandaki,Gorkha,Gorkha,11,,0,0,0,0,0,0,0,0,0,0,0,0,0,0,0,0,0,0,0,0,0
Yes,Landslide at Gorkha Municipality-11,,other,Landslide,2026-07-31,Gandaki,Gorkha,Gorkha,11,,0,0,0,0,0,0,0,0,0,0,0,0,0,0,0,0,0,0,0,0,0
Yes,"Landslide at Paanidhara & Chumingtar , Bharatpur Metropolitan City-14",,other,Landslide,2026-07-30,Bagmati,Chitwan,Bharatpur,14,,0,0,0,0,0,0,0,0,0,0,0,0,0,0,0,0,0,0,0,0,0
Yes,"Landslide at Sukebagar , Raghuganga Rural Municipality-8",,other,Landslide,2026-07-30,Gandaki,Myagdi,Raghuganga,8,,0,0,0,0,0,0,0,0,0,0,0,0,0,0,0,0,0,0,0,0,0
Yes,"Landslide at Baiseri , Raghuganga Rural Municipality-8",,other,Landslide,2026-07-30,Gandaki,Myagdi,Raghuganga,8,,0,0,0,0,0,0,0,0,0,0,0,0,0,0,0,0,0,0,0,0,0
Yes,"Landslide at Gagane Khola , Pachaljharana Rural Municipality-3",,other,Landslide,2026-07-30,Karnali,Kalikot,Pachaljharana,3,,0,0,0,0,0,0,0,0,0,0,0,0,0,0,0,0,0,0,0,0,0
Yes,"Landslide at Chamakhet , Nalgaad Municipality-7",,other,Landslide,2026-07-30,Karnali,Jajarkot,Nalgaad,7,,0,0,0,0,0,0,0,0,0,0,0,0,0,0,0,0,0,0,0,0,0
Yes,Landslide at Kageshwori Manahora Municipality-9,,other,Landslide,2026-07-30,Bagmati,Kathmandu,Kageshwori Manahora,9,,0,0,0,0,0,0,0,0,0,0,0,0,0,0,0,0,0,0,0,0,0
Yes,Landslide at Shikhar Municipality-2,,other,Landslide,2026-07-30,Sudurpashchim,Doti,Shikhar,2,,0,0,0,0,0,0,0,0,0,0,0,0,0,0,0,0,0,0,0,0,0
Yes,Landslide at Annapurna Rural Municipality-11,,other,Landslide,2026-07-30,Gandaki,Kaski,Annapurna,11,,0,0,0,0,0,0,0,0,0,0,0,0,0,0,0,0,0,0,0,0,0
Yes,"Landslide at Chinabung, Phaktanglung Rural Municipality-6",,other,Landslide,2026-07-30,Koshi,Taplejung,Phaktanglung,6,,0,0,0,0,0,0,0,0,0,0,0,0,0,0,0,0,0,0,0,0,0
Yes,Landslide at Dharche Rural Municipality-7,,other,Landslide,2026-07-29,Gandaki,Gorkha,Dharche,7,,0,0,0,0,0,0,0,0,0,0,0,0,0,0,0,0,0,0,0,0,0
Yes,"Landslide at Yarubagar & Salleri , Dharche Rural Municipality-5",,other,Landslide,2026-07-29,Gandaki,Gorkha,Dharche,5,,0,0,0,0,0,0,0,0,0,0,0,0,0,0,0,0,0,0,0,0,0
Yes,"Landslide at Sirchaur , Tulsipur Submetropolitan City-19",,other,Landslide,2026-07-29,Lumbini,Dang,Tulsipur,19,,0,0,0,0,0,0,0,0,0,0,0,0,0,0,0,0,0,0,0,0,0
Yes,"Landslide at Mahalaxmi Khola , Makawanpurgadhi Rural Municipality-5",,other,Landslide,2026-07-29,Bagmati,Makwanpur,Makawanpurgadhi,5,,0,0,0,0,0,0,0,0,0,0,0,0,0,0,0,0,0,0,0,0,0
Yes,Landslide at Konjyosom Rural Municipality-4,,other,Landslide,2026-07-29,Bagmati,Lalitpur,Konjyosom,4,,0,0,0,0,0,0,0,0,0,0,0,0,0,0,0,0,0,0,0,0,0
Yes,Landslide at Falelung Rural Municipality-5,,other,Landslide,2026-07-29,Koshi,Panchthar,Falelung,5,,0,0,0,0,0,0,0,0,0,0,0,0,0,0,0,0,0,0,0,0,0
Yes,"Landslide at Kumelang , Khandbari Municipality-7",,other,Landslide,2026-07-29,Koshi,Sankhuwasabha,Khandbari,7,,0,0,0,0,0,0,0,0,0,0,0,0,0,0,0,0,0,0,0,0,0
Yes,Landslide at Phaktanglung Rural Municipality-6,,other,Landslide,2026-07-29,Koshi,Taplejung,Phaktanglung,6,,0,0,0,0,0,0,0,0,0,0,0,0,0,0,0,0,1,0,1,0,0
Yes,"Landslide at Shreechaur , Marsyangdi Rural Municipality-7",,other,Landslide,2026-07-28,Gandaki,Lamjung,Marsyangdi,7,,0,0,0,0,0,0,0,0,0,0,0,0,0,0,0,0,0,0,0,0,0
Yes,Landslide at Pachaljharana Rural Municipality-3,,other,Landslide,2026-07-28,Karnali,Kalikot,Pachaljharana,3,,0,0,0,0,0,0,0,0,0,0,0,0,0,0,0,0,0,0,0,0,0
Yes,Landslide at Bidur Municipality-12,,other,Landslide,2026-07-28,Bagmati,Nuwakot,Bidur,12,,0,0,0,0,0,0,0,0,0,0,0,0,0,0,0,0,0,0,0,0,0
Yes,Landslide at Suryagadhi Rural Municipality-4,,other,Landslide,2026-07-28,Bagmati,Nuwakot,Suryagadhi,4,,0,0,0,0,0,1,0,0,0,0,0,0,0,0,0,0,0,0,0,0,0
Yes,Landslide at Kakani Rural Municipality-4,,other,Landslide,2026-07-28,Bagmati,Nuwakot,Kakani,4,,0,0,0,0,0,2,0,0,0,0,0,0,0,0,0,0,0,0,0,0,0
Yes,"Landslide at Jayachaur , Sharada Municipality-9",,other,Landslide,2026-07-28,Karnali,Salyan,Sharada,9,,0,0,0,0,0,0,0,0,0,0,0,0,0,0,0,0,0,0,0,0,0
Yes,"Landslide at Sukebagar, Raghuganga Rural Municipality-8",,other,Landslide,2026-07-27,Gandaki,Myagdi,Raghuganga,8,,0,0,0,0,0,0,0,0,0,0,0,0,0,0,0,0,0,0,0,0,0
Yes,Landslide at Konjyosom Rural Municipality-4,,other,Landslide,2026-07-27,Bagmati,Lalitpur,Konjyosom,4,,0,0,0,0,0,0,0,0,0,0,0,0,0,0,0,0,0,0,0,0,0
Yes,"Landslide at Bhatbashi, Marsyangdi Rural Municipality-7",,other,Landslide,2026-07-27,Gandaki,Lamjung,Marsyangdi,7,,0,0,0,0,0,1,1,1,0,0,0,0,0,0,0,0,1,0,1,0,0
Yes,"Landslide at Kholawang, Rolpa Municipality-10",,other,Landslide,2026-07-27,Lumbini,Rolpa,Rolpa,10,,0,0,0,0,0,0,0,0,0,0,0,0,0,0,0,0,0,0,0,0,0
Yes,Landslide at Bharatpur Metropolitan City-14,,other,Landslide,2026-07-27,Bagmati,Chitwan,Bharatpur,14,,0,0,0,0,0,0,0,0,0,0,0,0,0,0,0,0,0,0,0,0,0
Yes,"Landslide at Khemjuwa, Phidim Municipality-11",,other,Landslide,2026-07-27,Koshi,Panchthar,Phidim,11,,0,0,0,0,1,0,0,0,0,0,0,0,0,0,0,0,0,0,0,0,0
Yes,"Landslide at Sirise , Phidim Municipality-11",,other,Landslide,2026-07-27,Koshi,Panchthar,Phidim,11,,0,0,0,0,0,0,0,0,0,0,0,0,0,0,0,0,0,0,0,0,0
Yes,"Landslide at Thulo Khola , Kageshwori Manahora Municipality-9",,other,Landslide,2026-07-27,Bagmati,Kathmandu,Kageshwori Manahora,9,,0,0,0,0,0,0,0,0,0,0,0,0,0,0,0,0,0,0,0,0,0
Yes,Landslide at Phidim Municipality-11,,other,Landslide,2026-07-27,Koshi,Panchthar,Phidim,11,,0,0,0,0,0,0,0,0,0,0,0,0,0,0,0,0,0,0,0,0,0
Yes,"Landslide at Thatibhanjyang , Suryagadhi Rural Municipality-4",,other,Landslide,2026-07-27,Bagmati,Nuwakot,Suryagadhi,4,,0,0,0,0,0,0,0,0,0,0,0,0,0,0,0,0,0,0,0,0,0
Yes,"Landslide at Bhakimli Chimkhet , Beni Municipality-3",,other,Landslide,2026-07-26,Gandaki,Myagdi,Beni,3,,0,0,1,1,0,0,1,0,0,1,0,0,0,0,0,0,1,0,1,0,0
Yes,"Landslide at Pangdur , Konjyosom Rural Municipality-4",,other,Landslide,2026-07-26,Bagmati,Lalitpur,Konjyosom,4,,0,0,0,0,0,0,0,0,0,0,0,0,0,0,0,0,0,0,0,0,0
Yes,"Landslide at Shreechaur , Marsyangdi Rural Municipality-7",,other,Landslide,2026-07-26,Gandaki,Lamjung,Marsyangdi,7,,0,0,0,0,0,0,0,0,0,0,0,0,0,0,0,0,0,0,0,0,0
Yes,"Landslide at Simaltal , Bharatpur Metropolitan City-29",,other,Landslide,2026-07-26,Bagmati,Chitwan,Bharatpur,29,,0,0,0,0,0,0,0,0,0,0,0,0,0,0,0,0,0,0,0,0,0
Yes,"Landslide at Pinthali , Namobuddha Municipality-7",,other,Landslide,2026-07-26,Bagmati,Kavrepalanchok,Namobuddha,7,,0,0,0,0,0,0,0,0,0,0,0,0,0,0,0,0,0,0,0,0,0
Yes,"Landslide at Sukebagar , Raghuganga Rural Municipality-8",,other,Landslide,2026-07-26,Gandaki,Myagdi,Raghuganga,8,,0,0,0,0,0,0,0,0,0,0,0,0,0,0,0,0,0,0,0,0,0
Yes,"Landslide at Baiseri , Raghuganga Rural Municipality-8",,other,Landslide,2026-07-26,Gandaki,Myagdi,Raghuganga,8,,0,0,0,0,0,0,0,0,0,0,0,0,0,0,0,0,0,0,0,0,0
Yes,"Landslide at Siddhababa, Mathagadhi Rural Municipality-1",,other,Landslide,2026-07-26,Lumbini,Palpa,Mathagadhi,1,,0,0,0,0,0,0,0,0,0,0,0,0,0,0,0,0,0,0,0,0,0
Yes,"Landslide at Kharkhare Bhir , Besishahar Municipality-6",,other,Landslide,2026-07-26,Gandaki,Lamjung,Besishahar,6,,0,0,0,0,0,0,0,0,0,0,0,0,0,0,0,0,0,0,0,0,0
Yes,"Landslide at Anda Danda , Dharche Rural Municipality-5",,other,Landslide,2026-07-26,Gandaki,Gorkha,Dharche,5,,0,0,0,0,0,0,0,0,0,0,0,0,0,0,0,0,0,0,0,0,0
Yes,Landslide at Surma Rural Municipality-1,,other,Landslide,2026-07-26,Sudurpashchim,Bajhang,Surma,1,,0,0,0,0,0,3,0,0,0,0,0,0,0,0,0,0,0,0,0,0,0
Yes,"Landslide at Ghumaune Bhir , Raghuganga Rural Municipality-8",,other,Landslide,2026-07-26,Gandaki,Myagdi,Raghuganga,8,,0,0,0,0,0,0,0,0,0,0,0,0,0,0,0,0,0,0,0,0,0
Yes,"Landslide at Kandabagar , Putha Uttarganga Rural Municipality-4",,other,Landslide,2026-07-26,Lumbini,Rukum East,Putha Uttarganga,4,,0,0,0,0,0,0,0,0,0,0,0,0,0,0,0,0,0,0,0,0,0
Yes,"Landslide at Tarangkhola , Hupsekot Rural Municipality-4",,other,Landslide,2026-07-26,Gandaki,Nawalparasi East,Hupsekot,4,,0,0,0,0,0,0,0,0,0,0,0,0,0,0,0,0,0,0,0,0,0
Yes,"Landslide at Dharapani Tallo Hadebhir , Raghuganga Rural Municipality-8",,other,Landslide,2026-07-26,Gandaki,Myagdi,Raghuganga,8,,0,0,1,1,0,0,0,0,0,0,0,0,0,0,0,0,2,1,1,0,0
Yes,"Landslide at Tarangkhola, Hupsekot Rural Municipality-4",,other,Landslide,2026-07-26,Gandaki,Nawalparasi East,Hupsekot,4,,0,0,0,0,0,0,0,0,0,0,0,0,0,0,0,0,0,0,0,0,0
Yes,"Landslide at Bhorleni , Dudhouli Municipality-2",,other,Landslide,2026-07-26,Bagmati,Sindhuli,Dudhouli,2,,0,0,0,0,0,4,0,0,0,0,0,0,0,0,0,0,0,0,0,0,0
Yes,"Landslide at Karuwa , Machhapuchchhre Rural Municipality-2",,other,Landslide,2026-07-26,Gandaki,Kaski,Machhapuchchhre,2,,0,0,0,0,0,0,0,0,0,0,0,0,0,0,0,0,0,0,0,0,0
Yes,"Landslide at Phorche Tanga , Khumbu Pasanglhamu Rural Municipality-3",,other,Landslide,2026-07-26,Koshi,Solukhumbu,Khumbu Pasanglhamu,3,,0,0,0,0,0,0,0,0,0,0,0,0,0,0,0,0,0,0,0,0,0
Yes,Landslide at Gokulganga Rural Municipality-4,,other,Landslide,2026-07-25,Bagmati,Ramechhap,Gokulganga,4,,0,0,0,0,0,0,0,0,0,0,0,0,0,0,0,0,0,0,0,0,0
Yes,"Landslide at Kholawang, Rolpa Municipality-10",,other,Landslide,2026-07-25,Lumbini,Rolpa,Rolpa,10,,0,0,0,0,0,0,0,0,0,0,0,0,0,0,0,0,0,0,0,0,0
Yes,"Landslide at Supani, Shey Phoksundo Rural Municipality-99",,other,Landslide,2026-07-25,Karnali,Dolpa,Shey Phoksundo,99,,0,0,0,0,0,0,0,0,0,0,0,0,0,0,0,0,0,0,0,0,0
Yes,Landslide at Dharche Rural Municipality-5,,other,Landslide,2026-07-25,Gandaki,Gorkha,Dharche,5,,0,0,0,0,0,0,0,0,0,0,0,0,0,0,0,0,0,0,0,0,0
Yes,Landslide at Mugum Karmarong Rural Municipality-7,,other,Landslide,2026-07-25,Karnali,Mugu,Mugum Karmarong,7,,0,0,0,0,0,0,0,0,0,0,0,0,0,0,0,0,0,0,0,0,0
Yes,"Landslide at Kalle , Dhorpatan Municipality-4",,other,Landslide,2026-07-25,Gandaki,Baglung,Dhorpatan,4,,0,0,0,0,0,1,0,0,0,0,0,0,0,0,0,0,0,0,0,0,0
Yes,"Landslide at Kholawang , Rolpa Municipality-10",,other,Landslide,2026-07-25,Lumbini,Rolpa,Rolpa,10,,0,0,0,0,0,0,0,0,0,0,0,0,0,0,0,0,0,0,0,0,0
Yes,Landslide at Gaumul Rural Municipality-1,,other,Landslide,2026-07-25,Sudurpashchim,Bajura,Gaumul,1,,0,0,0,0,0,0,0,0,0,0,0,0,0,0,0,0,0,0,0,0,0
Yes,"Landslide at Shreechaur , Marsyangdi Rural Municipality-7",,other,Landslide,2026-07-25,Gandaki,Lamjung,Marsyangdi,7,,0,0,0,0,0,0,0,0,0,0,0,0,0,0,0,0,0,0,0,0,0
Yes,"Landslide at Lummadin , Phidim Municipality-11",,other,Landslide,2026-07-25,Koshi,Panchthar,Phidim,11,,0,0,0,0,0,0,0,0,0,0,0,0,0,0,0,0,0,0,0,0,0
Yes,"Landslide at Tatamakhu, Narayan Municipality-11",,other,Landslide,2026-07-25,Karnali,Dailekh,Narayan,11,,0,0,0,0,0,0,1,0,1,0,0,0,0,0,0,0,0,0,0,0,0
Yes,"Landslide at Shreechaur , Marsyangdi Rural Municipality-7",,other,Landslide,2026-07-24,Gandaki,Lamjung,Marsyangdi,7,,0,0,0,0,0,0,0,0,0,0,0,0,0,0,0,0,0,0,0,0,0
Yes,Landslide at Mugum Karmarong Rural Municipality-7,,other,Landslide,2026-07-24,Karnali,Mugu,Mugum Karmarong,7,,0,0,0,0,0,0,0,0,0,0,0,0,0,0,0,0,0,0,0,0,0
Yes,Landslide at Mugum Karmarong Rural Municipality-7,,other,Landslide,2026-07-24,Karnali,Mugu,Mugum Karmarong,7,,0,0,0,0,0,0,1,0,0,1,0,0,0,0,0,0,2,1,1,0,0
Yes,Landslide at Barpak Sulikot Rural Municipality-8,,other,Landslide,2026-07-24,Gandaki,Gorkha,Barpak Sulikot,8,,0,0,0,0,0,0,0,0,0,0,0,0,0,0,0,0,0,0,0,0,0
Yes,"Landslide at Kholawang , Rolpa Municipality-10",,other,Landslide,2026-07-24,Lumbini,Rolpa,Rolpa,10,,0,0,0,0,0,0,0,0,0,0,0,0,0,0,0,0,0,0,0,0,0
Yes,"Landslide at Seram, Rolpa Municipality-10",,other,Landslide,2026-07-24,Lumbini,Rolpa,Rolpa,10,,0,0,0,0,0,6,2,0,2,0,0,0,0,0,0,0,1,1,0,0,0
Yes,"Landslide at Tawa , Phaktanglung Rural Municipality-6",,other,Landslide,2026-07-24,Koshi,Taplejung,Phaktanglung,6,,0,0,0,0,0,0,0,0,0,0,0,0,0,0,0,0,0,0,0,0,0
Yes,"Landslide at Phalachaur , Bhumikasthan Municipality-7",,other,Landslide,2026-07-24,Lumbini,Arghakhanchi,Bhumikasthan,7,,0,0,0,0,0,0,0,0,0,0,0,0,0,0,0,0,0,0,0,0,0
Yes,Landslide at Gaumul Rural Municipality-1,,other,Landslide,2026-07-24,Sudurpashchim,Bajura,Gaumul,1,,0,0,0,0,0,0,0,0,0,0,0,0,0,0,0,0,0,0,0,0,0
Yes,Landslide at Nechasalyan Rural Municipality-6,,other,Landslide,2026-07-24,Koshi,Solukhumbu,Nechasalyan,6,,0,0,0,0,0,0,0,0,0,0,0,0,0,0,0,0,0,0,0,0,0
Yes,Landslide at Machhapuchchhre Rural Municipality-2,,other,Landslide,2026-07-24,Gandaki,Kaski,Machhapuchchhre,2,,0,0,0,0,0,0,0,0,0,0,0,0,0,0,0,0,0,0,0,0,0
Yes,"Landslide at Tinpaneri , Sharada Municipality-9",,other,Landslide,2026-07-24,Karnali,Salyan,Sharada,9,,0,0,0,0,0,0,0,0,0,0,0,0,0,0,0,0,0,0,0,0,0
Yes,"Landslide at Jadanga , Gaumul Rural Municipality-1",,other,Landslide,2026-07-23,Sudurpashchim,Bajura,Gaumul,1,,0,0,0,0,0,0,0,0,0,0,0,0,0,0,0,0,0,0,0,0,0
Yes,"Landslide at Paaniikhola , Kamalbazar Municipality-7",,other,Landslide,2026-07-23,Sudurpashchim,Achham,Kamalbazar,7,,0,0,0,0,0,0,0,0,0,0,0,0,0,0,0,0,0,0,0,0,0
Yes,"Landslide at Selagaad , Gaumul Rural Municipality-1",,other,Landslide,2026-07-23,Sudurpashchim,Bajura,Gaumul,1,,0,0,0,0,0,0,0,0,0,0,0,0,0,0,0,0,0,0,0,0,0
Yes,"Landslide at Saureni , Phedap Rural Municipality-3",,other,Landslide,2026-07-23,Koshi,Terhathum,Phedap,3,,0,0,0,0,0,0,0,0,0,0,0,0,0,0,0,0,0,0,0,0,0
Yes,Landslide at Phaktanglung Rural Municipality-6,,other,Landslide,2026-07-23,Koshi,Taplejung,Phaktanglung,6,,0,0,0,0,0,0,0,0,0,0,0,0,0,0,0,0,0,0,0,0,0
Yes,Landslide at Sharada Municipality-9,,other,Landslide,2026-07-23,Karnali,Salyan,Sharada,9,,0,0,0,0,0,0,0,0,0,0,0,0,0,0,0,0,0,0,0,0,0
Yes,"Landslide at Chiuridanda , Barahtal Rural Municipality-8",,other,Landslide,2026-07-23,Karnali,Surkhet,Barahtal,8,,0,0,0,0,0,0,0,0,0,0,0,0,0,0,0,0,0,0,0,0,0
Yes,Landslide at Kushma Municipality-10,,other,Landslide,2026-07-23,Gandaki,Parbat,Kushma,10,,0,0,0,0,0,0,0,0,0,0,0,0,0,0,0,0,1,1,0,0,0
Yes,Landslide at Falelung Rural Municipality-2,,other,Landslide,2026-07-23,Koshi,Panchthar,Falelung,2,,0,0,0,0,0,0,0,0,0,0,0,0,0,0,0,0,0,0,0,0,0
Yes,"Landslide at Sukebagar , Raghuganga Rural Municipality-8",,other,Landslide,2026-07-22,Gandaki,Myagdi,Raghuganga,8,,0,0,0,0,0,0,0,0,0,0,0,0,0,0,0,0,0,0,0,0,0
Yes,"Landslide at Shreechaur , Marsyangdi Rural Municipality-7",,other,Landslide,2026-07-22,Gandaki,Lamjung,Marsyangdi,7,,0,0,0,0,0,0,0,0,0,0,0,0,0,0,0,0,0,0,0,0,0
Yes,"Landslide at Titaure , Dhorpatan Municipality-4",,other,Landslide,2026-07-22,Gandaki,Baglung,Dhorpatan,4,,0,0,0,0,0,0,0,0,0,0,0,0,0,0,0,0,0,0,0,0,0
Yes,"Landslide at Pina River , Chhayanath Rara Municipality-7",,other,Landslide,2026-07-22,Karnali,Mugu,Chhayanath Rara,7,,0,0,0,0,0,0,0,0,0,0,0,0,0,0,0,0,0,0,0,0,0
Yes,"Landslide at Solti Mode , Bigu Rural Municipality-1",,other,Landslide,2026-07-22,Bagmati,Dolakha,Bigu,1,,0,0,0,0,0,0,0,0,0,0,0,0,0,0,0,0,0,0,0,0,0
Yes,"Landslide at Khursane , Dharche Rural Municipality-5",,other,Landslide,2026-07-22,Gandaki,Gorkha,Dharche,5,,0,0,0,0,0,0,0,0,0,0,0,0,0,0,0,0,0,0,0,0,0
Yes,Landslide at Mugum Karmarong Rural Municipality-7,,other,Landslide,2026-07-22,Karnali,Mugu,Mugum Karmarong,7,,0,0,0,0,0,0,0,0,0,0,0,0,0,0,0,0,0,0,0,0,0
Yes,"Landslide at Kulung , Gosaikunda Rural Municipality-3",,other,Landslide,2026-07-22,Bagmati,Rasuwa,Gosaikunda,3,,0,0,0,0,0,0,0,0,0,0,0,0,0,0,0,0,0,0,0,0,0
Yes,Landslide at Marsyangdi Rural Municipality-7,,other,Landslide,2026-07-22,Gandaki,Lamjung,Marsyangdi,7,,0,0,0,0,0,0,0,0,0,0,0,0,0,0,0,0,0,0,0,0,0
Yes,Landslide at Phaktanglung Rural Municipality-6,,other,Landslide,2026-07-22,Koshi,Taplejung,Phaktanglung,6,,0,0,0,0,0,0,0,0,0,0,0,0,0,0,0,0,0,0,0,0,0
Yes,"Landslide at Bistadanda , Gaumul Rural Municipality-1",,other,Landslide,2026-07-22,Sudurpashchim,Bajura,Gaumul,1,,0,0,0,0,0,0,0,0,0,0,0,0,0,0,0,0,0,0,0,0,0
Yes,Landslide at Rolpa Municipality-10,,other,Landslide,2026-07-22,Lumbini,Rolpa,Rolpa,10,,0,0,0,0,0,0,0,0,0,0,0,0,0,0,0,0,0,0,0,0,0
Yes,"Landslide at Malang , Raghuganga Rural Municipality-8",,other,Landslide,2026-07-22,Gandaki,Myagdi,Raghuganga,8,,0,0,0,0,0,0,0,0,0,0,0,0,0,0,0,0,1,1,0,0,0
Yes,"Landslide at Kulung , Gosaikunda Rural Municipality-4",,other,Landslide,2026-07-22,Bagmati,Rasuwa,Gosaikunda,4,,0,0,0,0,0,0,0,0,0,0,0,0,0,0,0,0,0,0,0,0,0
Yes,"Landslide at Pangdur , Konjyosom Rural Municipality-4",,other,Landslide,2026-07-21,Bagmati,Lalitpur,Konjyosom,4,,0,0,0,0,0,0,0,0,0,0,0,0,0,0,0,0,0,0,0,0,0
Yes,"Landslide at Ghumaune Bhir , Raghuganga Rural Municipality-8",,other,Landslide,2026-07-21,Gandaki,Myagdi,Raghuganga,8,,0,0,0,0,0,0,0,0,0,0,0,0,0,0,0,0,0,0,0,0,0
Yes,Landslide at Surnaya Rural Municipality-5,,other,Landslide,2026-07-21,Sudurpashchim,Baitadi,Surnaya,5,,0,0,0,0,0,0,0,0,0,0,0,0,0,0,0,0,0,0,0,0,0
Yes,Landslide at Bigu Rural Municipality-1,,other,Landslide,2026-07-21,Bagmati,Dolakha,Bigu,1,,0,0,1,1,0,0,1,1,0,0,0,0,0,0,0,0,0,0,0,0,0
Yes,Landslide at Phidim Municipality-11,,other,Landslide,2026-07-21,Koshi,Panchthar,Phidim,11,,0,0,0,0,0,0,0,0,0,0,0,0,0,0,0,0,0,0,0,0,0
Yes,Landslide at Gaumul Rural Municipality-1,,other,Landslide,2026-07-21,Sudurpashchim,Bajura,Gaumul,1,,0,0,0,0,0,0,0,0,0,0,0,0,0,0,0,0,0,0,0,0,0
Yes,"Landslide at Khademel , Pachaljharana Rural Municipality-3",,other,Landslide,2026-07-21,Karnali,Kalikot,Pachaljharana,3,,0,0,0,0,0,0,0,0,0,0,0,0,0,0,0,0,0,0,0,0,0
Yes,Landslide at Rolpa Municipality-10,,other,Landslide,2026-07-21,Lumbini,Rolpa,Rolpa,10,,0,0,0,0,0,0,0,0,0,0,0,0,0,0,0,0,0,0,0,0,0
Yes,Landslide at Dharche Rural Municipality-5,,other,Landslide,2026-07-21,Gandaki,Gorkha,Dharche,5,,0,0,0,0,0,0,0,0,0,0,0,0,0,0,0,0,0,0,0,0,0
Yes,"Landslide at Phorse , Kushma Municipality-10",,other,Landslide,2026-07-21,Gandaki,Parbat,Kushma,10,,0,0,0,0,0,0,0,0,0,0,0,0,0,0,0,0,0,0,0,0,0
Yes,"Landslide at Sadikhola , Dharche Rural Municipality-5",,other,Landslide,2026-07-21,Gandaki,Gorkha,Dharche,5,,0,0,0,0,0,0,0,0,0,0,0,0,0,0,0,0,0,0,0,0,0
Yes,"Landslide at Kharkhare Bhir , Besishahar Municipality-6",,other,Landslide,2026-07-21,Gandaki,Lamjung,Besishahar,6,,0,0,0,0,0,0,0,0,0,0,0,0,0,0,0,0,0,0,0,0,0
Yes,"Landslide at Raduwa Khola , Alital Rural Municipality-3",,other,Landslide,2026-07-21,Sudurpashchim,Dadeldhura,Alital,3,,0,0,0,0,0,0,0,0,0,0,0,0,0,0,0,0,0,0,0,0,0
Yes,"Landslide at Tasinam , Bigu Rural Municipality-1",,other,Landslide,2026-07-21,Bagmati,Dolakha,Bigu,1,,0,0,0,0,2,0,0,0,0,0,0,0,0,0,0,0,0,0,0,0,0
Yes,"Landslide at Takuche , Konjyosom Rural Municipality-4",,other,Landslide,2026-07-20,Bagmati,Lalitpur,Konjyosom,4,,0,0,0,0,0,0,0,0,0,0,0,0,0,0,0,0,0,0,0,0,0
Yes,Landslide at Bhirkot Municipality-8,,other,Landslide,2026-07-20,Gandaki,Syangja,Bhirkot,8,,0,0,0,0,0,0,0,0,0,0,0,0,0,0,0,0,0,0,0,0,0
Yes,"Landslide at Lahachhebar , Gokulganga Rural Municipality-4",,other,Landslide,2026-07-20,Bagmati,Ramechhap,Gokulganga,4,,0,0,0,0,0,0,0,0,0,0,0,0,0,0,0,0,0,0,0,0,0
Yes,"Landslide at Malma Khaulekhola , Dhorpatan Municipality-4",,other,Landslide,2026-07-20,Gandaki,Baglung,Dhorpatan,4,,0,0,0,0,0,0,0,0,0,0,0,0,0,0,0,0,0,0,0,0,0
Yes,"Landslide at Risthe , Gokulganga Rural Municipality-4",,other,Landslide,2026-07-20,Bagmati,Ramechhap,Gokulganga,4,,0,0,0,0,0,0,0,0,0,0,0,0,0,0,0,0,0,0,0,0,0
Yes,"Landslide at Chalise Chambas , Netrawati Dabjong Rural Municipality-1",,other,Landslide,2026-07-20,Bagmati,Dhading,Netrawati Dabjong,1,,0,0,0,0,0,0,0,0,0,0,0,0,0,0,0,0,0,0,0,0,0
Yes,"Landslide at Pipalchhap , Waling Municipality-13",,other,Landslide,2026-07-20,Gandaki,Syangja,Waling,13,,0,0,0,0,0,0,0,0,0,0,0,0,0,0,0,0,0,0,0,0,0
Yes,"Landslide at Sisneri , Makawanpurgadhi Rural Municipality-5",,other,Landslide,2026-07-20,Bagmati,Makwanpur,Makawanpurgadhi,5,,0,0,0,0,0,0,0,0,0,0,0,0,0,0,0,0,0,0,0,0,0
Yes,"Landslide at Daurali, Phidim Municipality-11",,nepal_police,Landslide,2026-07-20,Koshi,Panchthar,Phidim,11,,0,0,0,0,0,0,0,0,0,0,0,0,0,0,0,0,0,0,0,0,0
Yes,"Landslide at Mabu, Ilam Municipality-12",,nepal_police,Landslide,2026-07-20,Koshi,Ilam,Ilam,12,,0,0,0,0,0,0,0,0,0,0,0,0,0,0,0,0,0,0,0,0,0
Yes,"Landslide at Kopche, Phidim Municipality-11",,nepal_police,Landslide,2026-07-20,Koshi,Panchthar,Phidim,11,,0,0,0,0,0,0,0,0,0,0,0,0,0,0,0,0,0,0,0,0,0
Yes,"Landslide at Liding, Dharche Rural Municipality-5",,nepal_police,Landslide,2026-07-20,Gandaki,Gorkha,Dharche,5,,0,0,0,0,0,0,0,0,0,0,0,0,0,0,0,0,0,0,0,0,0
Yes,"Landslide at Bagar, Kushe Rural Municipality-7",,nepal_police,Landslide,2026-07-20,Karnali,Jajarkot,Kushe,7,,0,0,0,0,0,0,0,0,0,0,0,0,0,0,0,0,0,0,0,0,0
Yes,"Landslide at Ganeshtar , Dhankuta Municipality-2",,other,Landslide,2026-07-20,Koshi,Dhankuta,Dhankuta,2,,0,0,0,0,1,0,0,0,0,0,0,0,0,0,0,0,0,0,0,0,0
Yes,"Landslide at Pintahli , Roshi Rural Municipality-9",,other,Landslide,2026-07-19,Bagmati,Kavrepalanchok,Roshi,9,,0,0,0,0,0,0,0,0,0,0,0,0,0,0,0,0,0,0,0,0,0
Yes,"Landslide at Viraldanda , Shivraj Municipality-1",,other,Landslide,2026-07-19,Lumbini,Kapilbastu,Shivraj,1,,0,0,0,0,0,0,0,0,0,0,0,0,0,0,0,0,0,0,0,0,0
Yes,Landslide at Ichchhakamana Rural Municipality-3,,other,Landslide,2026-07-19,Bagmati,Chitwan,Ichchhakamana,3,,0,0,0,0,0,0,0,0,0,0,0,0,0,0,0,0,0,0,0,0,0
Yes,"Landslide at Mahabhir , Raghuganga Rural Municipality-8",,other,Landslide,2026-07-19,Gandaki,Myagdi,Raghuganga,8,,0,0,0,0,0,0,0,0,0,0,0,0,0,0,0,0,0,0,0,0,0
Yes,"Landslide at Baksing Chowk , Khandbari Municipality-7",,other,Landslide,2026-07-19,Koshi,Sankhuwasabha,Khandbari,7,,0,0,0,0,0,0,0,0,0,0,0,0,0,0,0,0,0,0,0,0,0
Yes,Landslide at Resunga Municipality-14,,other,Landslide,2026-07-19,Lumbini,Gulmi,Resunga,14,,0,0,0,0,0,0,0,0,0,0,0,0,0,0,0,0,0,0,0,0,0
Yes,Landslide at Dharche Rural Municipality-7,,other,Landslide,2026-07-19,Gandaki,Gorkha,Dharche,7,,0,0,0,0,0,0,0,0,0,0,0,0,0,0,0,0,0,0,0,0,0
Yes,Landslide at Phungling Municipality-7,,other,Landslide,2026-07-19,Koshi,Taplejung,Phungling,7,,0,0,0,0,0,0,0,0,0,0,0,0,0,0,0,0,0,0,0,0,0
Yes,"Landslide at Naya Buspark , Phidim Municipality-4",,other,Landslide,2026-07-19,Koshi,Panchthar,Phidim,4,,0,0,0,0,0,0,0,0,0,0,0,0,0,0,0,0,0,0,0,0,0
Yes,"Landslide at Pathkhola , Waling Municipality-13",,other,Landslide,2026-07-19,Gandaki,Syangja,Waling,13,,0,0,0,0,0,0,0,0,0,0,0,0,0,0,0,0,0,0,0,0,0
Yes,"Landslide at Dumribhanjyang , Waling Municipality-14",,other,Landslide,2026-07-19,Gandaki,Syangja,Waling,14,,0,0,0,0,0,0,0,0,0,0,0,0,0,0,0,0,0,0,0,0,0
Yes,Landslide at Phidim Municipality-11,,other,Landslide,2026-07-19,Koshi,Panchthar,Phidim,11,,0,0,0,0,0,0,0,0,0,0,0,0,0,0,0,0,0,0,0,0,0
Yes,Landslide at Bigu Rural Municipality-1,,other,Landslide,2026-07-19,Bagmati,Dolakha,Bigu,1,,0,0,0,0,0,0,0,0,0,0,0,0,0,0,0,0,0,0,0,0,0
Yes,"Landslide at Panebaaj , Apihimal Rural Municipality-6",,other,Landslide,2026-07-19,Sudurpashchim,Darchula,Apihimal,6,,0,0,0,0,0,0,0,0,0,0,0,0,0,0,0,0,0,0,0,0,0
Yes,"Landslide at Paneru , Sharada Municipality-9",,other,Landslide,2026-07-19,Karnali,Salyan,Sharada,9,,0,0,0,0,0,0,0,0,0,0,0,0,0,0,0,0,0,0,0,0,0
Yes,Landslide at Bidur Municipality-12,,other,Landslide,2026-07-19,Bagmati,Nuwakot,Bidur,12,,0,0,0,0,0,0,0,0,0,0,0,0,0,0,0,0,1,1,0,0,0
Yes,"Landslide at Pipalu , Alital Rural Municipality-3",,other,Landslide,2026-07-19,Sudurpashchim,Dadeldhura,Alital,3,100000,0,0,0,0,0,0,0,0,0,0,0,0,0,0,0,0,0,0,0,0,0
Yes,"Landslide at Bardanda , Phidim Municipality-11",,other,Landslide,2026-07-19,Koshi,Panchthar,Phidim,11,,0,0,0,0,0,0,0,0,0,0,0,0,0,0,0,0,0,0,0,0,0
Yes,Landslide at Rolpa Municipality-10,,other,Landslide,2026-07-19,Lumbini,Rolpa,Rolpa,10,,0,0,0,0,0,0,0,0,0,0,0,0,0,0,0,0,0,0,0,0,0
Yes,"Landslide at Bardanda , Phidim Municipality-11",,other,Landslide,2026-07-19,Koshi,Panchthar,Phidim,11,,0,0,0,0,0,0,0,0,0,0,0,0,0,0,0,0,0,0,0,0,0
Yes,"Landslide at Bihibare , Khandbari Municipality-7",,other,Landslide,2026-07-19,Koshi,Sankhuwasabha,Khandbari,7,,0,0,0,0,0,0,0,0,0,0,0,0,0,0,0,0,0,0,0,0,0
Yes,Landslide at Khandbari Municipality-7,,other,Landslide,2026-07-19,Koshi,Sankhuwasabha,Khandbari,7,,0,0,0,0,0,0,0,0,0,0,0,0,0,0,0,0,0,0,0,0,0
Yes,Landslide at Phidim Municipality-11,,other,Landslide,2026-07-19,Koshi,Panchthar,Phidim,11,,0,0,0,0,0,0,0,0,0,0,0,0,0,0,0,0,0,0,0,0,0
Yes,"Landslide at Jawangkhola , Benighat Rorang Rural Municipality-10",,other,Landslide,2026-07-18,Bagmati,Dhading,Benighat Rorang,10,,0,0,0,0,0,0,0,0,0,0,0,0,0,0,0,0,0,0,0,0,0
Yes,"Landslide at Daunne Bajar , Hupsekot Rural Municipality-4",,other,Landslide,2026-07-18,Gandaki,Nawalparasi East,Hupsekot,4,,0,0,0,0,0,0,0,0,0,0,0,0,0,0,0,0,0,0,0,0,0
Yes,"Landslide at Pangdur , Konjyosom Rural Municipality-4",,other,Landslide,2026-07-18,Bagmati,Lalitpur,Konjyosom,4,,0,0,0,0,0,0,0,0,0,0,0,0,0,0,0,0,0,0,0,0,0
Yes,Landslide at Namobuddha Municipality-7,,other,Landslide,2026-07-18,Bagmati,Kavrepalanchok,Namobuddha,7,,0,0,0,0,0,0,0,0,0,0,0,0,0,0,0,0,0,0,0,0,0
Yes,Landslide at Phaktanglung Rural Municipality-3,,other,Landslide,2026-07-18,Koshi,Taplejung,Phaktanglung,3,,0,0,0,0,0,0,0,0,0,0,0,0,0,0,0,0,0,0,0,0,0
Yes,"Landslide at Jurbang Khoal , Rolpa Municipality-10",,other,Landslide,2026-07-18,Lumbini,Rolpa,Rolpa,10,,0,0,0,0,0,0,0,0,0,0,0,0,0,0,0,0,0,0,0,0,0
Yes,Landslide at Gokulganga Rural Municipality-6,,other,Landslide,2026-07-18,Bagmati,Ramechhap,Gokulganga,6,,0,0,0,0,0,0,0,0,0,0,0,0,0,0,0,0,0,0,0,0,0
Yes,"Landslide at Gumchet , Gosaikunda Rural Municipality-4",,other,Landslide,2026-07-18,Bagmati,Rasuwa,Gosaikunda,4,,0,0,0,0,0,0,0,0,0,0,0,0,0,0,0,0,0,0,0,0,0
Yes,"Landslide at Harning , Rolpa Municipality-10",,other,Landslide,2026-07-18,Lumbini,Rolpa,Rolpa,10,,0,0,0,0,0,0,0,0,0,0,0,0,0,0,0,0,0,0,0,0,0
Yes,"Landslide at Nayabasti  , Rolpa Municipality-4",,other,Landslide,2026-07-18,Lumbini,Rolpa,Rolpa,4,,0,0,0,0,0,0,0,0,0,0,0,0,0,0,0,0,0,0,0,0,0
Yes,"Landslide at Nikobhumi , Bigu Rural Municipality-1",,other,Landslide,2026-07-18,Bagmati,Dolakha,Bigu,1,,0,0,0,0,0,0,0,0,0,0,0,0,0,0,0,0,0,0,0,0,0
Yes,"Landslide at Dhungrekhola , Panini Rural Municipality-2",,other,Landslide,2026-07-18,Lumbini,Arghakhanchi,Panini,2,,0,0,0,0,0,0,0,0,0,0,0,0,0,0,0,0,0,0,0,0,0
Yes,"Landslide at Korkatte , Alital Rural Municipality-3",,other,Landslide,2026-07-18,Sudurpashchim,Dadeldhura,Alital,3,,0,0,0,0,0,0,0,0,0,0,0,0,0,0,0,0,0,0,0,0,0
Yes,"Landslide at Khokse Khola , Phaktanglung Rural Municipality-6",,other,Landslide,2026-07-18,Koshi,Taplejung,Phaktanglung,6,,0,0,0,0,0,0,0,0,0,0,0,0,0,0,0,0,0,0,0,0,0
Yes,Landslide at Diktel Rupakot Majhuwagadhi Municipality-6,,other,Landslide,2026-07-18,Koshi,Khotang,Diktel Rupakot Majhuwagadhi,6,,0,0,0,0,0,0,0,0,0,0,0,0,0,0,0,0,0,0,0,0,0
Yes,Landslide at Suryagadhi Rural Municipality-4,,other,Landslide,2026-07-18,Bagmati,Nuwakot,Suryagadhi,4,,0,0,0,0,0,0,0,0,0,0,0,0,0,0,0,0,0,0,0,0,0
Yes,"Landslide at Panebaj , Apihimal Rural Municipality-6",,other,Landslide,2026-07-18,Sudurpashchim,Darchula,Apihimal,6,,0,0,0,0,0,0,0,0,0,0,0,0,0,0,0,0,0,0,0,0,0
Yes,"Landslide at Hardeni , Katari Municipality-11",,other,Landslide,2026-07-18,Koshi,Udayapur,Katari,11,,0,0,0,0,0,0,0,0,0,0,0,0,0,0,0,0,0,0,0,0,0
Yes,"Landslide at Mayakharka , Rolpa Municipality-10",,other,Landslide,2026-07-18,Lumbini,Rolpa,Rolpa,10,,0,0,1,1,0,0,0,0,0,0,0,0,0,0,0,0,0,0,0,0,0
Yes,"Landslide at Timrangkhani , Benighat Rorang Rural Municipality-10",,other,Landslide,2026-07-18,Bagmati,Dhading,Benighat Rorang,10,,0,0,0,0,0,0,0,0,0,0,0,0,0,0,0,0,0,0,0,0,0
Yes,Landslide at Phidim Municipality-11,,other,Landslide,2026-07-18,Koshi,Panchthar,Phidim,11,200000,0,0,0,0,0,0,0,0,0,0,0,0,0,0,0,0,0,0,0,0,0
Yes,Landslide at Molung Rural Municipality-5,,other,Landslide,2026-07-18,Koshi,Okhaldhunga,Molung,5,,0,0,0,0,0,0,0,0,0,0,0,0,0,0,0,0,0,0,0,0,0
Yes,"Landslide at Gogane , Suryagadhi Rural Municipality-4",,other,Landslide,2026-07-18,Bagmati,Nuwakot,Suryagadhi,4,,0,0,0,0,1,0,0,0,0,0,0,0,0,0,0,0,0,0,0,0,0
Yes,Landslide at Khandbari Municipality-7,,other,Landslide,2026-07-18,Koshi,Sankhuwasabha,Khandbari,7,,0,0,0,0,0,0,0,0,0,0,0,0,0,0,0,0,0,0,0,0,0
Yes,"Landslide at Gharmidanda , Pokhara Metropolitan City-19",,other,Landslide,2026-07-18,Gandaki,Kaski,Pokhara,19,,0,0,0,0,1,0,0,0,0,0,0,0,0,0,0,0,0,0,0,0,0
Yes,Landslide at Surnaya Rural Municipality-5,,other,Landslide,2026-07-18,Sudurpashchim,Baitadi,Surnaya,5,,0,0,1,1,0,0,0,0,0,0,0,0,0,0,0,0,0,0,0,0,0
Yes,Landslide at Surnaya Rural Municipality-5,,other,Landslide,2026-07-18,Sudurpashchim,Baitadi,Surnaya,5,,0,0,0,0,1,0,0,0,0,0,0,0,0,0,0,0,0,0,0,0,0
Yes,"Landslide at Lalibakhu , Gokulganga Rural Municipality-4",,other,Landslide,2026-07-18,Bagmati,Ramechhap,Gokulganga,4,,0,0,0,0,0,1,0,0,0,0,0,0,0,0,0,0,0,0,0,0,0
Yes,"Landslide at Khatri Gaau , Khandbari Municipality-7",,other,Landslide,2026-07-18,Koshi,Sankhuwasabha,Khandbari,7,,0,0,0,0,0,0,0,0,0,0,0,0,0,0,0,0,0,0,0,0,0
Yes,Landslide at Chainpur Municipality-2,,other,Landslide,2026-07-18,Koshi,Sankhuwasabha,Chainpur,2,,0,0,0,0,0,0,0,0,0,0,0,0,0,0,0,0,0,0,0,0,0
Yes,Landslide at Suryagadhi Rural Municipality-4,,other,Landslide,2026-07-18,Bagmati,Nuwakot,Suryagadhi,4,,0,0,0,0,0,0,0,0,0,0,0,0,0,0,0,0,0,0,0,0,0
Yes,Landslide at Khumbu Pasanglhamu Rural Municipality-3,,other,Landslide,2026-07-18,Koshi,Solukhumbu,Khumbu Pasanglhamu,3,,0,0,0,0,0,0,0,0,0,0,0,0,0,0,0,0,0,0,0,0,0
Yes,Landslide at Khandbari Municipality-7,,other,Landslide,2026-07-18,Koshi,Sankhuwasabha,Khandbari,7,,0,0,0,0,0,0,0,0,0,0,0,0,0,0,0,0,0,0,0,0,0
Yes,"Landslide at Thulokhola , Suryagadhi Rural Municipality-4",,other,Landslide,2026-07-17,Bagmati,Nuwakot,Suryagadhi,4,,0,0,0,0,0,0,0,0,0,0,0,0,0,0,0,0,0,0,0,0,0
Yes,"Landslide at Kholawang, Rolpa Municipality-10",,other,Landslide,2026-07-17,Lumbini,Rolpa,Rolpa,10,,0,0,0,0,0,0,0,0,0,0,0,0,0,0,0,0,0,0,0,0,0
Yes,"Landslide at Sirbari , Paribartan Rural Municipality-4",,other,Landslide,2026-07-17,Lumbini,Rolpa,Paribartan,4,,0,0,0,0,0,0,1,1,0,0,0,0,0,0,0,0,0,0,0,0,0
Yes,"Landslide at Tallaphat , Resunga Municipality-14",,other,Landslide,2026-07-17,Lumbini,Gulmi,Resunga,14,,0,0,0,0,0,0,0,0,0,0,0,0,0,0,0,0,0,0,0,0,0
Yes,"Landslide at Deurali Danda , Suryagadhi Rural Municipality-4",,other,Landslide,2026-07-17,Bagmati,Nuwakot,Suryagadhi,4,,0,0,0,0,0,0,0,0,0,0,0,0,0,0,0,0,0,0,0,0,0
Yes,"Landslide at Sukidaha , Tribeni Rural Municipality-3",,other,Landslide,2026-07-17,Lumbini,Rolpa,Tribeni,3,,0,0,0,0,0,0,0,0,0,0,0,0,0,0,0,0,0,0,0,0,0
Yes,"Landslide at Kholawang, Rolpa Municipality-10",,other,Landslide,2026-07-17,Lumbini,Rolpa,Rolpa,10,,0,0,0,0,0,0,0,0,0,0,0,0,0,0,0,0,0,0,0,0,0
Yes,"Landslide at Shreechaur , Marsyangdi Rural Municipality-4",,other,Landslide,2026-07-17,Gandaki,Lamjung,Marsyangdi,4,,0,0,0,0,0,0,0,0,0,0,0,0,0,0,0,0,0,0,0,0,0
Yes,"Landslide at Khalte , Gosaikunda Rural Municipality-4",,other,Landslide,2026-07-17,Bagmati,Rasuwa,Gosaikunda,4,,0,0,0,0,0,0,0,0,0,0,0,0,0,0,0,0,0,0,0,0,0
Yes,"Landslide at Gumchet , Gosaikunda Rural Municipality-4",,nepal_police,Landslide,2026-07-17,Bagmati,Rasuwa,Gosaikunda,4,,0,0,0,0,0,0,0,0,0,0,0,0,0,0,0,0,0,0,0,0,0
Yes,"Landslide at Taaldanda , Narpa Bhoomi Rural Municipality-3",,other,Landslide,2026-07-17,Gandaki,Manang,Narpa Bhoomi,3,,0,0,0,0,0,0,0,0,0,0,0,0,0,0,0,0,0,0,0,0,0
Yes,Landslide at Tripurasundari Municipality-5,,other,Landslide,2026-07-17,Karnali,Dolpa,Tripurasundari,5,,0,0,0,0,0,0,0,0,0,0,0,0,0,0,0,0,0,0,0,0,0
Yes,"Landslide at Bhirkuna , Meringden Rural Municipality-5",,other,Landslide,2026-07-17,Koshi,Taplejung,Meringden,5,,0,0,0,0,0,0,0,0,0,0,0,0,0,0,0,0,0,0,0,0,0
Yes,Landslide at Gosaikunda Rural Municipality-6,,other,Landslide,2026-07-17,Bagmati,Rasuwa,Gosaikunda,6,,0,0,0,0,0,0,0,0,0,0,0,0,0,0,0,0,0,0,0,0,0
Yes,"Landslide at Sakhine , Bigu Rural Municipality-1",,other,Landslide,2026-07-17,Bagmati,Dolakha,Bigu,1,,0,0,0,0,0,0,0,0,0,0,0,0,0,0,0,0,0,0,0,0,0
Yes,"Landslide at Bhalukhola , Konjyosom Rural Municipality-4",,other,Landslide,2026-07-17,Bagmati,Lalitpur,Konjyosom,4,,0,0,0,0,0,0,0,0,0,0,0,0,0,0,0,0,0,0,0,0,0
Yes,"Landslide at Harning, Rolpa Municipality-10",,other,Landslide,2026-07-17,Lumbini,Rolpa,Rolpa,10,,0,0,0,0,0,0,0,0,0,0,0,0,0,0,0,0,0,0,0,0,0
Yes,Landslide at Tarakeshwor Municipality-7,,other,Landslide,2026-07-17,Bagmati,Kathmandu,Tarakeshwor,7,,0,0,0,0,0,0,0,0,0,0,0,0,0,0,0,0,0,0,0,0,0
Yes,"Landslide at Jharlang , Netrawati Dabjong Rural Municipality-1",,other,Landslide,2026-07-17,Bagmati,Dhading,Netrawati Dabjong,1,,0,0,0,0,0,0,0,0,0,0,0,0,0,0,0,0,0,0,0,0,0
Yes,"Landslide at Kuri , Bigu Rural Municipality-1",,other,Landslide,2026-07-17,Bagmati,Dolakha,Bigu,1,,0,0,0,0,0,0,0,0,0,0,0,0,0,0,0,0,0,0,0,0,0
Yes,Landslide at Phidim Municipality-11,,other,Landslide,2026-07-17,Koshi,Panchthar,Phidim,11,,0,0,0,0,0,0,0,0,0,0,0,0,0,0,0,0,0,0,0,0,0
Yes,"Landslide at Pandrung , Barpak Sulikot Rural Municipality-8",,other,Landslide,2026-07-16,Gandaki,Gorkha,Barpak Sulikot,8,,0,0,0,0,0,0,0,0,0,0,0,0,0,0,0,0,0,0,0,0,0
Yes,"Landslide at Bahane Syaulibang , Pyuthan Municipality-7",,other,Landslide,2026-07-16,Lumbini,Pyuthan,Pyuthan,7,,0,0,0,0,0,0,0,0,0,0,0,0,0,0,0,0,0,0,0,0,0
Yes,Landslide at Phaktanglung Rural Municipality-6,,other,Landslide,2026-07-16,Koshi,Taplejung,Phaktanglung,6,,0,0,0,0,0,0,0,0,0,0,0,0,0,0,0,0,0,0,0,0,0
Yes,"Landslide at Kodari , Jugal Rural Municipality-2",,other,Landslide,2026-07-16,Bagmati,Sindhupalchok,Jugal,2,,0,0,0,0,0,0,0,0,0,0,0,0,0,0,0,0,0,0,0,0,0
Yes,"Landslide at Pahire Khola , Molung Rural Municipality-1",,other,Landslide,2026-07-16,Koshi,Okhaldhunga,Molung,1,,0,0,0,0,0,0,0,0,0,0,0,0,0,0,0,0,0,0,0,0,0
Yes,"Landslide at Belbagar , Dhorpatan Municipality-4",,other,Landslide,2026-07-16,Gandaki,Baglung,Dhorpatan,4,,0,0,0,0,0,0,0,0,0,0,0,0,0,0,0,0,0,0,0,0,0
Yes,"Landslide at Gagane Khola , Pachaljharana Rural Municipality-3",,other,Landslide,2026-07-16,Karnali,Kalikot,Pachaljharana,3,,0,0,0,0,0,0,0,0,0,0,0,0,0,0,0,0,0,0,0,0,0
Yes,"Landslide at Mewang , Rolpa Municipality-10",,other,Landslide,2026-07-16,Lumbini,Rolpa,Rolpa,10,,0,0,0,0,0,0,0,0,0,0,0,0,0,0,0,0,0,0,0,0,0
Yes,Landslide at Rolpa Municipality-10,,other,Landslide,2026-07-16,Lumbini,Rolpa,Rolpa,10,,0,0,0,0,0,0,0,0,0,0,0,0,0,0,0,0,0,0,0,0,0
Yes,Landslide at Dharmadevi Municipality-5,,other,Landslide,2026-07-16,Koshi,Sankhuwasabha,Dharmadevi,5,,0,0,0,0,0,0,0,0,0,0,0,0,0,0,0,0,0,0,0,0,0
Yes,"Landslide at Hardeni , Katari Municipality-11",,other,Landslide,2026-07-16,Koshi,Udayapur,Katari,11,,0,0,0,0,0,0,0,0,0,0,0,0,0,0,0,0,0,0,0,0,0
Yes,"Landslide at Liding , Dharche Rural Municipality-5",,other,Landslide,2026-07-16,Gandaki,Gorkha,Dharche,5,,0,0,0,0,0,0,0,0,0,0,0,0,0,0,0,0,0,0,0,0,0
Yes,"Landslide at Ghumaune Bhir , Raghuganga Rural Municipality-8",,other,Landslide,2026-07-16,Gandaki,Myagdi,Raghuganga,8,,0,0,0,0,0,0,0,0,0,0,0,0,0,0,0,0,0,0,0,0,0
Yes,"Landslide at Mathillo Arkhala , Hupsekot Rural Municipality-4",,other,Landslide,2026-07-16,Gandaki,Nawalparasi East,Hupsekot,4,,0,0,0,0,0,0,0,0,0,0,0,0,0,0,0,0,0,0,0,0,0
Yes,Landslide at Siddhicharan Municipality-12,,other,Landslide,2026-07-16,Koshi,Okhaldhunga,Siddhicharan,12,,0,0,0,0,0,0,0,0,0,0,0,0,0,0,0,0,0,0,0,0,0
Yes,"Landslide at Chaile , Lo Ghekar Damodarkunda Rural Municipality-5",,other,Landslide,2026-07-16,Gandaki,Mustang,Lo Ghekar Damodarkunda,5,,0,0,0,0,0,0,0,0,0,0,0,0,0,0,0,0,0,0,0,0,0
Yes,Landslide at Kushe Rural Municipality-7,,other,Landslide,2026-07-16,Karnali,Jajarkot,Kushe,7,,0,0,1,1,0,0,0,0,0,0,0,0,0,0,0,0,0,0,0,0,0
Yes,"Landslide at Khokse Khola , Phaktanglung Rural Municipality-6",,other,Landslide,2026-07-16,Koshi,Taplejung,Phaktanglung,6,,0,0,0,0,0,0,0,0,0,0,0,0,0,0,0,0,0,0,0,0,0
Yes,"Landslide at Chyasingdol , Kageshwori Manahora Municipality-9",,other,Landslide,2026-07-16,Bagmati,Kathmandu,Kageshwori Manahora,9,,0,0,0,0,0,0,0,0,0,0,0,0,0,0,0,0,2,2,0,0,0
Yes,"Landslide at Dandakharka , Molung Rural Municipality-1",,other,Landslide,2026-07-16,Koshi,Okhaldhunga,Molung,1,,0,0,0,0,0,0,0,0,0,0,0,0,0,0,0,0,0,0,0,0,0
Yes,"Landslide at Phasebung , Phidim Municipality-11",,other,Landslide,2026-07-16,Koshi,Panchthar,Phidim,11,,0,0,0,0,0,0,0,0,0,0,0,0,0,0,0,0,0,0,0,0,0
Yes,"Landslide at Phasebung , Phidim Municipality-11",,other,Landslide,2026-07-16,Koshi,Panchthar,Phidim,11,,0,0,0,0,0,0,0,0,0,0,0,0,0,0,0,0,0,0,0,0,0
Yes,"Landslide at Mawang , Sunchhahari Rural Municipality-5",,other,Landslide,2026-07-16,Lumbini,Rolpa,Sunchhahari,5,,0,0,0,0,0,0,0,0,0,0,0,0,0,0,0,0,0,0,0,0,0
Yes,"Landslide at Dawal , Dhorpatan Municipality-9",,other,Landslide,2026-07-16,Gandaki,Baglung,Dhorpatan,9,,0,0,0,0,1,0,0,0,0,0,0,0,0,0,0,0,0,0,0,0,0
Yes,Landslide at Sotang Rural Municipality-5,,other,Landslide,2026-07-16,Koshi,Solukhumbu,Sotang,5,,0,0,0,0,0,0,0,0,0,0,0,0,0,0,0,0,0,0,0,0,0
Yes,"Landslide at Banpale , Bhirkot Municipality-8",,other,Landslide,2026-07-15,Gandaki,Syangja,Bhirkot,8,,0,0,0,0,0,1,1,1,0,0,0,0,0,0,0,0,0,0,0,0,0
Yes,"Landslide at Mahabhir , Annapurna Rural Municipality-7",,nepal_police,Landslide,2026-07-15,Gandaki,Myagdi,Annapurna,7,,0,0,0,0,0,0,0,0,0,0,0,0,0,0,0,0,0,0,0,0,0
Yes,Landslide at Barah Municipality-1,,nepal_police,Landslide,2026-07-15,Koshi,Sunsari,Barah,1,,0,0,0,0,0,0,0,0,0,0,0,0,0,0,0,0,0,0,0,0,0
Yes,"Landslide at Sarkuri , Resunga Municipality-14",,nepal_police,Landslide,2026-07-15,Lumbini,Gulmi,Resunga,14,,0,0,0,0,0,0,0,0,0,0,0,0,0,0,0,0,0,0,0,0,0
Yes,Landslide at Falelung Rural Municipality-8,,other,Landslide,2026-07-15,Koshi,Panchthar,Falelung,8,,0,0,0,0,0,0,0,0,0,0,0,0,0,0,0,0,0,0,0,0,0
Yes,Landslide at Phaktanglung Rural Municipality-6,,other,Landslide,2026-07-15,Koshi,Taplejung,Phaktanglung,6,,0,0,0,0,0,0,0,0,0,0,0,0,0,0,0,0,0,0,0,0,0
Yes,"Landslide at Pandrung , Dharche Rural Municipality-5",,other,Landslide,2026-07-15,Gandaki,Gorkha,Dharche,5,,0,0,0,0,0,0,0,0,0,0,0,0,0,0,0,0,0,0,0,0,0
Yes,Landslide at Gokulganga Rural Municipality-4,,other,Landslide,2026-07-15,Bagmati,Ramechhap,Gokulganga,4,,0,0,0,0,1,0,0,0,0,0,0,0,0,0,0,0,0,0,0,0,0
Yes,"Landslide at Ghattepakha , Bakaiya Rural Municipality-11",,other,Landslide,2026-07-15,Bagmati,Makwanpur,Bakaiya,11,,0,0,0,0,0,0,0,0,0,0,0,0,0,0,0,0,0,0,0,0,0
Yes,"Landslide at Pankhu Khola , Halesi Tuwachung Municipality-11",,other,Landslide,2026-07-15,Koshi,Khotang,Halesi Tuwachung,11,,0,0,0,0,0,0,0,0,0,0,0,0,0,0,0,0,0,0,0,0,0
Yes,Landslide at Suryagadhi Rural Municipality-4,,other,Landslide,2026-07-15,Bagmati,Nuwakot,Suryagadhi,4,,0,0,0,0,0,0,0,0,0,0,0,0,0,0,0,0,0,0,0,0,0
Yes,"Landslide at Kholme , Phaktanglung Rural Municipality-6",,other,Landslide,2026-07-15,Koshi,Taplejung,Phaktanglung,6,,0,0,0,0,0,0,0,0,0,0,0,0,0,0,0,0,0,0,0,0,0
Yes,"Landslide at Triveni , Rolpa Municipality-10",,other,Landslide,2026-07-15,Lumbini,Rolpa,Rolpa,10,,0,0,0,0,0,0,0,0,0,0,0,0,0,0,0,0,0,0,0,0,0
Yes,"Landslide at Wasing , Benighat Rorang Rural Municipality-10",,other,Landslide,2026-07-15,Bagmati,Dhading,Benighat Rorang,10,,0,0,0,0,0,0,0,0,0,0,0,0,0,0,0,0,0,0,0,0,0
Yes,"Landslide at Kholawang , Rolpa Municipality-10",,other,Landslide,2026-07-15,Lumbini,Rolpa,Rolpa,10,,0,0,0,0,0,0,0,0,0,0,0,0,0,0,0,0,0,0,0,0,0
Yes,Landslide at Kushe Rural Municipality-7,,other,Landslide,2026-07-15,Karnali,Jajarkot,Kushe,7,,0,0,0,0,0,0,0,0,0,0,0,0,0,0,0,0,0,0,0,0,0
Yes,Landslide at Pokhara Metropolitan City-13,,other,Landslide,2026-07-15,Gandaki,Kaski,Pokhara,13,,0,0,0,0,0,0,0,0,0,0,0,0,0,0,0,0,2,1,1,0,0
Yes,"Landslide at Jawangkhola , Benighat Rorang Rural Municipality-10",,other,Landslide,2026-07-14,Bagmati,Dhading,Benighat Rorang,10,,0,0,0,0,0,0,0,0,0,0,0,0,0,0,0,0,0,0,0,0,0
Yes,Landslide at Gaumul Rural Municipality-1,,other,Landslide,2026-07-14,Sudurpashchim,Bajura,Gaumul,1,,0,0,0,0,0,0,0,0,0,0,0,0,0,0,0,0,0,0,0,0,0
Yes,Landslide at Bhotekoshi Rural Municipality-4,,other,Landslide,2026-07-14,Bagmati,Sindhupalchok,Bhotekoshi,4,,0,0,0,0,0,0,0,0,0,0,0,0,0,0,0,0,0,0,0,0,0
Yes,Landslide at Bhumikasthan Municipality-7,,other,Landslide,2026-07-14,Lumbini,Arghakhanchi,Bhumikasthan,7,,0,0,0,0,0,0,0,0,0,0,0,0,0,0,0,0,0,0,0,0,0
Yes,"Landslide at Jawangkhola , Benighat Rorang Rural Municipality-10",,other,Landslide,2026-07-14,Bagmati,Dhading,Benighat Rorang,10,,0,0,0,0,0,0,0,0,0,0,0,0,0,0,0,0,0,0,0,0,0
Yes,Landslide at Barah Municipality-1,,other,Landslide,2026-07-14,Koshi,Sunsari,Barah,1,,0,0,0,0,0,0,0,0,0,0,0,0,0,0,0,0,0,0,0,0,0
Yes,"Landslide at Khistimbe , Mikwakhola Rural Municipality-5",,other,Landslide,2026-07-14,Koshi,Taplejung,Mikwakhola,5,,0,0,0,0,0,0,0,0,0,0,0,0,0,0,0,0,0,0,0,0,0
Yes,Landslide at Phaktanglung Rural Municipality-6,,other,Landslide,2026-07-14,Koshi,Taplejung,Phaktanglung,6,,0,0,0,0,0,0,0,0,0,0,0,0,0,0,0,0,0,0,0,0,0
Yes,"Landslide at Belbagar, Dhorpatan Municipality-4",,other,Landslide,2026-07-14,Gandaki,Baglung,Dhorpatan,4,,0,0,0,0,0,0,0,0,0,0,0,0,0,0,0,0,0,0,0,0,0
Yes,"Landslide at Chitrapur , Bhaktapur Municipality-9",,other,Landslide,2026-07-14,Bagmati,Bhaktapur,Bhaktapur,9,,0,0,0,0,0,0,0,0,0,0,0,0,0,0,0,0,0,0,0,0,0
Yes,"Landslide at Malagad, Tribeni Municipality-8",,other,Landslide,2026-07-14,Sudurpashchim,Bajura,Tribeni,8,,0,0,0,0,0,0,0,0,0,0,0,0,0,0,0,0,0,0,0,0,0
Yes,Landslide at Gaumul Rural Municipality-1,,other,Landslide,2026-07-14,Sudurpashchim,Bajura,Gaumul,1,,0,0,0,0,0,0,0,0,0,0,0,0,0,0,0,0,0,0,0,0,0
Yes,Landslide at Raghuganga Rural Municipality-8,,other,Landslide,2026-07-13,Gandaki,Myagdi,Raghuganga,8,,0,0,0,0,0,0,0,0,0,0,0,0,0,0,0,0,0,0,0,0,0
Yes,"Landslide at Harre , Barahtal Rural Municipality-8",,other,Landslide,2026-07-13,Karnali,Surkhet,Barahtal,8,,0,0,0,0,0,0,0,0,0,0,0,0,0,0,0,0,0,0,0,0,0
Yes,"Landslide at Padule , Bheriganga Municipality-12",,other,Landslide,2026-07-13,Karnali,Surkhet,Bheriganga,12,,0,0,0,0,0,0,0,0,0,0,0,0,0,0,0,0,0,0,0,0,0
Yes,"Landslide at Nainibigar , Raghuganga Rural Municipality-8",,other,Landslide,2026-07-13,Gandaki,Myagdi,Raghuganga,8,,0,0,0,0,0,0,0,0,0,0,0,0,0,0,0,0,0,0,0,0,0
Yes,"Landslide at Sumrekhola , Putalibazar Municipality-14",,other,Landslide,2026-07-13,Gandaki,Syangja,Putalibazar,14,,0,0,0,0,0,0,0,0,0,0,0,0,0,0,0,0,0,0,0,0,0
Yes,"Landslide at Lakuri , Pokhara Metropolitan City-31",,other,Landslide,2026-07-13,Gandaki,Kaski,Pokhara,31,,0,0,0,0,0,0,0,0,0,0,0,0,0,0,0,0,0,0,0,0,0
Yes,"Landslide at Dobhan , Dharche Rural Municipality-5",,other,Landslide,2026-07-13,Gandaki,Gorkha,Dharche,5,,0,0,0,0,0,0,0,0,0,0,0,0,0,0,0,0,0,0,0,0,0
Yes,Landslide at Machhapuchchhre Rural Municipality-2,,other,Landslide,2026-07-13,Gandaki,Kaski,Machhapuchchhre,2,,0,0,0,0,1,0,0,0,0,0,0,0,0,0,0,0,0,0,0,0,0
Yes,Landslide at Phaktanglung Rural Municipality-6,,other,Landslide,2026-07-13,Koshi,Taplejung,Phaktanglung,6,,0,0,0,0,0,0,0,0,0,0,0,0,0,0,0,0,0,0,0,0,0
Yes,"Landslide at Dopahare , Pokhara Metropolitan City-21",,other,Landslide,2026-07-13,Gandaki,Kaski,Pokhara,21,,0,0,0,0,0,0,0,0,0,0,0,0,0,0,0,0,0,0,0,0,0
Yes,Landslide at Putalibazar Municipality-12,,other,Landslide,2026-07-13,Gandaki,Syangja,Putalibazar,12,,0,0,0,0,0,3,0,0,0,0,0,0,0,0,0,0,0,0,0,0,0
Yes,"Landslide at Inarpaani, Dhorpatan Municipality-4",,other,Landslide,2026-07-13,Gandaki,Baglung,Dhorpatan,4,,0,0,0,0,0,0,0,0,0,0,0,0,0,0,0,0,0,0,0,0,0
Yes,Landslide at Pokhara Metropolitan City-23,,other,Landslide,2026-07-13,Gandaki,Kaski,Pokhara,23,,0,0,0,0,0,0,0,0,0,0,0,0,0,0,0,0,0,0,0,0,0
Yes,Landslide at Phidim Municipality-11,,other,Landslide,2026-07-13,Koshi,Panchthar,Phidim,11,,0,0,0,0,0,0,0,0,0,0,0,0,0,0,0,0,0,0,0,0,0
Yes,"Landslide at Bayatari Sirsikot , Waling Municipality-12",,other,Landslide,2026-07-13,Gandaki,Syangja,Waling,12,,0,0,0,0,0,0,0,0,0,0,0,0,0,0,0,0,0,0,0,0,0
Yes,"Landslide at Aaladuna , Mugum Karmarong Rural Municipality-7",,other,Landslide,2026-07-13,Karnali,Mugu,Mugum Karmarong,7,,0,0,0,0,0,0,0,0,0,0,0,0,0,0,0,0,0,0,0,0,0
Yes,Landslide at Pachaljharana Rural Municipality-3,,other,Landslide,2026-07-13,Karnali,Kalikot,Pachaljharana,3,,0,0,0,0,0,0,0,0,0,0,0,0,0,0,0,0,0,0,0,0,0
Yes,"Landslide at Lablidanda , Bhirkot Municipality-8",,other,Landslide,2026-07-13,Gandaki,Syangja,Bhirkot,8,,0,0,0,0,0,0,0,0,0,0,0,0,0,0,0,0,0,0,0,0,0
Yes,"Landslide at Dumribhanjyang , Waling Municipality-14",,other,Landslide,2026-07-13,Gandaki,Syangja,Waling,14,,0,0,0,0,0,0,0,0,0,0,0,0,0,0,0,0,0,0,0,0,0
Yes,Landslide at Inaruwa Municipality-8,,other,Landslide,2026-07-13,Koshi,Sunsari,Inaruwa,8,,0,0,0,0,0,0,0,0,0,0,0,0,0,0,0,0,0,0,0,0,0
Yes,"Landslide at Hardeni , Katari Municipality-11",,other,Landslide,2026-07-13,Koshi,Udayapur,Katari,11,,0,0,0,0,0,0,0,0,0,0,0,0,0,0,0,0,0,0,0,0,0
Yes,"Landslide at Dharapani , Shuklagandaki Municipality-7",,other,Landslide,2026-07-13,Gandaki,Tanahu,Shuklagandaki,7,,0,0,0,0,0,0,0,0,0,0,0,0,0,0,0,0,0,0,0,0,0
Yes,Landslide at Nalgaad Municipality-8,,other,Landslide,2026-07-13,Karnali,Jajarkot,Nalgaad,8,,0,0,0,0,0,0,0,0,0,0,0,0,0,0,0,0,0,0,0,0,0
Yes,"Landslide at Aangepa , Sidingba Rural Municipality-3",,other,Landslide,2026-07-13,Koshi,Taplejung,Sidingba,3,,0,0,0,0,0,0,0,0,0,0,0,0,0,0,0,0,0,0,0,0,0
Yes,"Landslide at Ghasikuwa , Vyas Municipality-12",,other,Landslide,2026-07-13,Gandaki,Tanahu,Vyas,12,,0,0,0,0,0,0,0,0,0,0,0,0,0,0,0,0,0,0,0,0,0
Yes,"Landslide at Kodari , Jugal Rural Municipality-2",,other,Landslide,2026-07-13,Bagmati,Sindhupalchok,Jugal,2,,0,0,0,0,0,0,0,0,0,0,0,0,0,0,0,0,0,0,0,0,0
Yes,"Landslide at Eco , Jugal Rural Municipality-2",,other,Landslide,2026-07-13,Bagmati,Sindhupalchok,Jugal,2,,0,0,0,0,0,0,0,0,0,0,0,0,0,0,0,0,0,0,0,0,0
Yes,Landslide at Aandhikhola Rural Municipality-3,,other,Landslide,2026-07-13,Gandaki,Syangja,Aandhikhola,3,,0,0,0,0,0,0,0,0,0,0,0,0,0,0,0,0,0,0,0,0,0
Yes,"Landslide at Camp Pole , Bigu Rural Municipality-1",,other,Landslide,2026-07-12,Bagmati,Dolakha,Bigu,1,,0,0,0,0,0,0,1,0,0,1,0,0,0,0,0,0,1,0,1,0,0
Yes,Landslide at Bheriganga Municipality-9,,other,Landslide,2026-07-12,Karnali,Surkhet,Bheriganga,9,,0,0,1,1,0,0,0,0,0,0,0,0,0,0,0,0,3,0,0,3,0
Yes,"Landslide at Kaule , Resunga Municipality-14",,other,Landslide,2026-07-12,Lumbini,Gulmi,Resunga,14,,0,0,0,0,0,0,0,0,0,0,0,0,0,0,0,0,0,0,0,0,0
Yes,"Landslide at Kodari , Jugal Rural Municipality-2",,other,Landslide,2026-07-12,Bagmati,Sindhupalchok,Jugal,2,,0,0,0,0,0,0,0,0,0,0,0,0,0,0,0,0,0,0,0,0,0
Yes,"Landslide at Kaprikhola , Pachaljharana Rural Municipality-3",,other,Landslide,2026-07-12,Karnali,Kalikot,Pachaljharana,3,,0,0,0,0,0,0,1,1,0,0,0,0,0,0,0,0,0,0,0,0,0
Yes,Landslide at Makawanpurgadhi Rural Municipality-5,,other,Landslide,2026-07-12,Bagmati,Makwanpur,Makawanpurgadhi,5,,0,0,0,0,0,0,0,0,0,0,0,0,0,0,0,0,0,0,0,0,0
Yes,"Landslide at Mashring , Meringden Rural Municipality-5",,other,Landslide,2026-07-12,Koshi,Taplejung,Meringden,5,,0,0,0,0,0,0,0,0,0,0,0,0,0,0,0,0,0,0,0,0,0
Yes,Landslide at Phaktanglung Rural Municipality-6,,other,Landslide,2026-07-12,Koshi,Taplejung,Phaktanglung,6,,0,0,0,0,0,0,0,0,0,0,0,0,0,0,0,0,0,0,0,0,0
Yes,Landslide at Triyuga Municipality-15,,other,Landslide,2026-07-12,Koshi,Udayapur,Triyuga,15,,0,0,0,0,0,0,0,0,0,0,0,0,0,0,0,0,0,0,0,0,0
Yes,Landslide at Rampur Municipality-10,,other,Landslide,2026-07-12,Lumbini,Palpa,Rampur,10,,0,0,0,0,0,0,0,0,0,0,0,0,0,0,0,0,0,0,0,0,0
Yes,"Landslide at Belbagar , Dhorpatan Municipality-4",,other,Landslide,2026-07-12,Gandaki,Baglung,Dhorpatan,4,,0,0,0,0,0,0,0,0,0,0,0,0,0,0,0,0,0,0,0,0,0
Yes,"Landslide at Bhalu Khola , Konjyosom Rural Municipality-4",,other,Landslide,2026-07-12,Bagmati,Lalitpur,Konjyosom,4,,0,0,0,0,0,0,0,0,0,0,0,0,0,0,0,0,0,0,0,0,0
Yes,Landslide at Kushe Rural Municipality-7,,other,Landslide,2026-07-12,Karnali,Jajarkot,Kushe,7,,0,0,0,0,0,0,0,0,0,0,0,0,0,0,0,0,0,0,0,0,0
Yes,"Landslide at Bisauni , Simkot Rural Municipality-3",,other,Landslide,2026-07-12,Karnali,Humla,Simkot,3,,0,0,0,0,0,0,0,0,0,0,0,0,0,0,0,0,0,0,0,0,0
Yes,"Landslide at Gagane Khola , Pachaljharana Rural Municipality-3",,other,Landslide,2026-07-12,Karnali,Kalikot,Pachaljharana,3,,0,0,0,0,0,0,0,0,0,0,0,0,0,0,0,0,0,0,0,0,0
Yes,Landslide at Inaruwa Municipality-8,,other,Landslide,2026-07-12,Koshi,Sunsari,Inaruwa,8,,0,0,0,0,0,0,0,0,0,0,0,0,0,0,0,0,0,0,0,0,0
Yes,"Landslide at Bhattedanda , Konjyosom Rural Municipality-4",,other,Landslide,2026-07-12,Bagmati,Lalitpur,Konjyosom,4,,0,0,0,0,0,0,0,0,0,0,0,0,0,0,0,0,0,0,0,0,0
Yes,"Landslide at Dumribhanjyang , Waling Municipality-14",,other,Landslide,2026-07-12,Gandaki,Syangja,Waling,14,,0,0,0,0,0,0,0,0,0,0,0,0,0,0,0,0,0,0,0,0,0
Yes,Landslide at Lalitpur Metropolitan City-14,,other,Landslide,2026-07-12,Bagmati,Lalitpur,Lalitpur,14,,0,0,0,0,0,0,0,0,0,0,0,0,0,0,0,0,0,0,0,0,0
Yes,"Landslide at Tuinkhola , Bharatpur Metropolitan City-14",,other,Landslide,2026-07-12,Bagmati,Chitwan,Bharatpur,14,,0,0,0,0,0,0,0,0,0,0,0,0,0,0,0,0,0,0,0,0,0
Yes,Landslide at Resunga Municipality-14,,other,Landslide,2026-07-12,Lumbini,Gulmi,Resunga,14,,0,0,0,0,0,0,0,0,0,0,0,0,0,0,0,0,0,0,0,0,0
Yes,"Landslide at Kerabari , Bharatpur Metropolitan City-29",,other,Landslide,2026-07-12,Bagmati,Chitwan,Bharatpur,29,,0,0,0,0,0,0,0,0,0,0,0,0,0,0,0,0,0,0,0,0,0
Yes,"Landslide at Singrawa Aul , Shikhar Municipality-2",,other,Landslide,2026-07-12,Sudurpashchim,Doti,Shikhar,2,,0,0,0,0,0,0,0,0,0,0,0,0,0,0,0,0,0,0,0,0,0
Yes,"Landslide at Balakh, Changunarayan Municipality-4",,other,Landslide,2026-07-12,Bagmati,Bhaktapur,Changunarayan,4,,0,0,0,0,0,0,0,0,0,0,0,0,0,0,0,0,0,0,0,0,0
Yes,Landslide at Katari Municipality-14,,other,Landslide,2026-07-12,Koshi,Udayapur,Katari,14,,0,0,0,0,0,0,0,0,0,0,0,0,0,0,0,0,0,0,0,0,0
Yes,"Landslide at Bhadare Khola , Molung Rural Municipality-1",,other,Landslide,2026-07-12,Koshi,Okhaldhunga,Molung,1,,0,0,0,0,0,0,0,0,0,0,0,0,0,0,0,0,0,0,0,0,0
Yes,"Landslide at Jor Simmal , Halesi Tuwachung Municipality-11",,other,Landslide,2026-07-12,Koshi,Khotang,Halesi Tuwachung,11,,0,0,0,0,0,0,0,0,0,0,0,0,0,0,0,0,0,0,0,0,0
Yes,"Landslide at Bhaise , Madi Rural Municipality-4",,other,Landslide,2026-07-12,Gandaki,Kaski,Madi,4,,0,0,0,0,0,0,0,0,0,0,0,0,0,0,0,0,0,0,0,0,0
Yes,"Landslide at Sumnambesi , Kamalamai Municipality-5",,other,Landslide,2026-07-12,Bagmati,Sindhuli,Kamalamai,5,,0,0,0,0,0,0,0,0,0,0,0,0,0,0,0,0,0,0,0,0,0
Yes,"Landslide at Rumbabhir , Konjyosom Rural Municipality-4",,other,Landslide,2026-07-12,Bagmati,Lalitpur,Konjyosom,4,,0,0,1,1,0,0,0,0,0,0,0,0,0,0,0,0,0,0,0,0,0
Yes,"Landslide at Syauli Bazar , Bharatpur Metropolitan City-14",,other,Landslide,2026-07-12,Bagmati,Chitwan,Bharatpur,14,,0,0,0,0,0,0,0,0,0,0,0,0,0,0,0,0,0,0,0,0,0
Yes,"Landslide at Kholme , Phaktanglung Rural Municipality-6",,other,Landslide,2026-07-12,Koshi,Taplejung,Phaktanglung,6,,0,0,0,0,0,0,0,0,0,0,0,0,0,0,0,0,0,0,0,0,0
Yes,Landslide at Konjyosom Rural Municipality-4,,other,Landslide,2026-07-12,Bagmati,Lalitpur,Konjyosom,4,,0,0,0,0,0,0,0,0,0,0,0,0,0,0,0,0,0,0,0,0,0
Yes,"Landslide at Dalchoki , Konjyosom Rural Municipality-4",,other,Landslide,2026-07-12,Bagmati,Lalitpur,Konjyosom,4,,0,0,0,0,0,0,0,0,0,0,0,0,0,0,0,0,0,0,0,0,0
Yes,"Landslide at Sano Majhuwa , Bhojpur Municipality-11",,other,Landslide,2026-07-12,Koshi,Bhojpur,Bhojpur,11,,0,0,0,0,0,0,0,0,0,0,0,0,0,0,0,0,0,0,0,0,0
Yes,Landslide at Phidim Municipality-11,,other,Landslide,2026-07-12,Koshi,Panchthar,Phidim,11,,0,0,0,0,1,0,0,0,0,0,0,0,0,0,0,0,0,0,0,0,0
Yes,Landslide at Triyuga Municipality-16,,other,Landslide,2026-07-12,Koshi,Udayapur,Triyuga,16,,0,0,0,0,0,0,0,0,0,0,0,0,0,0,0,0,0,0,0,0,0
Yes,Landslide at Makalu Rural Municipality-5,,other,Landslide,2026-07-12,Koshi,Sankhuwasabha,Makalu,5,,0,0,0,0,0,0,0,0,0,0,0,0,0,0,0,0,0,0,0,0,0
Yes,"Landslide at Dehimandau , Surnaya Rural Municipality-5",,other,Landslide,2026-07-11,Sudurpashchim,Baitadi,Surnaya,5,,0,0,0,0,0,0,0,0,0,0,0,0,0,0,0,0,0,0,0,0,0
Yes,"Landslide at Gumchet, Gosaikunda Rural Municipality-4",,other,Landslide,2026-07-11,Bagmati,Rasuwa,Gosaikunda,4,,0,0,0,0,0,0,0,0,0,0,0,0,0,0,0,0,0,0,0,0,0
Yes,"Landslide at Jhyari Khola , Mugum Karmarong Rural Municipality-7",,other,Landslide,2026-07-11,Karnali,Mugu,Mugum Karmarong,7,,0,0,0,0,0,0,0,0,0,0,0,0,0,0,0,0,0,0,0,0,0
Yes,Landslide at Rolpa Municipality-10,,other,Landslide,2026-07-11,Lumbini,Rolpa,Rolpa,10,,0,0,0,0,0,0,0,0,0,0,0,0,0,0,0,0,0,0,0,0,0
Yes,"Landslide at Liping , Bhotekoshi Rural Municipality-2",,other,Landslide,2026-07-11,Bagmati,Sindhupalchok,Bhotekoshi,2,,0,0,0,0,0,0,0,0,0,0,0,0,0,0,0,0,0,0,0,0,0
Yes,"Landslide at Jholunge Bridge , Rautamai Rural Municipality-7",,nepal_police,Landslide,2026-07-11,Koshi,Udayapur,Rautamai,7,,0,0,0,0,0,0,0,0,0,0,0,0,0,0,0,0,0,0,0,0,0
Yes,Landslide at Rolpa Municipality-10,,nepal_police,Landslide,2026-07-11,Lumbini,Rolpa,Rolpa,10,,0,0,0,0,0,0,0,0,0,0,0,0,0,0,0,0,0,0,0,0,0
Yes,"Landslide at Ghattepakha , Bakaiya Rural Municipality-11",,other,Landslide,2026-07-11,Bagmati,Makwanpur,Bakaiya,11,,0,0,0,0,0,0,0,0,0,0,0,0,0,0,0,0,0,0,0,0,0
Yes,Landslide at Kushe Rural Municipality-7,,other,Landslide,2026-07-11,Karnali,Jajarkot,Kushe,7,,0,0,0,0,0,0,1,0,1,0,0,0,0,0,0,0,0,0,0,0,0
Yes,"Landslide at Headbox , Mathagadhi Rural Municipality-1",,other,Landslide,2026-07-11,Lumbini,Palpa,Mathagadhi,1,,0,0,0,0,0,0,0,0,0,0,0,0,0,0,0,0,0,0,0,0,0
Yes,Landslide at Kamalamai Municipality-5,,other,Landslide,2026-07-11,Bagmati,Sindhuli,Kamalamai,5,,0,0,0,0,0,0,0,0,0,0,0,0,0,0,0,0,1,1,0,0,0
Yes,"Landslide at Kholawang , Rolpa Municipality-10",,other,Landslide,2026-07-11,Lumbini,Rolpa,Rolpa,10,,0,0,0,0,0,0,0,0,0,0,0,0,0,0,0,0,0,0,0,0,0
Yes,"Landslide at Dhungrekhola , Bhumikasthan Municipality-7",,other,Landslide,2026-07-11,Lumbini,Arghakhanchi,Bhumikasthan,7,,0,0,0,0,0,0,0,0,0,0,0,0,0,0,0,0,0,0,0,0,0
Yes,Landslide at Surnaya Rural Municipality-5,,other,Landslide,2026-07-11,Sudurpashchim,Baitadi,Surnaya,5,,0,0,0,0,0,0,0,0,0,0,0,0,0,0,0,0,0,0,0,0,0
Yes,Landslide at Khatyad Rural Municipality-11,,other,Landslide,2026-07-11,Karnali,Mugu,Khatyad,11,,0,0,0,0,0,0,0,0,0,0,0,0,0,0,0,0,0,0,0,0,0
Yes,Landslide at Rolpa Municipality-10,,other,Landslide,2026-07-11,Lumbini,Rolpa,Rolpa,10,,0,0,1,1,0,0,0,0,0,0,0,0,0,0,0,0,0,0,0,0,0
Yes,"Landslide at Kharkhare Bhir , Marsyangdi Rural Municipality-7",,other,Landslide,2026-07-11,Gandaki,Lamjung,Marsyangdi,7,,0,0,0,0,0,0,0,0,0,0,0,0,0,0,0,0,0,0,0,0,0
Yes,Landslide at Phidim Municipality-11,,other,Landslide,2026-07-11,Koshi,Panchthar,Phidim,11,,0,0,0,0,0,0,0,0,0,0,0,0,0,0,0,0,0,0,0,0,0
Yes,"Landslide at Rakse , Resunga Municipality-14",,other,Landslide,2026-07-11,Lumbini,Gulmi,Resunga,14,,0,0,0,0,0,0,0,0,0,0,0,0,0,0,0,0,0,0,0,0,0
Yes,"Landslide at Chhalgad , Shey Phoksundo Rural Municipality-99",,other,Landslide,2026-07-11,Karnali,Dolpa,Shey Phoksundo,99,,0,0,0,0,0,0,0,0,0,0,0,0,0,0,0,0,0,0,0,0,0
Yes,"Landslide at Susla , Khumbu Pasanglhamu Rural Municipality-3",,other,Landslide,2026-07-11,Koshi,Solukhumbu,Khumbu Pasanglhamu,3,200000,0,0,0,0,0,0,0,0,0,0,0,0,0,0,0,0,0,0,0,0,0
Yes,"Landslide at Thumki , Sangurigadhi Rural Municipality-6",,other,Landslide,2026-07-11,Koshi,Dhankuta,Sangurigadhi,6,,0,0,0,0,0,0,0,0,0,0,0,0,0,0,0,0,0,0,0,0,0
Yes,"Landslide at Sirma Gaau , Shikhar Municipality-2",,other,Landslide,2026-07-11,Sudurpashchim,Doti,Shikhar,2,,0,0,0,0,0,0,0,0,0,0,0,0,0,0,0,0,0,0,0,0,0
Yes,"Landslide at Kauradi , Shikhar Municipality-2",,other,Landslide,2026-07-11,Sudurpashchim,Doti,Shikhar,2,,0,0,0,0,0,0,0,0,0,0,0,0,0,0,0,0,0,0,0,0,0
Yes,Landslide at Khumbu Pasanglhamu Rural Municipality-3,,other,Landslide,2026-07-11,Koshi,Solukhumbu,Khumbu Pasanglhamu,3,,0,0,0,0,0,0,0,0,0,0,0,0,0,0,0,0,0,0,0,0,0
Yes,"Landslide at Gagane Khola , Pachaljharana Rural Municipality-3",,other,Landslide,2026-07-10,Karnali,Kalikot,Pachaljharana,3,,0,0,0,0,0,0,0,0,0,0,0,0,0,0,0,0,0,0,0,0,0
Yes,"Landslide at Bharyangdanda , Makawanpurgadhi Rural Municipality-5",,other,Landslide,2026-07-10,Bagmati,Makwanpur,Makawanpurgadhi,5,,0,0,0,0,0,0,0,0,0,0,0,0,0,0,0,0,0,0,0,0,0
Yes,"Landslide at Sawa , Phaktanglung Rural Municipality-6",,other,Landslide,2026-07-10,Koshi,Taplejung,Phaktanglung,6,,0,0,0,0,0,0,0,0,0,0,0,0,0,0,0,0,0,0,0,0,0
Yes,"Landslide at Thangthang , Bigu Rural Municipality-1",,other,Landslide,2026-07-10,Bagmati,Dolakha,Bigu,1,,0,0,0,0,0,0,0,0,0,0,0,0,0,0,0,0,0,0,0,0,0
Yes,"Landslide at Bhaisathekhola , Pachaljharana Rural Municipality-3",,other,Landslide,2026-07-10,Karnali,Kalikot,Pachaljharana,3,,0,0,0,0,0,0,0,0,0,0,0,0,0,0,0,0,0,0,0,0,0
Yes,"Landslide at Mudkhu , Kageshwori Manahora Municipality-9",,other,Landslide,2026-07-10,Bagmati,Kathmandu,Kageshwori Manahora,9,,0,0,0,0,0,0,0,0,0,0,0,0,0,0,0,0,0,0,0,0,0
Yes,Landslide at Apihimal Rural Municipality-6,,other,Landslide,2026-07-10,Sudurpashchim,Darchula,Apihimal,6,,0,0,0,0,0,0,0,0,0,0,0,0,0,0,0,0,1,1,0,0,0
Yes,"Landslide at Bharyangdanda , Bhimphedi Rural Municipality-8",,other,Landslide,2026-07-10,Bagmati,Makwanpur,Bhimphedi,8,,0,0,0,0,0,0,0,0,0,0,0,0,0,0,0,0,0,0,0,0,0
Yes,Landslide at Machhapuchchhre Rural Municipality-2,,other,Landslide,2026-07-10,Gandaki,Kaski,Machhapuchchhre,2,,0,0,0,0,0,0,0,0,0,0,0,0,0,0,0,0,0,0,0,0,0
Yes,"Landslide at Thulo Khola , Suryagadhi Rural Municipality-4",,other,Landslide,2026-07-10,Bagmati,Nuwakot,Suryagadhi,4,,0,0,0,0,0,0,0,0,0,0,0,0,0,0,0,0,0,0,0,0,0
Yes,Landslide at Suryagadhi Rural Municipality-4,,nepal_police,Landslide,2026-07-10,Bagmati,Nuwakot,Suryagadhi,4,,0,0,0,0,0,0,0,0,0,0,0,0,0,0,0,0,0,0,0,0,0
Yes,"Landslide at Dhungrekhola , Bhumikasthan Municipality-7",,other,Landslide,2026-07-10,Lumbini,Arghakhanchi,Bhumikasthan,7,,0,0,0,0,0,0,0,0,0,0,0,0,0,0,0,0,0,0,0,0,0
Yes,Landslide at Sotang Rural Municipality-4,,other,Landslide,2026-07-10,Koshi,Solukhumbu,Sotang,4,,0,0,0,0,0,0,0,0,0,0,0,0,0,0,0,0,0,0,0,0,0
Yes,Landslide at Sotang Rural Municipality-4,,other,Landslide,2026-07-10,Koshi,Solukhumbu,Sotang,4,1000000,0,0,0,0,0,0,0,0,0,0,0,0,0,0,0,0,0,0,0,0,0
Yes,"Landslide at Bharyangdanda , Bhimphedi Rural Municipality-8",,other,Landslide,2026-07-09,Bagmati,Makwanpur,Bhimphedi,8,,0,0,0,0,0,0,0,0,0,0,0,0,0,0,0,0,0,0,0,0,0
Yes,Landslide at Khatyad Rural Municipality-3,,other,Landslide,2026-07-09,Karnali,Mugu,Khatyad,3,,0,0,0,0,0,0,0,0,0,0,0,0,0,0,0,0,0,0,0,0,0
Yes,Landslide at Hupsekot Rural Municipality-5,,other,Landslide,2026-07-09,Gandaki,Nawalparasi East,Hupsekot,5,,0,0,0,0,0,0,0,0,0,0,0,0,0,0,0,0,0,0,0,0,0
Yes,Landslide at Konjyosom Rural Municipality-4,,other,Landslide,2026-07-09,Bagmati,Lalitpur,Konjyosom,4,,0,0,0,0,0,0,0,0,0,0,0,0,0,0,0,0,0,0,0,0,0
Yes,Landslide at Inaruwa Municipality-8,,other,Landslide,2026-07-09,Koshi,Sunsari,Inaruwa,8,,0,0,0,0,0,0,0,0,0,0,0,0,0,0,0,0,0,0,0,0,0
Yes,"Landslide at Jyamire , Tadi Rural Municipality-4",,other,Landslide,2026-07-09,Bagmati,Nuwakot,Tadi,4,,0,0,0,0,0,0,0,0,0,0,0,0,0,0,0,0,0,0,0,0,0
Yes,Landslide at Inaruwa Municipality-8,,other,Landslide,2026-07-09,Koshi,Sunsari,Inaruwa,8,,0,0,0,0,0,0,0,0,0,0,0,0,0,0,0,0,0,0,0,0,0
Yes,"Landslide at Lakhumdhara, Phidim Municipality-11",,other,Landslide,2026-07-09,Koshi,Panchthar,Phidim,11,,0,0,0,0,0,0,0,0,0,0,0,0,0,0,0,0,0,0,0,0,0
Yes,"Landslide at Ghattepakha , Bakaiya Rural Municipality-11",,other,Landslide,2026-07-09,Bagmati,Makwanpur,Bakaiya,11,,0,0,0,0,0,0,0,0,0,0,0,0,0,0,0,0,0,0,0,0,0
Yes,"Landslide at Thumbedin , Phaktanglung Rural Municipality-6",,other,Landslide,2026-07-09,Koshi,Taplejung,Phaktanglung,6,,0,0,0,0,0,0,0,0,0,0,0,0,0,0,0,0,0,0,0,0,0
Yes,Landslide at Gosaikunda Rural Municipality-4,,other,Landslide,2026-07-09,Bagmati,Rasuwa,Gosaikunda,4,,0,0,0,0,0,0,0,0,0,0,0,0,0,0,0,0,0,0,0,0,0
Yes,"Landslide at Phalleghar , Dhorpatan Municipality-4",,other,Landslide,2026-07-09,Gandaki,Baglung,Dhorpatan,4,,0,0,0,0,0,0,0,0,0,0,0,0,0,0,0,0,0,0,0,0,0
Yes,"Landslide at Rakse , Resunga Municipality-14",,other,Landslide,2026-07-08,Lumbini,Gulmi,Resunga,14,,0,0,0,0,0,0,0,0,0,0,0,0,0,0,0,0,0,0,0,0,0
Yes,"Landslide at Paudi , Kaligandaki Rural Municipality-2",,other,Landslide,2026-07-08,Lumbini,Gulmi,Kaligandaki,2,,0,0,0,0,0,0,0,0,0,0,0,0,0,0,0,0,0,0,0,0,0
Yes,"Landslide at Pina Saatmod , Mugum Karmarong Rural Municipality-7",,other,Landslide,2026-07-08,Karnali,Mugu,Mugum Karmarong,7,,0,0,0,0,0,0,0,0,0,0,0,0,0,0,0,0,0,0,0,0,0
Yes,"Landslide at Khokse Khola , Phaktanglung Rural Municipality-6",,other,Landslide,2026-07-08,Koshi,Taplejung,Phaktanglung,6,,0,0,0,0,0,0,0,0,0,0,0,0,0,0,0,0,0,0,0,0,0
Yes,"Landslide at Pharse , Kushma Municipality-10",,other,Landslide,2026-07-08,Gandaki,Parbat,Kushma,10,,0,0,0,0,0,0,0,0,0,0,0,0,0,0,0,0,0,0,0,0,0
Yes,Landslide at Miklajung Rural Municipality-7,,other,Landslide,2026-07-08,Koshi,Panchthar,Miklajung,7,,0,0,0,0,0,0,0,0,0,0,0,0,0,0,0,0,0,0,0,0,0
Yes,Landslide at Resunga Municipality-14,,other,Landslide,2026-07-08,Lumbini,Gulmi,Resunga,14,,0,0,0,0,0,0,0,0,0,0,0,0,0,0,0,0,0,0,0,0,0
Yes,Landslide at Dhorpatan Municipality-4,,other,Landslide,2026-07-08,Gandaki,Baglung,Dhorpatan,4,,0,0,0,0,0,0,0,0,0,0,0,0,0,0,0,0,0,0,0,0,0
Yes,"Landslide at Sarmi , Guthichaur Rural Municipality-5",,other,Landslide,2026-07-08,Karnali,Jumla,Guthichaur,5,,0,0,0,0,0,0,0,0,0,0,0,0,0,0,0,0,0,0,0,0,0
Yes,"Landslide at Jyamdo , Madi Rural Municipality-2",,other,Landslide,2026-07-08,Gandaki,Kaski,Madi,2,,0,0,0,0,0,0,0,0,0,0,0,0,0,0,0,0,0,0,0,0,0
Yes,"Landslide at Chamere, Raghuganga Rural Municipality-8",,other,Landslide,2026-07-07,Gandaki,Myagdi,Raghuganga,8,,0,0,0,0,0,0,0,0,0,0,0,0,0,0,0,0,0,0,0,0,0
Yes,"Landslide at Baiseri , Raghuganga Rural Municipality-8",,other,Landslide,2026-07-07,Gandaki,Myagdi,Raghuganga,8,,0,0,0,0,0,0,0,0,0,0,0,0,0,0,0,0,0,0,0,0,0
Yes,Landslide at Raghuganga Rural Municipality-8,,other,Landslide,2026-07-07,Gandaki,Myagdi,Raghuganga,8,,0,0,0,0,0,0,0,0,0,0,0,0,0,0,0,0,0,0,0,0,0
Yes,"Landslide at Sevak Bhir , Rolpa Municipality-10",,other,Landslide,2026-07-07,Lumbini,Rolpa,Rolpa,10,,0,0,0,0,0,0,0,0,0,0,0,0,0,0,0,0,0,0,0,0,0
Yes,"Landslide at Khatigaau , Mangalsen Municipality-4",,other,Landslide,2026-07-07,Sudurpashchim,Achham,Mangalsen,4,,0,0,0,0,0,0,0,0,0,0,0,0,0,0,0,0,0,0,0,0,0
Yes,Landslide at Lo Ghekar Damodarkunda Rural Municipality-5,,other,Landslide,2026-07-07,Gandaki,Mustang,Lo Ghekar Damodarkunda,5,,0,0,0,0,0,0,0,0,0,0,0,0,0,0,0,0,0,0,0,0,0
Yes,Landslide at Bharatpur Metropolitan City-29,,other,Landslide,2026-07-07,Bagmati,Chitwan,Bharatpur,29,,0,0,0,0,0,0,0,0,0,0,0,0,0,0,0,0,0,0,0,0,0
Yes,"Landslide at Khistimbe , Mikwakhola Rural Municipality-5",,other,Landslide,2026-07-07,Koshi,Taplejung,Mikwakhola,5,,0,0,0,0,0,0,0,0,0,0,0,0,0,0,0,0,0,0,0,0,0
Yes,"Landslide at Malmul , Mathagadhi Rural Municipality-1",,other,Landslide,2026-07-07,Lumbini,Palpa,Mathagadhi,1,,0,0,0,0,0,0,0,0,0,0,0,0,0,0,0,0,0,0,0,0,0
Yes,"Landslide at Khambeshi , Dharche Rural Municipality-5",,other,Landslide,2026-07-07,Gandaki,Gorkha,Dharche,5,,0,0,0,0,0,0,0,0,0,0,0,0,0,0,0,0,0,0,0,0,0
Yes,"Landslide at Shankhe Danda , Ilam Municipality-12",,other,Landslide,2026-07-07,Koshi,Ilam,Ilam,12,,0,0,0,0,0,0,0,0,0,0,0,0,0,0,0,0,0,0,0,0,0
Yes,Landslide at Bhojpur Municipality-11,,other,Landslide,2026-07-07,Koshi,Bhojpur,Bhojpur,11,,0,0,0,0,0,0,0,0,0,0,0,0,0,0,0,0,0,0,0,0,0
Yes,"Landslide at Simkhet , Rolpa Municipality-7",,other,Landslide,2026-07-07,Lumbini,Rolpa,Rolpa,7,,0,0,0,0,0,0,0,0,0,0,0,0,0,0,0,0,0,0,0,0,0
Yes,"Landslide at Maluwa , Kushe Rural Municipality-7",,other,Landslide,2026-07-06,Karnali,Jajarkot,Kushe,7,,0,0,0,0,0,0,0,0,0,0,0,0,0,0,0,0,0,0,0,0,0
Yes,"Landslide at Surkhal , Shikhar Municipality-6",,other,Landslide,2026-07-06,Sudurpashchim,Doti,Shikhar,6,,0,0,0,0,0,0,0,0,0,0,0,0,0,0,0,0,0,0,0,0,0
Yes,"Landslide at Gimdibesi , Namobuddha Municipality-7",,other,Landslide,2026-07-06,Bagmati,Kavrepalanchok,Namobuddha,7,,0,0,0,0,0,0,0,0,0,0,0,0,0,0,0,0,0,0,0,0,0
Yes,"Landslide at Taprang , Madi Rural Municipality-3",,other,Landslide,2026-07-06,Gandaki,Kaski,Madi,3,,0,0,0,0,0,0,0,0,0,0,0,0,0,0,0,0,0,0,0,0,0
Yes,Landslide at Bharatpur Metropolitan City-29,,other,Landslide,2026-07-06,Bagmati,Chitwan,Bharatpur,29,,0,0,0,0,0,0,0,0,0,0,0,0,0,0,0,0,0,0,0,0,0
Yes,"Landslide at Pangdur , Konjyosom Rural Municipality-4",,other,Landslide,2026-07-06,Bagmati,Lalitpur,Konjyosom,4,,0,0,0,0,0,0,0,0,0,0,0,0,0,0,0,0,0,0,0,0,0
Yes,"Landslide at Siyal , Chingad Rural Municipality-4",,other,Landslide,2026-07-06,Karnali,Surkhet,Chingad,4,,0,0,0,0,0,0,0,0,0,0,0,0,0,0,0,0,0,0,0,0,0
Yes,"Landslide at Namlung Libu Danda , Khumbu Pasanglhamu Rural Municipality-3",,other,Landslide,2026-07-06,Koshi,Solukhumbu,Khumbu Pasanglhamu,3,3000000,0,0,0,0,0,0,0,0,0,0,0,0,0,0,0,0,0,0,0,0,0
Yes,"Landslide at Washing, Benighat Rorang Rural Municipality-10",,other,Landslide,2026-07-05,Bagmati,Dhading,Benighat Rorang,10,,0,0,0,0,0,0,0,0,0,0,0,0,0,0,0,0,0,0,0,0,0
Yes,"Landslide at Harning , Rolpa Municipality-10",,other,Landslide,2026-07-05,Lumbini,Rolpa,Rolpa,10,,0,0,0,0,0,0,0,0,0,0,0,0,0,0,0,0,0,0,0,0,0
Yes,Landslide at Rolpa Municipality-10,,other,Landslide,2026-07-05,Lumbini,Rolpa,Rolpa,10,,0,0,0,0,0,0,0,0,0,0,0,0,0,0,0,0,0,0,0,0,0
Yes,Landslide at Mathagadhi Rural Municipality-1,,other,Landslide,2026-07-05,Lumbini,Palpa,Mathagadhi,1,,0,0,0,0,0,0,0,0,0,0,0,0,0,0,0,0,0,0,0,0,0
Yes,"Landslide at Simbuk , Mikwakhola Rural Municipality-5",,other,Landslide,2026-07-05,Koshi,Taplejung,Mikwakhola,5,,0,0,0,0,0,0,0,0,0,0,0,0,0,0,0,0,0,0,0,0,0
Yes,Landslide at Rolpa Municipality-10,,other,Landslide,2026-07-05,Lumbini,Rolpa,Rolpa,10,,0,0,0,0,0,0,0,0,0,0,0,0,0,0,0,0,0,0,0,0,0
Yes,Landslide at Phaktanglung Rural Municipality-6,,other,Landslide,2026-07-04,Koshi,Taplejung,Phaktanglung,6,,0,0,0,0,0,0,0,0,0,0,0,0,0,0,0,0,0,0,0,0,0
Yes,"Landslide at Malmul , Mathagadhi Rural Municipality-1",,other,Landslide,2026-07-04,Lumbini,Palpa,Mathagadhi,1,,0,0,0,0,0,0,0,0,0,0,0,0,0,0,0,0,0,0,0,0,0
Yes,"Landslide at Kodari , Jugal Rural Municipality-2",,other,Landslide,2026-07-04,Bagmati,Sindhupalchok,Jugal,2,,0,0,0,0,0,0,0,0,0,0,0,0,0,0,0,0,0,0,0,0,0
Yes,Landslide at Raghuganga Rural Municipality-8,,other,Landslide,2026-07-04,Gandaki,Myagdi,Raghuganga,8,,0,0,0,0,0,0,0,0,0,0,0,0,0,0,0,0,0,0,0,0,0
Yes,Landslide at Pokhara Metropolitan City-22,,other,Landslide,2026-07-04,Gandaki,Kaski,Pokhara,22,,0,0,0,0,0,0,0,0,0,0,0,0,0,0,0,0,0,0,0,0,0
Yes,Landslide at Raghuganga Rural Municipality-8,,other,Landslide,2026-07-04,Gandaki,Myagdi,Raghuganga,8,,0,0,0,0,0,0,0,0,0,0,0,0,0,0,0,0,0,0,0,0,0
Yes,Landslide at Chabispathivera Rural Municipality-1,,other,Landslide,2026-07-04,Sudurpashchim,Bajhang,Chabispathivera,1,,0,0,0,0,0,0,0,0,0,0,0,0,0,0,0,0,0,0,0,0,0
Yes,Landslide at Tilagufa Municipality-7,,other,Landslide,2026-07-04,Karnali,Kalikot,Tilagufa,7,,0,0,0,0,1,0,0,0,0,0,0,0,0,0,0,0,0,0,0,0,0
Yes,"Landslide at Gaalje Bazar , Pachaljharana Rural Municipality-3",,other,Landslide,2026-07-04,Karnali,Kalikot,Pachaljharana,3,,0,0,0,0,0,0,0,0,0,0,0,0,0,0,0,0,0,0,0,0,0
Yes,Landslide at Aathbiskot Municipality-11,,other,Landslide,2026-07-04,Karnali,Rukum West,Aathbiskot,11,,0,0,0,0,0,0,0,0,0,0,0,0,0,0,0,0,0,0,0,0,0
Yes,"Landslide at Karkineta Water Tank, Kushma Municipality-10",,other,Landslide,2026-07-04,Gandaki,Parbat,Kushma,10,,0,0,0,0,1,0,0,0,0,0,0,0,0,0,0,0,0,0,0,0,0
Yes,"Landslide at Thula Bagar and Chamakhet, Kushe Rural Municipality-7",,other,Landslide,2026-07-04,Karnali,Jajarkot,Kushe,7,,0,0,0,0,0,0,0,0,0,0,0,0,0,0,0,0,0,0,0,0,0
Yes,Landslide at Kageshwori Manahora Municipality-9,,other,Landslide,2026-07-04,Bagmati,Kathmandu,Kageshwori Manahora,9,,0,0,0,0,0,0,0,0,0,0,0,0,0,0,0,0,0,0,0,0,0
Yes,Landslide at Rolpa Municipality-10,,other,Landslide,2026-07-04,Lumbini,Rolpa,Rolpa,10,,0,0,0,0,0,0,0,0,0,0,0,0,0,0,0,0,0,0,0,0,0
Yes,Landslide at Rolpa Municipality-10,,other,Landslide,2026-07-04,Lumbini,Rolpa,Rolpa,10,,0,0,0,0,0,0,0,0,0,0,0,0,0,0,0,0,0,0,0,0,0
Yes,Landslide at Kushe Rural Municipality-7,,other,Landslide,2026-07-04,Karnali,Jajarkot,Kushe,7,,0,0,0,0,0,0,0,0,0,0,0,0,0,0,0,0,1,1,0,0,0
Yes,"Landslide at Kholawang, Rolpa Municipality-10",,other,Landslide,2026-07-03,Lumbini,Rolpa,Rolpa,10,,0,0,0,0,0,0,0,0,0,0,0,0,0,0,0,0,0,0,0,0,0
Yes,Landslide at Mikwakhola Rural Municipality-4,,other,Landslide,2026-07-03,Koshi,Taplejung,Mikwakhola,4,,0,0,0,0,0,0,0,0,0,0,0,0,0,0,0,0,0,0,0,0,0
Yes,"Landslide at Bimire bhanjyang , MadhyaNepal Municipality-10",,other,Landslide,2026-07-03,Gandaki,Lamjung,MadhyaNepal,10,,0,0,0,0,0,0,0,0,0,0,0,0,0,0,0,0,0,0,0,0,0
Yes,Landslide at Phaktanglung Rural Municipality-6,,other,Landslide,2026-07-03,Koshi,Taplejung,Phaktanglung,6,,0,0,0,0,0,0,0,0,0,0,0,0,0,0,0,0,0,0,0,0,0
Yes,Landslide at Waling Municipality-14,,other,Landslide,2026-07-03,Gandaki,Syangja,Waling,14,,0,0,0,0,0,0,0,0,0,0,0,0,0,0,0,0,0,0,0,0,0
Yes,Landslide at Khandbari Municipality-7,,other,Landslide,2026-07-03,Koshi,Sankhuwasabha,Khandbari,7,,0,0,0,0,0,0,0,0,0,0,0,0,0,0,0,0,0,0,0,0,0
Yes,"Landslide at Balkhu , Kathmandu Metropolitan City-14",,other,Landslide,2026-07-03,Bagmati,Kathmandu,Kathmandu,14,400000,0,0,0,0,0,0,0,0,0,0,0,0,0,0,0,0,0,0,0,0,0
Yes,"Landslide at Ghoptebhir , Bharatpur Metropolitan City-14",,other,Landslide,2026-07-02,Bagmati,Chitwan,Bharatpur,14,,0,0,0,0,0,0,0,0,0,0,0,0,0,0,0,0,0,0,0,0,0
Yes,"Landslide at Doleshwor Maligaau , Suryabinayak Municipality-8",,other,Landslide,2026-07-02,Bagmati,Bhaktapur,Suryabinayak,8,,0,0,0,0,0,0,0,0,0,0,0,0,0,0,0,0,0,0,0,0,0
Yes,Landslide at Phedap Rural Municipality-3,,other,Landslide,2026-07-02,Koshi,Terhathum,Phedap,3,,0,0,0,0,0,0,0,0,0,0,0,0,0,0,0,0,0,0,0,0,0
Yes,Landslide at Kushe Rural Municipality-7,,other,Landslide,2026-07-02,Karnali,Jajarkot,Kushe,7,,0,0,1,1,0,9,0,0,0,0,0,0,0,0,0,0,0,0,0,0,0
Yes,Landslide at Molung Rural Municipality-1,,other,Landslide,2026-07-02,Koshi,Okhaldhunga,Molung,1,250000,0,0,0,0,0,0,0,0,0,0,0,0,0,0,0,0,0,0,0,0,0
Yes,Landslide at Bharatpur Metropolitan City-14,,other,Landslide,2026-07-02,Bagmati,Chitwan,Bharatpur,14,,0,0,0,0,0,0,0,0,0,0,0,0,0,0,0,0,1,1,0,0,0
Yes,Landslide at Hupsekot Rural Municipality-4,,other,Landslide,2026-07-01,Gandaki,Nawalparasi East,Hupsekot,4,,0,0,0,0,0,0,0,0,0,0,0,0,0,0,0,0,0,0,0,0,0
Yes,Landslide at Khandbari Municipality-7,,other,Landslide,2026-07-01,Koshi,Sankhuwasabha,Khandbari,7,,0,0,0,0,0,0,0,0,0,0,0,0,0,0,0,0,0,0,0,0,0
Yes,Landslide at Bharatpur Metropolitan City-14,,other,Landslide,2026-07-01,Bagmati,Chitwan,Bharatpur,14,,0,0,0,0,0,0,0,0,0,0,0,0,0,0,0,0,0,0,0,0,0
Yes,Landslide at Machhapuchchhre Rural Municipality-2,,other,Landslide,2026-07-01,Gandaki,Kaski,Machhapuchchhre,2,,0,0,0,0,0,0,0,0,0,0,0,0,0,0,0,0,0,0,0,0,0
Yes,Landslide at Surnaya Rural Municipality-5,,other,Landslide,2026-07-01,Sudurpashchim,Baitadi,Surnaya,5,,0,0,0,0,0,0,0,0,0,0,0,0,0,0,0,0,0,0,0,0,0
Yes,Landslide at Gosaikunda Rural Municipality-4,,other,Landslide,2026-07-01,Bagmati,Rasuwa,Gosaikunda,4,,0,0,0,0,0,0,0,0,0,0,0,0,0,0,0,0,0,0,0,0,0
Yes,"Landslide at Lambhidanda , Waling Municipality-7",,other,Landslide,2026-06-30,Gandaki,Syangja,Waling,7,,0,0,0,0,0,0,0,0,0,0,0,0,0,0,0,0,0,0,0,0,0
Yes,Landslide at Simkot Rural Municipality-3,,other,Landslide,2026-06-30,Karnali,Humla,Simkot,3,,0,0,0,0,0,0,0,0,0,0,0,0,0,0,0,0,0,0,0,0,0
Yes,"Landslide at Khokse River, Phaktanglung Rural Municipality-6",,other,Landslide,2026-06-30,Koshi,Taplejung,Phaktanglung,6,,0,0,0,0,0,0,0,0,0,0,0,0,0,0,0,0,0,0,0,0,0
Yes,"Landslide at Dumre, Tansen Municipality-8",,other,Landslide,2026-06-30,Lumbini,Palpa,Tansen,8,,0,0,0,0,0,0,0,0,0,0,0,0,0,0,0,0,0,0,0,0,0
Yes,"Landslide at Bhokrebhat , Hupsekot Rural Municipality-4",,other,Landslide,2026-06-30,Gandaki,Nawalparasi East,Hupsekot,4,,0,0,0,0,0,0,0,0,0,0,0,0,0,0,0,0,0,0,0,0,0
Yes,"Landslide at Dhobadi , Bhirkot Municipality-8",,other,Landslide,2026-06-30,Gandaki,Syangja,Bhirkot,8,,0,0,0,0,0,0,0,0,0,0,0,0,0,0,0,0,0,0,0,0,0
Yes,Landslide at Bharatpur Metropolitan City-14,,other,Landslide,2026-06-30,Bagmati,Chitwan,Bharatpur,14,,0,0,0,0,0,0,0,0,0,0,0,0,0,0,0,0,0,0,0,0,0
Yes,"Landslide at Dumribhanjyang , Waling Municipality-14",,other,Landslide,2026-06-30,Gandaki,Syangja,Waling,14,,0,0,0,0,0,0,0,0,0,0,0,0,0,0,0,0,0,0,0,0,0
Yes,Landslide at Bakaiya Rural Municipality-12,,other,Landslide,2026-06-29,Bagmati,Makwanpur,Bakaiya,12,,0,0,0,0,0,0,0,0,0,0,0,0,0,0,0,0,0,0,0,0,0
Yes,Landslide at Konjyosom Rural Municipality-4,,other,Landslide,2026-06-29,Bagmati,Lalitpur,Konjyosom,4,,0,0,0,0,0,0,0,0,0,0,0,0,0,0,0,0,0,0,0,0,0
Yes,"Landslide at Bhulke, Phedap Rural Municipality-3",,other,Landslide,2026-06-29,Koshi,Terhathum,Phedap,3,,0,0,0,0,0,0,0,0,0,0,0,0,0,0,0,0,0,0,0,0,0
Yes,Landslide at Rurukshetra Rural Municipality-3,,other,Landslide,2026-06-29,Lumbini,Gulmi,Rurukshetra,3,,0,0,0,0,0,0,0,0,0,0,0,0,0,0,0,0,0,0,0,0,0
Yes,Landslide at Khandbari Municipality-4,,other,Landslide,2026-06-29,Koshi,Sankhuwasabha,Khandbari,4,,0,0,0,0,0,1,0,0,0,0,0,0,0,0,0,0,0,0,0,0,0
Yes,Landslide at Malika Rural Municipality-2,,other,Landslide,2026-06-29,Lumbini,Gulmi,Malika,2,,0,0,0,0,0,2,0,0,0,0,0,0,0,0,0,0,0,0,0,0,0
Yes,Landslide at Laligurans Municipality-4,,other,Landslide,2026-06-29,Koshi,Terhathum,Laligurans,4,,0,0,0,0,0,0,0,0,0,0,0,0,0,0,0,0,0,0,0,0,0
Yes,Landslide at Mathagadhi Rural Municipality-1,,other,Landslide,2026-06-29,Lumbini,Palpa,Mathagadhi,1,,0,0,0,0,0,0,0,0,0,0,0,0,0,0,0,0,0,0,0,0,0
Yes,"Landslide at Sisne Bhir , Resunga Municipality-14",,other,Landslide,2026-06-29,Lumbini,Gulmi,Resunga,14,,0,0,0,0,0,0,0,0,0,0,0,0,0,0,0,0,0,0,0,0,0
Yes,Landslide at Phedap Rural Municipality-3,,other,Landslide,2026-06-29,Koshi,Terhathum,Phedap,3,,0,0,0,0,0,0,0,0,0,0,0,0,0,0,0,0,0,0,0,0,0
Yes,Landslide at Waling Municipality-14,,other,Landslide,2026-06-29,Gandaki,Syangja,Waling,14,,0,0,0,0,0,0,0,0,0,0,0,0,0,0,0,0,0,0,0,0,0
Yes,Landslide at Bhojpur Municipality-11,,other,Landslide,2026-06-29,Koshi,Bhojpur,Bhojpur,11,,0,0,0,0,0,0,0,0,0,0,0,0,0,0,0,0,0,0,0,0,0
Yes,Landslide at Putha Uttarganga Rural Municipality-4,,other,Landslide,2026-06-29,Lumbini,Rukum East,Putha Uttarganga,4,,0,0,0,0,0,0,1,1,0,0,0,0,0,0,0,0,1,1,0,0,0
Yes,Landslide at Khandbari Municipality-7,,other,Landslide,2026-06-29,Koshi,Sankhuwasabha,Khandbari,7,,0,0,0,0,0,0,0,0,0,0,0,0,0,0,0,0,0,0,0,0,0
Yes,Landslide at Khandbari Municipality-7,,other,Landslide,2026-06-29,Koshi,Sankhuwasabha,Khandbari,7,,0,0,0,0,0,3,0,0,0,0,0,0,0,0,0,0,0,0,0,0,0
Yes,Landslide at Khandbari Municipality-7,,other,Landslide,2026-06-29,Koshi,Sankhuwasabha,Khandbari,7,,0,0,0,0,0,0,0,0,0,0,0,0,0,0,0,0,0,0,0,0,0
Yes,Landslide at Khandbari Municipality-7,,other,Landslide,2026-06-29,Koshi,Sankhuwasabha,Khandbari,7,,0,0,0,0,0,0,0,0,0,0,0,0,0,0,0,0,0,0,0,0,0
Yes,"Landslide at Jaisipadhera , Bhirkot Municipality-8",,other,Landslide,2026-06-29,Gandaki,Syangja,Bhirkot,8,,0,0,0,0,0,0,0,0,0,0,0,0,0,0,0,0,0,0,0,0,0
Yes,"Landslide at Rajduwali , Ilam Municipality-9",,other,Landslide,2026-06-28,Koshi,Ilam,Ilam,9,,0,0,0,0,0,0,0,0,0,0,0,0,0,0,0,0,0,0,0,0,0
Yes,Landslide at Ichchhakamana Rural Municipality-5,,other,Landslide,2026-06-28,Bagmati,Chitwan,Ichchhakamana,5,,0,0,0,0,0,0,0,0,0,0,0,0,0,0,0,0,0,0,0,0,0
Yes,Landslide at Waling Municipality-12,,other,Landslide,2026-06-28,Gandaki,Syangja,Waling,12,,0,0,0,0,0,0,0,0,0,0,0,0,0,0,0,0,0,0,0,0,0
Yes,"Landslide at Bhawanpokhara , Phalewas Municipality-5",,other,Landslide,2026-06-28,Gandaki,Parbat,Phalewas,5,,0,0,0,0,0,0,0,0,0,0,0,0,0,0,0,0,0,0,0,0,0
Yes,Landslide at Rhishing Rural Municipality-1,,other,Landslide,2026-06-28,Gandaki,Tanahu,Rhishing,1,,0,0,0,0,0,0,0,0,0,0,0,0,0,0,0,0,0,0,0,0,0
Yes,Landslide at Rainadevi Chhahara Rural Municipality-8,,other,Landslide,2026-06-28,Lumbini,Palpa,Rainadevi Chhahara,8,,0,0,0,0,0,0,0,0,0,0,0,0,0,0,0,0,0,0,0,0,0
Yes,Landslide at Bhumikasthan Municipality-7,,other,Landslide,2026-06-28,Lumbini,Arghakhanchi,Bhumikasthan,7,,0,0,0,0,0,0,0,0,0,0,0,0,0,0,0,0,0,0,0,0,0
Yes,Landslide at MadhyaNepal Municipality-10,,other,Landslide,2026-06-28,Gandaki,Lamjung,MadhyaNepal,10,,0,0,0,0,0,0,0,0,0,0,0,0,0,0,0,0,0,0,0,0,0
Yes,Landslide at Waling Municipality-13,,other,Landslide,2026-06-28,Gandaki,Syangja,Waling,13,,0,0,0,0,0,0,0,0,0,0,0,0,0,0,0,0,0,0,0,0,0
Yes,Landslide at Bhirkot Municipality-8,,other,Landslide,2026-06-28,Gandaki,Syangja,Bhirkot,8,,0,0,0,0,0,0,0,0,0,0,0,0,0,0,0,0,0,0,0,0,0
Yes,Landslide at Resunga Municipality-14,,other,Landslide,2026-06-28,Lumbini,Gulmi,Resunga,14,,0,0,0,0,0,0,0,0,0,0,0,0,0,0,0,0,0,0,0,0,0
Yes,Landslide at Khandbari Municipality-7,,other,Landslide,2026-06-28,Koshi,Sankhuwasabha,Khandbari,7,,0,0,0,0,0,0,1,1,0,0,0,0,0,0,0,0,0,0,0,0,0
Yes,Landslide at Ilam Municipality-12,,other,Landslide,2026-06-28,Koshi,Ilam,Ilam,12,700000,0,0,0,0,1,0,0,0,0,0,0,0,0,0,0,0,0,0,0,0,0
Yes,Landslide at Madi Municipality-6,,other,Landslide,2026-06-28,Koshi,Sankhuwasabha,Madi,6,,0,0,0,0,1,0,0,0,0,0,0,0,0,0,0,0,0,0,0,0,0
Yes,Landslide at Nalgaad Municipality-5,,other,Landslide,2026-06-28,Karnali,Jajarkot,Nalgaad,5,,0,0,0,0,3,0,0,0,0,0,0,0,0,0,0,0,0,0,0,0,0
Yes,Landslide at Khandbari Municipality-7,,other,Landslide,2026-06-28,Koshi,Sankhuwasabha,Khandbari,7,,0,0,0,0,0,0,0,0,0,0,0,0,0,0,0,0,0,0,0,0,0
Yes,Landslide at Khandbari Municipality-7,,other,Landslide,2026-06-28,Koshi,Sankhuwasabha,Khandbari,7,,0,0,0,0,0,0,0,0,0,0,0,0,0,0,0,0,0,0,0,0,0
Yes,Landslide at Khandbari Municipality-7,,other,Landslide,2026-06-28,Koshi,Sankhuwasabha,Khandbari,7,,0,0,0,0,0,0,0,0,0,0,0,0,0,0,0,0,0,0,0,0,0
Yes,Landslide at Gosaikunda Rural Municipality-4,,other,Landslide,2026-06-28,Bagmati,Rasuwa,Gosaikunda,4,,0,0,0,0,0,0,0,0,0,0,0,0,0,0,0,0,0,0,0,0,0
Yes,"Landslide at Chepel , Khumbu Pasanglhamu Rural Municipality-3",,other,Landslide,2026-06-28,Koshi,Solukhumbu,Khumbu Pasanglhamu,3,,0,0,0,0,0,0,0,0,0,0,0,0,0,0,0,0,0,0,0,0,0
Yes,Landslide at Aathbiskot Municipality-14,,other,Landslide,2026-06-28,Karnali,Rukum West,Aathbiskot,14,,0,0,0,0,0,0,0,0,0,0,0,0,0,0,0,0,0,0,0,0,0
Yes,Landslide at Rolpa Municipality-10,,other,Landslide,2026-06-28,Lumbini,Rolpa,Rolpa,10,,0,0,0,0,0,0,0,0,0,0,0,0,0,0,0,0,1,0,0,1,0
Yes,Landslide at Sirijangha Rural Municipality-8,,other,Landslide,2026-06-27,Koshi,Taplejung,Sirijangha,8,,0,0,0,0,1,0,0,0,0,0,0,0,0,0,0,0,0,0,0,0,0
Yes,Landslide at Khandbari Municipality-7,,other,Landslide,2026-06-27,Koshi,Sankhuwasabha,Khandbari,7,,0,0,0,0,0,0,0,0,0,0,0,0,0,0,0,0,0,0,0,0,0
Yes,Landslide at Waling Municipality-12,,other,Landslide,2026-06-27,Gandaki,Syangja,Waling,12,,0,0,0,0,0,0,0,0,0,0,0,0,0,0,0,0,0,0,0,0,0
Yes,Landslide at Rhishing Rural Municipality-1,,other,Landslide,2026-06-27,Gandaki,Tanahu,Rhishing,1,,0,0,0,0,0,0,0,0,0,0,0,0,0,0,0,0,0,0,0,0,0
Yes,Landslide at Khandbari Municipality-7,,other,Landslide,2026-06-27,Koshi,Sankhuwasabha,Khandbari,7,,0,0,0,0,0,0,0,0,0,0,0,0,0,0,0,0,0,0,0,0,0
Yes,"Landslide at Rajduwali , Ilam Municipality-9",,other,Landslide,2026-06-26,Koshi,Ilam,Ilam,9,,0,0,0,0,0,0,0,0,0,0,0,0,0,0,0,0,0,0,0,0,0
Yes,Landslide at Khandbari Municipality-7,,other,Landslide,2026-06-26,Koshi,Sankhuwasabha,Khandbari,7,,0,0,0,0,0,0,0,0,0,0,0,0,0,0,0,0,0,0,0,0,0
Yes,Landslide at Khandbari Municipality-7,,other,Landslide,2026-06-26,Koshi,Sankhuwasabha,Khandbari,7,,0,0,0,0,0,0,0,0,0,0,0,0,0,0,0,0,0,0,0,0,0
Yes,Landslide at Silichong Rural Municipality-4,,other,Landslide,2026-06-26,Koshi,Sankhuwasabha,Silichong,4,,0,0,0,0,0,0,0,0,0,0,0,0,0,0,0,0,0,0,0,0,0
Yes,Landslide at Khandbari Municipality-7,,other,Landslide,2026-06-26,Koshi,Sankhuwasabha,Khandbari,7,,0,0,0,0,0,0,0,0,0,0,0,0,0,0,0,0,0,0,0,0,0
Yes,Landslide at Ilam Municipality-8,,other,Landslide,2026-06-26,Koshi,Ilam,Ilam,8,,0,0,0,0,0,0,0,0,0,0,0,0,0,0,0,0,0,0,0,0,0
Yes,Landslide at Resunga Municipality-14,,nepal_police,Landslide,2026-06-25,Lumbini,Gulmi,Resunga,14,,0,0,0,0,0,0,0,0,0,0,0,0,0,0,0,0,0,0,0,0,0
Yes,Landslide at Phungling Municipality-11,,nepal_police,Landslide,2026-06-25,Koshi,Taplejung,Phungling,11,,0,0,0,0,0,0,0,0,0,0,0,0,0,0,0,0,0,0,0,0,0
Yes,Landslide at Khandbari Municipality-7,,other,Landslide,2026-06-25,Koshi,Sankhuwasabha,Khandbari,7,,0,0,0,0,0,0,0,0,0,0,0,0,0,0,0,0,0,0,0,0,0
Yes,"Landslide at Nadipur, Machhapuchchhre Rural Municipality-2",,other,Landslide,2026-06-24,Gandaki,Kaski,Machhapuchchhre,2,,0,0,0,0,1,0,0,0,0,0,0,0,0,0,0,0,0,0,0,0,0
Yes,Landslide at Khandbari Municipality-7,,other,Landslide,2026-06-24,Koshi,Sankhuwasabha,Khandbari,7,,0,0,0,0,0,0,0,0,0,0,0,0,0,0,0,0,0,0,0,0,0
Yes,Landslide at Ilam Municipality-9,,other,Landslide,2026-06-24,Koshi,Ilam,Ilam,9,,0,0,0,0,0,0,0,0,0,0,0,0,0,0,0,0,0,0,0,0,0
Yes,"Landslide at Malta, Khandbari Municipality-5",,other,Landslide,2026-06-24,Koshi,Sankhuwasabha,Khandbari,5,,0,0,0,0,0,0,0,0,0,0,0,0,0,0,0,0,0,0,0,0,0
Yes,"Landslide at Malta , Khandbari Municipality-7",,other,Landslide,2026-06-24,Koshi,Sankhuwasabha,Khandbari,7,,0,0,0,0,0,0,0,0,0,0,0,0,0,0,0,0,0,0,0,0,0
Yes,Landslide at Raghuganga Rural Municipality-8,,other,Landslide,2026-06-23,Gandaki,Myagdi,Raghuganga,8,,0,0,0,0,0,0,1,1,0,0,0,0,0,0,0,0,0,0,0,0,0
Yes,Landslide at Khandbari Municipality-7,,other,Landslide,2026-06-23,Koshi,Sankhuwasabha,Khandbari,7,,0,0,0,0,0,0,0,0,0,0,0,0,0,0,0,0,0,0,0,0,0
Yes,"Landslide at Alphate , Khandbari Municipality-7",,other,Landslide,2026-06-22,Koshi,Sankhuwasabha,Khandbari,7,,0,0,0,0,0,0,0,0,0,0,0,0,0,0,0,0,0,0,0,0,0
Yes,Landslide at Panchadewal Binayak Municipality-4,,other,Landslide,2026-06-22,Sudurpashchim,Achham,Panchadewal Binayak,4,,0,0,0,0,0,0,0,0,0,0,0,0,0,0,0,0,0,0,0,0,0
Yes,Landslide at Khandbari Municipality-7,,other,Landslide,2026-06-22,Koshi,Sankhuwasabha,Khandbari,7,,0,0,0,0,0,0,0,0,0,0,0,0,0,0,0,0,0,0,0,0,0
Yes,Landslide at Bakaiya Rural Municipality-11,,nepal_police,Landslide,2026-06-21,Bagmati,Makwanpur,Bakaiya,11,,0,0,0,0,0,0,0,0,0,0,0,0,0,0,0,0,0,0,0,0,0
Yes,Landslide at Suryagadhi Rural Municipality-4,,other,Landslide,2026-06-21,Bagmati,Nuwakot,Suryagadhi,4,,0,0,0,0,2,0,0,0,0,0,0,0,0,0,0,0,0,0,0,0,0
Yes,Landslide at Phaktanglung Rural Municipality-6,,other,Landslide,2026-06-21,Koshi,Taplejung,Phaktanglung,6,,0,0,0,0,0,0,0,0,0,0,0,0,0,0,0,0,0,0,0,0,0
Yes,Landslide at Mikwakhola Rural Municipality-4,,other,Landslide,2026-06-21,Koshi,Taplejung,Mikwakhola,4,,0,0,0,0,0,0,0,0,0,0,0,0,0,0,0,0,0,0,0,0,0
Yes,Landslide at Phaktanglung Rural Municipality-6,,other,Landslide,2026-06-21,Koshi,Taplejung,Phaktanglung,6,100000,0,0,0,0,1,1,0,0,0,0,0,0,0,0,0,0,0,0,0,0,0
Yes,"Landslide at Tudikhal, Phedap Rural Municipality-3",,nepal_police,Landslide,2026-06-20,Koshi,Terhathum,Phedap,3,,0,0,0,0,0,0,0,0,0,0,0,0,0,0,0,0,0,0,0,0,0
Yes,"Landslide at Thumki, Dhankuta Municipality-2",,nepal_police,Landslide,2026-06-20,Koshi,Dhankuta,Dhankuta,2,,0,0,0,0,0,0,0,0,0,0,0,0,0,0,0,0,0,0,0,0,0
Yes,Landslide at Phedap Rural Municipality-3,,nepal_police,Landslide,2026-06-20,Koshi,Terhathum,Phedap,3,,0,0,0,0,0,0,0,0,0,0,0,0,0,0,0,0,0,0,0,0,0
Yes,"Landslide at Khawang, Phaktanglung Rural Municipality-6",,nepal_police,Landslide,2026-06-20,Koshi,Taplejung,Phaktanglung,6,,0,0,0,0,0,0,0,0,0,0,0,0,0,0,0,0,0,0,0,0,0
Yes,"Landslide at Thumki, Dhankuta Municipality-2",,nepal_police,Landslide,2026-06-20,Koshi,Dhankuta,Dhankuta,2,,0,0,0,0,0,0,0,0,0,0,0,0,0,0,0,0,0,0,0,0,0
Yes,Landslide at Inaruwa Municipality-8,,nepal_police,Landslide,2026-06-20,Koshi,Sunsari,Inaruwa,8,,0,0,0,0,0,0,0,0,0,0,0,0,0,0,0,0,0,0,0,0,0
Yes,"Landslide at Syabung , Khandbari Municipality-7",,other,Landslide,2026-06-20,Koshi,Sankhuwasabha,Khandbari,7,,0,0,0,0,0,0,0,0,0,0,0,0,0,0,0,0,0,0,0,0,0
Yes,Landslide at Phaktanglung Rural Municipality-6,,other,Landslide,2026-06-20,Koshi,Taplejung,Phaktanglung,6,,0,0,0,0,0,0,0,0,0,0,0,0,0,0,0,0,0,0,0,0,0
Yes,Landslide at Hupsekot Rural Municipality-4,,nepal_police,Landslide,2026-06-19,Gandaki,Nawalparasi East,Hupsekot,4,,0,0,0,0,0,0,0,0,0,0,0,0,0,0,0,0,0,0,0,0,0
Yes,"Landslide at Bimirebhanjyang , MadhyaNepal Municipality-10",,nepal_police,Landslide,2026-06-19,Gandaki,Lamjung,MadhyaNepal,10,,0,0,0,0,0,0,0,0,0,0,0,0,0,0,0,0,0,0,0,0,0
Yes,Landslide at Inaruwa Municipality-8,,nepal_police,Landslide,2026-06-19,Koshi,Sunsari,Inaruwa,8,,0,0,0,0,0,0,0,0,0,0,0,0,0,0,0,0,0,0,0,0,0
Yes,Landslide at Belbari Municipality-8,,nepal_police,Landslide,2026-06-19,Koshi,Morang,Belbari,8,,0,0,0,0,0,0,0,0,0,0,0,0,0,0,0,0,0,0,0,0,0
Yes,Landslide at Suryodaya Municipality-14,,nepal_police,Landslide,2026-06-19,Koshi,Ilam,Suryodaya,14,,0,0,0,0,0,0,0,0,0,0,0,0,0,0,0,0,0,0,0,0,0
Yes,"Landslide at Maipokhari, Ilam Municipality-12",,nepal_police,Landslide,2026-06-19,Koshi,Ilam,Ilam,12,,0,0,0,0,0,0,0,0,0,0,0,0,0,0,0,0,0,0,0,0,0
Yes,Landslide at Ilam Municipality-12,,nepal_police,Landslide,2026-06-19,Koshi,Ilam,Ilam,12,,0,0,0,0,0,0,0,0,0,0,0,0,0,0,0,0,0,0,0,0,0
Yes,"Landslide at Dhansare, Inaruwa Municipality-8",,nepal_police,Landslide,2026-06-19,Koshi,Sunsari,Inaruwa,8,,0,0,0,0,0,0,0,0,0,0,0,0,0,0,0,0,0,0,0,0,0
Yes,"Landslide at Nareshwor, Dharche Rural Municipality-5",,nepal_police,Landslide,2026-06-19,Gandaki,Gorkha,Dharche,5,,0,0,0,0,0,0,0,0,0,0,0,0,0,0,0,0,0,0,0,0,0
Yes,Landslide at Ilam Municipality-12,,other,Landslide,2026-06-19,Koshi,Ilam,Ilam,12,,0,0,0,0,0,0,0,0,0,0,0,0,0,0,0,0,0,0,0,0,0
Yes,Landslide at Phedap Rural Municipality-3,,other,Landslide,2026-06-18,Koshi,Terhathum,Phedap,3,,0,0,0,0,0,0,0,0,0,0,0,0,0,0,0,0,0,0,0,0,0
Yes,Landslide at Marsyangdi Rural Municipality-7,,other,Landslide,2026-06-18,Gandaki,Lamjung,Marsyangdi,7,,0,0,0,0,0,0,0,0,0,0,0,0,0,0,0,0,0,0,0,0,0
Yes,Landslide at Yangwarak Rural Municipality-6,,other,Landslide,2026-06-18,Koshi,Panchthar,Yangwarak,6,,0,0,0,0,0,0,0,0,0,0,0,0,0,0,0,0,0,0,0,0,0
Yes,Landslide at Khandbari Municipality-7,,other,Landslide,2026-06-18,Koshi,Sankhuwasabha,Khandbari,7,,0,0,0,0,0,0,0,0,0,0,0,0,0,0,0,0,0,0,0,0,0
Yes,"Landslide at Kartike , Sidingba Rural Municipality-4",,other,Landslide,2026-06-18,Koshi,Taplejung,Sidingba,4,,0,0,0,0,0,0,0,0,0,0,0,0,0,0,0,0,0,0,0,0,0
Yes,Landslide at Hilihang Rural Municipality-5,,nepal_police,Landslide,2026-06-18,Koshi,Panchthar,Hilihang,5,,0,0,0,0,0,0,0,0,0,0,0,0,0,0,0,0,0,0,0,0,0
Yes,Landslide at Aanbookhaireni Rural Municipality-2,,nepal_police,Landslide,2026-06-18,Gandaki,Tanahu,Aanbookhaireni,2,,0,0,0,0,0,0,0,0,0,0,0,0,0,0,0,0,0,0,0,0,0
Yes,Landslide at Ilam Municipality-11,,nepal_police,Landslide,2026-06-18,Koshi,Ilam,Ilam,11,,0,0,0,0,0,0,0,0,0,0,0,0,0,0,0,0,0,0,0,0,0
Yes,Landslide at Khandbari Municipality-7,,nepal_police,Landslide,2026-06-18,Koshi,Sankhuwasabha,Khandbari,7,,0,0,0,0,0,0,0,0,0,0,0,0,0,0,0,0,0,0,0,0,0
Yes,"Landslide at Puwakhola , Ilam Municipality-12",,other,Landslide,2026-06-17,Koshi,Ilam,Ilam,12,,0,0,0,0,0,0,0,0,0,0,0,0,0,0,0,0,0,0,0,0,0
Yes,Landslide at Khandbari Municipality-7,,other,Landslide,2026-06-17,Koshi,Sankhuwasabha,Khandbari,7,,0,0,0,0,0,0,0,0,0,0,0,0,0,0,0,0,0,0,0,0,0
Yes,Landslide at Khandbari Municipality-7,,nepal_police,Landslide,2026-06-17,Koshi,Sankhuwasabha,Khandbari,7,,0,0,0,0,1,0,0,0,0,0,0,0,0,0,0,0,0,0,0,0,0
Yes,Landslide at Khandbari Municipality-7,,nepal_police,Landslide,2026-06-17,Koshi,Sankhuwasabha,Khandbari,7,,0,0,0,0,0,0,0,0,0,0,0,0,0,0,0,0,0,0,0,0,0
Yes,Landslide at Khandbari Municipality-7,,nepal_police,Landslide,2026-06-17,Koshi,Sankhuwasabha,Khandbari,7,,0,0,0,0,2,0,0,0,0,0,0,0,0,0,0,0,0,0,0,0,0
Yes,Landslide at Ichchhakamana Rural Municipality-5,,other,Landslide,2026-06-16,Bagmati,Chitwan,Ichchhakamana,5,,0,0,0,0,0,0,0,0,0,0,0,0,0,0,0,0,0,0,0,0,0
Yes,Landslide at Raghuganga Rural Municipality-8,,other,Landslide,2026-06-14,Gandaki,Myagdi,Raghuganga,8,,0,0,0,0,0,0,0,0,0,0,0,0,0,0,0,0,0,0,0,0,0
Yes,Landslide at Bhojpur Municipality-4,,other,Landslide,2026-06-13,Koshi,Bhojpur,Bhojpur,4,45000,0,0,0,0,0,0,0,0,0,0,0,0,0,0,0,0,0,0,0,0,0
Yes,Landslide at Rautamai Rural Municipality-7,,other,Landslide,2026-06-13,Koshi,Udayapur,Rautamai,7,,0,0,0,0,0,0,0,0,0,0,0,0,0,0,0,0,0,0,0,0,0
Yes,Landslide at MadhyaNepal Municipality-10,,other,Landslide,2026-06-13,Gandaki,Lamjung,MadhyaNepal,10,,0,0,0,0,0,0,0,0,0,0,0,0,0,0,0,0,0,0,0,0,0
Yes,Landslide at Sangurigadhi Rural Municipality-6,,other,Landslide,2026-06-13,Koshi,Dhankuta,Sangurigadhi,6,,0,0,0,0,0,0,0,0,0,0,0,0,0,0,0,0,0,0,0,0,0
Yes,"Landslide at Thagna , Simkot Rural Municipality-3",,other,Landslide,2026-06-12,Karnali,Humla,Simkot,3,,0,0,0,0,0,0,1,0,0,1,0,0,0,0,0,0,0,0,0,0,0
Yes,Landslide at Halesi Tuwachung Municipality-11,,other,Landslide,2026-06-10,Koshi,Khotang,Halesi Tuwachung,11,,0,0,0,0,0,0,0,0,0,0,0,0,0,0,0,0,0,0,0,0,0
Yes,Landslide at Dhankuta Municipality-2,,other,Landslide,2026-06-10,Koshi,Dhankuta,Dhankuta,2,,0,0,0,0,0,0,0,0,0,0,0,0,0,0,0,0,0,0,0,0,0
Yes,Landslide at Rolpa Municipality-10,,other,Landslide,2026-06-09,Lumbini,Rolpa,Rolpa,10,,0,0,0,0,0,0,0,0,0,0,0,0,0,0,0,0,0,0,0,0,0
Yes,Landslide at Ghorahi Submetropolitan City-5,,other,Landslide,2026-06-09,Lumbini,Dang,Ghorahi,5,,0,0,0,0,0,0,0,0,0,0,0,0,0,0,0,0,0,0,0,0,0
Yes,"Landslide at Thumki, Dhankuta Municipality-2",,nepal_police,Landslide,2026-06-08,Koshi,Dhankuta,Dhankuta,2,,0,0,0,0,0,0,0,0,0,0,0,0,0,0,0,0,0,0,0,0,0
Yes,Landslide at Khandbari Municipality-7,,nepal_police,Landslide,2026-06-08,Koshi,Sankhuwasabha,Khandbari,7,,0,0,0,0,0,0,0,0,0,0,0,0,0,0,0,0,0,0,0,0,0
Yes,"Landslide at Karnali, Simkot Rural Municipality-3",,nepal_police,Landslide,2026-06-08,Karnali,Humla,Simkot,3,,0,0,0,0,0,0,0,0,0,0,0,0,0,0,0,0,0,0,0,0,0
Yes,"Landslide at Dhansare, Inaruwa Municipality-8",,nepal_police,Landslide,2026-06-08,Koshi,Sunsari,Inaruwa,8,,0,0,0,0,0,0,0,0,0,0,0,0,0,0,0,0,0,0,0,0,0
Yes,Landslide at Bangad Kupinde Municipality-11,,nepal_police,Landslide,2026-06-08,Karnali,Salyan,Bangad Kupinde,11,,0,0,0,0,0,0,0,0,0,0,0,0,0,0,0,0,0,0,0,0,0
Yes,"Landslide at Bhiraldanda, Buddhabhumi Municipality-8",,nepal_police,Landslide,2026-06-08,Lumbini,Kapilbastu,Buddhabhumi,8,,0,0,0,0,0,0,0,0,0,0,0,0,0,0,0,0,0,0,0,0,0
Yes,"Landslide at Bagmara, Bangad Kupinde Municipality-11",,nepal_police,Landslide,2026-06-08,Karnali,Salyan,Bangad Kupinde,11,,0,0,0,0,0,0,0,0,0,0,0,0,0,0,0,0,0,0,0,0,0
Yes,"Landslide at Kalgauda, Shey Phoksundo Rural Municipality-99",,nepal_police,Landslide,2026-06-08,Karnali,Dolpa,Shey Phoksundo,99,25000,0,0,0,0,1,0,0,0,0,0,0,0,0,0,0,0,0,0,0,0,0
Yes,Landslide at Pachaljharana Rural Municipality-3,,other,Landslide,2026-06-08,Karnali,Kalikot,Pachaljharana,3,,0,0,0,0,0,0,0,0,0,0,0,0,0,0,0,0,0,0,0,0,0
Yes,Landslide at Phungling Municipality-10,,other,Landslide,2026-06-05,Koshi,Taplejung,Phungling,10,,0,0,0,0,0,0,0,0,0,0,0,0,0,0,0,0,0,0,0,0,0
Yes,"Landslide at Jamuna, Illam Municipality-12",,nepal_police,Landslide,2026-06-03,Koshi,Ilam,Ilam,12,,0,0,0,0,0,0,0,0,0,0,0,0,0,0,0,0,0,0,0,0,0
Yes,Landslide at Rolpa Municipality-10,,nepal_police,Landslide,2026-06-02,Lumbini,Rolpa,Rolpa,10,,0,0,0,0,0,0,0,0,0,0,0,0,0,0,0,0,0,0,0,0,0
Yes,"Landslide at Saule, Barahtal Rural Municipality-8",,nepal_police,Landslide,2026-05-30,Karnali,Surkhet,Barahtal,8,,0,0,0,0,0,0,0,0,0,0,0,0,0,0,0,0,0,0,0,0,0
Yes,"Landslide at Jhaukhel, Bhaktapur Municipality-9",,nepal_police,Landslide,2026-05-30,Bagmati,Bhaktapur,Bhaktapur,9,,0,0,0,0,0,0,0,0,0,0,0,0,0,0,0,0,1,1,0,0,0
Yes,Landslide at Galyang Municipality-8,,other,Landslide,2026-05-29,Gandaki,Syangja,Galyang,8,,0,0,0,0,0,0,0,0,0,0,0,0,0,0,0,0,0,0,0,0,0
Yes,Landslide at Kageshwori Manahora Municipality-9,,other,Landslide,2026-05-29,Bagmati,Kathmandu,Kageshwori Manahora,9,,0,0,0,0,0,0,0,0,0,0,0,0,0,0,0,0,0,0,0,0,0
Yes,Landslide at Bakaiya Rural Municipality-11,,other,Landslide,2026-05-29,Bagmati,Makwanpur,Bakaiya,11,,0,0,0,0,0,0,0,0,0,0,0,0,0,0,0,0,0,0,0,0,0
Yes,Landslide at Gaumul Rural Municipality-1,,other,Landslide,2026-05-28,Sudurpashchim,Bajura,Gaumul,1,,0,0,0,0,0,0,0,0,0,0,0,0,0,0,0,0,0,0,0,0,0
Yes,Landslide at Bhotkhola Rural Municipality-4,,other,Landslide,2026-05-28,Koshi,Sankhuwasabha,Bhotkhola,4,,0,0,0,0,0,0,0,0,0,0,0,0,0,0,0,0,0,0,0,0,0
Yes,Landslide at Budhinanda Municipality-1,,other,Landslide,2026-05-27,Sudurpashchim,Bajura,Budhinanda,1,,0,0,0,0,0,0,0,0,0,0,0,0,0,0,0,0,0,0,0,0,0
Yes,Landslide at Loghekar Damodarkunda Rural Municipality-5,,other,Landslide,2026-05-27,Gandaki,Mustang,Lo Ghekar Damodarkunda,5,,0,0,0,0,0,0,1,1,0,0,0,0,0,0,0,0,0,0,0,0,0
Yes,Landslide at MadhyaNepal Municipality-10,,other,Landslide,2026-05-27,Gandaki,Lamjung,MadhyaNepal,10,,0,0,0,0,0,0,0,0,0,0,0,0,0,0,0,0,0,0,0,0,0
Yes,"Landslide at Khachha, Simkot Rural Municipality-3",,nepal_police,Landslide,2026-05-26,Karnali,Humla,Simkot,3,,0,0,0,0,0,0,0,0,0,0,0,0,0,0,0,0,0,0,0,0,0
Yes,Landslide at Pokhara Lekhnath Metropolitan City-15,,nepal_police,Landslide,2026-05-25,Gandaki,Kaski,Pokhara,15,,0,0,0,0,0,0,0,0,0,0,0,0,0,0,0,0,0,0,0,0,0
Yes,Landslide at Khandbari Municipality-7,,other,Landslide,2026-05-25,Koshi,Sankhuwasabha,Khandbari,7,,0,0,0,0,0,0,0,0,0,0,0,0,0,0,0,0,0,0,0,0,0
Yes,"Landslide at Tamail, Surma Rural Municipality-1",,nepal_police,Landslide,2026-05-24,Sudurpashchim,Bajhang,Surma,1,,0,0,0,0,0,0,0,0,0,0,0,0,0,0,0,0,0,0,0,0,0
Yes,"Landslide at Singbiung, Khandbari Municipality-7",,nepal_police,Landslide,2026-05-24,Koshi,Sankhuwasabha,Khandbari,7,,0,0,0,0,0,0,0,0,0,0,0,0,0,0,0,0,0,0,0,0,0
Yes,"Landslide at Bittalove, Khandbari Municipality-7",,other,Landslide,2026-05-23,Koshi,Sankhuwasabha,Khandbari,7,,0,0,0,0,0,0,0,0,0,0,0,0,0,0,0,0,0,0,0,0,0
Yes,"Landslide at Begkhola, Raghuganga Rural Municipality-8",,other,Landslide,2026-05-22,Gandaki,Myagdi,Raghuganga,8,,0,0,0,0,0,0,0,0,0,0,0,0,0,0,0,0,0,0,0,0,0
Yes,"Landslide at Yoam, Phidim Municipality-11",,other,Landslide,2026-05-22,Koshi,Panchthar,Phidim,11,,0,0,0,0,0,0,0,0,0,0,0,0,0,0,0,0,0,0,0,0,0
Yes,"Landslide at Bhaisisaina & Jarkot , Pachaljharana Rural Municipality-3",,other,Landslide,2026-05-21,Karnali,Kalikot,Pachaljharana,3,,0,0,0,0,0,0,0,0,0,0,0,0,0,0,0,0,0,0,0,0,0
Yes,"Landslide at Tamina, Phidim Municipality-11",,other,Landslide,2026-05-21,Koshi,Panchthar,Phidim,11,,0,0,0,0,0,0,0,0,0,0,0,0,0,0,0,0,0,0,0,0,0
Yes,"Landslide at Aankhope, Phaktanglung Rural Municipality-6",,other,Landslide,2026-05-21,Koshi,Taplejung,Phaktanglung,6,300000,0,0,0,0,1,0,0,0,0,0,0,0,0,0,0,0,0,0,0,0,0
Yes,"Landslide at Aankhope, Phaktanglung Rural Municipality-6",,other,Landslide,2026-05-21,Koshi,Taplejung,Phaktanglung,6,300000,0,0,0,0,1,0,0,0,0,0,0,0,0,0,0,0,0,0,0,0,0
Yes,"Landslide at Aankhope, Phaktanglung Rural Municipality-6",,other,Landslide,2026-05-21,Koshi,Taplejung,Phaktanglung,6,300000,0,0,0,0,1,0,0,0,0,0,0,0,0,0,0,0,0,0,0,0,0
Yes,Landslide at Phidim Municipality-11,,other,Landslide,2026-05-21,Koshi,Panchthar,Phidim,11,,0,0,0,0,0,0,0,0,0,0,0,0,0,0,0,0,0,0,0,0,0
Yes,Landslide at Phidim Municipality-11,,other,Landslide,2026-05-21,Koshi,Panchthar,Phidim,11,,0,0,0,0,3,3,0,0,0,0,0,0,0,0,0,0,0,0,0,0,0
Yes,"Landslide at Oyama, Phidim Municipality-11",,other,Landslide,2026-05-21,Koshi,Panchthar,Phidim,11,,0,0,0,0,0,0,0,0,0,0,0,0,0,0,0,0,0,0,0,0,0
Yes,"Landslide at Tallobaisari, Raghuganga Rural Municipality-8",,nepal_police,Landslide,2026-05-20,Gandaki,Myagdi,Raghuganga,8,,0,0,0,0,0,0,0,0,0,0,0,0,0,0,0,0,0,0,0,0,0
Yes,Landslide at Phaktanglung Rural Municipality-6,,nepal_police,Landslide,2026-05-20,Koshi,Taplejung,Phaktanglung,6,900000,0,0,0,0,0,0,0,0,0,0,0,0,0,0,0,0,0,0,0,0,0
Yes,"Landslide at Ghattapakha, Bakaiya Rural Municipality-11",,nepal_police,Landslide,2026-05-19,Bagmati,Makwanpur,Bakaiya,11,,0,0,0,0,0,0,0,0,0,0,0,0,0,0,0,0,0,0,0,0,0
Yes,"Landslide at Bharangdanda, Makawanpurgadhi Rural Municipality-5",,nepal_police,Landslide,2026-05-19,Bagmati,Makwanpur,Makawanpurgadhi,5,,0,0,0,0,0,0,0,0,0,0,0,0,0,0,0,0,0,0,0,0,0
Yes,"Landslide at Dhansara, Inaruwa Municipality-8",,nepal_police,Landslide,2026-05-19,Koshi,Sunsari,Inaruwa,8,,0,0,0,0,0,0,0,0,0,0,0,0,0,0,0,0,0,0,0,0,0
Yes,"Landslide at Sipatole, Bhaktapur Municipality-9",,nepal_police,Landslide,2026-05-18,Bagmati,Bhaktapur,Bhaktapur,9,,0,0,0,0,0,0,0,0,0,0,0,0,0,0,0,0,1,1,0,0,0
Yes,"Landslide at Dhumke, Barahtal Rural Municipality-8",,nepal_police,Landslide,2026-05-18,Karnali,Surkhet,Barahtal,8,,0,0,0,0,0,0,0,0,0,0,0,0,0,0,0,0,0,0,0,0,0
Yes,Landslide at MadhyaNepal Municipality-10,,nepal_police,Landslide,2026-05-17,Gandaki,Lamjung,MadhyaNepal,10,,0,0,0,0,0,0,0,0,0,0,0,0,0,0,0,0,0,0,0,0,0
Yes,Landslide at Inaruwa Municipality-8,,other,Landslide,2026-05-15,Koshi,Sunsari,Inaruwa,8,,0,0,0,0,0,0,0,0,0,0,0,0,0,0,0,0,0,0,0,0,0
Yes,"Landslide at Limbudin Norunga Kholsa , Sidingba Rural Municipality-5",,other,Landslide,2026-05-15,Koshi,Taplejung,Sidingba,5,,0,0,0,0,0,0,0,0,0,0,0,0,0,0,0,0,0,0,0,0,0
Yes,Landslide at Khumbupasanglahmu Rural Municipality-3,,other,Landslide,2026-05-15,Koshi,Solukhumbu,Khumbu Pasanglhamu,3,,0,0,0,0,0,0,0,0,0,0,0,0,0,0,0,0,1,1,0,0,0
Yes,Landslide at Raghuganga Rural Municipality-8,,other,Landslide,2026-05-14,Gandaki,Myagdi,Raghuganga,8,,0,0,0,0,0,0,0,0,0,0,0,0,0,0,0,0,0,0,0,0,0
Yes,"Landslide at Ragakate, Halesi Tuwachung Municipality-11",,other,Landslide,2026-05-13,Koshi,Khotang,Halesi Tuwachung,11,,0,0,0,0,0,0,0,0,0,0,0,0,0,0,0,0,0,0,0,0,0
Yes,"Landslide at Bimirebhanjayang, MadhyaNepal Municipality-10",,other,Landslide,2026-05-13,Gandaki,Lamjung,MadhyaNepal,10,,0,0,0,0,0,0,0,0,0,0,0,0,0,0,0,0,0,0,0,0,0
Yes,Landslide at Chulachuli Rural Municipality-6,,other,Landslide,2026-05-13,Koshi,Ilam,Chulachuli,6,,0,0,0,0,0,0,0,0,0,0,0,0,0,0,0,0,0,0,0,0,0
Yes,"Landslide at mahabhir, Raghuganga Rural Municipality-8",,nepal_police,Landslide,2026-05-11,Gandaki,Myagdi,Raghuganga,8,,0,0,0,0,0,0,0,0,0,0,0,0,0,0,0,0,0,0,0,0,0
Yes,"Landslide at Hattisude, Katari Municipality-11",,nepal_police,Landslide,2026-05-11,Koshi,Udayapur,Katari,11,,0,0,0,0,0,0,0,0,0,0,0,0,0,0,0,0,0,0,0,0,0
Yes,Landslide at Rolpa Municipality-10,,other,Landslide,2026-05-09,Lumbini,Rolpa,Rolpa,10,,0,0,0,0,0,0,0,0,0,0,0,0,0,0,0,0,0,0,0,0,0
Yes,Landslide at Phaktanglung Rural Municipality-6,,nepal_police,Landslide,2026-05-08,Koshi,Taplejung,Phaktanglung,6,,0,0,0,0,0,0,0,0,0,0,0,0,0,0,0,0,0,0,0,0,0
Yes,"Landslide at Hattisude, Katari Municipality-11",,nepal_police,Landslide,2026-05-07,Koshi,Udayapur,Katari,11,,0,0,0,0,0,0,0,0,0,0,0,0,0,0,0,0,0,0,0,0,0
Yes,"Landslide at Chapali, Konjyosom Rural Municipality-4",,nepal_police,Landslide,2026-05-07,Bagmati,Lalitpur,Konjyosom,4,,0,0,0,0,0,0,0,0,0,0,0,0,0,0,0,0,0,0,0,0,0
Yes,"Landslide at Bharayangdanda, Makawanpurgadhi Rural Municipality-5",,nepal_police,Landslide,2026-05-07,Bagmati,Makwanpur,Makawanpurgadhi,5,,0,0,0,0,0,0,0,0,0,0,0,0,0,0,0,0,0,0,0,0,0
Yes,"Landslide at Thumki, Dhankuta Municipality-2",,nepal_police,Landslide,2026-05-06,Koshi,Dhankuta,Dhankuta,2,,0,0,0,0,0,0,0,0,0,0,0,0,0,0,0,0,0,0,0,0,0
Yes,Landslide at Inaruwa Municipality-8,,other,Landslide,2026-05-06,Koshi,Sunsari,Inaruwa,8,,0,0,0,0,0,0,0,0,0,0,0,0,0,0,0,0,0,0,0,0,0
Yes,"Landslide at Tuin Khola , Ichchhyakamana Rural Municipality-5",,other,Landslide,2026-05-06,Bagmati,Chitwan,Ichchhakamana,5,,0,0,0,0,0,0,0,0,0,0,0,0,0,0,0,0,0,0,0,0,0
Yes,Landslide at Anbukhaireni Rural Municipality-4,,other,Landslide,2026-05-06,Gandaki,Tanahu,Aanbookhaireni,4,,0,0,0,0,0,0,0,0,0,0,0,0,0,0,0,0,0,0,0,0,0
Yes,"Landslide at Siddhababa Temple , Tinau Rural Municipality-3",,other,Landslide,2026-05-06,Lumbini,Palpa,Tinau,3,,0,0,0,0,0,0,0,0,0,0,0,0,0,0,0,0,0,0,0,0,0
Yes,"Landslide at Kantilokpath, Konjyosom Rural Municipality-4",,nepal_police,Landslide,2026-05-05,Bagmati,Lalitpur,Konjyosom,4,,0,0,0,0,0,0,0,0,0,0,0,0,0,0,0,0,0,0,0,0,0
Yes,"Landslide at Dhansare, Khandbari Municipality-7",,nepal_police,Landslide,2026-05-05,Koshi,Sankhuwasabha,Khandbari,7,,0,0,0,0,0,0,0,0,0,0,0,0,0,0,0,0,0,0,0,0,0
Yes,Landslide at Triyuga Municipality-15,,nepal_police,Landslide,2026-05-05,Koshi,Udayapur,Triyuga,15,,0,0,0,0,0,0,0,0,0,0,0,0,0,0,0,0,0,0,0,0,0
Yes,"Landslide at Hurhure, Rautamai Rural Municipality-7",,nepal_police,Landslide,2026-05-05,Koshi,Udayapur,Rautamai,7,,0,0,0,0,0,0,0,0,0,0,0,0,0,0,0,0,0,0,0,0,0
Yes,Landslide at Sharada Municipality-9,,other,Landslide,2026-05-05,Karnali,Salyan,Sharada,9,,0,0,0,0,0,0,0,0,0,0,0,0,0,0,0,0,0,0,0,0,0
Yes,"Landslide at Malmul, Mathagadhi Rural Municipality-1",,nepal_police,Landslide,2026-05-05,Lumbini,Palpa,Mathagadhi,1,,0,0,0,0,0,0,0,0,0,0,0,0,0,0,0,0,0,0,0,0,0
Yes,"Landslide at Kharkhola, Sharada Municipality-9",,nepal_police,Landslide,2026-05-05,Karnali,Salyan,Sharada,9,,0,0,0,0,0,0,0,0,0,0,0,0,0,0,0,0,0,0,0,0,0
Yes,Landslide at Sharada Municipality-9,,nepal_police,Landslide,2026-05-05,Karnali,Salyan,Sharada,9,,0,0,0,0,0,0,0,0,0,0,0,0,0,0,0,0,0,0,0,0,0
Yes,"Landslide at Bimereabhanjhang, MadhyaNepal Municipality-10",,nepal_police,Landslide,2026-05-04,Gandaki,Lamjung,MadhyaNepal,10,,0,0,0,0,0,0,0,0,0,0,0,0,0,0,0,0,0,0,0,0,0
Yes,Landslide at Inaruwa Municipality-8,,nepal_police,Landslide,2026-05-04,Koshi,Sunsari,Inaruwa,8,,0,0,0,0,0,0,0,0,0,0,0,0,0,0,0,0,0,0,0,0,0
Yes,"Landslide at Bimirebhanjayang, MadhyaNepal Municipality-10",,nepal_police,Landslide,2026-05-03,Gandaki,Lamjung,MadhyaNepal,10,,0,0,0,0,0,0,0,0,0,0,0,0,0,0,0,0,0,0,0,0,0
Yes,"Landslide at Kantilokpath, Konjyosom Rural Municipality-4",,nepal_police,Landslide,2026-05-03,Bagmati,Lalitpur,Konjyosom,4,,0,0,0,0,0,0,0,0,0,0,0,0,0,0,0,0,0,0,0,0,0
Yes,"Landslide at Kantilokpath, Makawanpurgadhi Rural Municipality-5",,nepal_police,Landslide,2026-05-03,Bagmati,Makwanpur,Makawanpurgadhi,5,,0,0,0,0,0,0,0,0,0,0,0,0,0,0,0,0,0,0,0,0,0
Yes,"Landslide at Bhasubhir, Gauriganga Municipality-9",,nepal_police,Landslide,2026-05-03,Sudurpashchim,Kailali,Gauriganga,9,,0,0,0,0,0,0,0,0,0,0,0,0,0,0,0,0,0,0,0,0,0
Yes,"Landslide at Phadi, Machhapuchchhre Rural Municipality-2",,nepal_police,Landslide,2026-05-03,Gandaki,Kaski,Machhapuchchhre,2,,0,0,0,0,0,0,0,0,0,0,0,0,0,0,0,0,0,0,0,0,0
Yes,Landslide at Phaktanglung Rural Municipality-6,,nepal_police,Landslide,2026-05-03,Koshi,Taplejung,Phaktanglung,6,,0,0,0,0,0,0,0,0,0,0,0,0,0,0,0,0,0,0,0,0,0
Yes,"Landslide at Pangdur, Konjyosom Rural Municipality-4",,other,Landslide,2026-05-02,Bagmati,Lalitpur,Konjyosom,4,,0,0,0,0,0,0,0,0,0,0,0,0,0,0,0,0,0,0,0,0,0
Yes,"Landslide at Khahare Khola , Sarumarani Rural Municipality-4",,other,Landslide,2026-05-02,Lumbini,Pyuthan,Sarumarani,4,,0,0,0,0,0,0,0,0,0,0,0,0,0,0,0,0,0,0,0,0,0
Yes,"Landslide at Bhryangdanda , Bhimphedi Rural Municipality-8",,other,Landslide,2026-05-02,Bagmati,Makwanpur,Bhimphedi,8,,0,0,0,0,0,0,0,0,0,0,0,0,0,0,0,0,0,0,0,0,0
Yes,"Landslide at Bimire bhanjyang , MadhyaNepal Municipality-10",,other,Landslide,2026-05-02,Gandaki,Lamjung,MadhyaNepal,10,,0,0,0,0,0,0,0,0,0,0,0,0,0,0,0,0,0,0,0,0,0
Yes,Landslide at Resunga Municipality-14,,nepal_police,Landslide,2026-05-02,Lumbini,Gulmi,Resunga,14,,0,0,0,0,0,0,0,0,0,0,0,0,0,0,0,0,0,0,0,0,0
Yes,"Landslide at Chathandamar, Pyuthan Municipality-7",,nepal_police,Landslide,2026-05-02,Lumbini,Pyuthan,Pyuthan,7,500000,0,0,0,0,1,0,0,0,0,0,0,0,0,0,0,0,0,0,0,0,0
Yes,"Landslide at Asrang, Konjyosom Rural Municipality-4",,nepal_police,Landslide,2026-05-02,Bagmati,Lalitpur,Konjyosom,4,,0,0,0,0,0,0,0,0,0,0,0,0,0,0,0,0,0,0,0,0,0
Yes,"Landslide at Siddhababa, Mathagadhi Rural Municipality-1",,nepal_police,Landslide,2026-05-02,Lumbini,Palpa,Mathagadhi,1,,0,0,0,0,0,0,0,0,0,0,0,0,0,0,0,0,0,0,0,0,0
Yes,"Landslide at Bhijera , Raghuganga Rural Municipality-8",,other,Landslide,2026-04-30,Gandaki,Myagdi,Raghuganga,8,,0,0,0,0,0,0,1,1,0,0,0,0,0,0,0,0,0,0,0,0,0
Yes,Landslide at Inaruwa Municipality-8,,other,Landslide,2026-04-30,Koshi,Sunsari,Inaruwa,8,,0,0,0,0,0,0,0,0,0,0,0,0,0,0,0,0,0,0,0,0,0
Yes,"Landslide at Karam Chowk , Belaka Municipality-7",,other,Landslide,2026-04-30,Koshi,Udayapur,Belaka,7,,0,0,0,0,0,0,0,0,0,0,0,0,0,0,0,0,0,0,0,0,0
Yes,"Landslide at Bimirebhanjayang, MadhyaNepal Municipality-10",,other,Landslide,2026-04-29,Gandaki,Lamjung,MadhyaNepal,10,,0,0,0,0,0,0,0,0,0,0,0,0,0,0,0,0,0,0,0,0,0
Yes,"Landslide at Koshi Highway , Khandbari Municipality-7",,other,Landslide,2026-04-29,Koshi,Sankhuwasabha,Khandbari,7,,0,0,0,0,0,0,0,0,0,0,0,0,0,0,0,0,0,0,0,0,0
Yes,Landslide at Khandbari Municipality-7,,other,Landslide,2026-04-29,Koshi,Sankhuwasabha,Khandbari,7,100000,0,0,0,0,0,0,0,0,0,0,0,0,0,0,0,0,0,0,0,0,0
Yes,"Landslide at Bimirebhanjayang, MadhyaNepal Municipality-10",,nepal_police,Landslide,2026-04-28,Gandaki,Lamjung,MadhyaNepal,10,,0,0,0,0,0,0,0,0,0,0,0,0,0,0,0,0,0,0,0,0,0
Yes,"Landslide at Jalthale, Raghuganga Rural Municipality-8",,nepal_police,Landslide,2026-04-28,Gandaki,Myagdi,Raghuganga,8,,0,0,0,0,0,0,0,0,0,0,0,0,0,0,0,0,0,0,0,0,0
Yes,"Landslide at Kodari, Jugal Rural Municipality-2",,nepal_police,Landslide,2026-04-28,Bagmati,Sindhupalchok,Jugal,2,,0,0,0,0,0,0,0,0,0,0,0,0,0,0,0,0,0,0,0,0,0
Yes,"Landslide at Maurikhola , Barbardiya Municipality-7",,other,Landslide,2026-04-27,Lumbini,Bardiya,Barbardiya,7,,0,0,0,0,0,0,0,0,0,0,0,0,0,0,0,0,0,0,0,0,0
Yes,"Landslide at Mathillohuni, Gaumul Rural Municipality-1",,nepal_police,Landslide,2026-04-27,Sudurpashchim,Bajura,Gaumul,1,,0,0,0,0,0,13,0,0,0,0,0,0,0,0,0,0,0,0,0,0,0
Yes,Landslide at Putha Uttarganga Rural Municipality-12,,other,Landslide,2026-04-26,Lumbini,Rukum East,Putha Uttarganga,12,,0,0,0,0,0,0,0,0,0,0,0,0,0,0,0,0,0,0,0,0,0
Yes,"Landslide at Kalikhola , Banfikot Rural Municipality-6",,nepal_police,Landslide,2026-04-25,Karnali,Rukum West,Banphikot,6,,0,0,0,0,0,0,0,0,0,0,0,0,0,0,0,0,0,0,0,0,0
Yes,"Landslide at mabang, Sunchhahari Rural Municipality-5",,nepal_police,Landslide,2026-04-24,Lumbini,Rolpa,Sunchhahari,5,,0,0,0,0,0,0,0,0,0,0,0,0,0,0,0,0,0,0,0,0,0
Yes,"Landslide at Kimubote, Bhume Rural Municipality-3",,nepal_police,Landslide,2026-04-24,Lumbini,Rukum East,Bhume,3,,0,0,0,0,0,0,0,0,0,0,0,0,0,0,0,0,0,0,0,0,0
Yes,"Landslide at Adame, Phidim Municipality-11",,nepal_police,Landslide,2026-04-24,Koshi,Panchthar,Phidim,11,,0,0,0,0,0,0,0,0,0,0,0,0,0,0,0,0,0,0,0,0,0
Yes,"Landslide at Kalabhir, Dharche Rural Municipality-3",,nepal_police,Landslide,2026-04-24,Gandaki,Gorkha,Dharche,3,,0,0,0,0,0,0,0,0,0,0,0,0,0,0,0,0,0,0,0,0,0
Yes,"Landslide at Khachha, Sarkegad Rural Municipality-1",,nepal_police,Landslide,2026-04-24,Karnali,Humla,Sarkegad,1,,0,0,0,0,0,0,0,0,0,0,0,0,0,0,0,0,0,0,0,0,0
Yes,"Landslide at Rasuwagadhi, Gosaikunda Rural Municipality-2",,nepal_police,Landslide,2026-04-24,Bagmati,Rasuwa,Gosaikunda,2,,0,0,0,0,0,0,0,0,0,0,0,0,0,0,0,0,0,0,0,0,0
Yes,"Landslide at Shreebeade, Shey Phoksundo Rural Municipality-99",,nepal_police,Landslide,2026-04-24,Karnali,Dolpa,Shey Phoksundo,99,,0,0,0,0,0,0,0,0,0,0,0,0,0,0,0,0,0,0,0,0,0
Yes,"Landslide at Panitanki, Bhojpur Municipality-11",,nepal_police,Landslide,2026-04-24,Koshi,Bhojpur,Bhojpur,11,,0,0,0,0,0,0,0,0,0,0,0,0,0,0,0,0,0,0,0,0,0
Yes,"Landslide at Bagkhor , Rong Rural Municipality-4",,other,Landslide,2026-04-21,Koshi,Ilam,Rong,4,,0,0,0,0,0,0,0,0,0,0,0,0,0,0,0,0,0,0,0,0,0
Yes,"Landslide at Ghayaru, Narpa Bhoomi Rural Municipality-3",,nepal_police,Landslide,2026-04-19,Gandaki,Manang,Narpa Bhoomi,3,,0,0,0,0,0,0,1,1,0,0,0,0,0,0,0,0,1,1,0,0,0
Yes,"Landslide at Bagkhor , Rong Rural Municipality-4",,other,Landslide,2026-04-12,Koshi,Ilam,Rong,4,,0,0,0,0,0,0,0,0,0,0,0,0,0,0,0,0,0,0,0,0,0
Yes,"Landslide at Thumki, Sangurigadhi Rural Municipality-6",,other,Landslide,2026-04-08,Koshi,Dhankuta,Sangurigadhi,6,,0,0,0,0,0,0,0,0,0,0,0,0,0,0,0,0,0,0,0,0,0
Yes,"Landslide at Simbong, Bhotkhola Rural Municipality-4",,other,Landslide,2026-04-08,Koshi,Sankhuwasabha,Bhotkhola,4,,0,0,0,0,0,0,0,0,0,0,0,0,0,0,0,0,0,0,0,0,0
Yes,"Landslide at Kalabhir, Dharche Rural Municipality-1",,other,Landslide,2026-04-06,Gandaki,Gorkha,Dharche,1,,0,0,0,0,0,0,0,0,0,0,0,0,0,0,0,0,0,0,0,0,0
Yes,"Landslide at hallanagar, Shivaraj Municipality-2",,other,Landslide,2026-04-05,Lumbini,Kapilbastu,Shivraj,2,,0,0,0,0,0,0,0,0,0,0,0,0,0,0,0,0,1,1,0,0,0
Yes,Landslide at Gaumul Rural Municipality-3,,other,Landslide,2026-04-04,Sudurpashchim,Bajura,Gaumul,3,3590000,0,0,0,0,0,0,0,0,0,0,0,0,0,0,0,0,0,0,0,0,0
Yes,Landslide at Jugal Rural Municipality-2,,other,Landslide,2026-03-31,Bagmati,Sindhupalchok,Jugal,2,,0,0,0,0,0,0,0,0,0,0,0,0,0,0,0,0,0,0,0,0,0
Yes,"Landslide at Bimire bhanjyang , MadhyaNepal Municipality-10",,other,Landslide,2026-03-30,Gandaki,Lamjung,MadhyaNepal,10,,0,0,0,0,0,0,0,0,0,0,0,0,0,0,0,0,0,0,0,0,0
Yes,"Landslide at Chhongrang, Bhotkhola Rural Municipality-4",,other,Landslide,2026-03-28,Koshi,Sankhuwasabha,Bhotkhola,4,,0,0,0,0,0,0,0,0,0,0,0,0,0,0,0,0,0,0,0,0,0
Yes,"Landslide at Thumki, Sangurigadhi Rural Municipality-6",,other,Landslide,2026-03-28,Koshi,Dhankuta,Sangurigadhi,6,,0,0,0,0,0,0,0,0,0,0,0,0,0,0,0,0,0,0,0,0,0
Yes,Landslide at Illam Municipality-12,,other,Landslide,2026-03-28,Koshi,Ilam,Ilam,12,,0,0,0,0,0,0,0,0,0,0,0,0,0,0,0,0,0,0,0,0,0
Yes,Landslide at Khandbari Municipality-7,,other,Landslide,2026-03-28,Koshi,Sankhuwasabha,Khandbari,7,,0,0,0,0,0,0,0,0,0,0,0,0,0,0,0,0,0,0,0,0,0
Yes,Landslide at Sangurigadhi Rural Municipality-6,,other,Landslide,2026-03-28,Koshi,Dhankuta,Sangurigadhi,6,,0,0,0,0,0,0,0,0,0,0,0,0,0,0,0,0,0,0,0,0,0
Yes,Landslide at Dhankuta Municipality-2,,other,Landslide,2026-03-27,Koshi,Dhankuta,Dhankuta,2,,0,0,0,0,0,0,0,0,0,0,0,0,0,0,0,0,1,1,0,0,0
Yes,"Landslide at Khoxe Khola, Phungling Municipality-8",,other,Landslide,2026-03-26,Koshi,Taplejung,Phungling,8,,0,0,0,0,0,0,0,0,0,0,0,0,0,0,0,0,0,0,0,0,0
Yes,"Landslide at Kodhari, Bhotekoshi Rural Municipality-2",,other,Landslide,2026-03-26,Bagmati,Sindhupalchok,Bhotekoshi,2,,0,0,0,0,0,0,0,0,0,0,0,0,0,0,0,0,0,0,0,0,0
Yes,Landslide at Makawanpurgadhi Rural Municipality-5,,other,Landslide,2026-03-26,Bagmati,Makwanpur,Makawanpurgadhi,5,,0,0,0,0,0,0,0,0,0,0,0,0,0,0,0,0,0,0,0,0,0
Yes,Landslide at Benighat Rorang Rural Municipality-7,,other,Landslide,2026-03-26,Bagmati,Dhading,Benighat Rorang,7,,0,0,0,0,0,0,0,0,0,0,0,0,0,0,0,0,0,0,0,0,0
Yes,Landslide at Jugal Rural Municipality-2,,other,Landslide,2026-03-26,Bagmati,Sindhupalchok,Jugal,2,,0,0,0,0,0,0,0,0,0,0,0,0,0,0,0,0,0,0,0,0,0
Yes,"Landslide at Gaujini, Shivapuri Rural Municipality-3",,other,Landslide,2026-03-24,Bagmati,Nuwakot,Shivapuri,3,,0,0,0,0,0,0,2,2,0,0,0,0,0,0,0,0,0,0,0,0,0
Yes,"Landslide at khose khola, Pathibhara Yangwarak Rural Municipality-1",,other,Landslide,2026-03-24,Koshi,Taplejung,Pathibhara Yangwarak,1,,0,0,0,0,0,0,0,0,0,0,0,0,0,0,0,0,0,0,0,0,0
Yes,Landslide at Dhankuta Municipality-2,,other,Landslide,2026-03-23,Koshi,Dhankuta,Dhankuta,2,,0,0,0,0,0,0,0,0,0,0,0,0,0,0,0,0,0,0,0,0,0
Yes,Landslide at Inaruwa Municipality-8,,other,Landslide,2026-03-23,Koshi,Sunsari,Inaruwa,8,,0,0,0,0,0,0,0,0,0,0,0,0,0,0,0,0,0,0,0,0,0
Yes,"Landslide at Thumki, Sangurigadhi Rural Municipality-6",,other,Landslide,2026-03-20,Koshi,Dhankuta,Sangurigadhi,6,,0,0,0,0,0,0,0,0,0,0,0,0,0,0,0,0,0,0,0,0,0
Yes,Landslide at Konjyosom Rural Municipality-4,,other,Landslide,2026-03-19,Bagmati,Lalitpur,Konjyosom,4,,0,0,0,0,0,0,0,0,0,0,0,0,0,0,0,0,0,0,0,0,0
Yes,Landslide at Bhimphedi Rural Municipality-8,,other,Landslide,2026-03-19,Bagmati,Makwanpur,Bhimphedi,8,,0,0,0,0,0,0,0,0,0,0,0,0,0,0,0,0,0,0,0,0,0
Yes,Landslide at Alital Rural Municipality-3,,other,Landslide,2026-03-19,Sudurpashchim,Dadeldhura,Alital,3,,0,0,0,0,0,0,0,0,0,0,0,0,0,0,0,0,0,0,0,0,0
Yes,Landslide at Siddhalek Rural Municipality-6,,other,Landslide,2026-03-17,Bagmati,Dhading,Siddhalek,6,,0,0,0,0,0,0,0,0,0,0,0,0,0,0,0,0,0,0,0,0,0
Yes,Landslide at Tarkeshwar Rural Municipality-4,,other,Landslide,2026-03-15,Bagmati,Nuwakot,Tarkeshwar,4,,0,0,0,0,0,0,0,0,0,0,0,0,0,0,0,0,2,2,0,0,0
Yes,Landslide at Khandbari Municipality-7,,other,Landslide,2026-03-14,Koshi,Sankhuwasabha,Khandbari,7,,0,0,0,0,0,0,0,0,0,0,0,0,0,0,0,0,0,0,0,0,0
Yes,Landslide at Madi Rural Municipality-3,,other,Landslide,2026-03-14,Lumbini,Rolpa,Madi,3,,0,0,0,0,0,0,0,0,0,0,0,0,0,0,0,0,0,0,0,0,0
Yes,"Landslide at Khokse Khola Mechi Highway , Pathibhara Yangwarak Rural Municipality-1",,other,Landslide,2026-03-13,Koshi,Taplejung,Pathibhara Yangwarak,1,,0,0,0,0,0,0,0,0,0,0,0,0,0,0,0,0,0,0,0,0,0
Yes,Landslide at Rolpa Municipality-10,,other,Landslide,2026-03-13,Lumbini,Rolpa,Rolpa,10,,0,0,0,0,0,0,1,0,1,0,0,0,0,0,0,0,3,0,3,0,0
Yes,"Landslide at Tuinkhola , Ichchhyakamana Rural Municipality-5",,other,Landslide,2026-03-12,Bagmati,Chitwan,Ichchhakamana,5,,0,0,0,0,0,0,0,0,0,0,0,0,0,0,0,0,0,0,0,0,0
Yes,Landslide at Dhankuta Municipality-2,,other,Landslide,2026-03-12,Koshi,Dhankuta,Dhankuta,2,,0,0,0,0,0,0,0,0,0,0,0,0,0,0,0,0,0,0,0,0,0
Yes,Landslide at Susta Rural Municipality-1,,other,Landslide,2026-03-04,Lumbini,Nawalparasi West,Susta,1,,0,0,0,0,0,0,1,0,0,1,0,0,0,0,0,0,0,0,0,0,0
Yes,Landslide at Alital Rural Municipality-3,,other,Landslide,2026-03-03,Sudurpashchim,Dadeldhura,Alital,3,,0,0,0,0,0,0,0,0,0,0,0,0,0,0,0,0,1,0,1,0,0
Yes,Landslide at Apihimal Rural Municipality-6,,other,Landslide,2026-02-27,Sudurpashchim,Darchula,Apihimal,6,,0,0,0,0,0,0,0,0,0,0,0,0,0,0,0,0,2,0,2,0,0
Yes,"Landslide at Thumki, Sangurigadhi Rural Municipality-6",,other,Landslide,2026-02-24,Koshi,Dhankuta,Sangurigadhi,6,,0,0,0,0,0,0,0,0,0,0,0,0,0,0,0,0,0,0,0,0,0
Yes,Landslide at Barekot Rural Municipality-3,,other,Landslide,2026-02-24,Karnali,Jajarkot,Barekot,3,,0,0,0,0,0,0,0,0,0,0,0,0,0,0,0,0,1,1,0,0,0
Yes,"Landslide at Salyan , Raghuganga Rural Municipality-8",,other,Landslide,2026-02-13,Gandaki,Myagdi,Raghuganga,8,,0,0,0,0,0,0,1,1,0,0,0,0,0,0,0,0,1,1,0,0,0
Yes,Landslide at Mikwakhola Rural Municipality-3,,other,Landslide,2026-02-12,Koshi,Taplejung,Mikwakhola,3,,0,0,0,0,0,0,0,0,0,0,0,0,0,0,0,0,0,0,0,0,0
Yes,"Landslide at Bhalukhola, Bagmati Rural Municipality-4",,other,Landslide,2026-02-03,Bagmati,Lalitpur,Bagmati,4,,0,0,0,0,0,0,0,0,0,0,0,0,0,0,0,0,0,0,0,0,0
Yes,Landslide at Namobuddha Municipality-4,,other,Landslide,2026-01-31,Bagmati,Kavrepalanchok,Namobuddha,4,,0,0,0,0,0,0,0,0,0,0,0,0,0,0,0,0,0,0,0,0,0
Yes,Landslide at Gosaikunda Rural Municipality-4,,other,Landslide,2026-01-30,Bagmati,Rasuwa,Gosaikunda,4,,0,0,0,0,0,0,0,0,0,0,0,0,0,0,0,0,0,0,0,0,0
Yes,Landslide at Konjyosom Rural Municipality-4,,other,Landslide,2026-01-26,Bagmati,Lalitpur,Konjyosom,4,,0,0,0,0,0,0,0,0,0,0,0,0,0,0,0,0,0,0,0,0,0
Yes,Landslide at Aathrai Tribeni Rural Municipality-5,,other,Landslide,2026-01-24,Koshi,Taplejung,Aathrai Tribeni,5,,0,0,0,0,0,0,0,0,0,0,0,0,0,0,0,0,0,0,0,0,0
Yes,Landslide at Gosaikunda Rural Municipality-2,,other,Landslide,2026-01-18,Bagmati,Rasuwa,Gosaikunda,2,,0,0,0,0,0,0,0,0,0,0,0,0,0,0,0,0,0,0,0,0,0
Yes,Landslide at Kalimati Rural Municipality-3,,other,Landslide,2026-01-17,Karnali,Salyan,Kalimati,3,,0,0,0,0,0,0,0,0,0,0,0,0,0,0,0,0,0,0,0,0,0
Yes,Landslide at Jhimruk Rural Municipality-8,,other,Landslide,2026-01-12,Lumbini,Pyuthan,Jhimruk,8,,0,0,0,0,0,0,1,1,0,0,0,0,0,0,0,0,0,0,0,0,0
Yes,"Landslide at Tharmare , Sharada Municipality-9",,nepal_police,Landslide,2026-01-01,Karnali,Salyan,Sharada,9,,0,0,0,0,0,0,0,0,0,0,0,0,0,0,0,0,0,0,0,0,0
Yes,"Landslide at Lagim , Banfikot Rural Municipality-6",,other,Landslide,2025-12-28,Karnali,Rukum West,Banphikot,6,,0,0,0,0,0,0,1,0,1,0,0,0,0,0,0,0,0,0,0,0,0
Yes,Landslide at Sunil Smriti Rural Municipality-4,,other,Landslide,2025-12-25,Lumbini,Rolpa,Sunil Smriti,4,,0,0,0,0,0,0,0,0,0,0,0,0,0,0,0,0,0,0,0,0,0
Yes,Landslide at Dharche Rural Municipality-5,,other,Landslide,2025-12-18,Gandaki,Gorkha,Dharche,5,,0,0,0,0,0,0,0,0,0,0,0,0,0,0,0,0,0,0,0,0,0
Yes,Landslide at Mathagadhi Rural Municipality-1,,other,Landslide,2025-12-13,Lumbini,Palpa,Mathagadhi,1,,0,0,0,0,0,0,0,0,0,0,0,0,0,0,0,0,0,0,0,0,0
Yes,Landslide at Rolpa Municipality-10,,other,Landslide,2025-12-13,Lumbini,Rolpa,Rolpa,10,,0,0,0,0,0,0,0,0,0,0,0,0,0,0,0,0,0,0,0,0,0
Yes,Landslide at Pyuthan Municipality-7,,other,Landslide,2025-12-07,Lumbini,Pyuthan,Pyuthan,7,,0,0,0,0,0,0,0,0,0,0,0,0,0,0,0,0,0,0,0,0,0
Yes,Landslide at Dhorpatan Municipality-4,,other,Landslide,2025-12-06,Gandaki,Baglung,Dhorpatan,4,,0,0,0,0,0,0,1,1,0,0,0,0,0,0,0,0,0,0,0,0,0
Yes,Landslide at Katari Municipality-14,,other,Landslide,2025-12-02,Koshi,Udayapur,Katari,14,,0,0,0,0,0,0,0,0,0,0,0,0,0,0,0,0,0,0,0,0,0
Yes,Landslide at Pachaljharana Rural Municipality-6,,other,Landslide,2025-11-26,Karnali,Kalikot,Pachaljharana,6,,0,0,0,0,0,0,1,1,0,0,0,0,0,0,0,0,0,0,0,0,0
Yes,Landslide at Narpa Bhoomi Rural Municipality-3,,other,Landslide,2025-11-20,Gandaki,Manang,Narpa Bhoomi,3,,0,0,0,0,0,0,0,0,0,0,0,0,0,0,0,0,0,0,0,0,0
Yes,"Landslide at Malmul , Ribdikot Rural Municipality-3",,other,Landslide,2025-11-19,Lumbini,Palpa,Ribdikot,3,,0,0,0,0,0,0,0,0,0,0,0,0,0,0,0,0,0,0,0,0,0
Yes,Landslide at Gosaikunda Rural Municipality-4,,other,Landslide,2025-11-14,Bagmati,Rasuwa,Gosaikunda,4,,0,0,0,0,0,0,0,0,0,0,0,0,0,0,0,0,0,0,0,0,0
Yes,Landslide at Pokhara Lekhnath Metropolitan City-26,,other,Landslide,2025-11-01,Gandaki,Kaski,Pokhara,26,,0,0,0,0,1,0,0,0,0,0,0,0,0,0,0,0,0,0,0,0,0
Yes,Landslide at Phidim Municipality-11,,other,Landslide,2025-11-01,Koshi,Panchthar,Phidim,11,,0,0,0,0,0,0,0,0,0,0,0,0,0,0,0,0,0,0,0,0,0
Yes,Landslide at Molung Rural Municipality-1,,other,Landslide,2025-10-31,Koshi,Okhaldhunga,Molung,1,3010000,0,0,0,0,0,0,0,0,0,0,0,0,0,0,0,0,0,0,0,0,0
Yes,Landslide at Dharche Rural Municipality-5,,other,Landslide,2025-10-31,Gandaki,Gorkha,Dharche,5,,0,0,0,0,1,1,0,0,0,0,0,0,0,0,0,0,0,0,0,0,0
Yes,Landslide at Diprung Chuichumma Rural Municipality-4,,other,Landslide,2025-10-31,Koshi,Khotang,Diprung Chuichumma,4,155100,0,0,1,1,0,0,0,0,0,0,0,0,0,0,0,0,0,0,0,0,0
Yes,Landslide at Baragung Muktikhsetra Rural Municipality-3,,other,Landslide,2025-10-30,Gandaki,Mustang,Baragung Muktikhsetra,3,,0,0,0,0,0,12,0,0,0,0,0,0,0,0,0,0,0,0,0,0,0
Yes,Landslide at Nechasalyan Rural Municipality-6,,other,Landslide,2025-10-30,Koshi,Solukhumbu,Nechasalyan,6,,0,0,0,0,0,0,0,0,0,0,0,0,0,0,0,0,0,0,0,0,0
Yes,Landslide at Ainselukhark Rural Municipality-7,,other,Landslide,2025-10-30,Koshi,Khotang,Ainselukhark,7,,0,0,0,0,0,1,0,0,0,0,0,0,0,0,0,0,0,0,0,0,0
Yes,Landslide at Kummayak Rural Municipality-4,,other,Landslide,2025-10-30,Koshi,Panchthar,Kummayak,4,,0,0,0,0,0,0,0,0,0,0,0,0,0,0,0,0,0,0,0,0,0
Yes,Landslide at Chum Nubri Rural Municipality-3,,other,Landslide,2025-10-30,Gandaki,Gorkha,Chum Nubri,3,,0,0,0,0,0,0,0,0,0,0,0,1,0,0,1,0,0,0,0,0,0
Yes,Landslide at Gharapjhong Rural Municipality-4,,other,Landslide,2025-10-30,Gandaki,Mustang,Gharapjhong,4,,0,0,0,0,0,0,0,0,0,0,0,0,0,0,0,0,0,0,0,0,0
Yes,Landslide at Shey Phoksundo Rural Municipality-99,,other,Landslide,2025-10-30,Karnali,Dolpa,Shey Phoksundo,99,,0,0,0,0,0,0,0,0,0,0,0,0,0,0,0,0,1,1,0,0,0
Yes,Landslide at Loghekar Damodarkunda Rural Municipality-5,,other,Landslide,2025-10-29,Gandaki,Mustang,Lo Ghekar Damodarkunda,5,,0,0,0,0,0,0,0,0,0,0,0,0,0,0,0,0,0,0,0,0,0
Yes,Landslide at Baragung Muktikhsetra Rural Municipality-3,,other,Landslide,2025-10-28,Gandaki,Mustang,Baragung Muktikhsetra,3,,0,0,0,0,0,0,0,0,0,0,0,0,0,0,0,0,0,0,0,0,0
Yes,Landslide at Pathibhara Yangwarak Rural Municipality-6,,other,Landslide,2025-10-15,Koshi,Taplejung,Pathibhara Yangwarak,6,,0,0,0,0,0,0,0,0,0,0,0,0,0,0,0,0,0,0,0,0,0
Yes,"Landslide at Chakhola, Bhumlu Rural Municipality-10",,other,Landslide,2025-10-06,Bagmati,Kavrepalanchok,Bhumlu,10,,0,0,0,0,0,0,0,0,0,0,0,0,0,0,0,0,1,1,0,0,0
Yes,"Landslide at chumlung, Sakela Rural Municipality-5",,other,Landslide,2025-10-05,Koshi,Khotang,Sakela,5,,0,0,0,0,1,0,0,0,0,0,0,0,0,0,0,0,0,0,0,0,0
Yes,"Landslide at Rampur, Ramechhap Municipality-5",,other,Landslide,2025-10-05,Bagmati,Ramechhap,Ramechhap,5,,0,0,0,0,0,0,0,0,0,0,0,0,0,0,0,0,0,0,0,0,0
Yes,"Landslide at katai, Sinja Rural Municipality-1",,other,Landslide,2025-10-05,Karnali,Jumla,Sinja,1,,0,0,0,0,0,0,0,0,0,0,0,0,0,0,0,0,0,0,0,0,0
Yes,Landslide at Indrasarowar Rural Municipality-1,,other,Landslide,2025-10-04,Bagmati,Makwanpur,Indrasarowar,1,,0,0,0,0,0,0,0,0,0,0,0,0,0,0,0,0,0,0,0,0,0
Yes,"Landslide at Khadka Gaau , Suryabinayak Municipality-10",,other,Landslide,2025-10-04,Bagmati,Bhaktapur,Suryabinayak,10,,0,0,0,0,0,0,0,0,0,0,0,0,0,0,0,0,0,0,0,0,0
Yes,Landslide at Bagmati Rural Municipality-4,,other,Landslide,2025-10-04,Bagmati,Makwanpur,Bagmati,4,,0,0,0,0,1,0,0,0,0,0,0,0,0,0,0,0,0,0,0,0,0
Yes,Landslide at Gosaikunda Rural Municipality-5,,other,Landslide,2025-10-04,Bagmati,Rasuwa,Gosaikunda,5,,0,0,0,0,0,0,0,0,0,0,0,0,0,0,0,0,0,0,0,0,0
Yes,Landslide at Sunapati Rural Municipality-3,,other,Landslide,2025-10-04,Bagmati,Ramechhap,Sunapati,3,,0,0,0,0,0,0,0,0,0,0,0,0,0,0,0,0,0,0,0,0,0
Yes,Landslide at Suryabinayak Municipality-9,,other,Landslide,2025-10-04,Bagmati,Bhaktapur,Suryabinayak,9,,0,0,0,0,1,0,0,0,0,0,0,0,0,0,0,0,0,0,0,0,0
Yes,Landslide at Changunarayan Municipality-4,,other,Landslide,2025-10-04,Bagmati,Bhaktapur,Changunarayan,4,,0,0,0,0,0,0,0,0,0,0,0,0,0,0,0,0,0,0,0,0,0
Yes,Landslide at Chainpur Municipality-3,,other,Landslide,2025-10-04,Koshi,Sankhuwasabha,Chainpur,3,,0,0,0,0,0,0,0,0,0,0,0,0,0,0,0,0,0,0,0,0,0
Yes,Landslide at Pakhribas Municipality-4,,other,Landslide,2025-10-04,Koshi,Dhankuta,Pakhribas,4,,0,0,0,0,0,1,0,0,0,0,0,0,0,0,0,0,0,0,0,0,0
Yes,Landslide at Mahalaxmi Municipality-7,,other,Landslide,2025-10-04,Koshi,Dhankuta,Mahalaxmi,7,,0,0,0,0,0,0,0,0,0,0,0,0,0,0,0,0,0,0,0,0,0
Yes,Landslide at Ramprasad Rai Rural Municipality-3,,other,Landslide,2025-10-04,Koshi,Bhojpur,Ramprasadrai,3,20000,0,0,0,0,0,1,0,0,0,0,0,0,0,0,0,0,0,0,0,0,0
Yes,Landslide at Chaubise Rural Municipality-2,,other,Landslide,2025-10-04,Koshi,Dhankuta,Chaubise,2,,0,0,1,1,0,0,0,0,0,0,0,0,0,0,0,0,0,0,0,0,0
Yes,Landslide at Sangurigadhi Rural Municipality-9,,other,Landslide,2025-10-04,Koshi,Dhankuta,Sangurigadhi,9,,0,0,1,1,0,0,0,0,0,0,0,0,0,0,0,0,0,0,0,0,0
Yes,Landslide at Chhathar Jorpati Rural Municipality-2,,other,Landslide,2025-10-04,Koshi,Dhankuta,Chhathar Jorpati,2,,0,0,1,1,0,0,0,0,0,0,0,0,0,0,0,0,0,0,0,0,0
Yes,Landslide at Roshi Rural Municipality-11,,other,Landslide,2025-10-04,Bagmati,Kavrepalanchok,Roshi,11,,0,0,0,0,0,0,1,0,1,0,0,0,0,0,0,0,0,0,0,0,0
Yes,Landslide at Manebhanjyang Rural Municipality-5,,other,Landslide,2025-10-04,Koshi,Okhaldhunga,Manebhanjyang,5,,0,0,0,0,0,1,0,0,0,0,0,0,0,0,0,0,0,0,0,0,0
Yes,Landslide at Solududhakunda Municipality-3,,other,Landslide,2025-10-04,Koshi,Solukhumbu,Solududhkunda,3,,0,0,1,1,0,5,0,0,0,0,0,0,0,0,0,0,0,0,0,0,0
Yes,"Landslide at Belahara , Dhankuta Municipality-9",,other,Landslide,2025-10-04,Koshi,Dhankuta,Dhankuta,9,,0,0,0,0,0,1,0,0,0,0,0,0,0,0,0,0,0,0,0,0,0
Yes,Landslide at Biratnagar Metropolitan City-16,,other,Landslide,2025-10-04,Koshi,Morang,Biratnagar,16,,0,0,0,0,0,0,1,0,1,0,0,0,0,0,0,0,0,0,0,0,0
Yes,Landslide at Tumbewa Rural Municipality-4,,other,Landslide,2025-10-04,Koshi,Panchthar,Tumbewa,4,,0,0,0,0,0,0,1,0,0,1,0,0,0,0,0,0,0,0,0,0,0
Yes,"Landslide at Bhalukhola, Airawati Rural Municipality-1",,other,Landslide,2025-10-04,Lumbini,Pyuthan,Airawati,1,300000,0,0,1,1,0,0,0,0,0,0,0,0,0,0,0,0,0,0,0,0,0
Yes,"Landslide at Manedanda, Pauwadungma Rural Municipality-4",,other,Landslide,2025-10-04,Koshi,Bhojpur,Pauwadungma,4,50000,0,0,0,0,1,0,0,0,0,0,0,0,0,0,0,0,0,0,0,0,0
Yes,Landslide at Sandakpur Rural Municipality-5,,other,Landslide,2025-10-04,Koshi,Ilam,Sandakpur,5,,0,0,12,12,0,0,1,1,0,0,0,0,0,0,0,0,0,0,0,0,0
Yes,"Landslide at Lamidanda, Lisangkhu Pakhar Rural Municipality-6",,other,Landslide,2025-10-03,Bagmati,Sindhupalchok,Lisangkhu Pakhar,6,,0,0,0,0,0,0,0,0,0,0,0,0,0,0,0,0,0,0,0,0,0
Yes,"Landslide at Gajuli, Sunkoshi Rural Municipality-1",,other,Landslide,2025-10-03,Bagmati,Sindhuli,Sunkoshi,1,,0,0,0,0,0,0,0,0,0,0,0,0,0,0,0,0,0,0,0,0,0
Yes,Landslide at Deumai Municipality-5,,other,Landslide,2025-10-03,Koshi,Ilam,Deumai,5,,0,0,2,2,0,0,4,2,2,0,0,0,0,0,0,0,0,0,0,0,0
Yes,"Landslide at Patigau, Mangsebung Rural Municipality-1",,other,Landslide,2025-10-03,Koshi,Ilam,Mangsebung,1,,0,0,12,12,9,0,2,0,2,0,0,0,0,0,0,0,4,3,1,0,0
Yes,Landslide at Fakphokthum Rural Municipality-1,,other,Landslide,2025-10-03,Koshi,Ilam,Phakphokthum,1,,0,0,28,28,20,0,1,1,0,0,0,0,0,0,0,0,0,0,0,0,0
Yes,Landslide at Illam Municipality-6,,other,Landslide,2025-10-03,Koshi,Ilam,Ilam,6,,0,0,1,1,0,0,0,0,0,0,0,1,0,0,1,0,5,3,2,0,0
Yes,Landslide at Illam Municipality-5,,other,Landslide,2025-10-03,Koshi,Ilam,Ilam,5,,0,0,0,0,0,0,4,3,1,0,0,0,0,0,0,0,1,1,0,0,0
Yes,"Landslide at Manebhanjyang, Suryodaya Municipality-1",,other,Landslide,2025-10-03,Koshi,Ilam,Suryodaya,1,,0,0,1,1,0,0,3,1,2,0,0,0,0,0,0,0,0,0,0,0,0
Yes,Landslide at Deumai Municipality-3,,other,Landslide,2025-10-03,Koshi,Ilam,Deumai,3,,0,0,38,38,111,0,1,1,0,0,0,0,0,0,0,0,1,1,0,0,0
Yes,Landslide at Maijogmai Rural Municipality-6,,other,Landslide,2025-10-03,Koshi,Ilam,Maijogmai,6,,0,0,1,1,0,0,1,1,0,0,0,0,0,0,0,0,0,0,0,0,0
Yes,Landslide at Maijogmai Rural Municipality-3,,other,Landslide,2025-10-03,Koshi,Ilam,Maijogmai,3,,0,0,1,1,0,0,4,2,2,0,0,0,0,0,0,0,0,0,0,0,0
Yes,Landslide at Sandakpur Rural Municipality-1,,other,Landslide,2025-10-03,Koshi,Ilam,Sandakpur,1,,0,0,30,30,75,0,6,2,4,0,0,0,0,0,0,0,6,2,4,0,0
Yes,Landslide at Dhulikhel Municipality-9,,other,Landslide,2025-10-03,Bagmati,Kavrepalanchok,Dhulikhel,9,,0,0,1,1,0,0,0,0,0,0,0,0,0,0,0,0,0,0,0,0,0
Yes,Landslide at Dhulikhel Municipality-11,,other,Landslide,2025-10-03,Bagmati,Kavrepalanchok,Dhulikhel,11,,0,0,1,1,0,0,0,0,0,0,0,0,0,0,0,0,0,0,0,0,0
Yes,Landslide at Kageshwori Manahora Municipality-9,,other,Landslide,2025-10-03,Bagmati,Kathmandu,Kageshwori Manahora,9,,0,0,0,0,0,0,0,0,0,0,0,0,0,0,0,0,0,0,0,0,0
Yes,Landslide at Illam Municipality-10,,other,Landslide,2025-10-03,Koshi,Ilam,Ilam,10,,0,0,97,97,263,0,1,1,0,0,0,0,0,0,0,0,0,0,0,0,0
Yes,"Landslide at Laxmibote, Suryodaya Municipality-3",,other,Landslide,2025-10-03,Koshi,Ilam,Suryodaya,3,,0,0,52,52,194,0,0,0,0,0,0,0,0,0,0,0,1,1,0,0,0
Yes,Landslide at Maijogmai Rural Municipality-6,,other,Landslide,2025-10-03,Koshi,Ilam,Maijogmai,6,,0,0,45,45,80,0,0,0,0,0,0,0,0,0,0,0,1,1,0,0,0
Yes,"Landslide at damaiti, Triyuga Municipality-5",,other,Landslide,2025-10-03,Koshi,Udayapur,Triyuga,5,,0,0,1,1,0,0,1,0,0,1,0,0,0,0,0,0,0,0,0,0,0
Yes,"Landslide at Jaubari, Falgunanda Rural Municipality-5",,other,Landslide,2025-10-03,Koshi,Panchthar,Falgunanda,5,,0,0,0,0,0,0,0,0,0,0,0,0,0,0,0,0,1,1,0,0,0
Yes,"Landslide at Solumba, Miklajung Rural Municipality-3",,other,Landslide,2025-10-03,Koshi,Panchthar,Miklajung,3,,0,0,1,1,0,0,0,0,0,0,0,0,0,0,0,0,1,0,1,0,0
Yes,"Landslide at Alubari, Falgunanda Rural Municipality-1",,other,Landslide,2025-10-03,Koshi,Panchthar,Falgunanda,1,,0,0,1,1,0,0,0,0,0,0,0,0,0,0,0,0,1,0,0,1,0
Yes,Landslide at Mai Municipality-2,,other,Landslide,2025-10-03,Koshi,Ilam,Mai,2,,0,0,12,12,76,0,0,0,0,0,0,0,0,0,0,0,0,0,0,0,0
Yes,"Landslide at Gatlang , Aamachhodingmo Rural Municipality-5",,other,Landslide,2025-10-01,Bagmati,Rasuwa,Aamachhodingmo,5,,0,0,0,0,0,0,0,0,0,0,0,0,0,0,0,0,0,0,0,0,0
Yes,"Landslide at Kandabagar, Bhume Rural Municipality-4",,other,Landslide,2025-09-30,Lumbini,Rukum East,Bhume,4,,0,0,0,0,0,0,0,0,0,0,0,0,0,0,0,0,0,0,0,0,0
Yes,"Landslide at Kandabagar , Bhume Rural Municipality-4",,other,Landslide,2025-09-29,Lumbini,Rukum East,Bhume,4,,0,0,0,0,0,0,0,0,0,0,0,0,0,0,0,0,0,0,0,0,0
Yes,"Landslide at Beni Darwang Road Section , Beni Municipality-4",,other,Landslide,2025-09-28,Gandaki,Myagdi,Beni,4,,0,0,0,0,0,0,0,0,0,0,0,0,0,0,0,0,0,0,0,0,0
Yes,Landslide at Sunkoshi Rural Municipality-7,,other,Landslide,2025-09-27,Bagmati,Sindhupalchok,Sunkoshi,7,,0,0,0,0,0,0,0,0,0,0,0,0,0,0,0,0,0,0,0,0,0
Yes,Landslide at Birendranagar Municipality-13,,other,Landslide,2025-09-27,Karnali,Surkhet,Birendranagar,13,,0,0,0,0,0,0,0,0,0,0,0,0,0,0,0,0,0,0,0,0,0
Yes,Landslide at Purbichauki Rural Municipality-2,,other,Landslide,2025-09-27,Sudurpashchim,Doti,Purbichauki,2,,0,0,0,0,0,0,0,0,0,0,0,1,0,0,1,0,1,0,1,0,0
Yes,Landslide at Chaurjahari Municipality-9,,other,Landslide,2025-09-26,Karnali,Rukum West,Chaurjahari,9,,0,0,0,0,1,0,0,0,0,0,0,0,0,0,0,0,0,0,0,0,0
Yes,Landslide at Benighat Rorang Rural Municipality-10,,other,Landslide,2025-09-25,Bagmati,Dhading,Benighat Rorang,10,,0,0,0,0,0,0,0,0,0,0,0,0,0,0,0,0,0,0,0,0,0
Yes,Landslide at Tulsipur Submetropolitan City-18,,other,Landslide,2025-09-24,Lumbini,Dang,Tulsipur,18,300000,0,0,1,1,0,0,0,0,0,0,0,0,0,0,0,0,0,0,0,0,0
Yes,Landslide at Rolpa Municipality-10,,other,Landslide,2025-09-24,Lumbini,Rolpa,Rolpa,10,,0,0,0,0,0,2,0,0,0,0,0,0,0,0,0,0,0,0,0,0,0
Yes,"Landslide at Jalbire , Balefi Rural Municipality-1",,other,Landslide,2025-09-23,Bagmati,Sindhupalchok,Balephi,1,,0,0,0,0,0,0,0,0,0,0,0,2,0,0,2,0,0,0,0,0,0
Yes,Landslide at Benighat Rorang Rural Municipality-10,,other,Landslide,2025-09-23,Bagmati,Dhading,Benighat Rorang,10,,0,0,0,0,0,0,0,0,0,0,0,0,0,0,0,0,0,0,0,0,0
Yes,Landslide at Ichchhyakamana Rural Municipality-4,,other,Landslide,2025-09-23,Bagmati,Chitwan,Ichchhakamana,4,,0,0,0,0,0,0,0,0,0,0,0,0,0,0,0,0,0,0,0,0,0
Yes,"Landslide at Goganpani , Aandhikhola Rural Municipality-5",,other,Landslide,2025-09-22,Gandaki,Syangja,Aandhikhola,5,,0,0,0,0,0,0,0,0,0,0,0,0,0,0,0,0,0,0,0,0,0
Yes,Landslide at Changunarayan Municipality-4,,other,Landslide,2025-09-22,Bagmati,Bhaktapur,Changunarayan,4,,0,0,0,0,0,0,0,0,0,0,0,0,0,0,0,0,1,1,0,0,0
Yes,Landslide at Phaktanglung Rural Municipality-6,,other,Landslide,2025-09-22,Koshi,Taplejung,Phaktanglung,6,,0,0,0,0,1,0,0,0,0,0,0,0,0,0,0,0,0,0,0,0,0
Yes,"Landslide at Mokten , Dhankuta Municipality-2",,other,Landslide,2025-09-21,Koshi,Dhankuta,Dhankuta,2,,0,0,1,1,0,0,0,0,0,0,0,0,0,0,0,0,0,0,0,0,0
Yes,"Landslide at Sisne Khola , Banfikot Rural Municipality-6",,other,Landslide,2025-09-21,Karnali,Rukum West,Banphikot,6,,0,0,0,0,0,0,0,0,0,0,0,0,0,0,0,0,0,0,0,0,0
Yes,Landslide at Shankharapur Municipality-8,,other,Landslide,2025-09-20,Bagmati,Kathmandu,Shankharapur,8,,0,0,0,0,0,0,0,0,0,0,0,0,0,0,0,0,1,1,0,0,0
Yes,Landslide at Ichchhyakamana Rural Municipality-5,,other,Landslide,2025-09-20,Bagmati,Chitwan,Ichchhakamana,5,,0,0,0,0,0,0,0,0,0,0,0,0,0,0,0,0,0,0,0,0,0
Yes,Landslide at Gosaikunda Rural Municipality-3,,other,Landslide,2025-09-20,Bagmati,Rasuwa,Gosaikunda,3,,0,0,0,0,0,0,0,0,0,0,0,0,0,0,0,0,0,0,0,0,0
Yes,Landslide at Rainadevi Chhahara Rural Municipality-8,,other,Landslide,2025-09-20,Lumbini,Palpa,Rainadevi Chhahara,8,,0,0,0,0,0,0,0,0,0,0,0,0,0,0,0,0,0,0,0,0,0
Yes,Landslide at Purbakhola Rural Municipality-3,,other,Landslide,2025-09-19,Lumbini,Palpa,Purbakhola,3,85000,0,0,0,0,0,0,0,0,0,0,0,0,0,0,0,0,0,0,0,0,0
Yes,Landslide at Nechasalyan Rural Municipality-6,,other,Landslide,2025-09-19,Koshi,Solukhumbu,Nechasalyan,6,,0,0,0,0,0,0,0,0,0,0,0,0,0,0,0,0,0,0,0,0,0
Yes,Landslide at Meringden Rural Municipality-5,,other,Landslide,2025-09-19,Koshi,Taplejung,Meringden,5,,0,0,0,0,0,0,0,0,0,0,0,0,0,0,0,0,0,0,0,0,0
Yes,Landslide at Siddhicharan Municipality-7,,other,Landslide,2025-09-19,Koshi,Okhaldhunga,Siddhicharan,7,200000,0,0,0,0,0,0,0,0,0,0,0,0,0,0,0,0,0,0,0,0,0
Yes,"Landslide at Harikaun , Budhiganga Municipality-1",,other,Landslide,2025-09-18,Sudurpashchim,Bajura,Budhiganga,1,,0,0,0,0,1,0,0,0,0,0,0,0,0,0,0,0,2,0,0,2,0
Yes,"Landslide at Nayakharka , Marsyangdi Rural Municipality-7",,other,Landslide,2025-09-18,Gandaki,Lamjung,Marsyangdi,7,,0,0,0,0,0,0,0,0,0,0,0,0,0,0,0,0,0,0,0,0,0
Yes,Landslide at Ichchhyakamana Rural Municipality-5,,other,Landslide,2025-09-17,Bagmati,Chitwan,Ichchhakamana,5,,0,0,0,0,0,0,0,0,0,0,0,0,0,0,0,0,0,0,0,0,0
Yes,Landslide at Maiwakhola Rural Municipality-6,,other,Landslide,2025-09-17,Koshi,Taplejung,Maiwakhola,6,,0,0,0,0,0,0,0,0,0,0,0,0,0,0,0,0,0,0,0,0,0
Yes,"Landslide at Siureni , Belkotgadhi Municipality-9",,other,Landslide,2025-09-17,Bagmati,Nuwakot,Belkotgadhi,9,300000,0,0,0,0,0,0,0,0,0,0,0,0,0,0,0,0,0,0,0,0,0
Yes,"Landslide at Dhitung , Halesi Tuwachung Municipality-8",,other,Landslide,2025-09-16,Koshi,Khotang,Halesi Tuwachung,8,200000,0,0,1,1,0,0,0,0,0,0,0,0,0,0,0,0,0,0,0,0,0
Yes,Landslide at Banfikot Rural Municipality-10,,other,Landslide,2025-09-16,Karnali,Rukum West,Banphikot,10,,0,0,0,0,1,0,0,0,0,0,0,0,0,0,0,0,0,0,0,0,0
Yes,Landslide at Shuklagandaki Municipality-7,,other,Landslide,2025-09-16,Gandaki,Tanahu,Shuklagandaki,7,,0,0,0,0,0,7,0,0,0,0,0,0,0,0,0,0,0,0,0,0,0
Yes,Landslide at Annapurna Rural Municipality-4,,other,Landslide,2025-09-16,Gandaki,Myagdi,Annapurna,4,,0,0,0,0,0,0,0,0,0,0,0,0,0,0,0,0,1,1,0,0,0
Yes,Landslide at Rambha Rural Municipality-1,,other,Landslide,2025-09-16,Lumbini,Palpa,Rambha,1,,0,0,0,0,0,0,0,0,0,0,0,0,0,0,0,0,0,0,0,0,0
Yes,"Landslide at Namsi Bridge , Ichchhyakamana Rural Municipality-6",,other,Landslide,2025-09-15,Bagmati,Chitwan,Ichchhakamana,6,,0,0,0,0,0,0,1,0,1,0,0,0,0,0,0,0,0,0,0,0,0
Yes,Landslide at Ichchhyakamana Rural Municipality-5,,other,Landslide,2025-09-15,Bagmati,Chitwan,Ichchhakamana,5,,0,0,0,0,0,0,0,0,0,0,0,0,0,0,0,0,0,0,0,0,0
Yes,Landslide at Falelung Rural Municipality-3,,other,Landslide,2025-09-15,Koshi,Panchthar,Falelung,3,,0,0,0,0,0,0,0,0,0,0,0,0,0,0,0,0,0,0,0,0,0
Yes,Landslide at Kushma Municipality-10,,other,Landslide,2025-09-15,Gandaki,Parbat,Kushma,10,,0,0,0,0,0,0,0,0,0,0,0,0,0,0,0,0,0,0,0,0,0
Yes,Landslide at Musikot Municipality-3,,other,Landslide,2025-09-15,Karnali,Rukum West,Musikot,3,,0,0,0,0,0,0,0,0,0,0,0,0,0,0,0,0,0,0,0,0,0
Yes,"Landslide at Thuladihi , Putalibazar Municipality-7",,other,Landslide,2025-09-14,Gandaki,Syangja,Putalibazar,7,,0,0,0,0,0,0,0,0,0,0,0,0,0,0,0,0,0,0,0,0,0
Yes,Landslide at Rampur Municipality-10,,other,Landslide,2025-09-14,Lumbini,Palpa,Rampur,10,,0,0,0,0,0,0,0,0,0,0,0,0,0,0,0,0,0,0,0,0,0
Yes,Landslide at Rainadevi Chhahara Rural Municipality-7,,other,Landslide,2025-09-14,Lumbini,Palpa,Rainadevi Chhahara,7,,0,0,0,0,0,0,0,0,0,0,0,0,0,0,0,0,0,0,0,0,0
Yes,"Landslide at Soryang , Arun Rural Municipality-2",,other,Landslide,2025-09-14,Koshi,Bhojpur,Arun,2,,0,0,0,0,0,0,0,0,0,0,0,0,0,0,0,0,0,0,0,0,0
Yes,"Landslide at Pashupatinath Temple , Bhojpur Municipality-11",,other,Landslide,2025-09-14,Koshi,Bhojpur,Bhojpur,11,,0,0,0,0,0,0,0,0,0,0,0,0,0,0,0,0,0,0,0,0,0
Yes,Landslide at Phidim Municipality-11,,other,Landslide,2025-09-14,Koshi,Panchthar,Phidim,11,,0,0,1,1,0,0,0,0,0,0,0,0,0,0,0,0,0,0,0,0,0
Yes,Landslide at Falelung Rural Municipality-5,,other,Landslide,2025-09-14,Koshi,Panchthar,Falelung,5,,0,0,0,0,0,0,0,0,0,0,0,0,0,0,0,0,0,0,0,0,0
Yes,Landslide at Phidim Municipality-13,,other,Landslide,2025-09-14,Koshi,Panchthar,Phidim,13,,0,0,0,0,0,0,0,0,0,0,0,0,0,0,0,0,0,0,0,0,0
Yes,Landslide at Phaktanglung Rural Municipality-6,,other,Landslide,2025-09-13,Koshi,Taplejung,Phaktanglung,6,,0,0,0,0,1,0,0,0,0,0,0,0,0,0,0,0,0,0,0,0,0
Yes,"Landslide at Lekhai , Tyamkemaiyung Rural Municipality-9",,other,Landslide,2025-09-13,Koshi,Bhojpur,Temkemaiyung,9,,0,0,1,1,0,0,0,0,0,0,0,0,0,0,0,0,0,0,0,0,0
Yes,"Landslide at Chaukidanda , Bhojpur Municipality-11",,other,Landslide,2025-09-13,Koshi,Bhojpur,Bhojpur,11,,0,0,0,0,0,0,0,0,0,0,0,0,0,0,0,0,0,0,0,0,0
Yes,Landslide at Phaktanglung Rural Municipality-6,,other,Landslide,2025-09-13,Koshi,Taplejung,Phaktanglung,6,,0,0,0,0,1,0,0,0,0,0,0,0,0,0,0,0,0,0,0,0,0
Yes,"Landslide at Archale , Yangwarak Rural Municipality-6",,other,Landslide,2025-09-13,Koshi,Panchthar,Yangwarak,6,,0,0,0,0,0,0,0,0,0,0,0,0,0,0,0,0,0,0,0,0,0
Yes,"Landslide at Sigana , Baglung Municipality-8",,other,Landslide,2025-09-13,Gandaki,Baglung,Baglung,8,,0,0,0,0,0,1,0,0,0,0,0,0,0,0,0,0,0,0,0,0,0
Yes,"Landslide at Under Kateri , Kuse Rural Municipality-7",,other,Landslide,2025-09-13,Karnali,Jajarkot,Kushe,7,,0,0,0,0,0,0,0,0,0,0,0,0,0,0,0,0,0,0,0,0,0
Yes,Landslide at Halesi Tuwachung Municipality-11,,other,Landslide,2025-09-13,Koshi,Khotang,Halesi Tuwachung,11,500000,0,0,0,0,2,0,0,0,0,0,0,0,0,0,0,0,0,0,0,0,0
Yes,Landslide at Bigu Rural Municipality-1,,other,Landslide,2025-09-11,Bagmati,Dolakha,Bigu,1,,0,0,1,1,1,0,0,0,0,0,0,0,0,0,0,0,0,0,0,0,0
Yes,Landslide at Banfikot Rural Municipality-8,,other,Landslide,2025-09-11,Karnali,Rukum West,Banphikot,8,,0,0,0,0,1,3,0,0,0,0,0,0,0,0,0,0,0,0,0,0,0
Yes,Landslide at Maiwakhola Rural Municipality-5,,other,Landslide,2025-09-10,Koshi,Taplejung,Maiwakhola,5,,0,0,1,1,0,0,0,0,0,0,0,0,0,0,0,0,0,0,0,0,0
Yes,Landslide at Ghorahi Submetropolitan City-5,,other,Landslide,2025-09-10,Lumbini,Dang,Ghorahi,5,500000,0,0,1,1,0,0,0,0,0,0,0,0,0,0,0,0,0,0,0,0,0
Yes,Landslide at Maiwakhola Rural Municipality-6,,other,Landslide,2025-09-09,Koshi,Taplejung,Maiwakhola,6,,0,0,0,0,0,3,1,0,1,0,0,0,0,0,0,0,3,0,0,3,0
Yes,Landslide at Sotang Rural Municipality-1,,other,Landslide,2025-09-09,Koshi,Solukhumbu,Sotang,1,,0,0,1,1,0,0,0,0,0,0,0,0,0,0,0,0,0,0,0,0,0
Yes,Landslide at Sani Bheri Rural Municipality-11,,other,Landslide,2025-09-06,Karnali,Rukum West,Sanibheri,11,,0,0,0,0,0,0,0,0,0,0,0,0,0,0,0,0,0,0,0,0,0
Yes,"Landslide at Nagthan, Kakani Rural Municipality-1",,other,Landslide,2025-09-06,Bagmati,Nuwakot,Kakani,1,,0,0,0,0,0,0,0,0,0,0,0,0,0,0,0,0,1,1,0,0,0
Yes,Landslide at Surnaya Rural Municipality-5,,other,Landslide,2025-09-05,Sudurpashchim,Baitadi,Surnaya,5,,0,0,0,0,1,0,0,0,0,0,0,0,0,0,0,0,0,0,0,0,0
Yes,Landslide at Banfikot Rural Municipality-6,,other,Landslide,2025-09-05,Karnali,Rukum West,Banphikot,6,,0,0,0,0,0,0,0,0,0,0,0,0,0,0,0,0,0,0,0,0,0
Yes,"Landslide at Tinpiple , Kageshwori Manahora Municipality-9",,other,Landslide,2025-09-04,Bagmati,Kathmandu,Kageshwori Manahora,9,,0,0,0,0,0,0,0,0,0,0,0,0,0,0,0,0,1,1,0,0,0
Yes,Landslide at Sukidaha Rural Municipality-5,,other,Landslide,2025-09-04,Lumbini,Rolpa,Sukidaha,5,,0,0,0,0,0,0,0,0,0,0,0,0,0,0,0,0,0,0,0,0,0
Yes,Landslide at Phidim Municipality-11,,other,Landslide,2025-09-03,Koshi,Panchthar,Phidim,11,,0,0,0,0,0,0,0,0,0,0,0,0,0,0,0,0,1,1,0,0,0
Yes,Landslide at Musikot Municipality-4,,other,Landslide,2025-09-03,Karnali,Rukum West,Musikot,4,,0,0,0,0,0,0,0,0,0,0,0,0,0,0,0,0,0,0,0,0,0
Yes,Landslide at Bhume Rural Municipality-4,,other,Landslide,2025-09-03,Lumbini,Rukum East,Bhume,4,,0,0,0,0,0,0,0,0,0,0,0,0,0,0,0,0,0,0,0,0,0
Yes,"Landslide at Ramala , Surnaya Rural Municipality-5",,other,Landslide,2025-09-02,Sudurpashchim,Baitadi,Surnaya,5,,0,0,0,0,0,0,0,0,0,0,0,0,0,0,0,0,0,0,0,0,0
Yes,"Landslide at Pokhare, Barahtal Rural Municipality-8",,other,Landslide,2025-09-02,Karnali,Surkhet,Barahtal,8,,0,0,0,0,0,0,1,0,1,0,0,0,0,0,0,0,0,0,0,0,0
Yes,Landslide at Sharada Municipality-9,,other,Landslide,2025-09-01,Karnali,Salyan,Sharada,9,60000,0,0,0,0,0,0,0,0,0,0,0,0,0,0,0,0,0,0,0,0,0
Yes,Landslide at Surnaya Rural Municipality-5,,other,Landslide,2025-09-01,Sudurpashchim,Baitadi,Surnaya,5,,0,0,0,0,0,0,0,0,0,0,0,0,0,0,0,0,0,0,0,0,0
Yes,Landslide at Banfikot Rural Municipality-6,,other,Landslide,2025-09-01,Karnali,Rukum West,Banphikot,6,,0,0,0,0,0,0,0,0,0,0,0,0,0,0,0,0,0,0,0,0,0
Yes,Landslide at Suryagadhi Rural Municipality-4,,other,Landslide,2025-09-01,Bagmati,Nuwakot,Suryagadhi,4,,0,0,0,0,0,0,0,0,0,0,0,0,0,0,0,0,0,0,0,0,0
Yes,Landslide at Surnaya Rural Municipality-5,,other,Landslide,2025-09-01,Sudurpashchim,Baitadi,Surnaya,5,,0,0,0,0,1,0,0,0,0,0,0,0,0,0,0,0,0,0,0,0,0
Yes,"Landslide at Gaura Gaau , Banfikot Rural Municipality-4",,other,Landslide,2025-09-01,Karnali,Rukum West,Banphikot,4,,0,0,1,1,0,0,0,0,0,0,0,0,0,0,0,0,0,0,0,0,0
Yes,Landslide at Banfikot Rural Municipality-6,,other,Landslide,2025-09-01,Karnali,Rukum West,Banphikot,6,,0,0,0,0,0,0,0,0,0,0,0,0,0,0,0,0,0,0,0,0,0
Yes,Landslide at Banfikot Rural Municipality-6,,other,Landslide,2025-09-01,Karnali,Rukum West,Banphikot,6,,0,0,0,0,0,0,0,0,0,0,0,0,0,0,0,0,0,0,0,0,0
Yes,"Landslide at Tempo , Phaktanglung Rural Municipality-6",,other,Landslide,2025-08-31,Koshi,Taplejung,Phaktanglung,6,,0,0,0,0,0,0,0,0,0,0,0,0,0,0,0,0,0,0,0,0,0
Yes,Landslide at Tribeni Rural Municipality-7,,other,Landslide,2025-08-31,Karnali,Rukum West,Triveni,7,,0,0,0,0,0,0,0,0,0,0,0,0,0,0,0,0,0,0,0,0,0
Yes,Landslide at Musikot Municipality-11,,other,Landslide,2025-08-31,Karnali,Rukum West,Musikot,11,,0,0,0,0,0,0,0,0,0,0,0,0,0,0,0,0,0,0,0,0,0
Yes,Landslide at Musikot Municipality-5,,other,Landslide,2025-08-31,Lumbini,Gulmi,Musikot,5,,0,0,0,0,0,0,0,0,0,0,0,0,0,0,0,0,0,0,0,0,0
Yes,Landslide at Jugal Rural Municipality-2,,other,Landslide,2025-08-31,Bagmati,Sindhupalchok,Jugal,2,10000,0,0,0,0,1,0,0,0,0,0,0,0,0,0,0,0,0,0,0,0,0
Yes,Landslide at Balefi Rural Municipality-1,,other,Landslide,2025-08-31,Bagmati,Sindhupalchok,Balephi,1,500000,0,0,0,0,0,0,0,0,0,0,0,0,0,0,0,0,0,0,0,0,0
Yes,Landslide at Musikot Municipality-13,,other,Landslide,2025-08-31,Karnali,Rukum West,Musikot,13,,0,0,0,0,0,0,0,0,0,0,0,0,0,0,0,0,0,0,0,0,0
Yes,"Landslide at Dhadtole , Kuse Rural Municipality-7",,other,Landslide,2025-08-30,Karnali,Jajarkot,Kushe,7,,0,0,0,0,0,0,0,0,0,0,0,0,0,0,0,0,0,0,0,0,0
Yes,Landslide at Putha Uttarganga Rural Municipality-4,,other,Landslide,2025-08-30,Lumbini,Rukum East,Putha Uttarganga,4,,0,0,0,0,0,0,0,0,0,0,0,0,0,0,0,0,0,0,0,0,0
Yes,Landslide at Lekam Rural Municipality-6,,other,Landslide,2025-08-30,Sudurpashchim,Darchula,Lekam,6,,0,0,0,0,0,2,0,0,0,0,0,0,0,0,0,0,0,0,0,0,0
Yes,Landslide at Tamakoshi Rural Municipality-7,,other,Landslide,2025-08-30,Bagmati,Dolakha,Tamakoshi,7,,0,0,0,0,0,1,0,0,0,0,0,0,0,0,0,0,0,0,0,0,0
Yes,Landslide at Sisne Rural Municipality-8,,other,Landslide,2025-08-30,Lumbini,Rukum East,Sisne,8,15000,0,0,0,0,0,0,0,0,0,0,0,0,0,0,0,0,0,0,0,0,0
Yes,Landslide at Kageshwori Manahora Municipality-9,,other,Landslide,2025-08-30,Bagmati,Kathmandu,Kageshwori Manahora,9,,0,0,0,0,1,0,0,0,0,0,0,0,0,0,0,0,0,0,0,0,0
Yes,Landslide at Surnaya Rural Municipality-5,,other,Landslide,2025-08-30,Sudurpashchim,Baitadi,Surnaya,5,,0,0,1,1,0,13,0,0,0,0,0,0,0,0,0,0,1,0,0,1,0
Yes,Landslide at Gosaikunda Rural Municipality-4,,other,Landslide,2025-08-30,Bagmati,Rasuwa,Gosaikunda,4,,0,0,0,0,0,0,0,0,0,0,0,0,0,0,0,0,1,1,0,0,0
Yes,Landslide at Jugal Rural Municipality-2,,other,Landslide,2025-08-30,Bagmati,Sindhupalchok,Jugal,2,,0,0,0,0,1,2,0,0,0,0,0,0,0,0,0,0,0,0,0,0,0
Yes,Landslide at Kuse Rural Municipality-7,,other,Landslide,2025-08-30,Karnali,Jajarkot,Kushe,7,,0,0,1,1,0,0,0,0,0,0,0,0,0,0,0,0,0,0,0,0,0
Yes,Landslide at Aathbiskot Municipality-12,,other,Landslide,2025-08-30,Karnali,Rukum West,Aathbiskot,12,,0,0,0,0,0,3,0,0,0,0,0,0,0,0,0,0,0,0,0,0,0
Yes,Landslide at Gosaikunda Rural Municipality-4,,other,Landslide,2025-08-30,Bagmati,Rasuwa,Gosaikunda,4,,0,0,0,0,0,0,0,0,0,0,0,0,0,0,0,0,0,0,0,0,0
Yes,Landslide at Kuse Rural Municipality-7,,other,Landslide,2025-08-30,Karnali,Jajarkot,Kushe,7,,0,0,0,0,1,0,0,0,0,0,0,0,0,0,0,0,0,0,0,0,0
Yes,Landslide at Rolpa Municipality-10,,other,Landslide,2025-08-30,Lumbini,Rolpa,Rolpa,10,,0,0,1,1,0,0,0,0,0,0,0,0,0,0,0,0,0,0,0,0,0
Yes,"Landslide at Chhing Taligaau , Banfikot Rural Municipality-6",,other,Landslide,2025-08-30,Karnali,Rukum West,Banphikot,6,,0,0,0,0,0,2,1,0,1,0,0,0,0,0,0,0,0,0,0,0,0
Yes,Landslide at Chaurjahari Municipality-14,,other,Landslide,2025-08-30,Karnali,Rukum West,Chaurjahari,14,,0,0,0,0,0,1,0,0,0,0,0,0,0,0,0,0,0,0,0,0,0
Yes,Landslide at Chhathar Jorpati Rural Municipality-2,,other,Landslide,2025-08-30,Koshi,Dhankuta,Chhathar Jorpati,2,,0,0,3,3,1,0,0,0,0,0,0,0,0,0,0,0,0,0,0,0,0
Yes,"Landslide at Sahajpur, Phaktanglung Rural Municipality-6",,other,Landslide,2025-08-30,Koshi,Taplejung,Phaktanglung,6,,0,0,0,0,0,0,0,0,0,0,0,0,0,0,0,0,0,0,0,0,0
Yes,"Landslide at Sahare, Sani Bheri Rural Municipality-7",,other,Landslide,2025-08-30,Karnali,Rukum West,Sanibheri,7,,0,0,0,0,0,0,0,0,0,0,0,0,0,0,0,0,0,0,0,0,0
Yes,"Landslide at Hukma , Sirijangha Rural Municipality-5",,other,Landslide,2025-08-30,Koshi,Taplejung,Sirijangha,5,,0,0,0,0,0,0,0,0,0,0,0,0,0,0,0,0,0,0,0,0,0
Yes,"Landslide at Lelep , Phaktanglung Rural Municipality-6",,other,Landslide,2025-08-30,Koshi,Taplejung,Phaktanglung,6,,0,0,0,0,0,0,0,0,0,0,0,0,0,0,0,0,0,0,0,0,0
Yes,Landslide at Mathagadhi Rural Municipality-1,,other,Landslide,2025-08-30,Lumbini,Palpa,Mathagadhi,1,,0,0,1,1,0,0,0,0,0,0,0,0,0,0,0,0,0,0,0,0,0
Yes,Landslide at Rolpa Municipality-10,,other,Landslide,2025-08-30,Lumbini,Rolpa,Rolpa,10,,0,0,0,0,1,0,0,0,0,0,0,0,0,0,0,0,0,0,0,0,0
Yes,Landslide at Banfikot Rural Municipality-6,,other,Landslide,2025-08-29,Karnali,Rukum West,Banphikot,6,,0,0,1,1,0,0,0,0,0,0,0,0,0,0,0,0,1,1,0,0,0
Yes,Landslide at Bagnaskali Rural Municipality-6,,other,Landslide,2025-08-29,Lumbini,Palpa,Bagnaskali,6,,0,0,0,0,0,0,0,0,0,0,0,0,0,0,0,0,0,0,0,0,0
Yes,Landslide at Junichande Rural Municipality-9,,other,Landslide,2025-08-29,Karnali,Jajarkot,Junichande,9,,0,0,0,0,0,0,0,0,0,0,0,0,0,0,0,0,0,0,0,0,0
Yes,"Landslide at Bisuna Tole , Mahabu Rural Municipality-2",,other,Landslide,2025-08-29,Karnali,Dailekh,Mahabu,2,,0,0,1,1,0,0,0,0,0,0,0,0,0,0,0,0,0,0,0,0,0
Yes,Landslide at Banfikot Rural Municipality-4,,other,Landslide,2025-08-29,Karnali,Rukum West,Banphikot,4,,0,0,0,0,1,0,0,0,0,0,0,0,0,0,0,0,0,0,0,0,0
Yes,Landslide at Banfikot Rural Municipality-9,,other,Landslide,2025-08-29,Karnali,Rukum West,Banphikot,9,,0,0,0,0,1,0,0,0,0,0,0,0,0,0,0,0,0,0,0,0,0
Yes,Landslide at Kuse Rural Municipality-7,,other,Landslide,2025-08-29,Karnali,Jajarkot,Kushe,7,,0,0,0,0,4,0,0,0,0,0,0,0,0,0,0,0,0,0,0,0,0
Yes,Landslide at Banfikot Rural Municipality-5,,other,Landslide,2025-08-29,Karnali,Rukum West,Banphikot,5,,0,0,0,0,0,1,0,0,0,0,0,0,0,0,0,0,0,0,0,0,0
Yes,Landslide at Pokhara Lekhnath Metropolitan City-14,,other,Landslide,2025-08-28,Gandaki,Kaski,Pokhara,14,,0,0,0,0,0,0,0,0,0,0,0,0,0,0,0,0,0,0,0,0,0
Yes,Landslide at Apihimal Rural Municipality-6,,other,Landslide,2025-08-28,Sudurpashchim,Darchula,Apihimal,6,,0,0,0,0,0,0,0,0,0,0,0,0,0,0,0,0,0,0,0,0,0
Yes,"Landslide at Chechung , Dhaulagiri Rural Municipality-4",,other,Landslide,2025-08-28,Gandaki,Myagdi,Dhaulagiri,4,,0,0,0,0,0,0,0,0,0,0,0,0,0,0,0,0,0,0,0,0,0
Yes,Landslide at Tara Khola Rural Municipality-3,,other,Landslide,2025-08-28,Gandaki,Baglung,Tara Khola,3,,0,0,0,0,0,0,0,0,0,0,0,0,0,0,0,0,1,0,0,1,0
Yes,Landslide at Jugal Rural Municipality-1,,other,Landslide,2025-08-28,Bagmati,Sindhupalchok,Jugal,1,,0,0,0,0,0,0,0,0,0,0,0,0,0,0,0,0,0,0,0,0,0
Yes,Landslide at Gauriganga Municipality-9,,other,Landslide,2025-08-28,Sudurpashchim,Kailali,Gauriganga,9,,0,0,0,0,0,0,0,0,0,0,0,0,0,0,0,0,1,1,0,0,0
Yes,Landslide at Bigu Rural Municipality-1,,other,Landslide,2025-08-28,Bagmati,Dolakha,Bigu,1,,0,0,0,0,0,0,0,0,0,0,0,0,0,0,0,0,0,0,0,0,0
Yes,"Landslide at Badali Gaau , Apihimal Rural Municipality-6",,other,Landslide,2025-08-28,Sudurpashchim,Darchula,Apihimal,6,,0,0,0,0,1,0,0,0,0,0,0,0,0,0,0,0,0,0,0,0,0
Yes,Landslide at Bungal Municipality-9,,other,Landslide,2025-08-28,Sudurpashchim,Bajhang,Bungal,9,,0,0,0,0,1,0,0,0,0,0,0,0,0,0,0,0,0,0,0,0,0
Yes,Landslide at Rolpa Municipality-10,,other,Landslide,2025-08-28,Lumbini,Rolpa,Rolpa,10,,0,0,1,1,0,0,0,0,0,0,0,0,0,0,0,0,0,0,0,0,0
Yes,"Landslide at Maugan , Kuse Rural Municipality-7",,other,Landslide,2025-08-28,Karnali,Jajarkot,Kushe,7,,0,0,0,0,0,0,0,0,0,0,0,0,0,0,0,0,0,0,0,0,0
Yes,Landslide at Kageshwori Manahora Municipality-9,,other,Landslide,2025-08-27,Bagmati,Kathmandu,Kageshwori Manahora,9,,0,0,0,0,2,0,0,0,0,0,0,0,0,0,0,0,0,0,0,0,0
Yes,Landslide at Khandbari Municipality-7,,other,Landslide,2025-08-27,Koshi,Sankhuwasabha,Khandbari,7,,0,0,0,0,0,0,0,0,0,0,0,0,0,0,0,0,0,0,0,0,0
Yes,"Landslide at Chhausa , Bhojpur Municipality-11",,other,Landslide,2025-08-27,Koshi,Bhojpur,Bhojpur,11,,0,0,0,0,0,0,0,0,0,0,0,0,0,0,0,0,0,0,0,0,0
Yes,Landslide at Bhojpur Municipality-11,,other,Landslide,2025-08-27,Koshi,Bhojpur,Bhojpur,11,,0,0,0,0,1,0,0,0,0,0,0,0,0,0,0,0,0,0,0,0,0
Yes,"Landslide at Sirsire, Makawanpurgadhi Rural Municipality-5",,other,Landslide,2025-08-27,Bagmati,Makwanpur,Makawanpurgadhi,5,,0,0,0,0,0,0,0,0,0,0,0,0,0,0,0,0,1,1,0,0,0
Yes,Landslide at Mahabu Rural Municipality-2,,other,Landslide,2025-08-27,Karnali,Dailekh,Mahabu,2,,0,0,0,0,1,0,0,0,0,0,0,0,0,0,0,0,0,0,0,0,0
Yes,"Landslide at Satkilla , Netrawati Dabjong Rural Municipality-1",,other,Landslide,2025-08-26,Bagmati,Dhading,Netrawati Dabjong,1,,0,0,0,0,0,0,0,0,0,0,0,0,0,0,0,0,0,0,0,0,0
Yes,Landslide at Khijidemba Rural Municipality-8,,other,Landslide,2025-08-26,Koshi,Okhaldhunga,Khijidemba,8,3000000,0,0,0,0,0,0,0,0,0,0,0,0,0,0,0,0,0,0,0,0,0
Yes,"Landslide at Simtar , Suryagadhi Rural Municipality-4",,other,Landslide,2025-08-26,Bagmati,Nuwakot,Suryagadhi,4,300000,0,0,1,1,0,0,0,0,0,0,0,0,0,0,0,0,0,0,0,0,0
Yes,Landslide at Khandbari Municipality-7,,other,Landslide,2025-08-25,Koshi,Sankhuwasabha,Khandbari,7,500000,0,0,1,1,0,0,0,0,0,0,0,0,0,0,0,0,0,0,0,0,0
Yes,"Landslide at Kuru , Banfikot Rural Municipality-5",,other,Landslide,2025-08-23,Karnali,Rukum West,Banphikot,5,,0,0,0,0,0,0,0,0,0,0,0,0,0,0,0,0,0,0,0,0,0
Yes,Landslide at Kageshwori Manahora Municipality-9,,other,Landslide,2025-08-22,Bagmati,Kathmandu,Kageshwori Manahora,9,,0,0,0,0,1,0,0,0,0,0,0,0,0,0,0,0,0,0,0,0,0
Yes,Landslide at Apihimal Rural Municipality-6,,other,Landslide,2025-08-22,Sudurpashchim,Darchula,Apihimal,6,,0,0,0,0,0,1,0,0,0,0,0,0,0,0,0,0,0,0,0,0,0
Yes,Landslide at Gangajamuna Rural Municipality-4,,other,Landslide,2025-08-22,Bagmati,Dhading,Gangajamuna,4,,0,0,0,0,0,0,0,0,0,0,0,0,0,0,0,0,0,0,0,0,0
Yes,"Landslide at Baltar , Mahabu Rural Municipality-2",,other,Landslide,2025-08-22,Karnali,Dailekh,Mahabu,2,,0,0,1,1,0,0,0,0,0,0,0,0,0,0,0,0,0,0,0,0,0
Yes,"Landslide at Lasku , Mahakali_Darchula Municipality-1",,other,Landslide,2025-08-22,Sudurpashchim,Darchula,Mahakali,1,,0,0,0,0,1,0,0,0,0,0,0,0,0,0,0,0,0,0,0,0,0
Yes,Landslide at Surnaya Rural Municipality-5,,other,Landslide,2025-08-22,Sudurpashchim,Baitadi,Surnaya,5,,0,0,1,1,0,4,0,0,0,0,0,0,0,0,0,0,0,0,0,0,0
Yes,Landslide at Tarakeshwor Municipality-1,,other,Landslide,2025-08-21,Bagmati,Kathmandu,Tarakeshwor,1,,0,0,0,0,0,0,0,0,0,0,0,0,0,0,0,0,0,0,0,0,0
Yes,Landslide at Apihimal Rural Municipality-6,,other,Landslide,2025-08-21,Sudurpashchim,Darchula,Apihimal,6,,0,0,0,0,0,0,0,0,0,0,0,0,0,0,0,0,0,0,0,0,0
Yes,Landslide at Makawanpurgadhi Rural Municipality-5,,other,Landslide,2025-08-21,Bagmati,Makwanpur,Makawanpurgadhi,5,,0,0,0,0,0,0,0,0,0,0,0,0,0,0,0,0,0,0,0,0,0
Yes,Landslide at Bhojpur Municipality-11,,other,Landslide,2025-08-21,Koshi,Bhojpur,Bhojpur,11,,0,0,0,0,0,0,0,0,0,0,0,0,0,0,0,0,0,0,0,0,0
Yes,"Landslide at Dhapasi Salesberi , Kageshwori Manahora Municipality-9",,other,Landslide,2025-08-21,Bagmati,Kathmandu,Kageshwori Manahora,9,,0,0,0,0,0,0,0,0,0,0,0,0,0,0,0,0,0,0,0,0,0
Yes,Landslide at Narayan Municipality-4,,other,Landslide,2025-08-21,Karnali,Dailekh,Narayan,4,,0,0,1,1,0,0,0,0,0,0,0,0,0,0,0,0,0,0,0,0,0
Yes,Landslide at Mahabu Rural Municipality-2,,other,Landslide,2025-08-21,Karnali,Dailekh,Mahabu,2,,0,0,0,0,0,0,0,0,0,0,0,0,0,0,0,0,0,0,0,0,0
Yes,"Landslide at Timure , Chhedagad Municipality-10",,other,Landslide,2025-08-20,Karnali,Jajarkot,Chhedagad,10,,0,0,0,0,0,2,0,0,0,0,0,0,0,0,0,0,0,0,0,0,0
Yes,"Landslide at Nigale , Mugum Karmarong Rural Municipality-7",,other,Landslide,2025-08-20,Karnali,Mugu,Mugum Karmarong,7,,0,0,0,0,0,0,0,0,0,0,0,0,0,0,0,0,1,1,0,0,0
Yes,Landslide at Musikot Municipality-10,,other,Landslide,2025-08-20,Karnali,Rukum West,Musikot,10,,0,0,1,1,0,3,0,0,0,0,0,0,0,0,0,0,0,0,0,0,0
Yes,Landslide at Bhojpur Municipality-12,,other,Landslide,2025-08-19,Koshi,Bhojpur,Bhojpur,12,,0,0,0,0,1,0,0,0,0,0,0,0,0,0,0,0,0,0,0,0,0
Yes,"Landslide at Dhungel Bajar , Chhedagad Municipality-11",,other,Landslide,2025-08-19,Karnali,Jajarkot,Chhedagad,11,,0,0,0,0,0,0,0,0,0,0,0,0,0,0,0,0,0,0,0,0,0
Yes,"Landslide at Muru , Banfikot Rural Municipality-6",,other,Landslide,2025-08-19,Karnali,Rukum West,Banphikot,6,50000,0,0,0,0,0,0,0,0,0,0,0,0,0,0,0,0,0,0,0,0,0
Yes,Landslide at Junichande Rural Municipality-11,,other,Landslide,2025-08-19,Karnali,Jajarkot,Junichande,11,,0,0,1,1,0,0,0,0,0,0,0,0,0,0,0,0,0,0,0,0,0
Yes,Landslide at Pachaljharana Rural Municipality-3,,other,Landslide,2025-08-18,Karnali,Kalikot,Pachaljharana,3,,0,0,0,0,0,0,0,0,0,0,0,0,0,0,0,0,0,0,0,0,0
Yes,Landslide at Annapurna Rural Municipality-11,,other,Landslide,2025-08-18,Gandaki,Kaski,Annapurna,11,,0,0,0,0,0,0,0,0,0,0,0,0,0,0,0,0,0,0,0,0,0
Yes,Landslide at Kamalbazar Municipality-7,,other,Landslide,2025-08-18,Sudurpashchim,Achham,Kamalbazar,7,,0,0,1,1,0,0,0,0,0,0,0,0,0,0,0,0,0,0,0,0,0
Yes,Landslide at Khandbari Municipality-7,,other,Landslide,2025-08-18,Koshi,Sankhuwasabha,Khandbari,7,,0,0,0,0,0,0,0,0,0,0,0,0,0,0,0,0,0,0,0,0,0
Yes,Landslide at Banfikot Rural Municipality-6,,other,Landslide,2025-08-18,Karnali,Rukum West,Banphikot,6,,0,0,0,0,1,0,0,0,0,0,0,0,0,0,0,0,0,0,0,0,0
Yes,"Landslide at Tallo Hitan Gaau , Nalgaad Municipality-11",,other,Landslide,2025-08-18,Karnali,Jajarkot,Nalgaad,11,,0,0,0,0,0,0,0,0,0,0,0,0,0,0,0,0,0,0,0,0,0
Yes,"Landslide at Syuna , Pachaljharana Rural Municipality-3",,other,Landslide,2025-08-18,Karnali,Kalikot,Pachaljharana,3,,0,0,1,1,0,0,0,0,0,0,0,0,0,0,0,0,0,0,0,0,0
Yes,"Landslide at Mahabhir , Raghuganga Rural Municipality-8",,other,Landslide,2025-08-17,Gandaki,Myagdi,Raghuganga,8,,0,0,0,0,0,0,2,2,0,0,0,0,0,0,0,0,5,5,0,0,0
Yes,Landslide at Rolpa Municipality-10,,other,Landslide,2025-08-17,Lumbini,Rolpa,Rolpa,10,,0,0,1,1,0,0,0,0,0,0,0,0,0,0,0,0,0,0,0,0,0
Yes,"Landslide at Sare Chyane , Nechasalyan Rural Municipality-6",,other,Landslide,2025-08-17,Koshi,Solukhumbu,Nechasalyan,6,,0,0,0,0,0,0,0,0,0,0,0,0,0,0,0,0,0,0,0,0,0
Yes,Landslide at Kuse Rural Municipality-7,,other,Landslide,2025-08-17,Karnali,Jajarkot,Kushe,7,,0,0,0,0,0,0,0,0,0,0,0,0,0,0,0,0,0,0,0,0,0
Yes,Landslide at Netrawati Dabjong Rural Municipality-1,,other,Landslide,2025-08-16,Bagmati,Dhading,Netrawati Dabjong,1,,0,0,0,0,0,0,0,0,0,0,0,0,0,0,0,0,1,0,1,0,0
Yes,"Landslide at Thulachaur , Resunga Municipality-14",,other,Landslide,2025-08-16,Lumbini,Gulmi,Resunga,14,,0,0,0,0,0,0,0,0,0,0,0,0,0,0,0,0,0,0,0,0,0
Yes,Landslide at Mahalaxmi Municipality-2,,other,Landslide,2025-08-16,Koshi,Dhankuta,Mahalaxmi,2,,0,0,0,0,0,0,0,0,0,0,0,0,0,0,0,0,0,0,0,0,0
Yes,"Landslide at Reut Tole , Banfikot Rural Municipality-6",,other,Landslide,2025-08-15,Karnali,Rukum West,Banphikot,6,,0,0,0,0,1,0,0,0,0,0,0,0,0,0,0,0,0,0,0,0,0
Yes,Landslide at Inaruwa Municipality-8,,other,Landslide,2025-08-14,Koshi,Sunsari,Inaruwa,8,,0,0,0,0,0,0,1,1,0,0,0,0,0,0,0,0,0,0,0,0,0
Yes,Landslide at Makawanpurgadhi Rural Municipality-5,,other,Landslide,2025-08-14,Bagmati,Makwanpur,Makawanpurgadhi,5,,0,0,0,0,0,0,0,0,0,0,0,0,0,0,0,0,0,0,0,0,0
Yes,Landslide at Phidim Municipality-11,,other,Landslide,2025-08-13,Koshi,Panchthar,Phidim,11,,0,0,0,0,1,0,0,0,0,0,0,0,0,0,0,0,0,0,0,0,0
Yes,Landslide at Putha Uttarganga Rural Municipality-4,,other,Landslide,2025-08-13,Lumbini,Rukum East,Putha Uttarganga,4,,0,0,1,1,0,0,0,0,0,0,0,0,0,0,0,0,0,0,0,0,0
Yes,Landslide at Dhakari Rural Municipality-1,,other,Landslide,2025-08-13,Sudurpashchim,Achham,Dhakari,1,,0,0,0,0,1,0,0,0,0,0,0,0,0,0,0,0,0,0,0,0,0
Yes,Landslide at Mathagadhi Rural Municipality-1,,other,Landslide,2025-08-13,Lumbini,Palpa,Mathagadhi,1,,0,0,0,0,1,0,0,0,0,0,0,0,0,0,0,0,0,0,0,0,0
Yes,Landslide at Banfikot Rural Municipality-6,,other,Landslide,2025-08-13,Karnali,Rukum West,Banphikot,6,,0,0,0,0,1,0,0,0,0,0,0,0,0,0,0,0,0,0,0,0,0
Yes,"Landslide at Okharbote , Bhojpur Municipality-11",,other,Landslide,2025-08-13,Koshi,Bhojpur,Bhojpur,11,,0,0,0,0,0,0,0,0,0,0,0,0,0,0,0,0,0,0,0,0,0
Yes,Landslide at Lungri Rural Municipality-3,,other,Landslide,2025-08-13,Lumbini,Rolpa,Lungri,3,,0,0,0,0,0,0,0,0,0,0,0,0,0,0,0,0,0,0,0,0,0
Yes,"Landslide at Orang , Bigu Rural Municipality-1",,other,Landslide,2025-08-13,Bagmati,Dolakha,Bigu,1,,0,0,0,0,0,0,0,0,0,0,0,0,0,0,0,0,0,0,0,0,0
Yes,Landslide at Rolpa Municipality-10,,other,Landslide,2025-08-12,Lumbini,Rolpa,Rolpa,10,,0,0,1,1,0,0,0,0,0,0,0,0,0,0,0,0,0,0,0,0,0
Yes,"Landslide at Manbung , Illam Municipality-12",,other,Landslide,2025-08-12,Koshi,Ilam,Ilam,12,,0,0,0,0,0,0,1,1,0,0,0,0,0,0,0,0,0,0,0,0,0
Yes,"Landslide at Pasku , Khumbupasanglahmu Rural Municipality-3",,other,Landslide,2025-08-12,Koshi,Solukhumbu,Khumbu Pasanglhamu,3,,0,0,0,0,0,0,0,0,0,0,0,0,0,0,0,0,0,0,0,0,0
Yes,"Landslide at Kanyam , Illam Municipality-12",,other,Landslide,2025-08-12,Koshi,Ilam,Ilam,12,,0,0,0,0,0,0,0,0,0,0,0,0,0,0,0,0,0,0,0,0,0
Yes,"Landslide at Susma Golai , Dharan Submetropolitan City-13",,other,Landslide,2025-08-12,Koshi,Sunsari,Dharan,13,,0,0,0,0,0,0,0,0,0,0,0,0,0,0,0,0,0,0,0,0,0
Yes,"Landslide at Rukura , Khumbupasanglahmu Rural Municipality-3",,other,Landslide,2025-08-12,Koshi,Solukhumbu,Khumbu Pasanglhamu,3,,0,0,0,0,0,0,0,0,0,0,0,0,0,0,0,0,0,0,0,0,0
Yes,Landslide at Simkot Rural Municipality-3,,other,Landslide,2025-08-12,Karnali,Humla,Simkot,3,,0,0,0,0,0,0,0,0,0,0,0,0,0,0,0,0,0,0,0,0,0
Yes,"Landslide at Soktim , Illam Municipality-12",,other,Landslide,2025-08-11,Koshi,Ilam,Ilam,12,,0,0,0,0,0,0,0,0,0,0,0,0,0,0,0,0,0,0,0,0,0
Yes,"Landslide at Kalabhir , Rolpa Municipality-10",,other,Landslide,2025-08-11,Lumbini,Rolpa,Rolpa,10,,0,0,1,1,0,0,0,0,0,0,0,0,0,0,0,0,0,0,0,0,0
Yes,"Landslide at Kotgaau , Khandbari Municipality-7",,other,Landslide,2025-08-11,Koshi,Sankhuwasabha,Khandbari,7,,0,0,0,0,0,0,0,0,0,0,0,0,0,0,0,0,0,0,0,0,0
Yes,"Landslide at Gandra , Barahtal Rural Municipality-8",,other,Landslide,2025-08-10,Karnali,Surkhet,Barahtal,8,,0,0,0,0,0,0,0,0,0,0,0,0,0,0,0,0,0,0,0,0,0
Yes,"Landslide at Samakhoriya , Barahtal Rural Municipality-8",,other,Landslide,2025-08-10,Karnali,Surkhet,Barahtal,8,,0,0,0,0,1,0,0,0,0,0,0,0,0,0,0,0,0,0,0,0,0
Yes,"Landslide at Dharmaghar , Pachaljharana Rural Municipality-3",,other,Landslide,2025-08-10,Karnali,Kalikot,Pachaljharana,3,,0,0,0,0,0,0,0,0,0,0,0,0,0,0,0,0,0,0,0,0,0
Yes,"Landslide at Khamdak , Bhojpur Municipality-11",,other,Landslide,2025-08-10,Koshi,Bhojpur,Bhojpur,11,,0,0,0,0,0,0,0,0,0,0,0,0,0,0,0,0,0,0,0,0,0
Yes,Landslide at Raskot Municipality-1,,other,Landslide,2025-08-10,Karnali,Kalikot,Raskot,1,,0,0,0,0,0,0,0,0,0,0,0,0,0,0,0,0,0,0,0,0,0
Yes,"Landslide at Chisodhara , Suryagadhi Rural Municipality-4",,other,Landslide,2025-08-10,Bagmati,Nuwakot,Suryagadhi,4,500000,0,0,0,0,1,0,0,0,0,0,0,0,0,0,0,0,0,0,0,0,0
Yes,"Landslide at Makrip , Khandbari Municipality-7",,other,Landslide,2025-08-09,Koshi,Sankhuwasabha,Khandbari,7,,0,0,0,0,1,0,0,0,0,0,0,0,0,0,0,0,0,0,0,0,0
Yes,Landslide at Marsyangdi Rural Municipality-7,,other,Landslide,2025-08-08,Gandaki,Lamjung,Marsyangdi,7,,0,0,0,0,0,0,1,1,0,0,0,0,0,0,0,0,3,3,0,0,0
Yes,Landslide at Musikot Municipality-10,,other,Landslide,2025-08-08,Karnali,Rukum West,Musikot,10,,0,0,0,0,1,0,0,0,0,0,0,0,0,0,0,0,0,0,0,0,0
Yes,"Landslide at Bhale odhar , Annapurna Rural Municipality-9",,other,Landslide,2025-08-08,Gandaki,Kaski,Annapurna,9,,0,0,0,0,0,0,0,0,0,0,0,0,0,0,0,0,0,0,0,0,0
Yes,Landslide at Modi Rural Municipality-4,,other,Landslide,2025-08-08,Gandaki,Parbat,Modi,4,,0,0,0,0,0,0,0,0,0,0,0,0,0,0,0,0,0,0,0,0,0
Yes,Landslide at Mathagadhi Rural Municipality-1,,other,Landslide,2025-08-07,Lumbini,Palpa,Mathagadhi,1,,0,0,0,0,0,0,0,0,0,0,0,0,0,0,0,0,0,0,0,0,0
Yes,Landslide at Netrawati Dabjong Rural Municipality-1,,other,Landslide,2025-08-07,Bagmati,Dhading,Netrawati Dabjong,1,,0,0,0,0,0,0,0,0,0,0,0,0,0,0,0,0,0,0,0,0,0
Yes,Landslide at Aathabis Municipality-4,,other,Landslide,2025-08-07,Karnali,Dailekh,Aathabis,4,,0,0,0,0,0,0,0,0,0,0,0,0,0,0,0,0,0,0,0,0,0
Yes,Landslide at Ghanglekh Rural Municipality-5,,other,Landslide,2025-08-07,Bagmati,Sindhuli,Ghyanglekh,5,70000,0,0,0,0,0,1,0,0,0,0,0,0,0,0,0,0,0,0,0,0,0
Yes,Landslide at Phedap Rural Municipality-3,,other,Landslide,2025-08-07,Koshi,Terhathum,Phedap,3,,0,0,0,0,0,0,0,0,0,0,0,0,0,0,0,0,0,0,0,0,0
Yes,"Landslide at Thulo Jatri , Barahtal Rural Municipality-8",,other,Landslide,2025-08-07,Karnali,Surkhet,Barahtal,8,,0,0,0,0,0,0,0,0,0,0,0,0,0,0,0,0,0,0,0,0,0
Yes,"Landslide at Kelpu , Molung Rural Municipality-1",,other,Landslide,2025-08-07,Koshi,Okhaldhunga,Molung,1,12700000,0,0,0,0,0,0,0,0,0,0,0,0,0,0,0,0,0,0,0,0,0
Yes,"Landslide at Darimpata, Kuse Rural Municipality-7",,other,Landslide,2025-08-07,Karnali,Jajarkot,Kushe,7,,0,0,0,0,0,0,0,0,0,0,0,0,0,0,0,0,0,0,0,0,0
Yes,Landslide at Mathagadhi Rural Municipality-1,,other,Landslide,2025-08-04,Lumbini,Palpa,Mathagadhi,1,,0,0,0,0,0,0,0,0,0,0,0,0,0,0,0,0,1,1,0,0,0
Yes,Landslide at Bhumekasthan Municipality-7,,other,Landslide,2025-08-04,Lumbini,Arghakhanchi,Bhumikasthan,7,,0,0,1,1,0,0,0,0,0,0,0,0,0,0,0,0,0,0,0,0,0
Yes,Landslide at Banfikot Rural Municipality-1,,other,Landslide,2025-08-04,Karnali,Rukum West,Banphikot,1,,0,0,0,0,0,0,0,0,0,0,0,0,0,0,0,0,0,0,0,0,0
Yes,"Landslide at Dhanchaur , Bhumekasthan Municipality-10",,other,Landslide,2025-08-04,Lumbini,Arghakhanchi,Bhumikasthan,10,,0,0,0,0,0,0,0,0,0,0,0,0,0,0,0,0,0,0,0,0,0
Yes,"Landslide at Dhondre , Ghorahi Submetropolitan City-5",,other,Landslide,2025-08-04,Lumbini,Dang,Ghorahi,5,,0,0,0,0,0,0,0,0,0,0,0,0,0,0,0,0,0,0,0,0,0
Yes,Landslide at Sitganga Municipality-12,,other,Landslide,2025-08-04,Lumbini,Arghakhanchi,Sitganga,12,,0,0,0,0,0,0,0,0,0,0,0,0,0,0,0,0,0,0,0,0,0
Yes,"Landslide at Barbot , Bhumekasthan Municipality-7",,other,Landslide,2025-08-04,Lumbini,Arghakhanchi,Bhumikasthan,7,,0,0,0,0,0,0,0,0,0,0,0,0,0,0,0,0,0,0,0,0,0
Yes,"Landslide at Bahunthana , Kuse Rural Municipality-7",,other,Landslide,2025-08-04,Karnali,Jajarkot,Kushe,7,,0,0,0,0,0,6,0,0,0,0,0,0,0,0,0,0,0,0,0,0,0
Yes,"Landslide at Khayarbhatti , Sitganga Municipality-10",,other,Landslide,2025-08-04,Lumbini,Arghakhanchi,Sitganga,10,,0,0,0,0,1,0,0,0,0,0,0,0,0,0,0,0,0,0,0,0,0
Yes,"Landslide at Baisari , Raghuganga Rural Municipality-8",,other,Landslide,2025-08-04,Gandaki,Myagdi,Raghuganga,8,,0,0,0,0,0,0,0,0,0,0,0,0,0,0,0,0,0,0,0,0,0
Yes,Landslide at Resunga Municipality-14,,other,Landslide,2025-08-03,Lumbini,Gulmi,Resunga,14,,0,0,0,0,1,0,0,0,0,0,0,0,0,0,0,0,0,0,0,0,0
Yes,"Landslide at Likyang , Rolpa Municipality-10",,other,Landslide,2025-08-03,Lumbini,Rolpa,Rolpa,10,,0,0,0,0,0,0,0,0,0,0,0,0,0,0,0,0,0,0,0,0,0
Yes,"Landslide at Paira , Surma Rural Municipality-1",,other,Landslide,2025-08-03,Sudurpashchim,Bajhang,Surma,1,,0,0,0,0,0,0,0,0,0,0,0,0,0,0,0,0,0,0,0,0,0
Yes,Landslide at Bhojpur Municipality-11,,other,Landslide,2025-08-03,Koshi,Bhojpur,Bhojpur,11,1300000,0,0,0,0,0,0,0,0,0,0,0,0,0,0,0,0,0,0,0,0,0
Yes,"Landslide at Phedi , Bhojpur Municipality-11",,other,Landslide,2025-08-03,Koshi,Bhojpur,Bhojpur,11,80000,0,0,0,0,1,0,0,0,0,0,0,0,0,0,0,0,0,0,0,0,0
Yes,"Landslide at Bhasme , Khumbupasanglahmu Rural Municipality-3",,other,Landslide,2025-08-03,Koshi,Solukhumbu,Khumbu Pasanglhamu,3,,0,0,0,0,0,0,0,0,0,0,0,0,0,0,0,0,0,0,0,0,0
Yes,Landslide at Resunga Municipality-14,,other,Landslide,2025-08-03,Lumbini,Gulmi,Resunga,14,,0,0,0,0,0,0,0,0,0,0,0,0,0,0,0,0,0,0,0,0,0
Yes,"Landslide at Jurbot, Banfikot Rural Municipality-6",,other,Landslide,2025-08-02,Karnali,Rukum West,Banphikot,6,,0,0,0,0,0,0,0,0,0,0,0,0,0,0,0,0,0,0,0,0,0
Yes,Landslide at Banfikot Rural Municipality-6,,other,Landslide,2025-08-02,Karnali,Rukum West,Banphikot,6,,0,0,0,0,0,0,0,0,0,0,0,0,0,0,0,0,0,0,0,0,0
Yes,"Landslide at Gotheri , Sharada Municipality-9",,other,Landslide,2025-08-02,Karnali,Salyan,Sharada,9,,0,0,0,0,0,0,0,0,0,0,0,0,0,0,0,0,0,0,0,0,0
Yes,Landslide at Bhojpur Municipality-11,,other,Landslide,2025-08-02,Koshi,Bhojpur,Bhojpur,11,350000,0,0,1,1,0,0,0,0,0,0,0,0,0,0,0,0,0,0,0,0,0
Yes,"Landslide at Purkotdaha , Madane Rural Municipality-6",,other,Landslide,2025-08-01,Lumbini,Gulmi,Madane,6,,0,0,0,0,0,0,0,0,0,0,0,0,0,0,0,0,0,0,0,0,0
Yes,Landslide at Alital Rural Municipality-3,,other,Landslide,2025-08-01,Sudurpashchim,Dadeldhura,Alital,3,25000,0,0,0,0,0,0,0,0,0,0,0,0,0,0,0,0,0,0,0,0,0
Yes,"Landslide at Thalakhum , Khumbupasanglahmu Rural Municipality-3",,other,Landslide,2025-08-01,Koshi,Solukhumbu,Khumbu Pasanglhamu,3,,0,0,0,0,0,0,0,0,0,0,0,0,0,0,0,0,0,0,0,0,0
Yes,"Landslide at Dasera , Kuse Rural Municipality-7",,other,Landslide,2025-08-01,Karnali,Jajarkot,Kushe,7,,0,0,0,0,0,0,0,0,0,0,0,0,0,0,0,0,0,0,0,0,0
Yes,"Landslide at Buku , Khijidemba Rural Municipality-7",,other,Landslide,2025-08-01,Koshi,Okhaldhunga,Khijidemba,7,7700000,0,0,0,0,0,0,0,0,0,0,0,0,0,0,0,0,0,0,0,0,0
Yes,"Landslide at Rajamantar , Gokulganga Rural Municipality-4",,other,Landslide,2025-08-01,Bagmati,Ramechhap,Gokulganga,4,,0,0,0,0,0,3,0,0,0,0,0,0,0,0,0,0,0,0,0,0,0
Yes,"Landslide at Naubise , Gosaikunda Rural Municipality-4",,other,Landslide,2025-07-30,Bagmati,Rasuwa,Gosaikunda,4,,0,0,0,0,0,0,0,0,0,0,0,0,0,0,0,0,0,0,0,0,0
Yes,"Landslide at Lamalote , Shey Phoksundo Rural Municipality-99",,other,Landslide,2025-07-30,Karnali,Dolpa,Shey Phoksundo,99,,0,0,0,0,0,0,0,0,0,0,0,0,0,0,0,0,1,1,0,0,0
Yes,"Landslide at Bhiurankot , Bharatpur Metropolitan City-14",,other,Landslide,2025-07-30,Bagmati,Chitwan,Bharatpur,14,,0,0,0,0,0,0,0,0,0,0,0,0,0,0,0,0,0,0,0,0,0
Yes,"Landslide at Hemja , Pokhara Lekhnath Metropolitan City-25",,other,Landslide,2025-07-29,Gandaki,Kaski,Pokhara,25,,0,0,0,0,0,0,1,1,0,0,0,0,0,0,0,0,0,0,0,0,0
Yes,Landslide at Resunga Municipality-14,,other,Landslide,2025-07-29,Lumbini,Gulmi,Resunga,14,,0,0,0,0,1,0,0,0,0,0,0,0,0,0,0,0,0,0,0,0,0
Yes,"Landslide at Sipri , Musikot Municipality-11",,other,Landslide,2025-07-29,Karnali,Rukum West,Musikot,11,,0,0,0,0,0,0,0,0,0,0,0,0,0,0,0,0,0,0,0,0,0
Yes,"Landslide at Huga River , Khumbupasanglahmu Rural Municipality-3",,other,Landslide,2025-07-29,Koshi,Solukhumbu,Khumbu Pasanglhamu,3,,0,0,0,0,0,0,0,0,0,0,0,0,0,0,0,0,0,0,0,0,0
Yes,"Landslide at Ghachok Bhalabot , Machhapuchchhre Rural Municipality-2",,other,Landslide,2025-07-29,Gandaki,Kaski,Machhapuchchhre,2,,0,0,0,0,0,0,0,0,0,0,0,0,0,0,0,0,1,1,0,0,0
Yes,"Landslide at Betal , Guthichaur Rural Municipality-5",,other,Landslide,2025-07-29,Karnali,Jumla,Guthichaur,5,,0,0,1,1,0,0,0,0,0,0,0,0,0,0,0,0,0,0,0,0,0
Yes,Landslide at Suryagadhi Rural Municipality-4,,other,Landslide,2025-07-28,Bagmati,Nuwakot,Suryagadhi,4,,0,0,0,0,0,0,0,0,0,0,0,0,0,0,0,0,0,0,0,0,0
Yes,"Landslide at Kimathanka , Khandbari Municipality-7",,other,Landslide,2025-07-28,Koshi,Sankhuwasabha,Khandbari,7,1175000,0,0,1,1,0,0,0,0,0,0,0,0,0,0,0,0,0,0,0,0,0
Yes,"Landslide at Kodari , Jugal Rural Municipality-2",,other,Landslide,2025-07-27,Bagmati,Sindhupalchok,Jugal,2,,0,0,0,0,0,0,0,0,0,0,0,0,0,0,0,0,0,0,0,0,0
Yes,"Landslide at Kajimrang , Netrawati Dabjong Rural Municipality-1",,other,Landslide,2025-07-27,Bagmati,Dhading,Netrawati Dabjong,1,,0,0,0,0,0,0,0,0,0,0,0,0,0,0,0,0,0,0,0,0,0
Yes,"Landslide at Maikot , Putha Uttarganga Rural Municipality-4",,other,Landslide,2025-07-27,Lumbini,Rukum East,Putha Uttarganga,4,,0,0,0,0,0,0,0,0,0,0,0,0,0,0,0,0,0,0,0,0,0
Yes,"Landslide at Phyanglung & Ghattekhola , Gosaikunda Rural Municipality-4",,other,Landslide,2025-07-27,Bagmati,Rasuwa,Gosaikunda,4,,0,0,0,0,0,0,0,0,0,0,0,0,0,0,0,0,0,0,0,0,0
Yes,"Landslide at Tersapatti , Machhapuchchhre Rural Municipality-2",,other,Landslide,2025-07-27,Gandaki,Kaski,Machhapuchchhre,2,,0,0,0,0,0,0,0,0,0,0,0,0,0,0,0,0,0,0,0,0,0
Yes,Landslide at Suryagadhi Rural Municipality-4,,other,Landslide,2025-07-27,Bagmati,Nuwakot,Suryagadhi,4,,0,0,0,0,0,0,0,0,0,0,0,0,0,0,0,0,0,0,0,0,0
Yes,"Landslide at Mekhalama, Simkot Rural Municipality-3",,other,Landslide,2025-07-25,Karnali,Humla,Simkot,3,,0,0,0,0,0,0,0,0,0,0,0,0,0,0,0,0,0,0,0,0,0
Yes,"Landslide at Sikhra , Bhumekasthan Municipality-7",,other,Landslide,2025-07-24,Lumbini,Arghakhanchi,Bhumikasthan,7,,0,0,0,0,1,0,0,0,0,0,0,0,0,0,0,0,0,0,0,0,0
Yes,Landslide at Dhankuta Municipality-2,,other,Landslide,2025-07-24,Koshi,Dhankuta,Dhankuta,2,,0,0,0,0,0,0,0,0,0,0,0,0,0,0,0,0,1,0,1,0,0
Yes,Landslide at Halesi Tuwachung Municipality-11,,other,Landslide,2025-07-24,Koshi,Khotang,Halesi Tuwachung,11,,0,0,0,0,1,0,0,0,0,0,0,0,0,0,0,0,0,0,0,0,0
Yes,Landslide at Simkot Rural Municipality-3,,other,Landslide,2025-07-24,Karnali,Humla,Simkot,3,,0,0,0,0,0,0,0,0,0,0,0,0,0,0,0,0,0,0,0,0,0
Yes,Landslide at Halesi Tuwachung Municipality-11,,other,Landslide,2025-07-23,Koshi,Khotang,Halesi Tuwachung,11,,0,0,0,0,0,0,0,0,0,0,0,0,0,0,0,0,0,0,0,0,0
Yes,"Landslide at Kalleri , Dupcheshwar Rural Municipality-3",,other,Landslide,2025-07-23,Bagmati,Nuwakot,Dupcheshwar,3,,0,0,0,0,1,0,0,0,0,0,0,0,0,0,0,0,0,0,0,0,0
Yes,"Landslide at Dablyang , Baglung Municipality-10",,other,Landslide,2025-07-22,Gandaki,Baglung,Baglung,10,,0,0,0,0,0,0,0,0,0,0,0,0,0,0,0,0,0,0,0,0,0
Yes,"Landslide at Kodari , Jugal Rural Municipality-2",,other,Landslide,2025-07-22,Bagmati,Sindhupalchok,Jugal,2,,0,0,0,0,0,0,0,0,0,0,0,0,0,0,0,0,0,0,0,0,0
Yes,"Landslide at Raduwa , Alital Rural Municipality-3",,other,Landslide,2025-07-22,Sudurpashchim,Dadeldhura,Alital,3,,0,0,0,0,0,0,0,0,0,0,0,0,0,0,0,0,0,0,0,0,0
Yes,"Landslide at Disnapur , Khandbari Municipality-7",,other,Landslide,2025-07-22,Koshi,Sankhuwasabha,Khandbari,7,,0,0,0,0,0,0,0,0,0,0,0,0,0,0,0,0,0,0,0,0,0
Yes,Landslide at Halesi Tuwachung Municipality-11,,other,Landslide,2025-07-22,Koshi,Khotang,Halesi Tuwachung,11,,0,0,0,0,0,8,0,0,0,0,0,0,0,0,0,0,0,0,0,0,0
Yes,"Landslide at Tamang Gaau , Phaktanglung Rural Municipality-6",,other,Landslide,2025-07-22,Koshi,Taplejung,Phaktanglung,6,,0,0,0,0,0,0,0,0,0,0,0,0,0,0,0,0,0,0,0,0,0
Yes,Landslide at Bhirkot Municipality-8,,other,Landslide,2025-07-22,Gandaki,Syangja,Bhirkot,8,,0,0,0,0,0,0,0,0,0,0,0,0,0,0,0,0,0,0,0,0,0
Yes,Landslide at Khandbari Municipality-7,,other,Landslide,2025-07-21,Koshi,Sankhuwasabha,Khandbari,7,,0,0,1,1,0,0,0,0,0,0,0,0,0,0,0,0,0,0,0,0,0
Yes,"Landslide at Dhamachaur , Rolpa Municipality-10",,other,Landslide,2025-07-21,Lumbini,Rolpa,Rolpa,10,,0,0,0,0,0,0,0,0,0,0,0,0,0,0,0,0,0,0,0,0,0
Yes,"Landslide at Tummiya , Sirijangha Rural Municipality-8",,other,Landslide,2025-07-21,Koshi,Taplejung,Sirijangha,8,,0,0,0,0,0,0,0,0,0,0,0,0,0,0,0,0,0,0,0,0,0
Yes,"Landslide at Bipudhap , Phaktanglung Rural Municipality-4",,other,Landslide,2025-07-21,Koshi,Taplejung,Phaktanglung,4,,0,0,0,0,1,0,0,0,0,0,0,0,0,0,0,0,0,0,0,0,0
Yes,"Landslide at Bhirkharka , Jugal Rural Municipality-2",,other,Landslide,2025-07-21,Bagmati,Sindhupalchok,Jugal,2,,0,0,0,0,0,0,0,0,0,0,0,0,0,0,0,0,0,0,0,0,0
Yes,Landslide at Jugal Rural Municipality-2,,other,Landslide,2025-07-20,Bagmati,Sindhupalchok,Jugal,2,,0,0,0,0,0,0,0,0,0,0,0,0,0,0,0,0,0,0,0,0,0
Yes,"Landslide at Rabi , Phidim Municipality-11",,other,Landslide,2025-07-19,Koshi,Panchthar,Phidim,11,,0,0,0,0,0,0,0,0,0,0,0,0,0,0,0,0,0,0,0,0,0
Yes,Landslide at Kushma Municipality-10,,other,Landslide,2025-07-19,Gandaki,Parbat,Kushma,10,,0,0,0,0,0,0,2,0,0,2,0,0,0,0,0,0,0,0,0,0,0
Yes,"Landslide at Baseri , Kamalamai Municipality-5",,other,Landslide,2025-07-19,Bagmati,Sindhuli,Kamalamai,5,,0,0,0,0,0,0,0,0,0,0,0,0,0,0,0,0,0,0,0,0,0
Yes,Landslide at Annapurna Rural Municipality-2,,other,Landslide,2025-07-19,Gandaki,Kaski,Annapurna,2,,0,0,0,0,0,0,0,0,0,0,0,0,0,0,0,0,0,0,0,0,0
Yes,"Landslide at Bhalam, Pokhara Lekhnath Metropolitan City-20",,other,Landslide,2025-07-19,Gandaki,Kaski,Pokhara,20,,0,0,1,1,0,0,0,0,0,0,0,0,0,0,0,0,0,0,0,0,0
Yes,Landslide at Fakphokthum Rural Municipality-5,,other,Landslide,2025-07-19,Koshi,Ilam,Phakphokthum,5,,0,0,0,0,1,0,0,0,0,0,0,0,0,0,0,0,0,0,0,0,0
Yes,Landslide at Balefi Rural Municipality-8,,other,Landslide,2025-07-19,Bagmati,Sindhupalchok,Balephi,8,,0,0,1,1,0,0,0,0,0,0,0,0,0,0,0,0,0,0,0,0,0
Yes,Landslide at Pokhara Lekhnath Metropolitan City-16,,other,Landslide,2025-07-19,Gandaki,Kaski,Pokhara,16,,0,0,0,0,0,0,0,0,0,0,0,0,0,0,0,0,0,0,0,0,0
Yes,Landslide at Illam Municipality-12,,other,Landslide,2025-07-19,Koshi,Ilam,Ilam,12,,0,0,0,0,2,0,0,0,0,0,0,0,0,0,0,0,0,0,0,0,0
Yes,"Landslide at Aamchowk, Illam Municipality-12",,other,Landslide,2025-07-19,Koshi,Ilam,Ilam,12,,0,0,0,0,0,0,0,0,0,0,0,0,0,0,0,0,0,0,0,0,0
Yes,Landslide at Khumbupasanglahmu Rural Municipality-3,,other,Landslide,2025-07-19,Koshi,Solukhumbu,Khumbu Pasanglhamu,3,,0,0,0,0,0,0,0,0,0,0,0,0,0,0,0,0,0,0,0,0,0
Yes,Landslide at Jugal Rural Municipality-2,,other,Landslide,2025-07-19,Bagmati,Sindhupalchok,Jugal,2,,0,0,0,0,0,0,0,0,0,0,0,0,0,0,0,0,0,0,0,0,0
Yes,"Landslide at Chimling Beshi , Balefi Rural Municipality-7",,other,Landslide,2025-07-19,Bagmati,Sindhupalchok,Balephi,7,,0,0,0,0,0,0,0,0,0,0,0,0,0,0,0,0,0,0,0,0,0
Yes,Landslide at Molung Rural Municipality-1,,other,Landslide,2025-07-19,Koshi,Okhaldhunga,Molung,1,,0,0,0,0,0,0,0,0,0,0,0,0,0,0,0,0,0,0,0,0,0
Yes,"Landslide at Dhalkepul , Pokhara Lekhnath Metropolitan City-13",,other,Landslide,2025-07-19,Gandaki,Kaski,Pokhara,13,,0,0,0,0,0,0,0,0,0,0,0,0,0,0,0,0,0,0,0,0,0
Yes,"Landslide at Lampata , Pokhara Lekhnath Metropolitan City-19",,other,Landslide,2025-07-19,Gandaki,Kaski,Pokhara,19,,0,0,0,0,0,0,0,0,0,0,0,0,0,0,0,0,0,0,0,0,0
Yes,"Landslide at Siddhababa , Mathagadhi Rural Municipality-1",,other,Landslide,2025-07-19,Lumbini,Palpa,Mathagadhi,1,,0,0,0,0,0,0,0,0,0,0,0,0,0,0,0,0,0,0,0,0,0
Yes,"Landslide at Thamthum , Phidim Municipality-11",,other,Landslide,2025-07-19,Koshi,Panchthar,Phidim,11,,0,0,0,0,0,0,0,0,0,0,0,0,0,0,0,0,0,0,0,0,0
Yes,"Landslide at Satyerupa , Phidim Municipality-11",,other,Landslide,2025-07-19,Koshi,Panchthar,Phidim,11,,0,0,0,0,0,1,0,0,0,0,0,0,0,0,0,0,0,0,0,0,0
Yes,"Landslide at Muwa River , Phidim Municipality-11",,other,Landslide,2025-07-19,Koshi,Panchthar,Phidim,11,,0,0,0,0,0,0,0,0,0,0,0,0,0,0,0,0,0,0,0,0,0
Yes,"Landslide at Parigaau , Sani Bheri Rural Municipality-11",,other,Landslide,2025-07-19,Karnali,Rukum West,Sanibheri,11,,0,0,0,0,1,0,0,0,0,0,0,0,0,0,0,0,0,0,0,0,0
Yes,Landslide at Banfikot Rural Municipality-4,,other,Landslide,2025-07-19,Karnali,Rukum West,Banphikot,4,,0,0,0,0,0,0,0,0,0,0,0,0,0,0,0,0,0,0,0,0,0
Yes,Landslide at Banfikot Rural Municipality-6,,other,Landslide,2025-07-19,Karnali,Rukum West,Banphikot,6,,0,0,0,0,0,0,0,0,0,0,0,0,0,0,0,0,0,0,0,0,0
Yes,Landslide at Annapurna Rural Municipality-8,,other,Landslide,2025-07-18,Gandaki,Kaski,Annapurna,8,,0,0,1,1,0,0,0,0,0,0,0,0,0,0,0,0,2,1,1,0,0
Yes,Landslide at Illam Municipality-12,,other,Landslide,2025-07-18,Koshi,Ilam,Ilam,12,,0,0,0,0,1,0,0,0,0,0,0,0,0,0,0,0,0,0,0,0,0
Yes,Landslide at Illam Municipality-12,,other,Landslide,2025-07-18,Koshi,Ilam,Ilam,12,,0,0,0,0,1,0,0,0,0,0,0,0,0,0,0,0,0,0,0,0,0
Yes,Landslide at Balefi Rural Municipality-6,,other,Landslide,2025-07-18,Bagmati,Sindhupalchok,Balephi,6,,0,0,0,0,1,0,0,0,0,0,0,0,0,0,0,0,0,0,0,0,0
Yes,"Landslide at Chauthikot , Pachaljharana Rural Municipality-3",,other,Landslide,2025-07-17,Karnali,Kalikot,Pachaljharana,3,,0,0,0,0,0,0,0,0,0,0,0,0,0,0,0,0,0,0,0,0,0
Yes,"Landslide at Chauthikot , Pachaljharana Rural Municipality-3",,other,Landslide,2025-07-17,Karnali,Kalikot,Pachaljharana,3,,0,0,0,0,0,0,0,0,0,0,0,0,0,0,0,0,1,1,0,0,0
Yes,"Landslide at Martadi , Gaumul Rural Municipality-1",,other,Landslide,2025-07-16,Sudurpashchim,Bajura,Gaumul,1,,0,0,0,0,0,0,0,0,0,0,0,0,0,0,0,0,0,0,0,0,0
Yes,"Landslide at Baaun Gaau , Gaumul Rural Municipality-1",,other,Landslide,2025-07-16,Sudurpashchim,Bajura,Gaumul,1,,0,0,0,0,0,0,0,0,0,0,0,0,0,0,0,0,0,0,0,0,0
Yes,"Landslide at Bhasgaau , Konjyosom Rural Municipality-4",,other,Landslide,2025-07-16,Bagmati,Lalitpur,Konjyosom,4,,0,0,0,0,0,1,0,0,0,0,0,0,0,0,0,0,0,0,0,0,0
Yes,"Landslide at Hurhure - Sanima Hydropower Company Road , Bigu Rural Municipality-1",,other,Landslide,2025-07-15,Bagmati,Dolakha,Bigu,1,,0,0,0,0,0,0,1,1,0,0,0,0,0,0,0,0,2,2,0,0,0
Yes,Landslide at Marsyangdi Rural Municipality-7,,other,Landslide,2025-07-15,Gandaki,Lamjung,Marsyangdi,7,,0,0,0,0,0,0,0,0,0,0,0,0,0,0,0,0,0,0,0,0,0
Yes,"Landslide at Dana , Raghuganga Rural Municipality-8",,other,Landslide,2025-07-15,Gandaki,Myagdi,Raghuganga,8,,0,0,0,0,0,0,1,0,0,1,0,0,0,0,0,0,0,0,0,0,0
Yes,Landslide at Rawa Besi Rural Municipality-2,,other,Landslide,2025-07-14,Koshi,Khotang,Rawa Besi,2,,0,0,0,0,0,0,0,0,0,0,0,0,0,0,0,0,0,0,0,0,0
Yes,Landslide at Gokulganga Rural Municipality-4,,other,Landslide,2025-07-14,Bagmati,Ramechhap,Gokulganga,4,,0,0,0,0,0,0,0,0,0,0,0,0,0,0,0,0,0,0,0,0,0
Yes,Landslide at Gokulganga Rural Municipality-4,,other,Landslide,2025-07-14,Bagmati,Ramechhap,Gokulganga,4,,0,0,0,0,0,1,0,0,0,0,0,0,0,0,0,0,0,0,0,0,0
Yes,"Landslide at Tallopaku , Bhumekasthan Municipality-10",,other,Landslide,2025-07-14,Lumbini,Arghakhanchi,Bhumikasthan,10,,0,0,0,0,0,0,2,1,1,0,0,0,0,0,0,0,0,0,0,0,0
Yes,"Landslide at Seguwa , Phaktanglung Rural Municipality-6",,nepal_police,Landslide,2025-07-13,Koshi,Taplejung,Phaktanglung,6,70000,0,0,0,0,0,0,0,0,0,0,0,0,0,0,0,0,0,0,0,0,0
Yes,"Landslide at Trafic choke, Putalibazar Municipality-1",,nepal_police,Landslide,2025-07-12,Gandaki,Syangja,Putalibazar,1,,0,0,0,0,0,0,0,0,0,0,0,0,0,0,0,0,0,0,0,0,0
Yes,Landslide at Phidim Municipality-11,,nepal_police,Landslide,2025-07-12,Koshi,Panchthar,Phidim,11,,0,0,0,0,0,0,0,0,0,0,0,0,0,0,0,0,0,0,0,0,0
Yes,"Landslide at Mahalakshmi , Makawanpurgadhi Rural Municipality-5",,nepal_police,Landslide,2025-07-10,Bagmati,Makwanpur,Makawanpurgadhi,5,,0,0,0,0,0,0,0,0,0,0,0,0,0,0,0,0,0,0,0,0,0
Yes,"Landslide at Sanjen River Hydroelectricity Project , Gosaikunda Rural Municipality-4",,nepal_police,Landslide,2025-07-10,Bagmati,Rasuwa,Gosaikunda,4,,0,0,0,0,0,0,0,0,0,0,0,0,0,0,0,0,0,0,0,0,0
Yes,"Landslide at Mahalaxmi, Makawanpurgadhi Rural Municipality-5",,other,Landslide,2025-07-10,Bagmati,Makwanpur,Makawanpurgadhi,5,,0,0,0,0,0,0,0,0,0,0,0,0,0,0,0,0,1,1,0,0,0
Yes,Landslide at Putha Uttarganga Rural Municipality-14,,nepal_police,Landslide,2025-07-09,Lumbini,Rukum East,Putha Uttarganga,14,,0,0,0,0,0,0,0,0,0,0,0,0,0,0,0,0,0,0,0,0,0
Yes,"Landslide at Rawa, Molung Rural Municipality-1",,nepal_police,Landslide,2025-07-09,Koshi,Okhaldhunga,Molung,1,,0,0,0,0,0,0,0,0,0,0,0,0,0,0,0,0,0,0,0,0,0
Yes,"Landslide at Pakhagaau , Dupcheshwar Rural Municipality-4",,nepal_police,Landslide,2025-07-09,Bagmati,Nuwakot,Dupcheshwar,4,150000,0,0,1,1,0,0,0,0,0,0,0,0,0,0,0,0,0,0,0,0,0
Yes,Landslide at Jugal Rural Municipality-2,,nepal_police,Landslide,2025-07-08,Bagmati,Sindhupalchok,Jugal,2,,0,0,0,0,0,0,0,0,0,0,0,0,0,0,0,0,0,0,0,0,0
Yes,"Landslide at Lupsi para, Malika Rural Municipality-2",,nepal_police,Landslide,2025-07-08,Gandaki,Myagdi,Malika,2,,0,0,0,0,0,0,1,1,0,0,0,0,0,0,0,0,0,0,0,0,0
Yes,"Landslide at Ghumaune , Namobuddha Municipality-7",,nepal_police,Landslide,2025-07-08,Bagmati,Kavrepalanchok,Namobuddha,7,,0,0,0,0,0,0,0,0,0,0,0,0,0,0,0,0,0,0,0,0,0
Yes,Landslide at Surnaya Rural Municipality-5,,nepal_police,Landslide,2025-07-08,Sudurpashchim,Baitadi,Surnaya,5,,0,0,0,0,0,0,0,0,0,0,0,0,0,0,0,0,0,0,0,0,0
Yes,Landslide at Banfikot Rural Municipality-6,,nepal_police,Landslide,2025-07-08,Karnali,Rukum West,Banphikot,6,,0,0,0,0,1,0,0,0,0,0,0,0,0,0,0,0,0,0,0,0,0
Yes,"Landslide at Tharkate , Banfikot Rural Municipality-2",,nepal_police,Landslide,2025-07-08,Karnali,Rukum West,Banphikot,2,,0,0,0,0,1,0,0,0,0,0,0,0,0,0,0,0,0,0,0,0,0
Yes,Landslide at Malika Rural Municipality-2,,nepal_police,Landslide,2025-07-08,Gandaki,Myagdi,Malika,2,,0,0,0,0,0,0,0,0,0,0,0,0,0,0,0,0,0,0,0,0,0
Yes,"Landslide at Mauribhir , Dhorpatan Municipality-4",,nepal_police,Landslide,2025-07-08,Gandaki,Baglung,Dhorpatan,4,,0,0,0,0,0,6,0,0,0,0,0,0,0,0,0,0,0,0,0,0,0
Yes,"Landslide at Uri , Annapurna Rural Municipality-11",,nepal_police,Landslide,2025-07-08,Gandaki,Kaski,Annapurna,11,,0,0,0,0,1,0,0,0,0,0,0,0,0,0,0,0,0,0,0,0,0
Yes,"Landslide at Okharbote , Bhojpur Municipality-11",,nepal_police,Landslide,2025-07-08,Koshi,Bhojpur,Bhojpur,11,225000,0,0,0,0,0,0,0,0,0,0,0,0,0,0,0,0,0,0,0,0,0
Yes,"Landslide at Matel , Bhojpur Municipality-11",,nepal_police,Landslide,2025-07-08,Koshi,Bhojpur,Bhojpur,11,150000,0,0,0,0,0,0,0,0,0,0,0,0,0,0,0,0,0,0,0,0,0
Yes,Landslide at Mathagadhi Rural Municipality-1,,nepal_police,Landslide,2025-07-07,Lumbini,Palpa,Mathagadhi,1,,0,0,0,0,0,0,1,1,0,0,0,0,0,0,0,0,1,0,1,0,0
Yes,"Landslide at Paiyabara , Banfikot Rural Municipality-6",,nepal_police,Landslide,2025-07-07,Karnali,Rukum West,Banphikot,6,,0,0,1,1,0,0,0,0,0,0,0,0,0,0,0,0,0,0,0,0,0
Yes,Landslide at Mangalsen Municipality-6,,nepal_police,Landslide,2025-07-07,Sudurpashchim,Achham,Mangalsen,6,,0,0,0,0,2,0,0,0,0,0,0,0,0,0,0,0,0,0,0,0,0
Yes,"Landslide at Pasikhel , Kageshwori Manahora Municipality-9",,nepal_police,Landslide,2025-07-07,Bagmati,Kathmandu,Kageshwori Manahora,9,,0,0,0,0,0,0,0,0,0,0,0,0,0,0,0,0,0,0,0,0,0
Yes,Landslide at Rolpa Municipality-10,,nepal_police,Landslide,2025-07-07,Lumbini,Rolpa,Rolpa,10,,0,0,0,0,0,0,0,0,0,0,0,0,0,0,0,0,0,0,0,0,0
Yes,"Landslide at Solarghar , Chisankhugadhi Rural Municipality-7",,nepal_police,Landslide,2025-07-07,Koshi,Okhaldhunga,Chisankhugadhi,7,,0,0,0,0,0,0,0,0,0,0,0,0,0,0,0,0,0,0,0,0,0
Yes,Landslide at Bungal Municipality-8,,nepal_police,Landslide,2025-07-06,Sudurpashchim,Bajhang,Bungal,8,,0,0,0,0,1,0,0,0,0,0,0,0,0,0,0,0,0,0,0,0,0
Yes,"Landslide at Thulobager, Annapurna Rural Municipality-2",,nepal_police,Landslide,2025-07-05,Gandaki,Myagdi,Annapurna,2,,0,0,0,0,0,0,0,0,0,0,0,0,0,0,0,0,0,0,0,0,0
Yes,Landslide at Banepa Municipality-3,,other,Landslide,2025-07-04,Bagmati,Kavrepalanchok,Banepa,3,,0,0,0,0,0,0,0,0,0,0,0,0,0,0,0,0,0,0,0,0,0
Yes,"Landslide at Dadgau, Shivapuri Rural Municipality-7",,nepal_police,Landslide,2025-07-04,Bagmati,Nuwakot,Shivapuri,7,,0,0,0,0,0,0,0,0,0,0,0,0,0,0,0,0,1,1,0,0,0
Yes,"Landslide at Tallograng, Kalika Rural Municipality-1",,nepal_police,Landslide,2025-07-04,Bagmati,Rasuwa,Kalika,1,25000,0,0,1,1,0,0,0,0,0,0,0,0,0,0,0,0,0,0,0,0,0
Yes,"Landslide at Timure, Lisangkhu Pakhar Rural Municipality-7",,other,Landslide,2025-07-03,Bagmati,Sindhupalchok,Lisangkhu Pakhar,7,,0,0,0,0,0,0,0,0,0,0,0,0,0,0,0,0,0,0,0,0,0
Yes,"Landslide at Phalate , Suryagadhi Rural Municipality-3",,other,Landslide,2025-07-03,Bagmati,Nuwakot,Suryagadhi,3,,0,0,0,0,2,0,0,0,0,0,0,0,0,0,0,0,0,0,0,0,0
Yes,"Landslide at Tarapani , Khatyad Rural Municipality-5",,other,Landslide,2025-07-03,Karnali,Mugu,Khatyad,5,,0,0,0,0,0,0,1,0,1,0,0,0,0,0,0,0,0,0,0,0,0
Yes,"Landslide at Bhorle , Neelakantha Municipality-13",,other,Landslide,2025-07-03,Bagmati,Dhading,Neelakantha,13,,0,0,0,0,0,0,0,0,0,0,0,0,0,0,0,0,0,0,0,0,0
Yes,"Landslide at Devighat , Bidur Municipality-5",,other,Landslide,2025-07-03,Bagmati,Nuwakot,Bidur,5,,0,0,0,0,0,0,0,0,0,0,0,0,0,0,0,0,0,0,0,0,0
Yes,"Landslide at Bogatitar, Uttargaya Rural Municipality-5",,nepal_police,Landslide,2025-07-02,Bagmati,Rasuwa,Uttargaya,5,,0,0,0,0,0,0,0,0,0,0,0,0,0,0,0,0,0,0,0,0,0
Yes,"Landslide at Dandaparajul, Dungeshwor Rural Municipality-5",,nepal_police,Landslide,2025-07-02,Karnali,Dailekh,Dungeshwor,5,,0,0,0,0,0,0,0,0,0,0,0,0,0,0,0,0,0,0,0,0,0
Yes,Landslide at Kuse Rural Municipality-3,,nepal_police,Landslide,2025-07-02,Karnali,Jajarkot,Kushe,3,,0,0,0,0,0,0,2,0,0,2,0,0,0,0,0,0,0,0,0,0,0
Yes,Landslide at Sani Bheri Rural Municipality-11,,other,Landslide,2025-07-02,Karnali,Rukum West,Sanibheri,11,,0,0,0,0,0,0,0,0,0,0,0,0,0,0,0,0,0,0,0,0,0
Yes,"Landslide at Syaule , Chautara SangachokGadhi Municipality-1",,other,Landslide,2025-07-02,Bagmati,Sindhupalchok,Chautara Sangachokgadhi,1,,0,0,0,0,0,0,0,0,0,0,0,0,0,0,0,0,0,0,0,0,0
Yes,"Landslide at Dablyang, Baglung Municipality-10",,nepal_police,Landslide,2025-07-01,Gandaki,Baglung,Baglung,10,,0,0,0,0,0,0,0,0,0,0,0,0,0,0,0,0,0,0,0,0,0
Yes,"Landslide at Pairadi, Talkot Rural Municipality-1",,nepal_police,Landslide,2025-07-01,Sudurpashchim,Bajhang,Talkot,1,,0,0,0,0,0,4,0,0,0,0,0,0,0,0,0,0,0,0,0,0,0
Yes,"Landslide at Menisauna, Madane Rural Municipality-4",,nepal_police,Landslide,2025-07-01,Lumbini,Gulmi,Madane,4,,0,0,1,1,0,0,0,0,0,0,0,0,0,0,0,0,0,0,0,0,0
Yes,"Landslide at Khirlabote, Sidingba Rural Municipality-2",,nepal_police,Landslide,2025-07-01,Koshi,Taplejung,Sidingba,2,,0,0,0,0,1,0,0,0,0,0,0,0,0,0,0,0,1,0,1,0,0
Yes,"Landslide at Chadani Chowk , Mahabu Rural Municipality-2",,nepal_police,Landslide,2025-06-30,Karnali,Dailekh,Mahabu,2,150000,0,0,0,0,0,2,0,0,0,0,0,0,0,0,0,0,0,0,0,0,0
Yes,Landslide at Surnaya Rural Municipality-5,,nepal_police,Landslide,2025-06-30,Sudurpashchim,Baitadi,Surnaya,5,,0,0,0,0,0,0,0,0,0,0,0,0,0,0,0,0,0,0,0,0,0
Yes,Landslide at Chhayanath Rara Municipality-12,,other,Landslide,2025-06-30,Karnali,Mugu,Chhayanath Rara,12,,0,0,0,0,0,0,0,0,0,0,0,0,0,0,0,0,0,0,0,0,0
Yes,Landslide at Pachaljharana Rural Municipality-3,,other,Landslide,2025-06-29,Karnali,Kalikot,Pachaljharana,3,,0,0,0,0,0,0,0,0,0,0,0,0,0,0,0,0,0,0,0,0,0
Yes,"Landslide at Gora Gaau , Purchaudi Municipality-10",,nepal_police,Landslide,2025-06-29,Sudurpashchim,Baitadi,Purchaudi,10,,0,0,0,0,0,0,0,0,0,0,0,0,0,0,0,0,0,0,0,0,0
Yes,Landslide at Bhimdatta Municipality-15,,nepal_police,Landslide,2025-06-29,Sudurpashchim,Kanchanpur,Bhimdatta,15,72700,0,0,0,0,0,0,0,0,0,0,0,0,0,0,0,0,0,0,0,0,0
Yes,Landslide at Shikhar Municipality-2,,nepal_police,Landslide,2025-06-29,Sudurpashchim,Doti,Shikhar,2,50000,0,0,0,0,0,0,0,0,0,0,0,0,0,0,0,0,0,0,0,0,0
Yes,Landslide at Resunga Municipality-14,,nepal_police,Landslide,2025-06-29,Lumbini,Gulmi,Resunga,14,,0,0,0,0,0,0,0,0,0,0,0,0,0,0,0,0,0,0,0,0,0
Yes,Landslide at Banfikot Rural Municipality-6,,nepal_police,Landslide,2025-06-29,Karnali,Rukum West,Banphikot,6,,0,0,0,0,0,0,0,0,0,0,0,0,0,0,0,0,0,0,0,0,0
Yes,Landslide at Surnaya Rural Municipality-5,,nepal_police,Landslide,2025-06-29,Sudurpashchim,Baitadi,Surnaya,5,,0,0,0,0,0,0,0,0,0,0,0,0,0,0,0,0,0,0,0,0,0
Yes,"Landslide at Akhate , Rolpa Municipality-10",,other,Landslide,2025-06-28,Lumbini,Rolpa,Rolpa,10,,0,0,0,0,0,0,0,0,0,0,0,0,0,0,0,0,0,0,0,0,0
Yes,Landslide at Surnaya Rural Municipality-5,,other,Landslide,2025-06-28,Sudurpashchim,Baitadi,Surnaya,5,,0,0,0,0,0,0,0,0,0,0,0,0,0,0,0,0,0,0,0,0,0
Yes,Landslide at Resunga Municipality-14,,nepal_police,Landslide,2025-06-28,Lumbini,Gulmi,Resunga,14,,0,0,0,0,0,0,0,0,0,0,0,0,0,0,0,0,0,0,0,0,0
Yes,"Landslide at Simbandi, Naukunda Rural Municipality-1",,nepal_police,Landslide,2025-06-27,Bagmati,Rasuwa,Naukunda,1,700000,0,0,0,0,0,4,0,0,0,0,0,0,0,0,0,0,0,0,0,0,0
Yes,"Landslide at Lipna, Bedkot Municipality-4",,nepal_police,Landslide,2025-06-27,Sudurpashchim,Kanchanpur,Bedkot,4,,0,0,0,0,0,0,0,0,0,0,0,0,0,0,0,0,0,0,0,0,0
Yes,"Landslide at Bhitti , Shey Phoksundo Rural Municipality-99",,other,Landslide,2025-06-26,Karnali,Dolpa,Shey Phoksundo,99,18400000,0,0,3,3,12,0,0,0,0,0,0,0,0,0,0,0,0,0,0,0,0
Yes,"Landslide at Guwatar , Phaktanglung Rural Municipality-6",,other,Landslide,2025-06-26,Koshi,Taplejung,Phaktanglung,6,,0,0,0,0,0,0,0,0,0,0,0,0,0,0,0,0,0,0,0,0,0
Yes,Landslide at Suryagadhi Rural Municipality-4,,other,Landslide,2025-06-26,Bagmati,Nuwakot,Suryagadhi,4,,0,0,0,0,0,5,0,0,0,0,0,0,0,0,0,0,0,0,0,0,0
Yes,Landslide at Kushma Municipality-10,,other,Landslide,2025-06-26,Gandaki,Parbat,Kushma,10,,0,0,0,0,0,0,0,0,0,0,0,0,0,0,0,0,0,0,0,0,0
Yes,Landslide at Shey Phoksundo Rural Municipality-99,,other,Landslide,2025-06-26,Karnali,Dolpa,Shey Phoksundo,99,,0,0,0,0,0,0,0,0,0,0,0,0,0,0,0,0,0,0,0,0,0
Yes,"Landslide at Lachyang , Gosaikunda Rural Municipality-4",,other,Landslide,2025-06-25,Bagmati,Rasuwa,Gosaikunda,4,370000,0,0,4,4,0,0,0,0,0,0,0,0,0,0,0,0,0,0,0,0,0
Yes,Landslide at Molung Rural Municipality-1,,nepal_police,Landslide,2025-06-23,Koshi,Okhaldhunga,Molung,1,,0,0,0,0,0,0,0,0,0,0,0,0,0,0,0,0,0,0,0,0,0
Yes,"Landslide at Pankhapani, Nechasalyan Rural Municipality-6",,nepal_police,Landslide,2025-06-23,Koshi,Solukhumbu,Nechasalyan,6,,0,0,0,0,0,0,0,0,0,0,0,0,0,0,0,0,0,0,0,0,0
Yes,"Landslide at Nuwakot , Rolpa Municipality-10",,nepal_police,Landslide,2025-06-23,Lumbini,Rolpa,Rolpa,10,,0,0,0,0,0,0,0,0,0,0,0,0,0,0,0,0,0,0,0,0,0
Yes,Landslide at Phidim Municipality-11,,nepal_police,Landslide,2025-06-23,Koshi,Panchthar,Phidim,11,,0,0,0,0,0,0,0,0,0,0,0,0,0,0,0,0,0,0,0,0,0
Yes,"Landslide at Kholagaau , Phidim Municipality-11",,nepal_police,Landslide,2025-06-23,Koshi,Panchthar,Phidim,11,10000,0,0,0,0,1,0,0,0,0,0,0,0,0,0,0,0,0,0,0,0,0
Yes,"Landslide at Siddhakali , Khandbari Municipality-7",,nepal_police,Landslide,2025-06-23,Koshi,Sankhuwasabha,Khandbari,7,,0,0,0,0,0,0,0,0,0,0,0,0,0,0,0,0,0,0,0,0,0
Yes,"Landslide at Phurke , Khumbupasanglahmu Rural Municipality-3",,other,Landslide,2025-06-23,Koshi,Solukhumbu,Khumbu Pasanglhamu,3,,0,0,0,0,0,0,0,0,0,0,0,0,0,0,0,0,0,0,0,0,0
Yes,Landslide at Mahakulung Rural Municipality-5,,other,Landslide,2025-06-23,Koshi,Solukhumbu,Mahakulung,5,,0,0,0,0,0,0,0,0,0,0,0,0,0,0,0,0,0,0,0,0,0
Yes,Landslide at Khandbari Municipality-7,,nepal_police,Landslide,2025-06-22,Koshi,Sankhuwasabha,Khandbari,7,,0,0,0,0,0,0,0,0,0,0,0,0,0,0,0,0,0,0,0,0,0
Yes,Landslide at Gokulganga Rural Municipality-4,,other,Landslide,2025-06-21,Bagmati,Ramechhap,Gokulganga,4,,0,0,0,0,0,2,0,0,0,0,0,0,0,0,0,0,0,0,0,0,0
Yes,"Landslide at Khimti , Bigu Rural Municipality-1",,other,Landslide,2025-06-21,Bagmati,Dolakha,Bigu,1,,0,0,0,0,0,0,0,0,0,0,0,0,0,0,0,0,0,0,0,0,0
Yes,Landslide at Netrawati Dabjong Rural Municipality-1,,other,Landslide,2025-06-21,Bagmati,Dhading,Netrawati Dabjong,1,,0,0,0,0,0,0,0,0,0,0,0,0,0,0,0,0,0,0,0,0,0
Yes,Landslide at Konjyosom Rural Municipality-4,,nepal_police,Landslide,2025-06-20,Bagmati,Lalitpur,Konjyosom,4,,0,0,0,0,0,0,0,0,0,0,0,0,0,0,0,0,0,0,0,0,0
Yes,Landslide at Bhumekasthan Municipality-7,,nepal_police,Landslide,2025-06-20,Lumbini,Arghakhanchi,Bhumikasthan,7,,0,0,0,0,0,0,0,0,0,0,0,0,0,0,0,0,0,0,0,0,0
Yes,Landslide at Gosaikunda Rural Municipality-4,,nepal_police,Landslide,2025-06-20,Bagmati,Rasuwa,Gosaikunda,4,,0,0,0,0,0,0,0,0,0,0,0,0,0,0,0,0,0,0,0,0,0
Yes,Landslide at Bigu Rural Municipality-1,,nepal_police,Landslide,2025-06-20,Bagmati,Dolakha,Bigu,1,,0,0,0,0,0,0,0,0,0,0,0,0,0,0,0,0,0,0,0,0,0
Yes,Landslide at Gokulganga Rural Municipality-4,,other,Landslide,2025-06-20,Bagmati,Ramechhap,Gokulganga,4,,0,0,0,0,0,0,0,0,0,0,0,0,0,0,0,0,1,0,1,0,0
Yes,"Landslide at Dhamidera , Apihimal Rural Municipality-6",,nepal_police,Landslide,2025-06-20,Sudurpashchim,Darchula,Apihimal,6,,0,0,0,0,0,0,0,0,0,0,0,0,0,0,0,0,0,0,0,0,0
Yes,"Landslide at Phadi, Changunarayan Municipality-6",,nepal_police,Landslide,2025-06-19,Bagmati,Bhaktapur,Changunarayan,6,600000,0,0,0,0,0,3,0,0,0,0,0,0,0,0,0,0,0,0,0,0,0
Yes,"Landslide at Batase Danda , Hupsekot Rural Municipality-4",,other,Landslide,2025-06-19,Gandaki,Nawalparasi East,Hupsekot,4,,0,0,0,0,0,0,0,0,0,0,0,0,0,0,0,0,0,0,0,0,0
Yes,"Landslide at Bhalebas , Tansen Municipality-8",,other,Landslide,2025-06-19,Lumbini,Palpa,Tansen,8,,0,0,0,0,0,0,0,0,0,0,0,0,0,0,0,0,0,0,0,0,0
Yes,Landslide at Sharada Municipality-9,,other,Landslide,2025-06-19,Karnali,Salyan,Sharada,9,,0,0,0,0,0,0,0,0,0,0,0,0,0,0,0,0,0,0,0,0,0
Yes,Landslide at Raghuganga Rural Municipality-8,,other,Landslide,2025-06-19,Gandaki,Myagdi,Raghuganga,8,,0,0,0,0,0,0,0,0,0,0,0,0,0,0,0,0,0,0,0,0,0
Yes,Landslide at Raghuganga Rural Municipality-8,,other,Landslide,2025-06-19,Gandaki,Myagdi,Raghuganga,8,,0,0,0,0,0,0,0,0,0,0,0,0,0,0,0,0,0,0,0,0,0
Yes,Landslide at Ghorahi Submetropolitan City-5,,other,Landslide,2025-06-19,Lumbini,Dang,Ghorahi,5,,0,0,0,0,0,0,0,0,0,0,0,0,0,0,0,0,0,0,0,0,0
Yes,"Landslide at Dhitung , Halesi Tuwachung Municipality-8",,other,Landslide,2025-06-19,Koshi,Khotang,Halesi Tuwachung,8,,0,0,0,0,0,0,0,0,0,0,0,0,0,0,0,0,0,0,0,0,0
Yes,"Landslide at Khilang, Madi Rural Municipality-1",,other,Landslide,2025-06-19,Gandaki,Kaski,Madi,1,,0,0,0,0,0,0,0,0,0,0,0,0,0,0,0,0,0,0,0,0,0
Yes,"Landslide at Sisne, Chandrakot Rural Municipality-7",,other,Landslide,2025-06-19,Lumbini,Gulmi,Chandrakot,7,,0,0,0,0,0,0,0,0,0,0,0,0,0,0,0,0,0,0,0,0,0
Yes,Landslide at Sitganga Municipality-13,,other,Landslide,2025-06-19,Lumbini,Arghakhanchi,Sitganga,13,,0,0,1,1,0,0,0,0,0,0,0,0,0,0,0,0,0,0,0,0,0
Yes,Landslide at Machhapuchchhre Rural Municipality-2,,nepal_police,Landslide,2025-06-19,Gandaki,Kaski,Machhapuchchhre,2,100000,0,0,0,0,0,0,0,0,0,0,0,0,0,0,0,0,0,0,0,0,0
Yes,"Landslide at Sedi, Pokhara Lekhnath Metropolitan City-18",,other,Landslide,2025-06-19,Gandaki,Kaski,Pokhara,18,,0,0,0,0,0,0,0,0,0,0,0,0,0,0,0,0,0,0,0,0,0
Yes,"Landslide at Tuinkhola , Bharatpur Metropolitan City-14",,nepal_police,Landslide,2025-06-18,Bagmati,Chitwan,Bharatpur,14,,0,0,0,0,0,0,0,0,0,0,0,0,0,0,0,0,0,0,0,0,0
Yes,"Landslide at Bhandareghat , Halesi Tuwachung Municipality-11",,nepal_police,Landslide,2025-06-18,Koshi,Khotang,Halesi Tuwachung,11,,0,0,0,0,0,0,0,0,0,0,0,0,0,0,0,0,0,0,0,0,0
Yes,"Landslide at Rupse, Raghuganga Rural Municipality-8",,nepal_police,Landslide,2025-06-18,Gandaki,Myagdi,Raghuganga,8,,0,0,0,0,0,0,0,0,0,0,0,0,0,0,0,0,0,0,0,0,0
Yes,"Landslide at Tekermash, Nechasalyan Rural Municipality-6",,nepal_police,Landslide,2025-06-18,Koshi,Solukhumbu,Nechasalyan,6,,0,0,0,0,0,0,0,0,0,0,0,0,0,0,0,0,0,0,0,0,0
Yes,"Landslide at Bhattedanda , Konjyosom Rural Municipality-4",,other,Landslide,2025-06-18,Bagmati,Lalitpur,Konjyosom,4,,0,0,0,0,0,0,0,0,0,0,0,0,0,0,0,0,0,0,0,0,0
Yes,Landslide at Makawanpurgadhi Rural Municipality-5,,other,Landslide,2025-06-18,Bagmati,Makwanpur,Makawanpurgadhi,5,,0,0,0,0,0,0,0,0,0,0,0,0,0,0,0,0,0,0,0,0,0
Yes,"Landslide at Chorkhola , Sharada Municipality-9",,other,Landslide,2025-06-18,Karnali,Salyan,Sharada,9,,0,0,0,0,0,0,0,0,0,0,0,0,0,0,0,0,0,0,0,0,0
Yes,Landslide at Gosaikunda Rural Municipality-4,,other,Landslide,2025-06-18,Bagmati,Rasuwa,Gosaikunda,4,100000,0,0,0,0,1,0,0,0,0,0,0,0,0,0,0,0,0,0,0,0,0
Yes,Landslide at Paribartan Rural Municipality-1,,other,Landslide,2025-06-18,Lumbini,Rolpa,Paribartan,1,,0,0,0,0,0,0,0,0,0,0,0,0,0,0,0,0,0,0,0,0,0
Yes,Landslide at Resunga Municipality-14,,other,Landslide,2025-06-18,Lumbini,Gulmi,Resunga,14,,0,0,0,0,1,0,0,0,0,0,0,0,0,0,0,0,0,0,0,0,0
Yes,Landslide at Molung Rural Municipality-1,,nepal_police,Landslide,2025-06-18,Koshi,Okhaldhunga,Molung,1,,0,0,0,0,2,0,0,0,0,0,0,0,0,0,0,0,0,0,0,0,0
Yes,Landslide at Katari Municipality-8,,nepal_police,Landslide,2025-06-17,Koshi,Udayapur,Katari,8,,0,0,0,0,0,0,0,0,0,0,0,0,0,0,0,0,0,0,0,0,0
Yes,Landslide at Halesi Tuwachung Municipality-11,,nepal_police,Landslide,2025-06-17,Koshi,Khotang,Halesi Tuwachung,11,,0,0,0,0,0,0,0,0,0,0,0,0,0,0,0,0,0,0,0,0,0
Yes,Landslide at Marsyangdi Rural Municipality-7,,nepal_police,Landslide,2025-06-17,Gandaki,Lamjung,Marsyangdi,7,,0,0,0,0,0,0,0,0,0,0,0,0,0,0,0,0,0,0,0,0,0
Yes,Landslide at Siddhicharan Municipality-10,,nepal_police,Landslide,2025-06-17,Koshi,Okhaldhunga,Siddhicharan,10,,0,0,0,0,0,0,0,0,0,0,0,0,0,0,0,0,0,0,0,0,0
Yes,"Landslide at Liping Bajar , Bhotekoshi Rural Municipality-2",,nepal_police,Landslide,2025-06-17,Bagmati,Sindhupalchok,Bhotekoshi,2,1145000,0,0,1,1,2,0,0,0,0,0,0,0,0,0,0,0,0,0,0,0,0
Yes,"Landslide at Phuli River , Rolpa Municipality-10",,nepal_police,Landslide,2025-06-17,Lumbini,Rolpa,Rolpa,10,,0,0,0,0,0,0,0,0,0,0,0,0,0,0,0,0,0,0,0,0,0
Yes,Landslide at Apihimal Rural Municipality-6,,other,Landslide,2025-06-16,Sudurpashchim,Darchula,Apihimal,6,,0,0,0,0,0,0,0,0,0,0,0,0,0,0,0,0,0,0,0,0,0
Yes,"Landslide at Bayakata , Halesi Tuwachung Municipality-11",,other,Landslide,2025-06-16,Koshi,Khotang,Halesi Tuwachung,11,,0,0,0,0,0,0,0,0,0,0,0,0,0,0,0,0,0,0,0,0,0
Yes,Landslide at Ichchhyakamana Rural Municipality-5,,other,Landslide,2025-06-16,Bagmati,Chitwan,Ichchhakamana,5,,0,0,0,0,0,0,0,0,0,0,0,0,0,0,0,0,0,0,0,0,0
Yes,Landslide at Annapurna Rural Municipality-1,,nepal_police,Landslide,2025-06-16,Gandaki,Kaski,Annapurna,1,,0,0,0,0,0,0,0,0,0,0,0,0,0,0,0,0,0,0,0,0,0
Yes,"Landslide at swara, Pokhara Lekhnath Metropolitan City-22",,nepal_police,Landslide,2025-06-15,Gandaki,Kaski,Pokhara,22,,0,0,1,1,0,0,0,0,0,0,0,0,0,0,0,0,0,0,0,0,0
Yes,"Landslide at Mailung, Uttargaya Rural Municipality-1",,nepal_police,Landslide,2025-06-15,Bagmati,Rasuwa,Uttargaya,1,550000,0,0,0,0,3,0,0,0,0,0,0,0,0,0,0,0,0,0,0,0,0
Yes,Landslide at Pokhara Lekhnath Metropolitan City-26,,other,Landslide,2025-06-15,Gandaki,Kaski,Pokhara,26,,0,0,0,0,1,0,0,0,0,0,0,0,0,0,0,0,0,0,0,0,0
Yes,Landslide at Putha Uttarganga Rural Municipality-4,,other,Landslide,2025-06-15,Lumbini,Rukum East,Putha Uttarganga,4,,0,0,0,0,0,0,0,0,0,0,0,0,0,0,0,0,0,0,0,0,0
Yes,Landslide at Khandbari Municipality-7,,other,Landslide,2025-06-15,Koshi,Sankhuwasabha,Khandbari,7,,0,0,0,0,0,0,0,0,0,0,0,0,0,0,0,0,0,0,0,0,0
Yes,"Landslide at Lamphajung , Dhankuta Municipality-2",,other,Landslide,2025-06-14,Koshi,Dhankuta,Dhankuta,2,,0,0,0,0,0,0,0,0,0,0,0,0,0,0,0,0,0,0,0,0,0
Yes,Landslide at Makawanpurgadhi Rural Municipality-5,,other,Landslide,2025-06-14,Bagmati,Makwanpur,Makawanpurgadhi,5,,0,0,0,0,0,0,0,0,0,0,0,0,0,0,0,0,0,0,0,0,0
Yes,"Landslide at Chhapeli , Konjyosom Rural Municipality-4",,other,Landslide,2025-06-14,Bagmati,Lalitpur,Konjyosom,4,,0,0,0,0,0,0,0,0,0,0,0,0,0,0,0,0,0,0,0,0,0
Yes,"Landslide at Bijule, Halesi Tuwachung Municipality-10",,nepal_police,Landslide,2025-06-14,Koshi,Khotang,Halesi Tuwachung,10,110000,0,0,0,0,0,0,0,0,0,0,0,0,0,0,0,0,0,0,0,0,0
Yes,"Landslide at Sidar, Bhagawatimai Rural Municipality-2",,nepal_police,Landslide,2025-06-14,Karnali,Dailekh,Bhagawatimai,2,60000,0,0,0,0,0,0,0,0,0,0,0,0,0,0,0,0,0,0,0,0,0
Yes,"Landslide at Gosdanda, Annapurna Rural Municipality-3",,nepal_police,Landslide,2025-06-14,Gandaki,Kaski,Annapurna,3,,0,0,0,0,2,0,0,0,0,0,0,0,0,0,0,0,0,0,0,0,0
Yes,Landslide at Shikhar Municipality-2,,other,Landslide,2025-06-11,Sudurpashchim,Doti,Shikhar,2,,0,0,0,0,0,0,0,0,0,0,0,0,0,0,0,0,0,0,0,0,0
Yes,Landslide at Pyuthan Municipality-7,,nepal_police,Landslide,2025-06-10,Lumbini,Pyuthan,Pyuthan,7,,0,0,0,0,0,0,0,0,0,0,0,0,0,0,0,0,0,0,0,0,0
Yes,Landslide at Bhumekasthan Municipality-7,,other,Landslide,2025-06-10,Lumbini,Arghakhanchi,Bhumikasthan,7,,0,0,0,0,0,0,0,0,0,0,0,0,0,0,0,0,0,0,0,0,0
Yes,"Landslide at Khahare River , Marsyangdi Rural Municipality-7",,other,Landslide,2025-06-10,Gandaki,Lamjung,Marsyangdi,7,,0,0,0,0,0,0,0,0,0,0,0,0,0,0,0,0,1,1,0,0,0
Yes,Landslide at Rautamai Rural Municipality-7,,nepal_police,Landslide,2025-06-05,Koshi,Udayapur,Rautamai,7,,0,0,0,0,0,0,0,0,0,0,0,0,0,0,0,0,0,0,0,0,0
Yes,Landslide at Bheri Municipality-11,,nepal_police,Landslide,2025-06-03,Karnali,Jajarkot,Bheri,11,,0,0,0,0,0,0,0,0,0,0,0,0,0,0,0,0,0,0,0,0,0
Yes,Landslide at Raghuganga Rural Municipality-8,,nepal_police,Landslide,2025-06-03,Gandaki,Myagdi,Raghuganga,8,,0,0,0,0,0,0,0,0,0,0,0,0,0,0,0,0,0,0,0,0,0
Yes,"Landslide at Subedi Gaau , Khandbari Municipality-7",,nepal_police,Landslide,2025-06-02,Koshi,Sankhuwasabha,Khandbari,7,,0,0,1,1,0,0,0,0,0,0,0,0,0,0,0,0,0,0,0,0,0
Yes,Landslide at Tyamkemaiyung Rural Municipality-1,,nepal_police,Landslide,2025-05-31,Koshi,Bhojpur,Temkemaiyung,1,,0,0,0,0,0,0,0,0,0,0,0,0,0,0,0,0,0,0,0,0,0
Yes,Landslide at Mai Municipality-1,,other,Landslide,2025-05-30,Koshi,Ilam,Mai,1,,0,0,0,0,0,0,0,0,0,0,0,0,0,0,0,0,0,0,0,0,0
Yes,Landslide at Sangurigadhi Rural Municipality-5,,other,Landslide,2025-05-30,Koshi,Dhankuta,Sangurigadhi,5,,0,0,0,0,0,0,0,0,0,0,0,0,0,0,0,0,0,0,0,0,0
Yes,Landslide at Sarumarani Rural Municipality-4,,other,Landslide,2025-05-28,Lumbini,Pyuthan,Sarumarani,4,,0,0,0,0,0,0,0,0,0,0,0,0,0,0,0,0,0,0,0,0,0
Yes,"Landslide at Rautgau, Bheri Municipality-10",,nepal_police,Landslide,2025-05-27,Karnali,Jajarkot,Bheri,10,,0,0,0,0,0,0,0,0,0,0,0,0,0,0,0,0,0,0,0,0,0
Yes,Landslide at Pyuthan Municipality-7,,nepal_police,Landslide,2025-05-25,Lumbini,Pyuthan,Pyuthan,7,,0,0,0,0,0,0,0,0,0,0,0,0,0,0,0,0,0,0,0,0,0
Yes,Landslide at Suryabinayak Municipality-10,,nepal_police,Landslide,2025-05-24,Bagmati,Bhaktapur,Suryabinayak,10,,0,0,0,0,0,0,0,0,0,0,0,0,0,0,0,0,1,1,0,0,0
Yes,Landslide at Kuse Rural Municipality-7,,nepal_police,Landslide,2025-05-23,Karnali,Jajarkot,Kushe,7,,0,0,0,0,0,0,0,0,0,0,0,0,0,0,0,0,0,0,0,0,0
Yes,Landslide at Raghuganga Rural Municipality-8,,nepal_police,Landslide,2025-05-22,Gandaki,Myagdi,Raghuganga,8,,0,0,0,0,0,0,0,0,0,0,0,0,0,0,0,0,0,0,0,0,0
Yes,Landslide at Netrawati Dabjong Rural Municipality-1,,nepal_police,Landslide,2025-05-19,Bagmati,Dhading,Netrawati Dabjong,1,,0,0,0,0,0,3,0,0,0,0,0,0,0,0,0,0,0,0,0,0,0
Yes,"Landslide at Maha Gaau , Mugum Karmarong Rural Municipality-7",,other,Landslide,2025-05-17,Karnali,Mugu,Mugum Karmarong,7,230000,0,0,0,0,0,12,0,0,0,0,0,0,0,0,0,0,0,0,0,0,0
Yes,Landslide at Chisankhugadhi Rural Municipality-5,,nepal_police,Landslide,2025-05-16,Koshi,Okhaldhunga,Chisankhugadhi,5,,0,0,0,0,0,0,0,0,0,0,0,0,0,0,0,0,0,0,0,0,0
Yes,Landslide at Bhirkot Municipality-8,,nepal_police,Landslide,2025-05-16,Gandaki,Syangja,Bhirkot,8,,0,0,0,0,0,0,0,0,0,0,0,0,0,0,0,0,0,0,0,0,0
Yes,"Landslide at Gauthali Bhir , Dhunibesi Municipality-1",,nepal_police,Landslide,2025-05-16,Bagmati,Dhading,Dhunibeshi,1,,0,0,0,0,0,0,0,0,0,0,0,0,0,0,0,0,1,1,0,0,0
Yes,Landslide at Simkot Rural Municipality-3,,other,Landslide,2025-05-15,Karnali,Humla,Simkot,3,,0,0,0,0,0,0,0,0,0,0,0,0,0,0,0,0,0,0,0,0,0
Yes,Landslide at Raghuganga Rural Municipality-8,,other,Landslide,2025-05-15,Gandaki,Myagdi,Raghuganga,8,,0,0,0,0,0,0,0,0,0,0,0,0,0,0,0,0,0,0,0,0,0
Yes,"Landslide at Guithevir, Annapurna Rural Municipality-3",,nepal_police,Landslide,2025-05-14,Gandaki,Myagdi,Annapurna,3,,0,0,0,0,0,0,0,0,0,0,0,0,0,0,0,0,0,0,0,0,0
Yes,Landslide at Rolpa Municipality-10,,nepal_police,Landslide,2025-05-11,Lumbini,Rolpa,Rolpa,10,,0,0,1,1,0,0,0,0,0,0,0,0,0,0,0,0,0,0,0,0,0
Yes,"Landslide at Rawat Gaau , Bheri Municipality-11",,nepal_police,Landslide,2025-05-09,Karnali,Jajarkot,Bheri,11,,0,0,0,0,0,0,0,0,0,0,0,0,0,0,0,0,0,0,0,0,0
Yes,"Landslide at Chorkhola , Kapurkot Rural Municipality-3",,nepal_police,Landslide,2025-05-06,Karnali,Salyan,Kapurkot,3,,0,0,0,0,0,0,0,0,0,0,0,0,0,0,0,0,0,0,0,0,0
Yes,Landslide at Rolpa Municipality-10,,nepal_police,Landslide,2025-05-04,Lumbini,Rolpa,Rolpa,10,,0,0,0,0,0,0,0,0,0,0,0,0,0,0,0,0,0,0,0,0,0
Yes,Landslide at Konjyosom Rural Municipality-4,,nepal_police,Landslide,2025-05-03,Bagmati,Lalitpur,Konjyosom,4,,0,0,0,0,0,0,0,0,0,0,0,0,0,0,0,0,0,0,0,0,0
Yes,Landslide at Rubi Valley Rural Municipality-4,,nepal_police,Landslide,2025-05-03,Bagmati,Dhading,Ruby Valley,4,,0,0,0,0,0,0,0,0,0,0,0,0,0,0,0,0,0,0,0,0,0
Yes,"Landslide at Hiude Khola , Hupsekot Rural Municipality-4",,nepal_police,Landslide,2025-05-02,Gandaki,Nawalparasi East,Hupsekot,4,,0,0,0,0,0,0,0,0,0,0,0,0,0,0,0,0,0,0,0,0,0
Yes,"Landslide at Sunargaau , Phungling Municipality-8",,nepal_police,Landslide,2025-05-01,Koshi,Taplejung,Phungling,8,,0,0,0,0,0,0,0,0,0,0,0,0,0,0,0,0,0,0,0,0,0
Yes,"Landslide at Khachha , Sarkegad Rural Municipality-1",,nepal_police,Landslide,2025-05-01,Karnali,Humla,Sarkegad,1,,0,0,0,0,0,0,0,0,0,0,0,0,0,0,0,0,0,0,0,0,0
Yes,"Landslide at Kaurini, Belkotgadhi Municipality-5",,nepal_police,Landslide,2025-04-30,Bagmati,Nuwakot,Belkotgadhi,5,,0,0,0,0,0,0,0,0,0,0,0,0,0,0,0,0,0,0,0,0,0
Yes,"Landslide at Khaccha, Sarkegad Rural Municipality-1",,nepal_police,Landslide,2025-04-29,Karnali,Humla,Sarkegad,1,,0,0,0,0,0,0,0,0,0,0,0,0,0,0,0,0,0,0,0,0,0
Yes,"Landslide at Khachha , Sarkegad Rural Municipality-1",,nepal_police,Landslide,2025-04-24,Karnali,Humla,Sarkegad,1,,0,0,0,0,0,0,0,0,0,0,0,0,0,0,0,0,0,0,0,0,0
Yes,"Landslide at Tharpubashi, Kakani Rural Municipality-7",,nepal_police,Landslide,2025-04-23,Bagmati,Nuwakot,Kakani,7,,0,0,0,0,0,0,0,0,0,0,0,0,0,0,0,0,0,0,0,0,0
Yes,"Landslide at Lumphajung, Sangurigadhi Rural Municipality-5",,nepal_police,Landslide,2025-04-23,Koshi,Dhankuta,Sangurigadhi,5,,0,0,0,0,0,0,0,0,0,0,0,0,0,0,0,0,0,0,0,0,0
Yes,"Landslide at Dharmaduar, Makalu Rural Municipality-3",,nepal_police,Landslide,2025-04-22,Koshi,Sankhuwasabha,Makalu,3,,0,0,0,0,0,0,0,0,0,0,0,0,0,0,0,0,0,0,0,0,0
Yes,Landslide at Aathabis Municipality-2,,nepal_police,Landslide,2025-04-18,Karnali,Dailekh,Aathabis,2,,0,0,0,0,0,0,0,0,0,0,0,0,0,0,0,0,0,0,0,0,0
Yes,Landslide at Apihimal Rural Municipality-6,,nepal_police,Landslide,2025-04-18,Sudurpashchim,Darchula,Apihimal,6,,0,0,0,0,0,0,0,0,0,0,0,0,0,0,0,0,0,0,0,0,0
Yes,Landslide at Simkot Rural Municipality-3,,nepal_police,Landslide,2025-04-18,Karnali,Humla,Simkot,3,,0,0,0,0,0,0,0,0,0,0,0,0,0,0,0,0,0,0,0,0,0
Yes,Landslide at Panchkhal Municipality-8,,nepal_police,Landslide,2025-04-16,Bagmati,Kavrepalanchok,Panchkhal,8,,0,0,0,0,0,0,0,0,0,0,0,0,0,0,0,0,0,0,0,0,0
Yes,Landslide at Adanchuli Rural Municipality-1,,nepal_police,Landslide,2025-04-16,Karnali,Humla,Adanchuli,1,,0,0,0,0,0,0,0,0,0,0,0,0,0,0,0,0,0,0,0,0,0
Yes,Landslide at Kapurkot Rural Municipality-3,,nepal_police,Landslide,2025-04-16,Karnali,Salyan,Kapurkot,3,,0,0,0,0,0,0,0,0,0,0,0,0,0,0,0,0,0,0,0,0,0
Yes,Landslide at Adanchuli Rural Municipality-3,,nepal_police,Landslide,2025-04-16,Karnali,Humla,Adanchuli,3,,0,0,0,0,0,27,0,0,0,0,0,0,0,0,0,0,0,0,0,0,0
Yes,"Landslide at Debung, Phungling Municipality-3",,nepal_police,Landslide,2025-04-12,Koshi,Taplejung,Phungling,3,,0,0,1,1,0,0,0,0,0,0,0,0,0,0,0,0,0,0,0,0,0
Yes,Landslide at Banfikot Rural Municipality-8,,nepal_police,Landslide,2025-04-09,Karnali,Rukum West,Banphikot,8,,0,0,0,0,0,0,0,0,0,0,0,0,0,0,0,0,0,0,0,0,0
Yes,"Landslide at Sisne , Aathabis Municipality-1",,nepal_police,Landslide,2025-04-09,Karnali,Dailekh,Aathabis,1,,0,0,0,0,0,0,0,0,0,0,0,0,0,0,0,0,0,0,0,0,0
Yes,"Landslide at Daunne , Binayee Tribeni Rural Municipality-2",,nepal_police,Landslide,2025-04-09,Gandaki,Nawalparasi East,Binayee Tribeni,2,,0,0,0,0,0,0,0,0,0,0,0,0,0,0,0,0,0,0,0,0,0
Yes,Landslide at Marsyangdi Rural Municipality-4,,nepal_police,Landslide,2025-03-23,Gandaki,Lamjung,Marsyangdi,4,,0,0,0,0,0,0,0,0,0,0,0,0,0,0,0,0,0,0,0,0,0
Yes,"Landslide at Odhare , Sangurigadhi Rural Municipality-5",,nepal_police,Landslide,2025-03-22,Koshi,Dhankuta,Sangurigadhi,5,,0,0,0,0,0,0,0,0,0,0,0,0,0,0,0,0,0,0,0,0,0
Yes,"Landslide at Dolphu, Mugum Karmarong Rural Municipality-1",,nepal_police,Landslide,2025-03-19,Karnali,Mugu,Mugum Karmarong,1,200000,0,0,0,0,1,0,0,0,0,0,0,0,0,0,0,0,0,0,0,0,0
Yes,"Landslide at Khani Than , Dhankuta Municipality-2",,nepal_police,Landslide,2025-03-18,Koshi,Dhankuta,Dhankuta,2,,0,0,0,0,0,0,0,0,0,0,0,0,0,0,0,0,0,0,0,0,0
Yes,Landslide at Ruru Rural Municipality-1,,nepal_police,Landslide,2025-03-11,Lumbini,Gulmi,Rurukshetra,1,,0,0,0,0,0,2,0,0,0,0,0,0,0,0,0,0,0,0,0,0,0
Yes,"Landslide at Luncha, Apihimal Rural Municipality-1",,nepal_police,Landslide,2025-03-02,Sudurpashchim,Darchula,Apihimal,1,,0,0,0,0,1,0,0,0,0,0,0,0,0,0,0,0,0,0,0,0,0
Yes,Landslide at Jagannath Rural Municipality-6,,nepal_police,Landslide,2025-03-01,Sudurpashchim,Bajura,Jagannath,6,,0,0,0,0,0,0,0,0,0,0,0,0,0,0,0,0,0,0,0,0,0
Yes,"Landslide at Taitukhola, Pachaljharana Rural Municipality-6",,nepal_police,Landslide,2025-02-28,Karnali,Kalikot,Pachaljharana,6,,0,0,0,0,0,0,0,0,0,0,0,0,0,0,0,0,0,0,0,0,0
Yes,"Landslide at Kanakot, Namobuddha Municipality-7",,other,Landslide,2025-02-26,Bagmati,Kavrepalanchok,Namobuddha,7,,0,0,0,0,0,0,1,1,0,0,0,0,0,0,0,0,0,0,0,0,0
Yes,Landslide at Bhotkhola Rural Municipality-4,,nepal_police,Landslide,2025-02-23,Koshi,Sankhuwasabha,Bhotkhola,4,,0,0,0,0,0,0,0,0,0,0,0,0,0,0,0,0,0,0,0,0,0
Yes,Landslide at Sangurigadhi Rural Municipality-5,,other,Landslide,2025-02-20,Koshi,Dhankuta,Sangurigadhi,5,,0,0,0,0,0,0,0,0,0,0,0,0,0,0,0,0,0,0,0,0,0
Yes,"Landslide at Ranikot , Putha Uttarganga Rural Municipality-4",,other,Landslide,2025-02-16,Lumbini,Rukum East,Putha Uttarganga,4,,0,0,0,0,0,0,0,0,0,0,0,0,0,0,0,0,0,0,0,0,0
Yes,Landslide at Kamalbazar Municipality-7,,other,Landslide,2025-02-08,Sudurpashchim,Achham,Kamalbazar,7,,0,0,0,0,0,0,1,1,0,0,0,0,0,0,0,0,1,1,0,0,0
Yes,Landslide at Simkot Rural Municipality-3,,other,Landslide,2025-02-07,Karnali,Humla,Simkot,3,,0,0,0,0,0,0,0,0,0,0,0,0,0,0,0,0,0,0,0,0,0
Yes,Landslide at Apihimal Rural Municipality-6,,nepal_police,Landslide,2025-01-23,Sudurpashchim,Darchula,Apihimal,6,,0,0,0,0,0,0,0,0,0,0,0,0,0,0,0,0,1,1,0,0,0
Yes,Landslide at Melamchi Municipality-11,,other,Landslide,2025-01-18,Bagmati,Sindhupalchok,Melamchi,11,,0,0,0,0,0,0,0,0,0,0,0,0,0,0,0,0,1,1,0,0,0
Yes,Landslide at Thakre Rural Municipality-7,,other,Landslide,2025-01-16,Bagmati,Dhading,Thakre,7,,0,0,0,0,0,0,0,0,0,0,0,0,0,0,0,0,0,0,0,0,0
Yes,Landslide at Sarkegad Rural Municipality-4,,other,Landslide,2025-01-09,Karnali,Humla,Sarkegad,4,,0,0,0,0,0,0,0,0,0,0,0,0,0,0,0,0,0,0,0,0,0
Yes,"Landslide at Phalitang, Arun Rural Municipality-5",,nepal_police,Landslide,2025-01-06,Koshi,Bhojpur,Arun,5,550000,0,0,0,0,0,0,0,0,0,0,0,0,0,0,0,0,0,0,0,0,0
Yes,Landslide at Swami Kartik Rural Municipality-4,,nepal_police,Landslide,2024-12-31,Sudurpashchim,Bajura,Swami Kartik,4,,0,0,0,0,0,0,0,0,0,0,0,0,0,0,0,0,0,0,0,0,0
Yes,"Landslide at Lumphabung , Phidim Municipality-9",,other,Landslide,2024-12-26,Koshi,Panchthar,Phidim,9,,0,0,0,0,0,0,0,0,0,0,0,0,0,0,0,0,1,1,0,0,0
Yes,"Landslide at Ratomate , Netrawati Dabjong Rural Municipality-1",,other,Landslide,2024-12-23,Bagmati,Dhading,Netrawati Dabjong,1,,0,0,0,0,0,0,0,0,0,0,0,0,0,0,0,0,0,0,0,0,0
Yes,Landslide at Palata Rural Municipality-7,,other,Landslide,2024-12-16,Karnali,Kalikot,Palata,7,,0,0,0,0,0,0,0,0,0,0,0,0,0,0,0,0,0,0,0,0,0
Yes,Landslide at Phaktanglung Rural Municipality-6,,other,Landslide,2024-12-16,Koshi,Taplejung,Phaktanglung,6,500000,0,0,0,0,0,0,0,0,0,0,0,0,0,0,0,0,0,0,0,0,0
Yes,"Landslide at Bahiri Gaam , Sunchhahari Rural Municipality-3",,other,Landslide,2024-11-30,Lumbini,Rolpa,Sunchhahari,3,,0,0,0,0,0,0,5,3,2,0,0,0,0,0,0,0,0,0,0,0,0
Yes,"Landslide at Pathlekhet, Dhulikhel Municipality-11",,nepal_police,Landslide,2024-11-03,Bagmati,Kavrepalanchok,Dhulikhel,11,,0,0,0,0,0,0,0,0,0,0,0,0,0,0,0,0,0,0,0,0,0
Yes,"Landslide at Gahiri Pakha , Phaktanglung Rural Municipality-6",,other,Landslide,2024-10-25,Koshi,Taplejung,Phaktanglung,6,,0,0,0,0,0,0,0,0,0,0,0,0,0,0,0,0,0,0,0,0,0
Yes,Landslide at Bigu Rural Municipality-1,,other,Landslide,2024-10-23,Bagmati,Dolakha,Bigu,1,,0,0,0,0,0,0,0,0,0,0,0,0,0,0,0,0,3,3,0,0,0
Yes,"Landslide at Morangedanda , Kamalamai Municipality-5",,other,Landslide,2024-10-16,Bagmati,Sindhuli,Kamalamai,5,,0,0,0,0,0,0,0,0,0,0,0,0,0,0,0,0,1,0,1,0,0
Yes,"Landslide at Merla , Halesi Tuwachung Municipality-11",,other,Landslide,2024-10-13,Koshi,Khotang,Halesi Tuwachung,11,,0,0,0,0,0,3,0,0,0,0,0,0,0,0,0,0,0,0,0,0,0
Yes,"Landslide at Marek , Dhankuta Municipality-2",,other,Landslide,2024-10-11,Koshi,Dhankuta,Dhankuta,2,,0,0,0,0,0,1,0,0,0,0,0,0,0,0,0,0,0,0,0,0,0
Yes,"Landslide at Satarka , Diktel Rupakot Majhuwagadhi Municipality-12",,other,Landslide,2024-10-07,Koshi,Khotang,Diktel Rupakot Majhuwagadhi,12,1000000,0,0,0,0,0,0,0,0,0,0,0,0,0,0,0,0,0,0,0,0,0
Yes,"Landslide at Kharbari Tole , Dhankuta Municipality-2",,other,Landslide,2024-10-05,Koshi,Dhankuta,Dhankuta,2,,0,0,0,0,2,0,0,0,0,0,0,0,0,0,0,0,0,0,0,0,0
Yes,Landslide at Illam Municipality-12,,nepal_police,Landslide,2024-10-04,Koshi,Ilam,Ilam,12,,0,0,0,0,0,0,0,0,0,0,0,0,0,0,0,0,0,0,0,0,0
Yes,"Landslide at Pyauli , Bhojpur Municipality-11",,nepal_police,Landslide,2024-10-03,Koshi,Bhojpur,Bhojpur,11,300000,0,0,0,0,0,0,0,0,0,0,0,0,0,0,0,0,0,0,0,0,0
Yes,"Landslide at Kopche , Molung Rural Municipality-1",,other,Landslide,2024-10-03,Koshi,Okhaldhunga,Molung,1,,0,0,0,0,0,0,0,0,0,0,0,0,0,0,0,0,0,0,0,0,0
Yes,Landslide at Makawanpurgadhi Rural Municipality-1,,nepal_police,Landslide,2024-10-02,Bagmati,Makwanpur,Makawanpurgadhi,1,,0,0,1,1,0,0,0,0,0,0,0,0,0,0,0,0,0,0,0,0,0
Yes,"Landslide at Peknasa , Nechasalyan Rural Municipality-6",,other,Landslide,2024-10-02,Koshi,Solukhumbu,Nechasalyan,6,,0,0,0,0,0,0,0,0,0,0,0,0,0,0,0,0,0,0,0,0,0
Yes,"Landslide at Peknasa , Nechasalyan Rural Municipality-6",,other,Landslide,2024-10-02,Koshi,Solukhumbu,Nechasalyan,6,,0,0,0,0,0,0,0,0,0,0,0,0,0,0,0,0,0,0,0,0,0
Yes,"Landslide at Timure , Gosaikunda Rural Municipality-4",,other,Landslide,2024-10-01,Bagmati,Rasuwa,Gosaikunda,4,,0,0,0,0,0,0,0,0,0,0,0,0,0,0,0,0,0,0,0,0,0
Yes,"Landslide at Thakle , Namobuddha Municipality-7",,other,Landslide,2024-10-01,Bagmati,Kavrepalanchok,Namobuddha,7,,0,0,0,0,0,0,0,0,0,0,0,0,0,0,0,0,1,1,0,0,0
Yes,"Landslide at Ekudole Nakedanda , Konjyosom Rural Municipality-4",,other,Landslide,2024-09-30,Bagmati,Lalitpur,Konjyosom,4,,0,0,0,0,0,0,1,1,0,0,0,0,0,0,0,0,0,0,0,0,0
Yes,"Landslide at Bakhreni , Kamalamai Municipality-5",,other,Landslide,2024-09-30,Bagmati,Sindhuli,Kamalamai,5,,0,0,0,0,0,0,1,0,1,0,0,0,0,0,0,0,0,0,0,0,0
Yes,Landslide at Illam Municipality-12,,nepal_police,Landslide,2024-09-30,Koshi,Ilam,Ilam,12,800000,0,0,1,1,0,0,0,0,0,0,0,0,0,0,0,0,0,0,0,0,0
Yes,"Landslide at Golkot , Namobuddha Municipality-7",,other,Landslide,2024-09-29,Bagmati,Kavrepalanchok,Namobuddha,7,,0,0,0,0,0,0,1,1,0,0,0,0,0,0,0,0,0,0,0,0,0
Yes,"Landslide at Khanigaau , Molung Rural Municipality-1",,other,Landslide,2024-09-29,Koshi,Okhaldhunga,Molung,1,,0,0,0,0,0,0,0,0,0,0,0,0,0,0,0,0,0,0,0,0,0
Yes,"Landslide at Ramtar , Kamalamai Municipality-5",,other,Landslide,2024-09-29,Bagmati,Sindhuli,Kamalamai,5,,0,0,0,0,0,0,0,0,0,0,0,0,0,0,0,0,1,1,0,0,0
Yes,"Landslide at Moktan Tole , Namobuddha Municipality-7",,other,Landslide,2024-09-28,Bagmati,Kavrepalanchok,Namobuddha,7,,0,0,0,0,0,0,1,1,0,0,0,0,0,0,0,0,0,0,0,0,0
Yes,"Landslide at Naichal , Bhaktapur Municipality-9",,other,Landslide,2024-09-28,Bagmati,Bhaktapur,Bhaktapur,9,,0,0,0,0,0,0,0,0,0,0,0,0,0,0,0,0,1,1,0,0,0
Yes,"Landslide at Salla Phedimulkhola , Namobuddha Municipality-7",,other,Landslide,2024-09-28,Bagmati,Kavrepalanchok,Namobuddha,7,,0,0,0,0,0,0,1,1,0,0,0,0,0,0,0,0,0,0,0,0,0
Yes,"Landslide at Sombare , Belbari Municipality-8",,other,Landslide,2024-09-28,Koshi,Morang,Belbari,8,30000,0,0,1,1,0,0,0,0,0,0,0,0,0,0,0,0,0,0,0,0,0
Yes,"Landslide at Newang , Phedap Rural Municipality-3",,other,Landslide,2024-09-28,Koshi,Terhathum,Phedap,3,,0,0,1,1,0,0,0,0,0,0,0,0,0,0,0,0,0,0,0,0,0
Yes,"Landslide at Jaibari , Phidim Municipality-11",,other,Landslide,2024-09-28,Koshi,Panchthar,Phidim,11,4600000,0,0,0,0,0,0,0,0,0,0,0,0,0,0,0,0,0,0,0,0,0
Yes,Landslide at Phedap Rural Municipality-3,,other,Landslide,2024-09-28,Koshi,Terhathum,Phedap,3,900000,0,0,0,0,0,0,0,0,0,0,0,0,0,0,0,0,0,0,0,0,0
Yes,"Landslide at Buidel , Halesi Tuwachung Municipality-11",,other,Landslide,2024-09-28,Koshi,Khotang,Halesi Tuwachung,11,,0,0,1,1,0,10,0,0,0,0,0,0,0,0,0,0,0,0,0,0,0
Yes,"Landslide at Hangsung , Phedap Rural Municipality-3",,other,Landslide,2024-09-28,Koshi,Terhathum,Phedap,3,,0,0,2,2,0,0,0,0,0,0,0,0,0,0,0,0,0,0,0,0,0
Yes,Landslide at Dhankuta Municipality-2,,other,Landslide,2024-09-28,Koshi,Dhankuta,Dhankuta,2,,0,0,0,0,0,10,0,0,0,0,0,0,0,0,0,0,0,0,0,0,0
Yes,"Landslide at Mallang , Dhankuta Municipality-2",,other,Landslide,2024-09-28,Koshi,Dhankuta,Dhankuta,2,,0,0,0,0,0,1,0,0,0,0,0,0,0,0,0,0,0,0,0,0,0
Yes,"Landslide at Surke , Phedap Rural Municipality-3",,other,Landslide,2024-09-28,Koshi,Terhathum,Phedap,3,141000,0,0,1,1,0,0,0,0,0,0,0,0,0,0,0,0,0,0,0,0,0
Yes,Landslide at Kageshwori Manahora Municipality-9,,other,Landslide,2024-09-28,Bagmati,Kathmandu,Kageshwori Manahora,9,,0,0,1,1,0,0,0,0,0,0,0,0,0,0,0,0,0,0,0,0,0
Yes,Landslide at Phedap Rural Municipality-3,,other,Landslide,2024-09-28,Koshi,Terhathum,Phedap,3,100000,0,0,0,0,0,0,0,0,0,0,0,0,0,0,0,0,0,0,0,0,0
Yes,"Landslide at Hamden , Dhankuta Municipality-2",,other,Landslide,2024-09-28,Koshi,Dhankuta,Dhankuta,2,,0,0,1,1,0,0,0,0,0,0,0,0,0,0,0,0,0,0,0,0,0
Yes,Landslide at Dhankuta Municipality-2,,other,Landslide,2024-09-28,Koshi,Dhankuta,Dhankuta,2,,0,0,0,0,0,0,0,0,0,0,0,0,0,0,0,0,0,0,0,0,0
Yes,"Landslide at Kalleri , Gokulganga Rural Municipality-4",,other,Landslide,2024-09-28,Bagmati,Ramechhap,Gokulganga,4,,0,0,0,0,0,0,0,0,0,0,0,0,0,0,0,0,3,1,2,0,0
Yes,"Landslide at Bardambasi , Illam Municipality-12",,nepal_police,Landslide,2024-09-28,Koshi,Ilam,Ilam,12,500000,0,0,0,0,0,0,0,0,0,0,0,0,0,0,0,0,0,0,0,0,0
Yes,Landslide at Dhankuta Municipality-2,,other,Landslide,2024-09-28,Koshi,Dhankuta,Dhankuta,2,,0,0,1,1,0,0,0,0,0,0,0,0,0,0,0,0,0,0,0,0,0
Yes,"Landslide at Jhyaplekhola , Netrawati Dabjong Rural Municipality-1",,other,Landslide,2024-09-27,Bagmati,Dhading,Netrawati Dabjong,1,,0,0,0,0,0,0,0,0,0,0,0,0,0,0,0,0,0,0,0,0,0
Yes,"Landslide at Guranse Devithan , Dhankuta Municipality-2",,other,Landslide,2024-09-27,Koshi,Dhankuta,Dhankuta,2,,0,0,1,1,0,0,2,0,2,0,0,0,0,0,0,0,1,0,1,0,0
Yes,"Landslide at Chisapani , Phidim Municipality-11",,other,Landslide,2024-09-27,Koshi,Panchthar,Phidim,11,,0,0,0,0,0,0,2,0,2,0,0,0,0,0,0,0,0,0,0,0,0
Yes,"Landslide at Takhel , Lalitpur Metropolitan City-10",,other,Landslide,2024-09-27,Bagmati,Lalitpur,Lalitpur,10,,0,0,0,0,0,0,1,0,1,0,0,0,0,0,0,0,0,0,0,0,0
Yes,Landslide at Temal Rural Municipality-2,,other,Landslide,2024-09-27,Bagmati,Kavrepalanchok,Temal,2,,0,0,0,0,0,0,1,1,0,0,0,2,0,0,2,0,0,0,0,0,0
Yes,"Landslide at Kolati , Panauti Municipality-12",,other,Landslide,2024-09-27,Bagmati,Kavrepalanchok,Panauti,12,,0,0,0,0,0,0,2,1,1,0,0,0,0,0,0,0,3,1,2,0,0
Yes,"Landslide at Thalchowk , Banepa Municipality-14",,other,Landslide,2024-09-27,Bagmati,Kavrepalanchok,Banepa,14,,0,0,0,0,0,0,2,1,1,0,0,0,0,0,0,0,1,0,1,0,0
Yes,"Landslide at Mahadevbesi Bajar , Netrawati Dabjong Rural Municipality-1",,other,Landslide,2024-09-27,Bagmati,Dhading,Netrawati Dabjong,1,,0,0,0,0,0,0,1,1,0,0,0,0,0,0,0,0,0,0,0,0,0
Yes,"Landslide at Sangebote , Phidim Municipality-11",,other,Landslide,2024-09-27,Koshi,Panchthar,Phidim,11,,0,0,0,0,0,9,4,2,2,0,0,1,0,0,1,0,0,0,0,0,0
Yes,Landslide at Konjyosom Rural Municipality-4,,other,Landslide,2024-09-27,Bagmati,Lalitpur,Konjyosom,4,,0,0,0,0,0,0,1,0,1,0,0,0,0,0,0,0,0,0,0,0,0
Yes,"Landslide at Chunkhel , Konjyosom Rural Municipality-4",,other,Landslide,2024-09-27,Bagmati,Lalitpur,Konjyosom,4,,0,0,0,0,0,0,1,0,1,0,0,0,0,0,0,0,0,0,0,0,0
Yes,"Landslide at Keuripani , Suryagadhi Rural Municipality-4",,other,Landslide,2024-09-27,Bagmati,Nuwakot,Suryagadhi,4,,0,0,1,1,0,6,0,0,0,0,0,0,0,0,0,0,1,0,1,0,0
Yes,"Landslide at Kalibhir , Dhankuta Municipality-2",,other,Landslide,2024-09-27,Koshi,Dhankuta,Dhankuta,2,,0,0,0,0,0,0,0,0,0,0,0,0,0,0,0,0,1,0,1,0,0
Yes,"Landslide at Zeropoint , Dhankuta Municipality-2",,other,Landslide,2024-09-27,Koshi,Dhankuta,Dhankuta,2,,0,0,0,0,0,0,0,0,0,0,0,0,0,0,0,0,0,0,0,0,0
Yes,"Landslide at Niraula Tole , Dhankuta Municipality-2",,other,Landslide,2024-09-27,Koshi,Dhankuta,Dhankuta,2,,0,0,0,0,0,0,0,0,0,0,0,0,0,0,0,0,0,0,0,0,0
Yes,"Landslide at Jyamire, Gokulganga Rural Municipality-4",,other,Landslide,2024-09-27,Bagmati,Ramechhap,Gokulganga,4,,0,0,89,89,258,55,1,0,1,0,0,0,0,0,0,0,0,0,0,0,0
Yes,Landslide at Jugal Rural Municipality-2,,other,Landslide,2024-09-27,Bagmati,Sindhupalchok,Jugal,2,,0,0,1,1,0,0,2,2,0,0,0,2,0,0,2,0,0,0,0,0,0
Yes,"Landslide at Tekar , Makawanpurgadhi Rural Municipality-5",,other,Landslide,2024-09-27,Bagmati,Makwanpur,Makawanpurgadhi,5,,0,0,0,0,0,0,6,6,0,0,0,0,0,0,0,0,0,0,0,0,0
Yes,"Landslide at Khatrigaau , Namobuddha Municipality-7",,other,Landslide,2024-09-27,Bagmati,Kavrepalanchok,Namobuddha,7,,0,0,0,0,0,0,1,1,0,0,0,0,0,0,0,0,0,0,0,0,0
Yes,"Landslide at Shyampati , Namobuddha Municipality-7",,other,Landslide,2024-09-27,Bagmati,Kavrepalanchok,Namobuddha,7,,0,0,489,489,1124,480,2,1,1,0,0,0,0,0,0,0,0,0,0,0,0
Yes,"Landslide at Mathillo Gotikhel , Konjyosom Rural Municipality-4",,other,Landslide,2024-09-27,Bagmati,Lalitpur,Konjyosom,4,,0,0,0,0,0,0,1,1,0,0,0,0,0,0,0,0,0,0,0,0,0
Yes,"Landslide at Talim Kendra , Lalitpur Metropolitan City-25",,other,Landslide,2024-09-27,Bagmati,Lalitpur,Lalitpur,25,,0,0,0,0,0,0,1,1,0,0,0,0,0,0,0,0,0,0,0,0,0
Yes,"Landslide at Hurlang , Diktel Rupakot Majhuwagadhi Municipality-11",,other,Landslide,2024-09-27,Koshi,Khotang,Diktel Rupakot Majhuwagadhi,11,100000,0,0,0,0,0,2,0,0,0,0,0,0,0,0,0,0,0,0,0,0,0
Yes,"Landslide at Khutta , Halesi Tuwachung Municipality-11",,other,Landslide,2024-09-27,Koshi,Khotang,Halesi Tuwachung,11,200000,0,0,0,0,0,1,0,0,0,0,0,0,0,0,0,0,0,0,0,0,0
Yes,Landslide at Konjyosom Rural Municipality-4,,other,Landslide,2024-09-27,Bagmati,Lalitpur,Konjyosom,4,,0,0,0,0,0,0,2,1,1,0,0,0,0,0,0,0,0,0,0,0,0
Yes,"Landslide at Baphal , Jugal Rural Municipality-2",,other,Landslide,2024-09-27,Bagmati,Sindhupalchok,Jugal,2,,0,0,1,1,0,0,2,1,1,0,0,0,0,0,0,0,0,0,0,0,0
Yes,"Landslide at Roteping Danda , Phedap Rural Municipality-3",,other,Landslide,2024-09-27,Koshi,Terhathum,Phedap,3,,0,0,0,0,0,4,0,0,0,0,0,0,0,0,0,0,0,0,0,0,0
Yes,"Landslide at Gundu Dhobikhola , Bhaktapur Municipality-9",,other,Landslide,2024-09-27,Bagmati,Bhaktapur,Bhaktapur,9,,0,0,0,0,0,0,0,0,0,0,0,0,0,0,0,0,1,0,1,0,0
Yes,"Landslide at Dumaikhola , Resunga Municipality-14",,other,Landslide,2024-09-27,Lumbini,Gulmi,Resunga,14,,0,0,1,1,0,0,0,0,0,0,0,0,0,0,0,0,0,0,0,0,0
Yes,"Landslide at Lekhpandrang , Makawanpurgadhi Rural Municipality-5",,other,Landslide,2024-09-27,Bagmati,Makwanpur,Makawanpurgadhi,5,,0,0,0,0,0,5,0,0,0,0,0,0,0,0,0,0,0,0,0,0,0
Yes,"Landslide at Masine , Kageshwori Manahora Municipality-9",,other,Landslide,2024-09-27,Bagmati,Kathmandu,Kageshwori Manahora,9,,0,0,0,0,0,0,2,1,1,0,0,0,0,0,0,0,2,0,2,0,0
Yes,"Landslide at Thare , Namobuddha Municipality-7",,other,Landslide,2024-09-27,Bagmati,Kavrepalanchok,Namobuddha,7,,0,0,1,1,0,0,1,0,1,0,0,0,0,0,0,0,6,6,0,0,0
Yes,"Landslide at Larcha , Jugal Rural Municipality-2",,other,Landslide,2024-09-27,Bagmati,Sindhupalchok,Jugal,2,,0,0,0,0,0,0,0,0,0,0,0,0,0,0,0,0,0,0,0,0,0
Yes,Landslide at Dhankuta Municipality-2,,other,Landslide,2024-09-27,Koshi,Dhankuta,Dhankuta,2,,0,0,0,0,0,1,0,0,0,0,0,0,0,0,0,0,0,0,0,0,0
Yes,Landslide at Banepa Municipality-10,,other,Landslide,2024-09-27,Bagmati,Kavrepalanchok,Banepa,10,,0,0,40,40,76,0,1,1,0,0,0,0,0,0,0,0,0,0,0,0,0
Yes,"Landslide at Chisapani , Rhishing Rural Municipality-1",,other,Landslide,2024-09-27,Gandaki,Tanahu,Rhishing,1,,0,0,0,0,0,8,0,0,0,0,0,0,0,0,0,0,0,0,0,0,0
Yes,"Landslide at Nepalthok , Kamalamai Municipality-5",,other,Landslide,2024-09-27,Bagmati,Sindhuli,Kamalamai,5,,0,0,0,0,0,0,1,1,0,0,0,0,0,0,0,0,0,0,0,0,0
Yes,"Landslide at Panchakanya , Phedap Rural Municipality-3",,other,Landslide,2024-09-27,Koshi,Terhathum,Phedap,3,150000,0,0,1,1,0,0,0,0,0,0,0,0,0,0,0,0,0,0,0,0,0
Yes,"Landslide at Gairi Gaau , Bhojpur Municipality-11",,other,Landslide,2024-09-27,Koshi,Bhojpur,Bhojpur,11,,0,0,0,0,0,0,0,0,0,0,0,0,0,0,0,0,0,0,0,0,0
Yes,"Landslide at Milanchowk , Rhishing Rural Municipality-1",,other,Landslide,2024-09-27,Gandaki,Tanahu,Rhishing,1,,0,0,1,1,0,3,0,0,0,0,0,0,0,0,0,0,0,0,0,0,0
Yes,"Landslide at Dharamkhola , Rolpa Municipality-10",,other,Landslide,2024-09-27,Lumbini,Rolpa,Rolpa,10,45000,0,0,0,0,0,1,0,0,0,0,0,0,0,0,0,0,0,0,0,0,0
Yes,"Landslide at Budhagaau , Rolpa Municipality-10",,other,Landslide,2024-09-27,Lumbini,Rolpa,Rolpa,10,500000,0,0,0,0,0,0,0,0,0,0,0,0,0,0,0,0,0,0,0,0,0
Yes,"Landslide at Dharmadwar , Illam Municipality-12",,other,Landslide,2024-09-27,Koshi,Ilam,Ilam,12,30000,0,0,0,0,0,1,0,0,0,0,0,0,0,0,0,0,0,0,0,0,0
Yes,"Landslide at Darimbot, Namobuddha Municipality-7",,other,Landslide,2024-09-27,Bagmati,Kavrepalanchok,Namobuddha,7,,0,0,41,41,0,0,1,0,1,0,0,1,0,0,1,0,1,1,0,0,0
Yes,"Landslide at Jhyaplekhola , Netrawati Dabjong Rural Municipality-1",,other,Landslide,2024-09-27,Bagmati,Dhading,Netrawati Dabjong,1,,0,0,0,0,0,0,35,26,9,0,0,0,0,0,0,0,0,0,0,0,0
Yes,"Landslide at Sailun, Solududhakunda Municipality-10",,other,Landslide,2024-09-27,Koshi,Solukhumbu,Solududhkunda,10,,0,0,1,1,0,0,2,0,2,0,0,0,0,0,0,0,0,0,0,0,0
Yes,"Landslide at Chhebar Danda , Khumbupasanglahmu Rural Municipality-3",,other,Landslide,2024-09-27,Koshi,Solukhumbu,Khumbu Pasanglhamu,3,,0,0,1,1,0,0,3,0,3,0,0,0,0,0,0,0,1,0,1,0,0
Yes,Landslide at Bigu Rural Municipality-1,,other,Landslide,2024-09-27,Bagmati,Dolakha,Bigu,1,,0,0,0,0,0,0,3,2,1,0,0,0,0,0,0,0,0,0,0,0,0
Yes,"Landslide at Lamabagar , Bigu Rural Municipality-1",,other,Landslide,2024-09-27,Bagmati,Dolakha,Bigu,1,,0,0,0,0,0,0,4,4,0,0,0,0,0,0,0,0,0,0,0,0,0
Yes,"Landslide at Singe , Panauti Municipality-1",,other,Landslide,2024-09-27,Bagmati,Kavrepalanchok,Panauti,1,,0,0,1,1,0,0,0,0,0,0,0,0,0,0,0,0,1,1,0,0,0
Yes,Landslide at Mandandeupur Municipality-10,,other,Landslide,2024-09-27,Bagmati,Kavrepalanchok,Mandandeupur,10,,0,0,64,64,100,63,1,0,1,0,0,0,0,0,0,0,0,0,0,0,0
Yes,Landslide at Dhulikhel Municipality-10,,other,Landslide,2024-09-27,Bagmati,Kavrepalanchok,Dhulikhel,10,,0,0,0,0,0,0,1,1,0,0,0,0,0,0,0,0,0,0,0,0,0
Yes,"Landslide at Bohore , Namobuddha Municipality-7",,other,Landslide,2024-09-27,Bagmati,Kavrepalanchok,Namobuddha,7,,0,0,0,0,0,0,4,2,2,0,0,0,0,0,0,0,0,0,0,0,0
Yes,"Landslide at Makkhu Besi , Kageshwori Manahora Municipality-9",,other,Landslide,2024-09-27,Bagmati,Kathmandu,Kageshwori Manahora,9,,0,0,1,1,0,0,4,2,2,0,0,0,0,0,0,0,2,0,2,0,0
Yes,"Landslide at Talku , Kageshwori Manahora Municipality-9",,other,Landslide,2024-09-27,Bagmati,Kathmandu,Kageshwori Manahora,9,,0,0,1,1,0,0,2,2,0,0,0,0,0,0,0,0,0,0,0,0,0
Yes,"Landslide at Sisneri Thakurigaau , Konjyosom Rural Municipality-4",,other,Landslide,2024-09-27,Bagmati,Lalitpur,Konjyosom,4,,0,0,0,0,0,0,1,0,1,0,0,0,0,0,0,0,0,0,0,0,0
Yes,"Landslide at Pale Tole , Namobuddha Municipality-7",,other,Landslide,2024-09-27,Bagmati,Kavrepalanchok,Namobuddha,7,,0,0,1,1,0,0,2,0,2,0,0,0,0,0,0,0,0,0,0,0,0
Yes,"Landslide at Aashapuri Naichal , Bhaktapur Municipality-9",,other,Landslide,2024-09-27,Bagmati,Bhaktapur,Bhaktapur,9,,0,0,1,1,0,0,2,0,2,0,0,0,0,0,0,0,0,0,0,0,0
Yes,"Landslide at Ikshyangunarayan Temple , Kageshwori Manahora Municipality-9",,other,Landslide,2024-09-27,Bagmati,Kathmandu,Kageshwori Manahora,9,,0,0,0,0,0,0,5,4,1,0,0,0,0,0,0,0,2,2,0,0,0
Yes,"Landslide at Bhusel , Konjyosom Rural Municipality-4",,other,Landslide,2024-09-27,Bagmati,Lalitpur,Konjyosom,4,,0,0,0,0,0,0,1,1,0,0,0,0,0,0,0,0,0,0,0,0,0
Yes,"Landslide at Lele, Godawari_Lalitpur Municipality-5",,other,Landslide,2024-09-27,Bagmati,Lalitpur,Godawari,5,,0,0,0,0,0,0,1,0,1,0,0,0,0,0,0,0,0,0,0,0,0
Yes,"Landslide at Neupane Gaau , Godawari_Lalitpur Municipality-10",,other,Landslide,2024-09-27,Bagmati,Lalitpur,Godawari,10,,0,0,0,0,0,0,1,1,0,0,0,0,0,0,0,0,0,0,0,0,0
Yes,"Landslide at Dalchouki , Konjyosom Rural Municipality-4",,other,Landslide,2024-09-27,Bagmati,Lalitpur,Konjyosom,4,,0,0,0,0,0,0,2,1,1,0,0,0,0,0,0,0,0,0,0,0,0
Yes,"Landslide at Sakhadevi Nepal Chowk , Konjyosom Rural Municipality-4",,other,Landslide,2024-09-27,Bagmati,Lalitpur,Konjyosom,4,,0,0,0,0,0,0,1,0,1,0,0,0,0,0,0,0,0,0,0,0,0
Yes,"Landslide at Tikabhairab , Konjyosom Rural Municipality-4",,other,Landslide,2024-09-27,Bagmati,Lalitpur,Konjyosom,4,,0,0,1,1,0,0,3,3,0,0,0,0,0,0,0,0,0,0,0,0,0
Yes,"Landslide at Devichaur , Konjyosom Rural Municipality-4",,other,Landslide,2024-09-27,Bagmati,Lalitpur,Konjyosom,4,,0,0,0,0,0,0,1,1,0,0,0,0,0,0,0,0,0,0,0,0,0
Yes,"Landslide at Ghartigaau , Netrawati Dabjong Rural Municipality-1",,other,Landslide,2024-09-27,Bagmati,Dhading,Netrawati Dabjong,1,,0,0,1,1,0,0,0,0,0,0,0,0,0,0,0,0,2,1,1,0,0
Yes,"Landslide at Angare , Makawanpurgadhi Rural Municipality-5",,other,Landslide,2024-09-27,Bagmati,Makwanpur,Makawanpurgadhi,5,,0,0,0,0,0,0,0,0,0,0,0,0,0,0,0,0,2,1,1,0,0
Yes,"Landslide at Adamara , Netrawati Dabjong Rural Municipality-1",,other,Landslide,2024-09-27,Bagmati,Dhading,Netrawati Dabjong,1,,0,0,0,0,0,0,0,0,0,0,0,0,0,0,0,0,1,0,1,0,0
Yes,"Landslide at Lidekhola , Namobuddha Municipality-7",,other,Landslide,2024-09-27,Bagmati,Kavrepalanchok,Namobuddha,7,,0,0,0,0,0,0,1,0,1,0,0,0,0,0,0,0,0,0,0,0,0
Yes,"Landslide at Aalung , Jugal Rural Municipality-2",,other,Landslide,2024-09-27,Bagmati,Sindhupalchok,Jugal,2,,0,0,0,0,0,0,3,2,1,0,0,0,0,0,0,0,0,0,0,0,0
Yes,"Landslide at Kopche Tole , Phedap Rural Municipality-3",,other,Landslide,2024-09-27,Koshi,Terhathum,Phedap,3,500000,0,0,1,1,0,0,0,0,0,0,0,0,0,0,0,0,0,0,0,0,0
Yes,"Landslide at Lakhanpur , Gokulganga Rural Municipality-4",,other,Landslide,2024-09-27,Bagmati,Ramechhap,Gokulganga,4,,0,0,3,3,0,0,0,0,0,0,0,0,0,0,0,0,0,0,0,0,0
Yes,"Landslide at Kailashnagar , Tansen Municipality-5",,other,Landslide,2024-09-27,Lumbini,Palpa,Tansen,5,,0,0,0,0,0,0,0,0,0,0,0,0,0,0,0,0,0,0,0,0,0
Yes,"Landslide at Tambung , Phedap Rural Municipality-3",,other,Landslide,2024-09-27,Koshi,Terhathum,Phedap,3,125000,0,0,0,0,0,6,0,0,0,0,0,0,0,0,0,0,0,0,0,0,0
Yes,Landslide at Phedap Rural Municipality-3,,other,Landslide,2024-09-27,Koshi,Terhathum,Phedap,3,,0,0,1,1,0,0,0,0,0,0,0,0,0,0,0,0,0,0,0,0,0
Yes,Landslide at Sharada Municipality-9,,other,Landslide,2024-09-27,Karnali,Salyan,Sharada,9,420000,0,0,0,0,0,6,0,0,0,0,0,0,0,0,0,0,0,0,0,0,0
Yes,"Landslide at Sirise Pragati Tole , Bhojpur Municipality-11",,other,Landslide,2024-09-27,Koshi,Bhojpur,Bhojpur,11,1100000,0,0,1,1,0,0,0,0,0,0,0,0,0,0,0,0,0,0,0,0,0
Yes,Landslide at Khumbupasanglahmu Rural Municipality-3,,other,Landslide,2024-09-27,Koshi,Solukhumbu,Khumbu Pasanglhamu,3,,0,0,1,1,0,0,0,0,0,0,0,0,0,0,0,0,0,0,0,0,0
Yes,Landslide at Manebhanjyang Rural Municipality-9,,other,Landslide,2024-09-27,Koshi,Okhaldhunga,Manebhanjyang,9,,0,0,1,1,0,2,0,0,0,0,0,0,0,0,0,0,0,0,0,0,0
Yes,"Landslide at Padera , Bhirkot Municipality-8",,other,Landslide,2024-09-27,Gandaki,Syangja,Bhirkot,8,360000,0,0,0,0,0,3,0,0,0,0,0,0,0,0,0,0,0,0,0,0,0
Yes,Landslide at Dharche Rural Municipality-5,,other,Landslide,2024-09-27,Gandaki,Gorkha,Dharche,5,,0,0,4,4,0,0,0,0,0,0,0,0,0,0,0,0,0,0,0,0,0
Yes,Landslide at Dhankuta Municipality-2,,other,Landslide,2024-09-27,Koshi,Dhankuta,Dhankuta,2,,0,0,0,0,0,6,0,0,0,0,0,0,0,0,0,0,0,0,0,0,0
Yes,Landslide at Suryagadhi Rural Municipality-4,,other,Landslide,2024-09-27,Bagmati,Nuwakot,Suryagadhi,4,,0,0,1,1,0,0,0,0,0,0,0,0,0,0,0,0,0,0,0,0,0
Yes,Landslide at Dhankuta Municipality-2,,other,Landslide,2024-09-27,Koshi,Dhankuta,Dhankuta,2,,0,0,3,3,0,0,0,0,0,0,0,0,0,0,0,0,0,0,0,0,0
Yes,Landslide at Katari Municipality-10,,other,Landslide,2024-09-27,Koshi,Udayapur,Katari,10,550000,0,0,1,1,0,2,0,0,0,0,0,0,0,0,0,0,0,0,0,0,0
Yes,"Landslide at Taruka Check Post , Suryagadhi Rural Municipality-4",,other,Landslide,2024-09-27,Bagmati,Nuwakot,Suryagadhi,4,900000,0,0,0,0,0,0,0,0,0,0,0,0,0,0,0,0,0,0,0,0,0
Yes,"Landslide at Kolati , Panauti Municipality-12",,other,Landslide,2024-09-27,Bagmati,Kavrepalanchok,Panauti,12,,0,0,0,0,0,0,2,2,0,0,0,0,0,0,0,0,3,1,2,0,0
Yes,"Landslide at Durlungkhala , Namobuddha Municipality-7",,other,Landslide,2024-09-27,Bagmati,Kavrepalanchok,Namobuddha,7,,0,0,0,0,0,0,2,1,1,0,0,0,0,0,0,0,0,0,0,0,0
Yes,"Landslide at Dariyal Pakha , Namobuddha Municipality-7",,other,Landslide,2024-09-27,Bagmati,Kavrepalanchok,Namobuddha,7,,0,0,0,0,0,0,5,2,3,0,0,0,0,0,0,0,0,0,0,0,0
Yes,"Landslide at Bhatpol, Mandandeupur Municipality-11",,other,Landslide,2024-09-27,Bagmati,Kavrepalanchok,Mandandeupur,11,,0,0,2,2,0,0,4,1,3,0,0,0,0,0,0,0,0,0,0,0,0
Yes,"Landslide at Singhe, Namobuddha Municipality-7",,other,Landslide,2024-09-27,Bagmati,Kavrepalanchok,Namobuddha,7,,0,0,497,497,200,2000,2,0,2,0,0,0,0,0,0,0,1,0,1,0,0
Yes,"Landslide at Simle, Bethanchowk Rural Municipality-4",,other,Landslide,2024-09-27,Bagmati,Kavrepalanchok,Bethanchowk,4,,0,0,0,0,0,0,1,1,0,0,0,0,0,0,0,0,0,0,0,0,0
Yes,"Landslide at Bhalukhola , Konjyosom Rural Municipality-4",,other,Landslide,2024-09-27,Bagmati,Lalitpur,Konjyosom,4,,0,0,0,0,0,0,1,0,1,0,0,0,0,0,0,0,0,0,0,0,0
Yes,"Landslide at Sisneri / Lubhu Khola , Konjyosom Rural Municipality-4",,other,Landslide,2024-09-27,Bagmati,Lalitpur,Konjyosom,4,,0,0,0,0,0,0,2,1,1,0,0,0,0,0,0,0,0,0,0,0,0
Yes,"Landslide at Ghusel , Konjyosom Rural Municipality-4",,other,Landslide,2024-09-27,Bagmati,Lalitpur,Konjyosom,4,,0,0,1,1,0,0,1,1,0,0,0,0,0,0,0,0,0,0,0,0,0
Yes,"Landslide at Salme , Nechasalyan Rural Municipality-6",,other,Landslide,2024-09-27,Koshi,Solukhumbu,Nechasalyan,6,,0,0,0,0,0,0,0,0,0,0,0,0,0,0,0,0,0,0,0,0,0
Yes,Landslide at Panauti Municipality-12,,other,Landslide,2024-09-27,Bagmati,Kavrepalanchok,Panauti,12,,0,0,0,0,0,0,1,1,0,0,0,0,0,0,0,0,0,0,0,0,0
Yes,"Landslide at Chalalganesh , Namobuddha Municipality-7",,other,Landslide,2024-09-27,Bagmati,Kavrepalanchok,Namobuddha,7,,0,0,0,0,0,0,0,0,0,0,0,0,0,0,0,0,3,3,0,0,0
Yes,"Landslide at Dumbar , Namobuddha Municipality-7",,other,Landslide,2024-09-27,Bagmati,Kavrepalanchok,Namobuddha,7,,0,0,0,0,0,0,1,0,1,0,0,0,0,0,0,0,0,0,0,0,0
Yes,"Landslide at Mangaau , Bigu Rural Municipality-1",,other,Landslide,2024-09-27,Bagmati,Dolakha,Bigu,1,,0,0,1,1,0,0,0,0,0,0,0,0,0,0,0,0,1,0,1,0,0
Yes,"Landslide at Shikhar Aambote , Namobuddha Municipality-7",,other,Landslide,2024-09-27,Bagmati,Kavrepalanchok,Namobuddha,7,,0,0,0,0,0,0,2,1,1,0,0,0,0,0,0,0,0,0,0,0,0
Yes,"Landslide at Sarki Gaau , Halesi Tuwachung Municipality-11",,other,Landslide,2024-09-27,Koshi,Khotang,Halesi Tuwachung,11,,0,0,0,0,0,0,0,0,0,0,0,0,0,0,0,0,0,0,0,0,0
Yes,"Landslide at Simat , Bakaiya Rural Municipality-12",,other,Landslide,2024-09-27,Bagmati,Makwanpur,Bakaiya,12,,0,0,0,0,0,0,0,0,0,0,0,0,0,0,0,0,1,1,0,0,0
Yes,"Landslide at Bhote Gaau , Phidim Municipality-11",,other,Landslide,2024-09-27,Koshi,Panchthar,Phidim,11,,0,0,0,0,0,0,1,1,0,0,0,0,0,0,0,0,0,0,0,0,0
Yes,"Landslide at Chyane , Jugal Rural Municipality-2",,other,Landslide,2024-09-27,Bagmati,Sindhupalchok,Jugal,2,,0,0,0,0,0,0,3,3,0,0,0,0,0,0,0,0,0,0,0,0,0
Yes,"Landslide at Torikhuriya , Namobuddha Municipality-7",,other,Landslide,2024-09-27,Bagmati,Kavrepalanchok,Namobuddha,7,,0,0,1,1,0,0,2,0,2,0,0,0,0,0,0,0,0,0,0,0,0
Yes,"Landslide at Sidarechaur , Namobuddha Municipality-7",,other,Landslide,2024-09-27,Bagmati,Kavrepalanchok,Namobuddha,7,,0,0,1,1,0,0,1,0,1,0,0,0,0,0,0,0,0,0,0,0,0
Yes,"Landslide at Chalal Ganesh , Namobuddha Municipality-7",,other,Landslide,2024-09-27,Bagmati,Kavrepalanchok,Namobuddha,7,,0,0,0,0,0,0,1,0,1,0,0,0,0,0,0,0,0,0,0,0,0
Yes,"Landslide at Thumki /Ladkepauwa , Panauti Municipality-11",,other,Landslide,2024-09-27,Bagmati,Kavrepalanchok,Panauti,11,,0,0,0,0,0,0,5,3,2,0,0,0,0,0,0,0,0,0,0,0,0
Yes,"Landslide at Balting , Roshi Rural Municipality-10",,other,Landslide,2024-09-27,Bagmati,Kavrepalanchok,Roshi,10,,0,0,0,0,0,0,1,1,0,0,0,0,0,0,0,0,0,0,0,0,0
Yes,"Landslide at Rajbas , Roshi Rural Municipality-9",,other,Landslide,2024-09-27,Bagmati,Kavrepalanchok,Roshi,9,,0,0,0,0,0,0,1,0,1,0,0,0,0,0,0,0,0,0,0,0,0
Yes,"Landslide at Patikharka , Namobuddha Municipality-7",,other,Landslide,2024-09-27,Bagmati,Kavrepalanchok,Namobuddha,7,,0,0,0,0,0,0,1,1,0,0,0,0,0,0,0,0,0,0,0,0,0
Yes,"Landslide at Mandandeupur , Mandandeupur Municipality-12",,other,Landslide,2024-09-27,Bagmati,Kavrepalanchok,Mandandeupur,12,,0,0,0,0,0,0,1,1,0,0,0,0,0,0,0,0,0,0,0,0,0
Yes,"Landslide at Chalalganesh , Namobuddha Municipality-7",,other,Landslide,2024-09-27,Bagmati,Kavrepalanchok,Namobuddha,7,,0,0,0,0,0,0,2,2,0,0,0,0,0,0,0,0,0,0,0,0,0
Yes,"Landslide at Manikhel Lakshyabas , Konjyosom Rural Municipality-4",,other,Landslide,2024-09-27,Bagmati,Lalitpur,Konjyosom,4,,0,0,0,0,0,0,1,1,0,0,0,0,0,0,0,0,0,0,0,0,0
Yes,"Landslide at Gotikhel Thosne , Konjyosom Rural Municipality-4",,other,Landslide,2024-09-27,Bagmati,Lalitpur,Konjyosom,4,,0,0,0,0,0,0,5,2,3,0,0,2,0,0,2,0,0,0,0,0,0
Yes,"Landslide at Thosne Khola , Konjyosom Rural Municipality-4",,other,Landslide,2024-09-27,Bagmati,Lalitpur,Konjyosom,4,1000000,0,0,0,0,0,0,0,0,0,0,0,0,0,0,0,0,1,0,1,0,0
Yes,"Landslide at Kholsapari , Phidim Municipality-11",,other,Landslide,2024-09-27,Koshi,Panchthar,Phidim,11,15000000,0,0,0,0,0,0,0,0,0,0,0,0,0,0,0,0,0,0,0,0,0
Yes,"Landslide at Sisauli , Rautamai Rural Municipality-7",,other,Landslide,2024-09-27,Koshi,Udayapur,Rautamai,7,2000000,0,0,0,0,0,0,0,0,0,0,0,0,0,0,0,0,0,0,0,0,0
Yes,"Landslide at Thuman , Gosaikunda Rural Municipality-1",,other,Landslide,2024-09-27,Bagmati,Rasuwa,Gosaikunda,1,,0,0,1,1,0,0,0,0,0,0,0,0,0,0,0,0,0,0,0,0,0
Yes,"Landslide at Sanne , Halesi Tuwachung Municipality-11",,other,Landslide,2024-09-27,Koshi,Khotang,Halesi Tuwachung,11,,0,0,4,4,0,0,0,0,0,0,0,0,0,0,0,0,0,0,0,0,0
Yes,"Landslide at Beshi Tole , Halesi Tuwachung Municipality-11",,other,Landslide,2024-09-27,Koshi,Khotang,Halesi Tuwachung,11,,0,0,0,0,0,0,0,0,0,0,0,0,0,0,0,0,0,0,0,0,0
Yes,"Landslide at Thuman , Gosaikunda Rural Municipality-4",,other,Landslide,2024-09-27,Bagmati,Rasuwa,Gosaikunda,4,,0,0,1,1,0,0,0,0,0,0,0,0,0,0,0,0,0,0,0,0,0
Yes,"Landslide at Tega , Jugal Rural Municipality-2",,other,Landslide,2024-09-27,Bagmati,Sindhupalchok,Jugal,2,,0,0,2,2,3,0,0,0,0,0,0,0,0,0,0,0,0,0,0,0,0
Yes,Landslide at Phedap Rural Municipality-3,,other,Landslide,2024-09-27,Koshi,Terhathum,Phedap,3,2327000,0,0,0,0,0,0,0,0,0,0,0,0,0,0,0,0,0,0,0,0,0
Yes,"Landslide at Samacha , Phidim Municipality-11",,other,Landslide,2024-09-27,Koshi,Panchthar,Phidim,11,4100000,0,0,2,2,0,0,0,0,0,0,0,0,0,0,0,0,0,0,0,0,0
Yes,"Landslide at Thuli Udang , Mathagadhi Rural Municipality-1",,other,Landslide,2024-09-27,Lumbini,Palpa,Mathagadhi,1,,0,0,1,1,0,0,0,0,0,0,0,0,0,0,0,0,0,0,0,0,0
Yes,"Landslide at Chisebi , Illam Municipality-12",,other,Landslide,2024-09-27,Koshi,Ilam,Ilam,12,,0,0,1,1,0,0,0,0,0,0,0,0,0,0,0,0,0,0,0,0,0
Yes,"Landslide at Chalal Ganesh , Namobuddha Municipality-7",,other,Landslide,2024-09-27,Bagmati,Kavrepalanchok,Namobuddha,7,,0,0,0,0,0,0,2,1,1,0,0,0,0,0,0,0,0,0,0,0,0
Yes,Landslide at Temal Rural Municipality-1,,other,Landslide,2024-09-27,Bagmati,Kavrepalanchok,Temal,1,,0,0,0,0,0,0,2,1,1,0,0,0,0,0,0,0,0,0,0,0,0
Yes,"Landslide at Suryodaya Tole , Illam Municipality-12",,other,Landslide,2024-09-27,Koshi,Ilam,Ilam,12,3000000,0,0,0,0,0,0,0,0,0,0,0,0,0,0,0,0,0,0,0,0,0
Yes,Landslide at Kageshwori Manahora Municipality-9,,other,Landslide,2024-09-27,Bagmati,Kathmandu,Kageshwori Manahora,9,,0,0,0,0,0,0,1,0,1,0,0,0,0,0,0,0,0,0,0,0,0
Yes,"Landslide at T.U.  & ward 8 Gaushala , Kathmandu Metropolitan City-10",,other,Landslide,2024-09-27,Bagmati,Kathmandu,Kathmandu,10,,0,0,0,0,0,0,2,2,0,0,0,0,0,0,0,0,0,0,0,0,0
Yes,"Landslide at Anandaban , Konjyosom Rural Municipality-4",,other,Landslide,2024-09-27,Bagmati,Lalitpur,Konjyosom,4,,0,0,0,0,0,0,1,1,0,0,0,0,0,0,0,0,0,0,0,0,0
Yes,"Landslide at Gotikhel , Konjyosom Rural Municipality-4",,other,Landslide,2024-09-27,Bagmati,Lalitpur,Konjyosom,4,,0,0,0,0,0,0,2,1,1,0,0,0,0,0,0,0,0,0,0,0,0
Yes,"Landslide at Sidrechaur , Namobuddha Municipality-7",,other,Landslide,2024-09-27,Bagmati,Kavrepalanchok,Namobuddha,7,,0,0,0,0,0,0,1,1,0,0,0,0,0,0,0,0,0,0,0,0,0
Yes,Landslide at Dhulikhel Municipality-11,,other,Landslide,2024-09-27,Bagmati,Kavrepalanchok,Dhulikhel,11,,0,0,65,65,572,455,1,1,0,0,0,0,0,0,0,0,0,0,0,0,0
Yes,"Landslide at Majhuwa , Namobuddha Municipality-7",,other,Landslide,2024-09-27,Bagmati,Kavrepalanchok,Namobuddha,7,,0,0,0,0,0,0,1,0,1,0,0,0,0,0,0,0,0,0,0,0,0
Yes,"Landslide at Teendhara , Mandandeupur Municipality-10",,other,Landslide,2024-09-27,Bagmati,Kavrepalanchok,Mandandeupur,10,,0,0,0,0,0,0,1,1,0,0,0,0,0,0,0,0,0,0,0,0,0
Yes,"Landslide at Mamti, Roshi Rural Municipality-11",,other,Landslide,2024-09-27,Bagmati,Kavrepalanchok,Roshi,11,,0,0,0,0,0,0,1,0,1,0,0,0,0,0,0,0,0,0,0,0,0
Yes,"Landslide at Goljung Mane Gung , Gosaikunda Rural Municipality-4",,other,Landslide,2024-09-27,Bagmati,Rasuwa,Gosaikunda,4,,0,0,1,1,0,0,0,0,0,0,0,0,0,0,0,0,0,0,0,0,0
Yes,"Landslide at Jambra , Gosaikunda Rural Municipality-4",,other,Landslide,2024-09-27,Bagmati,Rasuwa,Gosaikunda,4,,0,0,0,0,0,0,0,0,0,0,0,0,0,0,0,0,0,0,0,0,0
Yes,Landslide at Panauti Municipality-10,,other,Landslide,2024-09-27,Bagmati,Kavrepalanchok,Panauti,10,,0,0,0,0,0,0,0,0,0,0,0,1,0,0,1,0,0,0,0,0,0
Yes,"Landslide at Phorande Dhade , Bigu Rural Municipality-1",,other,Landslide,2024-09-27,Bagmati,Dolakha,Bigu,1,,0,0,1,1,0,11,0,0,0,0,0,0,0,0,0,0,3,2,1,0,0
Yes,"Landslide at Goljung , Gosaikunda Rural Municipality-4",,other,Landslide,2024-09-27,Bagmati,Rasuwa,Gosaikunda,4,,0,0,0,0,0,0,0,0,0,0,0,0,0,0,0,0,0,0,0,0,0
Yes,Landslide at Konjyosom Rural Municipality-4,,other,Landslide,2024-09-27,Bagmati,Lalitpur,Konjyosom,4,,0,0,0,0,0,0,0,0,0,0,0,0,0,0,0,0,6,2,4,0,0
Yes,"Landslide at Nakkhipot , Lalitpur Metropolitan City-14",,other,Landslide,2024-09-27,Bagmati,Lalitpur,Lalitpur,14,,0,0,0,0,0,0,0,0,0,0,0,0,0,0,0,0,3,3,0,0,0
Yes,Landslide at Konjyosom Rural Municipality-4,,other,Landslide,2024-09-27,Bagmati,Lalitpur,Konjyosom,4,,0,0,0,0,0,0,0,0,0,0,0,0,0,0,0,0,5,5,0,0,0
Yes,"Landslide at All , Namobuddha Municipality-7",,other,Landslide,2024-09-27,Bagmati,Kavrepalanchok,Namobuddha,7,,0,0,0,0,0,0,0,0,0,0,0,0,0,0,0,0,56,26,30,0,0
Yes,"Landslide at All , Jugal Rural Municipality-2",,other,Landslide,2024-09-27,Bagmati,Sindhupalchok,Jugal,2,,0,0,0,0,0,0,0,0,0,0,0,0,0,0,0,0,17,13,4,0,0
Yes,"Landslide at Purtighat , Resunga Municipality-14",,other,Landslide,2024-09-27,Lumbini,Gulmi,Resunga,14,,0,0,0,0,0,0,0,0,0,0,0,0,0,0,0,0,1,1,0,0,0
Yes,"Landslide at Simpani (All), Bigu Rural Municipality-1",,other,Landslide,2024-09-27,Bagmati,Dolakha,Bigu,1,,0,0,0,0,0,0,0,0,0,0,0,0,0,0,0,0,1,1,0,0,0
Yes,"Landslide at All, Phidim Municipality-11",,other,Landslide,2024-09-27,Koshi,Panchthar,Phidim,11,,0,0,0,0,0,0,0,0,0,0,0,0,0,0,0,0,3,2,1,0,0
Yes,Landslide at Phidim Municipality-11,,other,Landslide,2024-09-27,Koshi,Panchthar,Phidim,11,,0,0,0,0,0,0,0,0,0,0,0,1,0,0,1,0,0,0,0,0,0
Yes,"Landslide at Narkate, Phedap Rural Municipality-3",,nepal_police,Landslide,2024-09-27,Koshi,Terhathum,Phedap,3,100000,0,0,0,0,0,0,0,0,0,0,0,0,0,0,0,0,0,0,0,0,0
Yes,Landslide at Namobuddha Municipality-7,,nepal_police,Landslide,2024-09-27,Bagmati,Kavrepalanchok,Namobuddha,7,,0,0,1,1,0,0,5,2,3,0,0,0,0,0,0,0,0,0,0,0,0
Yes,"Landslide at Shreekhumba , Deumai Municipality-9",,other,Landslide,2024-09-27,Koshi,Ilam,Deumai,9,700000,0,0,0,0,0,0,0,0,0,0,0,0,0,0,0,0,0,0,0,0,0
Yes,Landslide at Phidim Municipality-11,,other,Landslide,2024-09-27,Koshi,Panchthar,Phidim,11,,0,0,62,62,105,0,0,0,0,0,0,0,0,0,0,0,0,0,0,0,0
Yes,Landslide at Molung Rural Municipality-1,,other,Landslide,2024-09-27,Koshi,Okhaldhunga,Molung,1,,0,0,0,0,0,0,0,0,0,0,0,0,0,0,0,0,1,1,0,0,0
Yes,Landslide at Halesi Tuwachung Municipality-11,,other,Landslide,2024-09-27,Koshi,Khotang,Halesi Tuwachung,11,,0,0,0,0,0,0,0,0,0,0,0,0,0,0,0,0,2,2,0,0,0
Yes,Landslide at Namobuddha Municipality-7,,other,Landslide,2024-09-27,Bagmati,Kavrepalanchok,Namobuddha,7,,0,0,349,349,710,1179,0,0,0,0,0,0,0,0,0,0,0,0,0,0,0
Yes,"Landslide at Nobel , Namobuddha Municipality-7",,other,Landslide,2024-09-27,Bagmati,Kavrepalanchok,Namobuddha,7,,0,0,0,0,0,0,1,1,0,0,0,0,0,0,0,0,0,0,0,0,0
Yes,"Landslide at Salmechakal (Ref. No. 338), Namobuddha Municipality-7",,other,Landslide,2024-09-27,Bagmati,Kavrepalanchok,Namobuddha,7,,0,0,38,38,30,0,0,0,0,0,0,0,0,0,0,0,0,0,0,0,0
Yes,Landslide at Namobuddha Municipality-7,,other,Landslide,2024-09-27,Bagmati,Kavrepalanchok,Namobuddha,7,,0,0,0,0,0,0,1,1,0,0,0,0,0,0,0,0,0,0,0,0,0
Yes,Landslide at Dhankuta Municipality-2,,other,Landslide,2024-09-27,Koshi,Dhankuta,Dhankuta,2,,0,0,0,0,0,0,1,1,0,0,0,0,0,0,0,0,0,0,0,0,0
Yes,Landslide at Namobuddha Municipality-7,,other,Landslide,2024-09-27,Bagmati,Kavrepalanchok,Namobuddha,7,,0,0,76,76,424,59,0,0,0,0,0,0,0,0,0,0,0,0,0,0,0
Yes,"Landslide at Majhi Gaau , Dhankuta Municipality-2",,other,Landslide,2024-09-26,Koshi,Dhankuta,Dhankuta,2,,0,0,0,0,0,0,0,0,0,0,0,0,0,0,0,0,0,0,0,0,0
Yes,"Landslide at Tinthana , Chandragiri Municipality-15",,other,Landslide,2024-09-26,Bagmati,Kathmandu,Chandragiri,15,562000,0,0,0,0,0,0,0,0,0,0,0,0,0,0,0,0,0,0,0,0,0
Yes,"Landslide at Lamphabung , Phidim Municipality-11",,other,Landslide,2024-09-26,Koshi,Panchthar,Phidim,11,,0,0,0,0,0,0,0,0,0,0,0,0,0,0,0,0,0,0,0,0,0
Yes,"Landslide at Chyalti , Namobuddha Municipality-7",,other,Landslide,2024-09-26,Bagmati,Kavrepalanchok,Namobuddha,7,,0,0,0,0,0,0,1,1,0,0,0,0,0,0,0,0,0,0,0,0,0
Yes,"Landslide at Gumba Danda , Netrawati Dabjong Rural Municipality-1",,other,Landslide,2024-09-26,Bagmati,Dhading,Netrawati Dabjong,1,,0,0,0,0,0,0,2,2,0,0,0,0,0,0,0,0,0,0,0,0,0
Yes,Landslide at Illam Municipality-12,,other,Landslide,2024-09-26,Koshi,Ilam,Ilam,12,,0,0,0,0,0,0,0,0,0,0,0,0,0,0,0,0,0,0,0,0,0
Yes,Landslide at Bhojpur Municipality-6,,other,Landslide,2024-09-26,Koshi,Bhojpur,Bhojpur,6,,0,0,0,0,0,0,0,0,0,0,0,0,0,0,0,0,0,0,0,0,0
Yes,"Landslide at Sanimahal , Kageshwori Manahora Municipality-9",,other,Landslide,2024-09-26,Bagmati,Kathmandu,Kageshwori Manahora,9,,0,0,0,0,0,0,0,0,0,0,0,0,0,0,0,0,0,0,0,0,0
Yes,"Landslide at Raniban , Champadevi Rural Municipality-10",,other,Landslide,2024-09-26,Koshi,Okhaldhunga,Champadevi,10,,0,0,0,0,0,1,0,0,0,0,0,0,0,0,0,0,0,0,0,0,0
Yes,"Landslide at Maidane , Illam Municipality-12",,other,Landslide,2024-09-26,Koshi,Ilam,Ilam,12,,0,0,0,0,0,0,0,0,0,0,0,0,0,0,0,0,0,0,0,0,0
Yes,"Landslide at Bumati Buspark , Lalitpur Metropolitan City-22",,other,Landslide,2024-09-26,Bagmati,Lalitpur,Lalitpur,22,,0,0,0,0,0,0,0,0,0,0,0,0,0,0,0,0,0,0,0,0,0
Yes,Landslide at Phedap Rural Municipality-3,,other,Landslide,2024-09-26,Koshi,Terhathum,Phedap,3,310000,0,0,1,1,0,0,0,0,0,0,0,0,0,0,0,0,0,0,0,0,0
Yes,"Landslide at Majite , Phidim Municipality-11",,other,Landslide,2024-09-26,Koshi,Panchthar,Phidim,11,,0,0,1,1,0,0,1,0,1,0,0,0,0,0,0,0,1,1,0,0,0
Yes,"Landslide at Sakraul Tole , Haripur Municipality-3",,other,Landslide,2024-09-26,Madhesh,Sarlahi,Haripur,3,,0,0,0,0,0,0,1,1,0,0,0,0,0,0,0,0,0,0,0,0,0
Yes,"Landslide at Sukkha Salleri , Makawanpurgadhi Rural Municipality-5",,other,Landslide,2024-09-26,Bagmati,Makwanpur,Makawanpurgadhi,5,,0,0,0,0,0,0,1,0,1,0,0,0,0,0,0,0,0,0,0,0,0
Yes,"Landslide at Danda Gaau , Dhulikhel Municipality-11",,other,Landslide,2024-09-26,Bagmati,Kavrepalanchok,Dhulikhel,11,,0,0,0,0,0,0,1,1,0,0,0,0,0,0,0,0,0,0,0,0,0
Yes,"Landslide at Damaku , Halesi Tuwachung Municipality-11",,other,Landslide,2024-09-26,Koshi,Khotang,Halesi Tuwachung,11,,0,0,1,1,0,0,0,0,0,0,0,0,0,0,0,0,0,0,0,0,0
Yes,"Landslide at Mamyankhu , Katari Municipality-13",,other,Landslide,2024-09-26,Koshi,Udayapur,Katari,13,450000,0,0,1,1,0,0,0,0,0,0,0,0,0,0,0,0,0,0,0,0,0
Yes,Landslide at Molung Rural Municipality-1,,other,Landslide,2024-09-26,Koshi,Okhaldhunga,Molung,1,,0,0,0,0,0,0,0,0,0,0,0,0,0,0,0,0,0,0,0,0,0
Yes,"Landslide at Mamyankhu , Katari Municipality-13",,other,Landslide,2024-09-26,Koshi,Udayapur,Katari,13,450000,0,0,0,0,0,0,0,0,0,0,0,0,0,0,0,0,0,0,0,0,0
Yes,"Landslide at Buktel , Molung Rural Municipality-1",,other,Landslide,2024-09-26,Koshi,Okhaldhunga,Molung,1,,0,0,1,1,0,0,0,0,0,0,0,0,0,0,0,0,0,0,0,0,0
Yes,"Landslide at All , Netrawati Dabjong Rural Municipality-1",,other,Landslide,2024-09-26,Bagmati,Dhading,Netrawati Dabjong,1,,0,0,0,0,0,0,0,0,0,0,0,0,0,0,0,0,4,3,1,0,0
Yes,"Landslide at Debal Tole , Kuse Rural Municipality-7",,other,Landslide,2024-09-25,Karnali,Jajarkot,Kushe,7,,0,0,0,0,0,0,0,0,0,0,0,0,0,0,0,0,0,0,0,0,0
Yes,"Landslide at Chiraudi , Netrawati Dabjong Rural Municipality-1",,other,Landslide,2024-09-25,Bagmati,Dhading,Netrawati Dabjong,1,,0,0,0,0,0,0,0,0,0,0,0,0,0,0,0,0,3,3,0,0,0
Yes,"Landslide at Gauri , Illam Municipality-12",,other,Landslide,2024-09-25,Koshi,Ilam,Ilam,12,25000,0,0,0,0,1,0,0,0,0,0,0,0,0,0,0,0,0,0,0,0,0
Yes,"Landslide at Jokhalli , Surnaya Rural Municipality-5",,other,Landslide,2024-09-24,Sudurpashchim,Baitadi,Surnaya,5,,0,0,1,1,0,0,0,0,0,0,0,0,0,0,0,0,0,0,0,0,0
Yes,"Landslide at Kamaldanda, Jugal Rural Municipality-2",,other,Landslide,2024-09-20,Bagmati,Sindhupalchok,Jugal,2,,0,0,0,0,0,5,0,0,0,0,0,0,0,0,0,0,0,0,0,0,0
Yes,"Landslide at Dagatadi , Gaumul Rural Municipality-1",,other,Landslide,2024-09-17,Sudurpashchim,Bajura,Gaumul,1,,0,0,0,0,0,0,0,0,0,0,0,0,0,0,0,0,0,0,0,0,0
Yes,Landslide at Khumbupasanglahmu Rural Municipality-3,,other,Landslide,2024-09-16,Koshi,Solukhumbu,Khumbu Pasanglhamu,3,,0,0,0,0,0,0,0,0,0,0,0,0,0,0,0,0,0,0,0,0,0
Yes,"Landslide at Khesewa , Phaktanglung Rural Municipality-6",,other,Landslide,2024-09-15,Koshi,Taplejung,Phaktanglung,6,,0,0,0,0,0,0,0,0,0,0,0,0,0,0,0,0,0,0,0,0,0
Yes,"Landslide at Narayangadh Mugling Road Section. , Ichchhyakamana Rural Municipality-6",,other,Landslide,2024-09-14,Bagmati,Chitwan,Ichchhakamana,6,,0,0,0,0,0,0,0,0,0,0,0,0,0,0,0,0,0,0,0,0,0
Yes,"Landslide at Youtiki , Kageshwori Manahora Municipality-9",,other,Landslide,2024-09-14,Bagmati,Kathmandu,Kageshwori Manahora,9,,0,0,0,0,0,0,0,0,0,0,0,0,0,0,0,0,0,0,0,0,0
Yes,"Landslide at Kuntada Timle Tole , Shikhar Municipality-2",,other,Landslide,2024-09-14,Sudurpashchim,Doti,Shikhar,2,,0,0,0,0,0,0,0,0,0,0,0,0,0,0,0,0,0,0,0,0,0
Yes,"Landslide at Khaniyakhola Gaau , Katari Municipality-12",,other,Landslide,2024-09-14,Koshi,Udayapur,Katari,12,250000,0,0,0,0,0,0,0,0,0,0,0,0,0,0,0,0,0,0,0,0,0
Yes,"Landslide at Kaphali , Shikhar Municipality-2",,other,Landslide,2024-09-13,Sudurpashchim,Doti,Shikhar,2,300000,0,0,1,1,0,0,0,0,0,0,0,0,0,0,0,0,0,0,0,0,0
Yes,Landslide at Shikhar Municipality-2,,other,Landslide,2024-09-12,Sudurpashchim,Doti,Shikhar,2,,0,0,0,0,0,0,0,0,0,0,0,0,0,0,0,0,2,1,1,0,0
Yes,"Landslide at Godada , Shikhar Municipality-2",,other,Landslide,2024-09-12,Sudurpashchim,Doti,Shikhar,2,,0,0,0,0,0,1,0,0,0,0,0,0,0,0,0,0,0,0,0,0,0
Yes,"Landslide at Pujakot , Alital Rural Municipality-3",,other,Landslide,2024-09-12,Sudurpashchim,Dadeldhura,Alital,3,,0,0,0,0,0,1,0,0,0,0,0,0,0,0,0,0,1,1,0,0,0
Yes,"Landslide at Bhatgaau , Shikhar Municipality-2",,other,Landslide,2024-09-12,Sudurpashchim,Doti,Shikhar,2,,0,0,0,0,0,3,0,0,0,0,0,0,0,0,0,0,0,0,0,0,0
Yes,"Landslide at Hataranga , Surnaya Rural Municipality-5",,other,Landslide,2024-09-12,Sudurpashchim,Baitadi,Surnaya,5,,0,0,0,0,0,0,0,0,0,0,0,0,0,0,0,0,0,0,0,0,0
Yes,Landslide at Surnaya Rural Municipality-5,,other,Landslide,2024-09-12,Sudurpashchim,Baitadi,Surnaya,5,,0,0,0,0,1,0,0,0,0,0,0,0,0,0,0,0,0,0,0,0,0
Yes,"Landslide at Ranidhara , Alital Rural Municipality-3",,other,Landslide,2024-09-12,Sudurpashchim,Dadeldhura,Alital,3,,0,0,0,0,0,0,0,0,0,0,0,0,0,0,0,0,0,0,0,0,0
Yes,Landslide at Mahabu Rural Municipality-2,,other,Landslide,2024-09-12,Karnali,Dailekh,Mahabu,2,,0,0,0,0,0,0,1,0,1,0,0,0,0,0,0,0,1,0,1,0,0
Yes,"Landslide at Nakurada , Shikhar Municipality-2",,other,Landslide,2024-09-12,Sudurpashchim,Doti,Shikhar,2,,0,0,0,0,0,0,0,0,0,0,0,0,0,0,0,0,0,0,0,0,0
Yes,"Landslide at Garadigaau , Shikhar Municipality-2",,other,Landslide,2024-09-12,Sudurpashchim,Doti,Shikhar,2,,0,0,0,0,0,0,0,0,0,0,0,0,0,0,0,0,0,0,0,0,0
Yes,"Landslide at Chokhalgaau , Shikhar Municipality-2",,other,Landslide,2024-09-12,Sudurpashchim,Doti,Shikhar,2,100000,0,0,0,0,0,0,0,0,0,0,0,0,0,0,0,0,0,0,0,0,0
Yes,"Landslide at Junetha Gothali , Shikhar Municipality-2",,other,Landslide,2024-09-12,Sudurpashchim,Doti,Shikhar,2,,0,0,1,1,0,4,0,0,0,0,0,0,0,0,0,0,0,0,0,0,0
Yes,"Landslide at Phachkalawa, Tulsipur Submetropolitan City-16",,other,Landslide,2024-09-11,Lumbini,Dang,Tulsipur,16,150000,0,0,0,0,1,0,0,0,0,0,0,0,0,0,0,0,0,0,0,0,0
Yes,"Landslide at Kuntada , Shikhar Municipality-2",,other,Landslide,2024-09-11,Sudurpashchim,Doti,Shikhar,2,,0,0,1,1,0,0,0,0,0,0,0,0,0,0,0,0,0,0,0,0,0
Yes,Landslide at Khumbupasanglahmu Rural Municipality-3,,other,Landslide,2024-09-11,Koshi,Solukhumbu,Khumbu Pasanglhamu,3,,0,0,1,1,0,0,0,0,0,0,0,0,0,0,0,0,0,0,0,0,0
Yes,"Landslide at Aagar , Shikhar Municipality-2",,other,Landslide,2024-09-06,Sudurpashchim,Doti,Shikhar,2,,0,0,0,0,0,0,1,0,1,0,0,0,0,0,0,0,1,0,1,0,0
Yes,"Landslide at Tallo Tole Dhum , Kuse Rural Municipality-7",,other,Landslide,2024-09-06,Karnali,Jajarkot,Kushe,7,,0,0,1,1,0,0,2,1,1,0,0,0,0,0,0,0,1,0,1,0,0
Yes,"Landslide at Pakhare, Raghuganga Rural Municipality-8",,other,Landslide,2024-09-05,Gandaki,Myagdi,Raghuganga,8,,0,0,1,1,1,0,0,0,0,0,0,0,0,0,0,0,0,0,0,0,0
Yes,"Landslide at Lipepani , Madi Rural Municipality-12",,other,Landslide,2024-09-05,Gandaki,Kaski,Madi,12,,0,0,0,0,0,0,0,0,0,0,0,0,0,0,0,0,0,0,0,0,0
Yes,"Landslide at Lamidar , Ghorahi Submetropolitan City-5",,other,Landslide,2024-09-05,Lumbini,Dang,Ghorahi,5,,0,0,0,0,1,7,0,0,0,0,0,0,0,0,0,0,2,1,1,0,0
Yes,"Landslide at Baspura , Nechasalyan Rural Municipality-6",,other,Landslide,2024-09-05,Koshi,Solukhumbu,Nechasalyan,6,,0,0,0,0,0,0,0,0,0,0,0,0,0,0,0,0,0,0,0,0,0
Yes,"Landslide at Lingeshwori , Dhankuta Municipality-2",,other,Landslide,2024-09-05,Koshi,Dhankuta,Dhankuta,2,400000,0,0,0,0,0,7,0,0,0,0,0,0,0,0,0,0,0,0,0,0,0
Yes,"Landslide at Tinthana Bishnudevi Temple , Chandragiri Municipality-15",,other,Landslide,2024-09-05,Bagmati,Kathmandu,Chandragiri,15,,0,0,0,0,0,0,0,0,0,0,0,0,0,0,0,0,0,0,0,0,0
Yes,"Landslide at Khawang , Raghuganga Rural Municipality-8",,other,Landslide,2024-09-05,Gandaki,Myagdi,Raghuganga,8,,0,0,1,1,0,0,0,0,0,0,0,0,0,0,0,0,0,0,0,0,0
Yes,"Landslide at Dhiri Syala , Dhorpatan Municipality-4",,other,Landslide,2024-09-05,Gandaki,Baglung,Dhorpatan,4,,0,0,0,0,0,0,0,0,0,0,0,0,0,0,0,0,0,0,0,0,0
Yes,"Landslide at Chokhane , Halesi Tuwachung Municipality-11",,other,Landslide,2024-09-05,Koshi,Khotang,Halesi Tuwachung,11,250000,0,0,1,1,0,0,0,0,0,0,0,0,0,0,0,0,0,0,0,0,0
Yes,Landslide at Halesi Tuwachung Municipality-11,,other,Landslide,2024-09-05,Koshi,Khotang,Halesi Tuwachung,11,182000,0,0,0,0,0,0,0,0,0,0,0,0,0,0,0,0,0,0,0,0,0
Yes,"Landslide at Patukhola , Banfikot Rural Municipality-6",,other,Landslide,2024-09-05,Karnali,Rukum West,Banphikot,6,2400000,0,0,0,0,0,0,0,0,0,0,0,0,0,0,0,0,0,0,0,0,0
Yes,"Landslide at Yangshok , Diprung Chuichumma Rural Municipality-3",,other,Landslide,2024-09-05,Koshi,Khotang,Diprung Chuichumma,3,300000,0,0,0,0,0,0,0,0,0,0,0,0,0,0,0,0,0,0,0,0,0
Yes,"Landslide at Maatigaau , Phedap Rural Municipality-3",,other,Landslide,2024-09-05,Koshi,Terhathum,Phedap,3,,0,0,0,0,0,0,0,0,0,0,0,0,0,0,0,0,0,0,0,0,0
Yes,"Landslide at Radhamba , Halesi Tuwachung Municipality-11",,other,Landslide,2024-09-04,Koshi,Khotang,Halesi Tuwachung,11,,0,0,0,0,0,0,0,0,0,0,0,0,0,0,0,0,0,0,0,0,0
Yes,"Landslide at Diyali , Khumbupasanglahmu Rural Municipality-3",,other,Landslide,2024-09-04,Koshi,Solukhumbu,Khumbu Pasanglhamu,3,,0,0,0,0,0,2,0,0,0,0,0,0,0,0,0,0,0,0,0,0,0
Yes,Landslide at Halesi Tuwachung Municipality-11,,other,Landslide,2024-09-04,Koshi,Khotang,Halesi Tuwachung,11,,0,0,0,0,0,0,0,0,0,0,0,0,0,0,0,0,0,0,0,0,0
Yes,Landslide at Halesi Tuwachung Municipality-11,,other,Landslide,2024-09-04,Koshi,Khotang,Halesi Tuwachung,11,2000000,0,0,0,0,0,0,0,0,0,0,0,0,0,0,0,0,0,0,0,0,0
Yes,"Landslide at Nerpa , Halesi Tuwachung Municipality-11",,other,Landslide,2024-09-04,Koshi,Khotang,Halesi Tuwachung,11,,0,0,0,0,0,0,0,0,0,0,0,0,0,0,0,0,0,0,0,0,0
Yes,"Landslide at Sisne , Halesi Tuwachung Municipality-11",,other,Landslide,2024-09-04,Koshi,Khotang,Halesi Tuwachung,11,,0,0,0,0,0,0,0,0,0,0,0,0,0,0,0,0,0,0,0,0,0
Yes,"Landslide at Thulachhap Keureni , Molung Rural Municipality-1",,other,Landslide,2024-09-04,Koshi,Okhaldhunga,Molung,1,,0,0,0,0,0,0,0,0,0,0,0,0,0,0,0,0,0,0,0,0,0
Yes,"Landslide at Khiji Bajar , Molung Rural Municipality-1",,other,Landslide,2024-09-03,Koshi,Okhaldhunga,Molung,1,,0,0,1,1,0,0,0,0,0,0,0,0,0,0,0,0,0,0,0,0,0
Yes,"Landslide at Chapkharka , Halesi Tuwachung Municipality-11",,other,Landslide,2024-09-03,Koshi,Khotang,Halesi Tuwachung,11,,0,0,1,1,0,0,0,0,0,0,0,0,0,0,0,0,0,0,0,0,0
Yes,"Landslide at Katunje , Molung Rural Municipality-1",,other,Landslide,2024-09-03,Koshi,Okhaldhunga,Molung,1,,0,0,0,0,0,0,0,0,0,0,0,0,0,0,0,0,0,0,0,0,0
Yes,"Landslide at Golphutar , Kageshwori Manahora Municipality-9",,other,Landslide,2024-09-02,Bagmati,Kathmandu,Kageshwori Manahora,9,,0,0,0,0,0,0,0,0,0,0,0,0,0,0,0,0,0,0,0,0,0
Yes,"Landslide at Hangde , Phidim Municipality-11",,other,Landslide,2024-09-02,Koshi,Panchthar,Phidim,11,,0,0,0,0,0,0,1,1,0,0,0,0,0,0,0,0,0,0,0,0,0
Yes,"Landslide at Tatopani , Gosaikunda Rural Municipality-4",,other,Landslide,2024-09-02,Bagmati,Rasuwa,Gosaikunda,4,,0,0,0,0,0,0,0,0,0,0,0,0,0,0,0,0,0,0,0,0,0
Yes,Landslide at Khumbupasanglahmu Rural Municipality-3,,other,Landslide,2024-09-01,Koshi,Solukhumbu,Khumbu Pasanglhamu,3,,0,0,0,0,0,0,0,0,0,0,0,0,0,0,0,0,0,0,0,0,0
Yes,"Landslide at Khaula Bajar , Surnaya Rural Municipality-5",,other,Landslide,2024-09-01,Sudurpashchim,Baitadi,Surnaya,5,90000,0,0,0,0,0,0,0,0,0,0,0,0,0,0,0,0,0,0,0,0,0
Yes,"Landslide at Basala , Gaumul Rural Municipality-1",,other,Landslide,2024-09-01,Sudurpashchim,Bajura,Gaumul,1,,0,0,0,0,0,0,0,0,0,0,0,0,0,0,0,0,0,0,0,0,0
Yes,"Landslide at Ishan Bal Hospital , Kageshwori Manahora Municipality-9",,other,Landslide,2024-08-31,Bagmati,Kathmandu,Kageshwori Manahora,9,,0,0,0,0,0,0,0,0,0,0,0,0,0,0,0,0,1,1,0,0,0
Yes,"Landslide at Sahare , Banfikot Rural Municipality-6",,other,Landslide,2024-08-31,Karnali,Rukum West,Banphikot,6,,0,0,0,0,0,0,0,0,0,0,0,0,0,0,0,0,0,0,0,0,0
Yes,"Landslide at Swara , Kamalamai Municipality-5",,other,Landslide,2024-08-31,Bagmati,Sindhuli,Kamalamai,5,,0,0,0,0,0,0,0,0,0,0,0,0,0,0,0,0,0,0,0,0,0
Yes,"Landslide at Charkhu Sauthe , Molung Rural Municipality-1",,other,Landslide,2024-08-31,Koshi,Okhaldhunga,Molung,1,,0,0,0,0,0,1,0,0,0,0,0,0,0,0,0,0,0,0,0,0,0
Yes,"Landslide at Bisauna New - Basti , Surnaya Rural Municipality-5",,other,Landslide,2024-08-31,Sudurpashchim,Baitadi,Surnaya,5,,0,0,0,0,0,7,0,0,0,0,0,0,0,0,0,0,0,0,0,0,0
Yes,"Landslide at Rumdi , Gaumul Rural Municipality-1",,other,Landslide,2024-08-29,Sudurpashchim,Bajura,Gaumul,1,,0,0,0,0,0,0,0,0,0,0,0,0,0,0,0,0,0,0,0,0,0
Yes,"Landslide at Dahi Khola , Pachaljharana Rural Municipality-3",,other,Landslide,2024-08-27,Karnali,Kalikot,Pachaljharana,3,,0,0,0,0,0,0,0,0,0,0,0,0,0,0,0,0,0,0,0,0,0
Yes,"Landslide at Chutraghari Chaimale , Kageshwori Manahora Municipality-9",,other,Landslide,2024-08-26,Bagmati,Kathmandu,Kageshwori Manahora,9,,0,0,0,0,1,0,0,0,0,0,0,0,0,0,0,0,0,0,0,0,0
Yes,"Landslide at Chutraghari Chaimale , Kageshwori Manahora Municipality-9",,other,Landslide,2024-08-25,Bagmati,Kathmandu,Kageshwori Manahora,9,,0,0,0,0,0,0,0,0,0,0,0,0,0,0,0,0,0,0,0,0,0
Yes,"Landslide at Debithan , Panchkhal Municipality-13",,other,Landslide,2024-08-25,Bagmati,Kavrepalanchok,Panchkhal,13,,0,0,0,0,0,26,0,0,0,0,0,0,0,0,0,0,0,0,0,0,0
Yes,"Landslide at Lekhkharka , Gokulganga Rural Municipality-4",,other,Landslide,2024-08-24,Bagmati,Ramechhap,Gokulganga,4,,0,0,4,4,0,0,8,4,4,0,0,2,0,0,2,0,1,0,1,0,0
Yes,"Landslide at Anandabagar , Raghuganga Rural Municipality-8",,other,Landslide,2024-08-24,Gandaki,Myagdi,Raghuganga,8,,0,0,1,1,0,0,0,0,0,0,0,0,0,0,0,0,0,0,0,0,0
Yes,"Landslide at Naubhaini Ga. Pa. 3 and 4, Pyuthan Municipality-7",,other,Landslide,2024-08-24,Lumbini,Pyuthan,Pyuthan,7,,0,0,0,0,0,0,0,0,0,0,0,0,0,0,0,0,0,0,0,0,0
Yes,"Landslide at Okharpauwa , Suryagadhi Rural Municipality-4",,other,Landslide,2024-08-24,Bagmati,Nuwakot,Suryagadhi,4,5000000,0,0,1,1,0,0,0,0,0,0,0,0,0,0,0,0,0,0,0,0,0
Yes,"Landslide at Santhakra , Phaktanglung Rural Municipality-6",,other,Landslide,2024-08-24,Koshi,Taplejung,Phaktanglung,6,,0,0,0,0,0,0,0,0,0,0,0,0,0,0,0,0,1,0,1,0,0
Yes,"Landslide at Ratoswara , Suryagadhi Rural Municipality-4",,other,Landslide,2024-08-24,Bagmati,Nuwakot,Suryagadhi,4,290000,0,0,0,0,0,9,0,0,0,0,0,0,0,0,0,0,0,0,0,0,0
Yes,"Landslide at Jaubari , Phaktanglung Rural Municipality-6",,other,Landslide,2024-08-23,Koshi,Taplejung,Phaktanglung,6,32000,0,0,0,0,0,0,0,0,0,0,0,0,0,0,0,0,0,0,0,0,0
Yes,"Landslide at Khundruke , Phaktanglung Rural Municipality-6",,other,Landslide,2024-08-23,Koshi,Taplejung,Phaktanglung,6,500000,0,0,1,1,0,0,0,0,0,0,0,0,0,0,0,0,0,0,0,0,0
Yes,"Landslide at Thado Banda , Raghuganga Rural Municipality-8",,other,Landslide,2024-08-23,Gandaki,Myagdi,Raghuganga,8,,0,0,0,0,0,0,0,0,0,0,0,0,0,0,0,0,0,0,0,0,0
Yes,"Landslide at Soureni , Molung Rural Municipality-1",,other,Landslide,2024-08-22,Koshi,Okhaldhunga,Molung,1,2000,0,0,0,0,0,0,0,0,0,0,0,0,0,0,0,0,0,0,0,0,0
Yes,"Landslide at Ballekh , Surma Rural Municipality-1",,other,Landslide,2024-08-21,Sudurpashchim,Bajhang,Surma,1,,0,0,0,0,0,0,0,0,0,0,0,0,0,0,0,0,0,0,0,0,0
Yes,"Landslide at Tekanpur , Molung Rural Municipality-1",,other,Landslide,2024-08-21,Koshi,Okhaldhunga,Molung,1,,0,0,0,0,0,0,0,0,0,0,0,0,0,0,0,0,0,0,0,0,0
Yes,"Landslide at Champadevi Kakani Temple , Molung Rural Municipality-1",,other,Landslide,2024-08-21,Koshi,Okhaldhunga,Molung,1,10000000,0,0,0,0,0,0,0,0,0,0,0,0,0,0,0,0,0,0,0,0,0
Yes,"Landslide at Charsayabesi , Namobuddha Municipality-7",,other,Landslide,2024-08-21,Bagmati,Kavrepalanchok,Namobuddha,7,,0,0,0,0,0,0,0,0,0,0,0,0,0,0,0,0,1,1,0,0,0
Yes,"Landslide at Grang , Gosaikunda Rural Municipality-4",,other,Landslide,2024-08-21,Bagmati,Rasuwa,Gosaikunda,4,,0,0,0,0,0,0,0,0,0,0,0,0,0,0,0,0,0,0,0,0,0
Yes,"Landslide at Rimche , Gosaikunda Rural Municipality-4",,other,Landslide,2024-08-21,Bagmati,Rasuwa,Gosaikunda,4,,0,0,0,0,0,0,1,0,1,0,0,0,0,0,0,0,0,0,0,0,0
Yes,"Landslide at Tapewa , Illam Municipality-12",,other,Landslide,2024-08-21,Koshi,Ilam,Ilam,12,375000,0,0,0,0,0,1,0,0,0,0,0,0,0,0,0,0,0,0,0,0,0
Yes,"Landslide at Okhre , Dhankuta Municipality-2",,other,Landslide,2024-08-21,Koshi,Dhankuta,Dhankuta,2,,0,0,0,0,2,0,0,0,0,0,0,0,0,0,0,0,0,0,0,0,0
Yes,"Landslide at Sainedi , Surma Rural Municipality-1",,other,Landslide,2024-08-20,Sudurpashchim,Bajhang,Surma,1,,0,0,1,1,0,0,0,0,0,0,0,0,0,0,0,0,0,0,0,0,0
Yes,"Landslide at Old Village , Phedap Rural Municipality-3",,other,Landslide,2024-08-20,Koshi,Terhathum,Phedap,3,225000,0,0,0,0,0,2,0,0,0,0,0,0,0,0,0,0,0,0,0,0,0
Yes,"Landslide at Khamlalung , Phedap Rural Municipality-3",,other,Landslide,2024-08-20,Koshi,Terhathum,Phedap,3,1000000,0,0,0,0,1,0,0,0,0,0,0,0,0,0,0,0,0,0,0,0,0
Yes,"Landslide at Mathillo Khalde , Dhankuta Municipality-2",,other,Landslide,2024-08-20,Koshi,Dhankuta,Dhankuta,2,,0,0,0,0,0,0,0,0,0,0,0,0,0,0,0,0,0,0,0,0,0
Yes,"Landslide at Mugling Narayangadh Road Section 17 Kilo, Bharatpur Metropolitan City-29",,other,Landslide,2024-08-20,Bagmati,Chitwan,Bharatpur,29,,0,0,0,0,0,0,0,0,0,0,0,0,0,0,0,0,2,0,2,0,0
Yes,"Landslide at Ratemate, Kageshwori Manahora Municipality-9",,other,Landslide,2024-08-20,Bagmati,Kathmandu,Kageshwori Manahora,9,,0,0,0,0,0,0,0,0,0,0,0,0,0,0,0,0,0,0,0,0,0
Yes,"Landslide at Sadakpur , Phedap Rural Municipality-3",,other,Landslide,2024-08-20,Koshi,Terhathum,Phedap,3,3500000,0,0,0,0,0,0,0,0,0,0,0,0,0,0,0,0,0,0,0,0,0
Yes,"Landslide at Bala Chirkhuwa , Khandbari Municipality-7",,other,Landslide,2024-08-20,Koshi,Sankhuwasabha,Khandbari,7,,0,0,0,0,0,0,0,0,0,0,0,0,0,0,0,0,0,0,0,0,0
Yes,"Landslide at Tathali Gothalechaur , Bhaktapur Municipality-9",,other,Landslide,2024-08-20,Bagmati,Bhaktapur,Bhaktapur,9,205000,0,0,0,0,0,3,0,0,0,0,0,0,0,0,0,0,0,0,0,0,0
Yes,Landslide at Balefi Rural Municipality-4,,other,Landslide,2024-08-19,Bagmati,Sindhupalchok,Balephi,4,,0,0,0,0,0,0,0,0,0,0,0,0,0,0,0,0,1,1,0,0,0
Yes,"Landslide at Mathillo Siddhababa, Mathagadhi Rural Municipality-1",,nepal_police,Landslide,2024-08-19,Lumbini,Palpa,Mathagadhi,1,,0,0,0,0,0,0,0,0,0,0,0,0,0,0,0,0,1,1,0,0,0
Yes,"Landslide at Upallo Baisari, Raghuganga Rural Municipality-2",,nepal_police,Landslide,2024-08-19,Gandaki,Myagdi,Raghuganga,2,,0,0,0,0,0,0,0,0,0,0,0,0,0,0,0,0,2,0,2,0,0
Yes,"Landslide at Bhangala, Sitganga Municipality-13",,nepal_police,Landslide,2024-08-19,Lumbini,Arghakhanchi,Sitganga,13,,0,0,0,0,0,3,1,1,0,0,0,0,0,0,0,0,0,0,0,0,0
Yes,"Landslide at Rasuwagadhi , Gosaikunda Rural Municipality-1",,other,Landslide,2024-08-19,Bagmati,Rasuwa,Gosaikunda,1,,0,0,1,1,0,0,0,0,0,0,0,0,0,0,0,0,0,0,0,0,0
Yes,"Landslide at Sirad , Apihimal Rural Municipality-6",,other,Landslide,2024-08-19,Sudurpashchim,Darchula,Apihimal,6,,0,0,0,0,0,0,0,0,0,0,0,0,0,0,0,0,0,0,0,0,0
Yes,"Landslide at Kurtiwang Ligha , Pyuthan Municipality-7",,other,Landslide,2024-08-19,Lumbini,Pyuthan,Pyuthan,7,60000,0,0,0,0,0,2,0,0,0,0,0,0,0,0,0,0,0,0,0,0,0
Yes,"Landslide at Katanchhap , Rhishing Rural Municipality-1",,other,Landslide,2024-08-19,Gandaki,Tanahu,Rhishing,1,,0,0,0,0,2,0,0,0,0,0,0,0,0,0,0,0,0,0,0,0,0
Yes,"Landslide at Samdu , Phedap Rural Municipality-3",,other,Landslide,2024-08-19,Koshi,Terhathum,Phedap,3,50000,0,0,0,0,0,0,0,0,0,0,0,0,0,0,0,0,0,0,0,0,0
Yes,"Landslide at Jayapate , Bhirkot Municipality-8",,other,Landslide,2024-08-19,Gandaki,Syangja,Bhirkot,8,,0,0,0,0,0,0,0,0,0,0,0,0,0,0,0,0,0,0,0,0,0
Yes,"Landslide at Tumeda , Bungal Municipality-10",,other,Landslide,2024-08-18,Sudurpashchim,Bajhang,Bungal,10,,0,0,0,0,0,0,4,0,4,0,0,0,0,0,0,0,6,4,2,0,0
Yes,"Landslide at Dandagaau , Kuse Rural Municipality-7",,other,Landslide,2024-08-18,Karnali,Jajarkot,Kushe,7,,0,0,0,0,0,0,3,2,1,0,0,0,0,0,0,0,0,0,0,0,0
Yes,"Landslide at Ranipauwa Tallobazar , Suryagadhi Rural Municipality-4",,other,Landslide,2024-08-18,Bagmati,Nuwakot,Suryagadhi,4,100000,0,0,0,0,0,0,0,0,0,0,0,0,0,0,0,0,0,0,0,0,0
Yes,"Landslide at Baskharka , Jugal Rural Municipality-2",,other,Landslide,2024-08-18,Bagmati,Sindhupalchok,Jugal,2,,0,0,0,0,0,0,0,0,0,0,0,0,0,0,0,0,0,0,0,0,0
Yes,"Landslide at Gilkha , Halesi Tuwachung Municipality-11",,other,Landslide,2024-08-18,Koshi,Khotang,Halesi Tuwachung,11,,0,0,0,0,0,0,0,0,0,0,0,0,0,0,0,0,0,0,0,0,0
Yes,"Landslide at Telkot , Bhaktapur Municipality-9",,other,Landslide,2024-08-18,Bagmati,Bhaktapur,Bhaktapur,9,,0,0,0,0,0,0,0,0,0,0,0,0,0,0,0,0,0,0,0,0,0
Yes,"Landslide at Mulpani , Rolpa Municipality-10",,other,Landslide,2024-08-17,Lumbini,Rolpa,Rolpa,10,,0,0,0,0,0,0,1,0,1,0,0,0,0,0,0,0,2,1,1,0,0
Yes,"Landslide at Taluwa Bhorle , Molung Rural Municipality-1",,other,Landslide,2024-08-17,Koshi,Okhaldhunga,Molung,1,,0,0,0,0,0,2,0,0,0,0,0,0,0,0,0,0,0,0,0,0,0
Yes,"Landslide at Bidari Magar Gaau , Kageshwori Manahora Municipality-9",,other,Landslide,2024-08-17,Bagmati,Kathmandu,Kageshwori Manahora,9,,0,0,0,0,0,0,0,0,0,0,0,0,0,0,0,0,0,0,0,0,0
Yes,"Landslide at Naubise , Gosaikunda Rural Municipality-4",,other,Landslide,2024-08-17,Bagmati,Rasuwa,Gosaikunda,4,,0,0,0,0,0,0,0,0,0,0,0,0,0,0,0,0,0,0,0,0,0
Yes,"Landslide at Rakam Bajar , Mahabu Rural Municipality-2",,other,Landslide,2024-08-17,Karnali,Dailekh,Mahabu,2,,0,0,0,0,0,0,0,0,0,0,0,0,0,0,0,0,0,0,0,0,0
Yes,"Landslide at Silwali , Rolpa Municipality-10",,other,Landslide,2024-08-17,Lumbini,Rolpa,Rolpa,10,,0,0,0,0,0,1,0,0,0,0,0,0,0,0,0,0,0,0,0,0,0
Yes,"Landslide at Thumpaki , Rolpa Municipality-10",,other,Landslide,2024-08-17,Lumbini,Rolpa,Rolpa,10,,0,0,0,0,0,3,0,0,0,0,0,0,0,0,0,0,0,0,0,0,0
Yes,Landslide at Mahabu Rural Municipality-2,,other,Landslide,2024-08-17,Karnali,Dailekh,Mahabu,2,,0,0,2,2,1,0,0,0,0,0,0,0,0,0,0,0,0,0,0,0,0
Yes,"Landslide at Yari , Rolpa Municipality-10",,other,Landslide,2024-08-17,Lumbini,Rolpa,Rolpa,10,200000,0,0,0,0,1,0,0,0,0,0,0,0,0,0,0,0,0,0,0,0,0
Yes,"Landslide at Maharajganj , Kageshwori Manahora Municipality-9",,other,Landslide,2024-08-17,Bagmati,Kathmandu,Kageshwori Manahora,9,,0,0,0,0,0,0,0,0,0,0,0,0,0,0,0,0,0,0,0,0,0
Yes,"Landslide at  Badeda , Budhiganga Municipality-10",,other,Landslide,2024-08-17,Sudurpashchim,Bajura,Budhiganga,10,,0,0,0,0,0,0,0,0,0,0,0,0,0,0,0,0,0,0,0,0,0
Yes,Landslide at Phaktanglung Rural Municipality-6,,other,Landslide,2024-08-16,Koshi,Taplejung,Phaktanglung,6,,0,0,0,0,1,0,0,0,0,0,0,0,0,0,0,0,0,0,0,0,0
Yes,"Landslide at Kartike , Khumbupasanglahmu Rural Municipality-3",,other,Landslide,2024-08-15,Koshi,Solukhumbu,Khumbu Pasanglhamu,3,,0,0,0,0,0,0,0,0,0,0,0,0,0,0,0,0,0,0,0,0,0
Yes,"Landslide at Ramche , Khumbupasanglahmu Rural Municipality-3",,other,Landslide,2024-08-15,Koshi,Solukhumbu,Khumbu Pasanglhamu,3,,0,0,0,0,0,0,0,0,0,0,0,0,0,0,0,0,0,0,0,0,0
Yes,"Landslide at Lumbadin , Phidim Municipality-11",,other,Landslide,2024-08-15,Koshi,Panchthar,Phidim,11,,0,0,0,0,0,0,0,0,0,0,0,0,0,0,0,0,0,0,0,0,0
Yes,"Landslide at Ubu , Molung Rural Municipality-1",,other,Landslide,2024-08-15,Koshi,Okhaldhunga,Molung,1,,0,0,0,0,0,0,0,0,0,0,0,0,0,0,0,0,0,0,0,0,0
Yes,"Landslide at Palapu , Molung Rural Municipality-1",,other,Landslide,2024-08-15,Koshi,Okhaldhunga,Molung,1,,0,0,0,0,0,0,0,0,0,0,0,0,0,0,0,0,0,0,0,0,0
Yes,"Landslide at Malbase , Dhankuta Municipality-2",,other,Landslide,2024-08-14,Koshi,Dhankuta,Dhankuta,2,,0,0,0,0,0,0,0,0,0,0,0,0,0,0,0,0,0,0,0,0,0
Yes,Landslide at Halesi Tuwachung Municipality-11,,other,Landslide,2024-08-14,Koshi,Khotang,Halesi Tuwachung,11,,0,0,0,0,0,0,1,0,1,0,0,0,0,0,0,0,0,0,0,0,0
Yes,"Landslide at Haitar , Khandbari Municipality-7",,other,Landslide,2024-08-14,Koshi,Sankhuwasabha,Khandbari,7,,0,0,0,0,0,0,0,0,0,0,0,0,0,0,0,0,0,0,0,0,0
Yes,Landslide at Phidim Municipality-11,,other,Landslide,2024-08-14,Koshi,Panchthar,Phidim,11,1200000,0,0,0,0,1,0,0,0,0,0,0,0,0,0,0,0,0,0,0,0,0
Yes,Landslide at Phedap Rural Municipality-3,,other,Landslide,2024-08-14,Koshi,Terhathum,Phedap,3,350000,0,0,0,0,0,0,0,0,0,0,0,0,0,0,0,0,0,0,0,0,0
Yes,"Landslide at Dumma , Bhojpur Municipality-11",,other,Landslide,2024-08-14,Koshi,Bhojpur,Bhojpur,11,,0,0,0,0,0,0,0,0,0,0,0,0,0,0,0,0,0,0,0,0,0
Yes,"Landslide at Uma , Rolpa Municipality-10",,other,Landslide,2024-08-14,Lumbini,Rolpa,Rolpa,10,400000,0,0,0,0,0,0,0,0,0,0,0,0,0,0,0,0,0,0,0,0,0
Yes,"Landslide at Chiurebote , Bhojpur Municipality-11",,other,Landslide,2024-08-14,Koshi,Bhojpur,Bhojpur,11,,0,0,0,0,0,0,0,0,0,0,0,0,0,0,0,0,0,0,0,0,0
Yes,"Landslide at Kerabari , Phidim Municipality-11",,other,Landslide,2024-08-14,Koshi,Panchthar,Phidim,11,,0,0,0,0,0,0,0,0,0,0,0,0,0,0,0,0,0,0,0,0,0
Yes,"Landslide at Kerabari-Okhre, Belbari Municipality-8",,other,Landslide,2024-08-13,Koshi,Morang,Belbari,8,,0,0,0,0,0,0,0,0,0,0,0,0,0,0,0,0,0,0,0,0,0
Yes,"Landslide at Aash Bahadur Rai , Molung Rural Municipality-1",,other,Landslide,2024-08-13,Koshi,Okhaldhunga,Molung,1,1000000,0,0,0,0,0,0,0,0,0,0,0,0,0,0,0,0,0,0,0,0,0
Yes,"Landslide at Dumling Ghattekhola , Apihimal Rural Municipality-6",,other,Landslide,2024-08-12,Sudurpashchim,Darchula,Apihimal,6,,0,0,0,0,0,0,0,0,0,0,0,0,0,0,0,0,0,0,0,0,0
Yes,"Landslide at Khalanga , Sharada Municipality-9",,other,Landslide,2024-08-12,Karnali,Salyan,Sharada,9,2000000,0,0,1,1,0,0,0,0,0,0,0,0,0,0,0,0,0,0,0,0,0
Yes,"Landslide at Hardeni , Katari Municipality-11",,other,Landslide,2024-08-12,Koshi,Udayapur,Katari,11,,0,0,0,0,0,0,0,0,0,0,0,0,0,0,0,0,0,0,0,0,0
Yes,"Landslide at Manakamana Tole , Kageshwori Manahora Municipality-9",,other,Landslide,2024-08-12,Bagmati,Kathmandu,Kageshwori Manahora,9,178000,0,0,0,0,0,0,0,0,0,0,0,0,0,0,0,0,0,0,0,0,0
Yes,"Landslide at Rawa , Molung Rural Municipality-1",,other,Landslide,2024-08-12,Koshi,Okhaldhunga,Molung,1,,0,0,0,0,0,0,0,0,0,0,0,0,0,0,0,0,0,0,0,0,0
Yes,"Landslide at Itahari , Phaktanglung Rural Municipality-6",,other,Landslide,2024-08-12,Koshi,Taplejung,Phaktanglung,6,,0,0,1,1,0,0,0,0,0,0,0,0,0,0,0,0,0,0,0,0,0
Yes,"Landslide at Pakhebari , Phaktanglung Rural Municipality-6",,other,Landslide,2024-08-12,Koshi,Taplejung,Phaktanglung,6,,0,0,0,0,0,0,0,0,0,0,0,0,0,0,0,0,0,0,0,0,0
Yes,Landslide at Pachaljharana Rural Municipality-3,,other,Landslide,2024-08-12,Karnali,Kalikot,Pachaljharana,3,,0,0,0,0,1,0,0,0,0,0,0,0,0,0,0,0,0,0,0,0,0
Yes,"Landslide at Saunera Lipukhola , Molung Rural Municipality-1",,other,Landslide,2024-08-12,Koshi,Okhaldhunga,Molung,1,,0,0,0,0,0,0,0,0,0,0,0,0,0,0,0,0,0,0,0,0,0
Yes,"Landslide at Bhote Gaau , Phaktanglung Rural Municipality-6",,other,Landslide,2024-08-12,Koshi,Taplejung,Phaktanglung,6,,0,0,0,0,0,0,0,0,0,0,0,0,0,0,0,0,0,0,0,0,0
Yes,"Landslide at Daunne , Hupsekot Rural Municipality-4",,other,Landslide,2024-08-11,Gandaki,Nawalparasi East,Hupsekot,4,,0,0,0,0,0,0,0,0,0,0,0,0,0,0,0,0,0,0,0,0,0
Yes,"Landslide at Jyamire, Molung Rural Municipality-1",,other,Landslide,2024-08-11,Koshi,Okhaldhunga,Molung,1,,0,0,0,0,0,0,0,0,0,0,0,0,0,0,0,0,0,0,0,0,0
Yes,"Landslide at Karagaau , Sharada Municipality-9",,other,Landslide,2024-08-11,Karnali,Salyan,Sharada,9,,0,0,0,0,0,0,0,0,0,0,0,0,0,0,0,0,1,0,1,0,0
Yes,"Landslide at Jhija , Banfikot Rural Municipality-6",,other,Landslide,2024-08-11,Karnali,Rukum West,Banphikot,6,,0,0,0,0,0,1,0,0,0,0,0,0,0,0,0,0,0,0,0,0,0
Yes,"Landslide at Silangi , Surma Rural Municipality-1",,other,Landslide,2024-08-11,Sudurpashchim,Bajhang,Surma,1,,0,0,0,0,0,0,1,1,0,0,0,0,0,0,0,0,0,0,0,0,0
Yes,"Landslide at Chandithan , Mathagadhi Rural Municipality-1",,other,Landslide,2024-08-10,Lumbini,Palpa,Mathagadhi,1,,0,0,0,0,1,0,0,0,0,0,0,0,0,0,0,0,0,0,0,0,0
Yes,"Landslide at Badaukhola , Surnaya Rural Municipality-5",,other,Landslide,2024-08-10,Sudurpashchim,Baitadi,Surnaya,5,,0,0,1,1,0,0,0,0,0,0,0,0,0,0,0,0,0,0,0,0,0
Yes,"Landslide at Gyaneshwor , Kathmandu Metropolitan City-30",,other,Landslide,2024-08-10,Bagmati,Kathmandu,Kathmandu,30,,0,0,0,0,0,0,0,0,0,0,0,0,0,0,0,0,0,0,0,0,0
Yes,"Landslide at Dhapasi , Kageshwori Manahora Municipality-9",,other,Landslide,2024-08-10,Bagmati,Kathmandu,Kageshwori Manahora,9,,0,0,0,0,0,0,0,0,0,0,0,0,0,0,0,0,0,0,0,0,0
Yes,"Landslide at Kaphalbot , Musikot Municipality-13",,other,Landslide,2024-08-10,Karnali,Rukum West,Musikot,13,,0,0,0,0,1,0,0,0,0,0,0,0,0,0,0,0,0,0,0,0,0
Yes,"Landslide at Baseri , Rautamai Rural Municipality-7",,other,Landslide,2024-08-10,Koshi,Udayapur,Rautamai,7,500000,0,0,0,0,0,0,0,0,0,0,0,0,0,0,0,0,0,0,0,0,0
Yes,"Landslide at Bigutar , Molung Rural Municipality-1",,other,Landslide,2024-08-10,Koshi,Okhaldhunga,Molung,1,,0,0,0,0,0,0,0,0,0,0,0,0,0,0,0,0,0,0,0,0,0
Yes,"Landslide at Nakkhudole , Lalitpur Metropolitan City-25",,other,Landslide,2024-08-10,Bagmati,Lalitpur,Lalitpur,25,,0,0,0,0,0,1,0,0,0,0,0,0,0,0,0,0,0,0,0,0,0
Yes,Landslide at Raghuganga Rural Municipality-8,,other,Landslide,2024-08-10,Gandaki,Myagdi,Raghuganga,8,,0,0,0,0,0,0,0,0,0,0,0,0,0,0,0,0,0,0,0,0,0
Yes,"Landslide at Bhorle Buspark , Gosaikunda Rural Municipality-4",,other,Landslide,2024-08-10,Bagmati,Rasuwa,Gosaikunda,4,,0,0,0,0,2,0,0,0,0,0,0,0,0,0,0,0,0,0,0,0,0
Yes,"Landslide at Salme , Nechasalyan Rural Municipality-6",,other,Landslide,2024-08-10,Koshi,Solukhumbu,Nechasalyan,6,,0,0,0,0,0,0,0,0,0,0,0,0,0,0,0,0,0,0,0,0,0
Yes,"Landslide at Katunje , Raghuganga Rural Municipality-8",,other,Landslide,2024-08-09,Gandaki,Myagdi,Raghuganga,8,1200000,0,0,0,0,0,0,0,0,0,0,0,0,0,0,0,0,0,0,0,0,0
Yes,"Landslide at Baudi-Thiku , Gaumul Rural Municipality-1",,other,Landslide,2024-08-09,Sudurpashchim,Bajura,Gaumul,1,,0,0,0,0,0,15,0,0,0,0,0,0,0,0,0,0,4,1,3,0,0
Yes,"Landslide at Narku , Shey Phoksundo Rural Municipality-99",,other,Landslide,2024-08-09,Karnali,Dolpa,Shey Phoksundo,99,,0,0,0,0,0,6,0,0,0,0,0,0,0,0,0,0,0,0,0,0,0
Yes,"Landslide at Chapka , Rolpa Municipality-10",,other,Landslide,2024-08-09,Lumbini,Rolpa,Rolpa,10,,0,0,0,0,0,0,0,0,0,0,0,0,0,0,0,0,0,0,0,0,0
Yes,"Landslide at Tellabung Pakha Gaau , Phaktanglung Rural Municipality-6",,other,Landslide,2024-08-09,Koshi,Taplejung,Phaktanglung,6,,0,0,1,1,0,0,0,0,0,0,0,0,0,0,0,0,0,0,0,0,0
Yes,"Landslide at Jongthali Danda , Gosaikunda Rural Municipality-4",,other,Landslide,2024-08-09,Bagmati,Rasuwa,Gosaikunda,4,,0,0,0,0,0,0,0,0,0,0,0,0,0,0,0,0,0,0,0,0,0
Yes,Landslide at Pachaljharana Rural Municipality-3,,other,Landslide,2024-08-08,Karnali,Kalikot,Pachaljharana,3,,0,0,0,0,0,0,0,0,0,0,0,0,0,0,0,0,0,0,0,0,0
Yes,"Landslide at Pakhribas , Dhankuta Municipality-2",,other,Landslide,2024-08-07,Koshi,Dhankuta,Dhankuta,2,,0,0,0,0,0,0,0,0,0,0,0,0,0,0,0,0,0,0,0,0,0
Yes,"Landslide at Manbene Dhode , Dhankuta Municipality-2",,other,Landslide,2024-08-07,Koshi,Dhankuta,Dhankuta,2,,0,0,0,0,1,0,0,0,0,0,0,0,0,0,0,0,0,0,0,0,0
Yes,"Landslide at Darling , Resunga Municipality-14",,other,Landslide,2024-08-06,Lumbini,Gulmi,Resunga,14,,0,0,0,0,0,8,0,0,0,0,0,0,0,0,0,0,0,0,0,0,0
Yes,"Landslide at Panalta , Surma Rural Municipality-1",,other,Landslide,2024-08-06,Sudurpashchim,Bajhang,Surma,1,,0,0,0,0,1,3,0,0,0,0,0,0,0,0,0,0,0,0,0,0,0
Yes,"Landslide at Guna Cinema Hall , Konjyosom Rural Municipality-4",,other,Landslide,2024-08-06,Bagmati,Lalitpur,Konjyosom,4,,0,0,0,0,0,0,0,0,0,0,0,0,0,0,0,0,0,0,0,0,0
Yes,"Landslide at Khasre, Rolpa Municipality-10",,other,Landslide,2024-08-06,Lumbini,Rolpa,Rolpa,10,30000,0,0,0,0,0,2,0,0,0,0,0,0,0,0,0,0,0,0,0,0,0
Yes,"Landslide at Bamrang , Halesi Tuwachung Municipality-11",,other,Landslide,2024-08-06,Koshi,Khotang,Halesi Tuwachung,11,,0,0,0,0,0,0,0,0,0,0,0,0,0,0,0,0,0,0,0,0,0
Yes,"Landslide at Dhode , Dhankuta Municipality-2",,other,Landslide,2024-08-06,Koshi,Dhankuta,Dhankuta,2,,0,0,0,0,0,0,0,0,0,0,0,0,0,0,0,0,0,0,0,0,0
Yes,"Landslide at Patlekharka , Khumbupasanglahmu Rural Municipality-3",,other,Landslide,2024-08-06,Koshi,Solukhumbu,Khumbu Pasanglhamu,3,,0,0,0,0,0,0,0,0,0,0,0,0,0,0,0,0,0,0,0,0,0
Yes,"Landslide at Ramite , Rautamai Rural Municipality-7",,other,Landslide,2024-08-06,Koshi,Udayapur,Rautamai,7,150000,0,0,0,0,0,0,0,0,0,0,0,0,0,0,0,0,0,0,0,0,0
Yes,"Landslide at Balkhu , Molung Rural Municipality-1",,other,Landslide,2024-08-06,Koshi,Okhaldhunga,Molung,1,,0,0,0,0,0,1,0,0,0,0,0,0,0,0,0,0,0,0,0,0,0
Yes,Landslide at Phaktanglung Rural Municipality-6,,other,Landslide,2024-08-06,Koshi,Taplejung,Phaktanglung,6,,0,0,1,1,0,0,0,0,0,0,0,0,0,0,0,0,0,0,0,0,0
Yes,Landslide at Surma Rural Municipality-1,,other,Landslide,2024-08-06,Sudurpashchim,Bajhang,Surma,1,,0,0,0,0,1,0,0,0,0,0,0,0,0,0,0,0,0,0,0,0,0
Yes,"Landslide at Balghas , Dhorpatan Municipality-4",,other,Landslide,2024-08-05,Gandaki,Baglung,Dhorpatan,4,,0,0,0,0,0,0,1,1,0,0,0,0,0,0,0,0,0,0,0,0,0
Yes,"Landslide at Bisauna , Resunga Municipality-14",,other,Landslide,2024-08-05,Lumbini,Gulmi,Resunga,14,,0,0,0,0,0,0,4,2,2,0,0,0,0,0,0,0,2,1,1,0,0
Yes,Landslide at Chautara SangachokGadhi Municipality-11,,other,Landslide,2024-08-05,Bagmati,Sindhupalchok,Chautara Sangachokgadhi,11,,0,0,0,0,0,0,0,0,0,0,0,0,0,0,0,0,0,0,0,0,0
Yes,"Landslide at Arkhole, Dhankuta Municipality-2",,other,Landslide,2024-08-05,Koshi,Dhankuta,Dhankuta,2,,0,0,0,0,0,0,0,0,0,0,0,0,0,0,0,0,0,0,0,0,0
Yes,"Landslide at Dablyang , Baglung Municipality-10",,other,Landslide,2024-08-05,Gandaki,Baglung,Baglung,10,,0,0,0,0,0,0,0,0,0,0,0,0,0,0,0,0,0,0,0,0,0
Yes,"Landslide at Baksila , Halesi Tuwachung Municipality-11",,other,Landslide,2024-08-05,Koshi,Khotang,Halesi Tuwachung,11,,0,0,0,0,0,0,0,0,0,0,0,0,0,0,0,0,0,0,0,0,0
Yes,"Landslide at Basbari Drinking Water Office, Kageshwori Manahora Municipality-9",,other,Landslide,2024-08-05,Bagmati,Kathmandu,Kageshwori Manahora,9,,0,0,0,0,0,0,0,0,0,0,0,0,0,0,0,0,0,0,0,0,0
Yes,"Landslide at Chiplegauda Chowk , Kageshwori Manahora Municipality-9",,other,Landslide,2024-08-05,Bagmati,Kathmandu,Kageshwori Manahora,9,,0,0,0,0,0,0,0,0,0,0,0,0,0,0,0,0,0,0,0,0,0
Yes,"Landslide at Nagarkot , Bhaktapur Municipality-9",,other,Landslide,2024-08-05,Bagmati,Bhaktapur,Bhaktapur,9,,0,0,0,0,0,0,0,0,0,0,0,0,0,0,0,0,0,0,0,0,0
Yes,"Landslide at Manbahadur Marga , Kageshwori Manahora Municipality-9",,other,Landslide,2024-08-05,Bagmati,Kathmandu,Kageshwori Manahora,9,,0,0,0,0,0,0,0,0,0,0,0,0,0,0,0,0,0,0,0,0,0
Yes,"Landslide at Aarupata, Badigad Rural Municipality-10",,other,Landslide,2024-08-05,Gandaki,Baglung,Badigad,10,,0,0,1,1,0,0,9,6,3,0,0,1,0,0,1,0,12,5,7,0,0
Yes,"Landslide at Darling Kabhrakharka , Dhorpatan Municipality-4",,other,Landslide,2024-08-05,Gandaki,Baglung,Dhorpatan,4,,0,0,0,0,0,0,1,1,0,0,0,0,0,0,0,0,0,0,0,0,0
Yes,"Landslide at Salpu , Molung Rural Municipality-1",,other,Landslide,2024-08-05,Koshi,Okhaldhunga,Molung,1,,0,0,0,0,0,0,0,0,0,0,0,0,0,0,0,0,0,0,0,0,0
Yes,"Landslide at Pokharekhola , Netrawati Dabjong Rural Municipality-1",,other,Landslide,2024-08-04,Bagmati,Dhading,Netrawati Dabjong,1,,0,0,0,0,0,0,1,1,0,0,0,0,0,0,0,0,9,6,3,0,0
Yes,"Landslide at Bhirkharka , Halesi Tuwachung Municipality-11",,other,Landslide,2024-08-04,Koshi,Khotang,Halesi Tuwachung,11,,0,0,0,0,0,0,0,0,0,0,0,0,0,0,0,0,0,0,0,0,0
Yes,"Landslide at Kharsubayan , Gokulganga Rural Municipality-4",,other,Landslide,2024-08-04,Bagmati,Ramechhap,Gokulganga,4,,0,0,0,0,0,0,0,0,0,0,0,0,0,0,0,0,0,0,0,0,0
Yes,"Landslide at Gadada  Tole , Gaumul Rural Municipality-1",,other,Landslide,2024-08-04,Sudurpashchim,Bajura,Gaumul,1,,0,0,1,1,0,0,0,0,0,0,0,0,0,0,0,0,0,0,0,0,0
Yes,"Landslide at Sisneri , Molung Rural Municipality-1",,other,Landslide,2024-08-04,Koshi,Okhaldhunga,Molung,1,,0,0,0,0,0,1,0,0,0,0,0,0,0,0,0,0,0,0,0,0,0
Yes,"Landslide at Bharyang , Molung Rural Municipality-1",,other,Landslide,2024-08-04,Koshi,Okhaldhunga,Molung,1,,0,0,0,0,0,0,0,0,0,0,0,0,0,0,0,0,0,0,0,0,0
Yes,"Landslide at Tuti , Surma Rural Municipality-1",,other,Landslide,2024-08-03,Sudurpashchim,Bajhang,Surma,1,,0,0,0,0,0,2,0,0,0,0,0,0,0,0,0,0,0,0,0,0,0
Yes,"Landslide at Madungara , Apihimal Rural Municipality-6",,other,Landslide,2024-08-01,Sudurpashchim,Darchula,Apihimal,6,,0,0,0,0,1,0,0,0,0,0,0,0,0,0,0,0,0,0,0,0,0
Yes,"Landslide at Matakharka , Birendranagar Municipality-14",,other,Landslide,2024-08-01,Karnali,Surkhet,Birendranagar,14,,0,0,0,0,1,0,0,0,0,0,0,0,0,0,0,0,0,0,0,0,0
Yes,Landslide at Phaktanglung Rural Municipality-6,,other,Landslide,2024-08-01,Koshi,Taplejung,Phaktanglung,6,,0,0,1,1,0,0,0,0,0,0,0,0,0,0,0,0,0,0,0,0,0
Yes,"Landslide at Kamidanda , Rolpa Municipality-10",,other,Landslide,2024-08-01,Lumbini,Rolpa,Rolpa,10,,0,0,0,0,0,0,2,0,2,0,0,0,0,0,0,0,0,0,0,0,0
Yes,"Landslide at Lasunbari , Banfikot Rural Municipality-6",,other,Landslide,2024-08-01,Karnali,Rukum West,Banphikot,6,,0,0,0,0,0,12,0,0,0,0,0,0,0,0,0,0,0,0,0,0,0
Yes,"Landslide at Udimdhunga , Banfikot Rural Municipality-6",,other,Landslide,2024-08-01,Karnali,Rukum West,Banphikot,6,,0,0,1,1,0,0,0,0,0,0,0,0,0,0,0,0,0,0,0,0,0
Yes,"Landslide at Kanchi Bazar , Birendranagar Municipality-15",,other,Landslide,2024-07-31,Karnali,Surkhet,Birendranagar,15,,0,0,0,0,1,0,0,0,0,0,0,0,0,0,0,0,0,0,0,0,0
Yes,"Landslide at Golekudi , Apihimal Rural Municipality-6",,other,Landslide,2024-07-31,Sudurpashchim,Darchula,Apihimal,6,,0,0,0,0,1,0,0,0,0,0,0,0,0,0,0,0,0,0,0,0,0
Yes,"Landslide at Majhgaau , Machhapuchchhre Rural Municipality-2",,other,Landslide,2024-07-31,Gandaki,Kaski,Machhapuchchhre,2,,0,0,1,1,0,0,0,0,0,0,0,0,0,0,0,0,0,0,0,0,0
Yes,Landslide at Diktel Rupakot Majhuwagadhi Municipality-14,,other,Landslide,2024-07-31,Koshi,Khotang,Diktel Rupakot Majhuwagadhi,14,,0,0,0,0,0,0,0,0,0,0,0,0,0,0,0,0,0,0,0,0,0
Yes,"Landslide at Gadiyalo , Gokulganga Rural Municipality-4",,other,Landslide,2024-07-31,Bagmati,Ramechhap,Gokulganga,4,300000,0,0,0,0,1,6,0,0,0,0,0,0,0,0,0,0,0,0,0,0,0
Yes,"Landslide at Tritiya Patle , Phidim Municipality-11",,other,Landslide,2024-07-31,Koshi,Panchthar,Phidim,11,150000,0,0,0,0,0,0,0,0,0,0,0,0,0,0,0,0,0,0,0,0,0
Yes,"Landslide at Bagale Gaau , Phaktanglung Rural Municipality-6",,other,Landslide,2024-07-31,Koshi,Taplejung,Phaktanglung,6,,0,0,0,0,0,0,0,0,0,0,0,0,0,0,0,0,0,0,0,0,0
Yes,"Landslide at Maludanda, Bigu Rural Municipality-1",,other,Landslide,2024-07-31,Bagmati,Dolakha,Bigu,1,,0,0,0,0,0,0,0,0,0,0,0,0,0,0,0,0,0,0,0,0,0
Yes,"Landslide at Phutung Naagpokhari , Kageshwori Manahora Municipality-9",,other,Landslide,2024-07-30,Bagmati,Kathmandu,Kageshwori Manahora,9,,0,0,0,0,0,0,0,0,0,0,0,0,0,0,0,0,0,0,0,0,0
Yes,"Landslide at Jure , Balefi Rural Municipality-8",,other,Landslide,2024-07-30,Bagmati,Sindhupalchok,Balephi,8,,0,0,0,0,0,0,0,0,0,0,0,0,0,0,0,0,0,0,0,0,0
Yes,"Landslide at Jimwal Tole , Suryagadhi Rural Municipality-4",,other,Landslide,2024-07-30,Bagmati,Nuwakot,Suryagadhi,4,300000,0,0,0,0,0,0,0,0,0,0,0,0,0,0,0,0,0,0,0,0,0
Yes,"Landslide at Shree Chaur , Molung Rural Municipality-1",,other,Landslide,2024-07-30,Koshi,Okhaldhunga,Molung,1,,0,0,0,0,0,0,0,0,0,0,0,0,0,0,0,0,0,0,0,0,0
Yes,"Landslide at Kami Gaau , Nechasalyan Rural Municipality-6",,other,Landslide,2024-07-30,Koshi,Solukhumbu,Nechasalyan,6,,0,0,1,1,0,0,0,0,0,0,0,0,0,0,0,0,0,0,0,0,0
Yes,Landslide at Kathmandu Metropolitan City-32,,other,Landslide,2024-07-30,Bagmati,Kathmandu,Kathmandu,32,,0,0,0,0,0,0,0,0,0,0,0,0,0,0,0,0,0,0,0,0,0
Yes,"Landslide at Salleri Kaflepani , Molung Rural Municipality-1",,other,Landslide,2024-07-30,Koshi,Okhaldhunga,Molung,1,,0,0,0,0,0,2,0,0,0,0,0,0,0,0,0,0,0,0,0,0,0
Yes,"Landslide at Phalate , Molung Rural Municipality-1",,other,Landslide,2024-07-30,Koshi,Okhaldhunga,Molung,1,,0,0,0,0,0,1,0,0,0,0,0,0,0,0,0,0,0,0,0,0,0
Yes,"Landslide at Belidanda , Nechasalyan Rural Municipality-6",,other,Landslide,2024-07-30,Koshi,Solukhumbu,Nechasalyan,6,,0,0,0,0,0,0,0,0,0,0,0,0,0,0,0,0,0,0,0,0,0
Yes,"Landslide at Thalakhum , Khumbupasanglahmu Rural Municipality-3",,other,Landslide,2024-07-30,Koshi,Solukhumbu,Khumbu Pasanglhamu,3,,0,0,0,0,0,0,0,0,0,0,0,0,0,0,0,0,0,0,0,0,0
Yes,"Landslide at Keshavtar , Vyas Municipality-14",,other,Landslide,2024-07-30,Gandaki,Tanahu,Vyas,14,200000,0,0,0,0,0,0,0,0,0,0,0,0,0,0,0,0,0,0,0,0,0
Yes,"Landslide at Satbhai Tole , Gokulganga Rural Municipality-4",,other,Landslide,2024-07-30,Bagmati,Ramechhap,Gokulganga,4,,0,0,1,1,0,0,0,0,0,0,0,0,0,0,0,0,0,0,0,0,0
Yes,"Landslide at Baguwa , Melamchi Municipality-10",,other,Landslide,2024-07-30,Bagmati,Sindhupalchok,Melamchi,10,,0,0,0,0,1,0,0,0,0,0,0,0,0,0,0,0,0,0,0,0,0
Yes,"Landslide at Thalakhum , Netrawati Dabjong Rural Municipality-1",,other,Landslide,2024-07-30,Bagmati,Dhading,Netrawati Dabjong,1,,0,0,0,0,0,0,0,0,0,0,0,0,0,0,0,0,1,1,0,0,0
Yes,"Landslide at Diktelbari , Halesi Tuwachung Municipality-11",,other,Landslide,2024-07-30,Koshi,Khotang,Halesi Tuwachung,11,,0,0,0,0,0,0,0,0,0,0,0,0,0,0,0,0,0,0,0,0,0
Yes,"Landslide at Bhalukhop , Gokulganga Rural Municipality-4",,other,Landslide,2024-07-30,Bagmati,Ramechhap,Gokulganga,4,,0,0,0,0,0,1,0,0,0,0,0,0,0,0,0,0,0,0,0,0,0
Yes,Landslide at Mahabu Rural Municipality-2,,other,Landslide,2024-07-29,Karnali,Dailekh,Mahabu,2,,0,0,1,1,0,0,0,0,0,0,0,0,0,0,0,0,0,0,0,0,0
Yes,"Landslide at Sisne , Halesi Tuwachung Municipality-11",,other,Landslide,2024-07-29,Koshi,Khotang,Halesi Tuwachung,11,350000,0,0,0,0,1,0,0,0,0,0,0,0,0,0,0,0,0,0,0,0,0
Yes,Landslide at Gaumul Rural Municipality-1,,other,Landslide,2024-07-28,Sudurpashchim,Bajura,Gaumul,1,,0,0,0,0,0,2,0,0,0,0,0,0,0,0,0,0,0,0,0,0,0
Yes,"Landslide at Tamu - Gauri Tole , Marsyangdi Rural Municipality-7",,other,Landslide,2024-07-28,Gandaki,Lamjung,Marsyangdi,7,,0,0,0,0,0,0,0,0,0,0,0,0,0,0,0,0,0,0,0,0,0
Yes,"Landslide at Namhardi , Banfikot Rural Municipality-6",,other,Landslide,2024-07-28,Karnali,Rukum West,Banphikot,6,,0,0,0,0,0,0,0,0,0,0,0,0,0,0,0,0,0,0,0,0,0
Yes,"Landslide at Bhuneshwor Tole , Surnaya Rural Municipality-5",,other,Landslide,2024-07-28,Sudurpashchim,Baitadi,Surnaya,5,,0,0,0,0,0,0,0,0,0,0,0,0,0,0,0,0,0,0,0,0,0
Yes,"Landslide at Jure, Jugal Rural Municipality-2",,other,Landslide,2024-07-27,Bagmati,Sindhupalchok,Jugal,2,,0,0,0,0,0,0,0,0,0,0,0,0,0,0,0,0,0,0,0,0,0
Yes,"Landslide at Resha , Dharche Rural Municipality-5",,other,Landslide,2024-07-27,Gandaki,Gorkha,Dharche,5,,0,0,0,0,0,0,5,4,1,0,0,0,0,0,0,0,2,2,0,0,0
Yes,"Landslide at Kalopahiro , Makawanpurgadhi Rural Municipality-5",,other,Landslide,2024-07-27,Bagmati,Makwanpur,Makawanpurgadhi,5,,0,0,0,0,0,0,0,0,0,0,0,0,0,0,0,0,0,0,0,0,0
Yes,"Landslide at Aathmile , Kageshwori Manahora Municipality-9",,other,Landslide,2024-07-27,Bagmati,Kathmandu,Kageshwori Manahora,9,200000,0,0,0,0,0,0,0,0,0,0,0,0,0,0,0,0,0,0,0,0,0
Yes,"Landslide at Holpu , Molung Rural Municipality-1",,other,Landslide,2024-07-27,Koshi,Okhaldhunga,Molung,1,,0,0,0,0,2,0,0,0,0,0,0,0,0,0,0,0,0,0,0,0,0
Yes,"Landslide at Nimtola , Alital Rural Municipality-3",,other,Landslide,2024-07-26,Sudurpashchim,Dadeldhura,Alital,3,,0,0,0,0,1,0,0,0,0,0,0,0,0,0,0,0,0,0,0,0,0
Yes,"Landslide at Baguwa , Makawanpurgadhi Rural Municipality-5",,other,Landslide,2024-07-26,Bagmati,Makwanpur,Makawanpurgadhi,5,,0,0,0,0,0,0,0,0,0,0,0,0,0,0,0,0,0,0,0,0,0
Yes,"Landslide at Daklang , Jugal Rural Municipality-2",,other,Landslide,2024-07-25,Bagmati,Sindhupalchok,Jugal,2,,0,0,0,0,0,0,0,0,0,0,0,0,0,0,0,0,0,0,0,0,0
Yes,"Landslide at Das , Raghuganga Rural Municipality-8",,other,Landslide,2024-07-25,Gandaki,Myagdi,Raghuganga,8,,0,0,0,0,0,0,0,0,0,0,0,0,0,0,0,0,0,0,0,0,0
Yes,"Landslide at Banuwaghumti , Gosaikunda Rural Municipality-4",,other,Landslide,2024-07-24,Bagmati,Rasuwa,Gosaikunda,4,,0,0,0,0,0,0,0,0,0,0,0,0,0,0,0,0,0,0,0,0,0
Yes,"Landslide at Balitar , Bigu Rural Municipality-1",,other,Landslide,2024-07-24,Bagmati,Dolakha,Bigu,1,,0,0,0,0,0,0,0,0,0,0,0,0,0,0,0,0,0,0,0,0,0
Yes,Landslide at Kageshwori Manahora Municipality-9,,other,Landslide,2024-07-24,Bagmati,Kathmandu,Kageshwori Manahora,9,,0,0,0,0,0,0,0,0,0,0,0,0,0,0,0,0,0,0,0,0,0
Yes,"Landslide at Dobhane , Bhojpur Municipality-11",,other,Landslide,2024-07-24,Koshi,Bhojpur,Bhojpur,11,,0,0,0,0,0,0,0,0,0,0,0,0,0,0,0,0,0,0,0,0,0
Yes,"Landslide at Chhedachaur , Kuse Rural Municipality-7",,other,Landslide,2024-07-24,Karnali,Jajarkot,Kushe,7,,0,0,0,0,0,0,0,0,0,0,0,0,0,0,0,0,0,0,0,0,0
Yes,"Landslide at Pharpu, Gokulganga Rural Municipality-4",,nepal_police,Landslide,2024-07-24,Bagmati,Ramechhap,Gokulganga,4,,0,0,0,0,0,0,3,0,3,0,0,0,0,0,0,0,0,0,0,0,0
Yes,"Landslide at Dhalaun , Surma Rural Municipality-1",,other,Landslide,2024-07-24,Sudurpashchim,Bajhang,Surma,1,,0,0,0,0,0,0,0,0,0,0,0,0,0,0,0,0,0,0,0,0,0
Yes,"Landslide at Pipal Chautara, Mahabu Rural Municipality-2",,other,Landslide,2024-07-23,Karnali,Dailekh,Mahabu,2,,0,0,0,0,0,0,1,1,0,0,0,0,0,0,0,0,1,1,0,0,0
Yes,"Landslide at Khahare Buspark , Konjyosom Rural Municipality-4",,other,Landslide,2024-07-23,Bagmati,Lalitpur,Konjyosom,4,,0,0,0,0,0,0,0,0,0,0,0,0,0,0,0,0,0,0,0,0,0
Yes,"Landslide at Rokaya Tole, Mahabu Rural Municipality-2",,other,Landslide,2024-07-23,Karnali,Dailekh,Mahabu,2,,0,0,0,0,0,0,0,0,0,0,0,0,0,0,0,0,0,0,0,0,0
Yes,"Landslide at Pakherol , Banfikot Rural Municipality-6",,other,Landslide,2024-07-23,Karnali,Rukum West,Banphikot,6,,0,0,0,0,0,0,0,0,0,0,0,0,0,0,0,0,0,0,0,0,0
Yes,"Landslide at Archale , Suryagadhi Rural Municipality-4",,other,Landslide,2024-07-22,Bagmati,Nuwakot,Suryagadhi,4,2000000,0,0,2,2,0,0,0,0,0,0,0,0,0,0,0,0,0,0,0,0,0
Yes,"Landslide at Sindhukot , Jugal Rural Municipality-2",,other,Landslide,2024-07-22,Bagmati,Sindhupalchok,Jugal,2,,0,0,0,0,1,3,0,0,0,0,0,0,0,0,0,0,0,0,0,0,0
Yes,"Landslide at Lalighat , Pachaljharana Rural Municipality-3",,other,Landslide,2024-07-22,Karnali,Kalikot,Pachaljharana,3,,0,0,0,0,1,0,0,0,0,0,0,0,0,0,0,0,1,0,1,0,0
Yes,"Landslide at Tumme, Silichong Rural Municipality-4",,other,Landslide,2024-07-22,Koshi,Sankhuwasabha,Silichong,4,,0,0,0,0,0,0,0,0,0,0,0,0,0,0,0,0,0,0,0,0,0
Yes,"Landslide at Rupendra Khada , Sani Bheri Rural Municipality-9",,other,Landslide,2024-07-22,Karnali,Rukum West,Sanibheri,9,,0,0,0,0,0,0,0,0,0,0,0,0,0,0,0,0,0,0,0,0,0
Yes,"Landslide at Sarkidera , Banfikot Rural Municipality-6",,other,Landslide,2024-07-22,Karnali,Rukum West,Banphikot,6,,0,0,0,0,0,0,0,0,0,0,0,0,0,0,0,0,0,0,0,0,0
Yes,"Landslide at Babiyachaur , Rolpa Municipality-10",,other,Landslide,2024-07-21,Lumbini,Rolpa,Rolpa,10,350000,0,0,1,1,0,0,0,0,0,0,0,0,0,0,0,0,0,0,0,0,0
Yes,"Landslide at Nempang , Bhojpur Municipality-11",,other,Landslide,2024-07-21,Koshi,Bhojpur,Bhojpur,11,,0,0,0,0,0,0,0,0,0,0,0,0,0,0,0,0,0,0,0,0,0
Yes,"Landslide at Gorjalu , Putha Uttarganga Rural Municipality-4",,other,Landslide,2024-07-21,Lumbini,Rukum East,Putha Uttarganga,4,,0,0,0,0,1,0,0,0,0,0,0,0,0,0,0,0,0,0,0,0,0
Yes,Landslide at Khandbari Municipality-7,,other,Landslide,2024-07-21,Koshi,Sankhuwasabha,Khandbari,7,,0,0,0,0,0,0,0,0,0,0,0,0,0,0,0,0,0,0,0,0,0
Yes,"Landslide at Mahabhir, Raghuganga Rural Municipality-8",,other,Landslide,2024-07-20,Gandaki,Myagdi,Raghuganga,8,,0,0,0,0,0,0,0,0,0,0,0,0,0,0,0,0,0,0,0,0,0
Yes,"Landslide at Lakuribhanjyang, Mahalaxmi Municipality-10",,other,Landslide,2024-07-20,Bagmati,Lalitpur,Mahalaxmi,10,,0,0,0,0,0,0,0,0,0,0,0,0,0,0,0,0,0,0,0,0,0
Yes,"Landslide at Aryalgaau , Kageshwori Manahora Municipality-9",,other,Landslide,2024-07-20,Bagmati,Kathmandu,Kageshwori Manahora,9,,0,0,0,0,0,0,0,0,0,0,0,0,0,0,0,0,0,0,0,0,0
Yes,"Landslide at Seradil , Simkot Rural Municipality-3",,other,Landslide,2024-07-20,Karnali,Humla,Simkot,3,,0,0,0,0,0,0,0,0,0,0,0,0,0,0,0,0,0,0,0,0,0
Yes,"Landslide at Pipalkunda , Shikhar Municipality-2",,other,Landslide,2024-07-19,Sudurpashchim,Doti,Shikhar,2,,0,0,0,0,0,0,0,0,0,0,0,0,0,0,0,0,0,0,0,0,0
Yes,"Landslide at Bacha chauka , Surma Rural Municipality-1",,other,Landslide,2024-07-19,Sudurpashchim,Bajhang,Surma,1,,0,0,0,0,1,0,0,0,0,0,0,0,0,0,0,0,0,0,0,0,0
Yes,"Landslide at Iswa , Phaktanglung Rural Municipality-6",,other,Landslide,2024-07-19,Koshi,Taplejung,Phaktanglung,6,1100000,0,0,1,1,0,5,0,0,0,0,0,0,0,0,0,0,0,0,0,0,0
Yes,"Landslide at Kavresthali , Kageshwori Manahora Municipality-9",,other,Landslide,2024-07-18,Bagmati,Kathmandu,Kageshwori Manahora,9,490000,0,0,0,0,0,2,0,0,0,0,0,0,0,0,0,0,0,0,0,0,0
Yes,"Landslide at Chaurigaau , Apihimal Rural Municipality-6",,other,Landslide,2024-07-18,Sudurpashchim,Darchula,Apihimal,6,,0,0,0,0,0,0,0,0,0,0,0,0,0,0,0,0,0,0,0,0,0
Yes,"Landslide at Chhipang , Apihimal Rural Municipality-6",,other,Landslide,2024-07-18,Sudurpashchim,Darchula,Apihimal,6,,0,0,0,0,0,1,0,0,0,0,0,0,0,0,0,0,0,0,0,0,0
Yes,Landslide at Phaktanglung Rural Municipality-6,,other,Landslide,2024-07-18,Koshi,Taplejung,Phaktanglung,6,,0,0,0,0,0,0,0,0,0,0,0,0,0,0,0,0,0,0,0,0,0
Yes,"Landslide at Bolde , Jugal Rural Municipality-2",,other,Landslide,2024-07-18,Bagmati,Sindhupalchok,Jugal,2,700000,0,0,1,1,0,0,0,0,0,0,0,0,0,0,0,0,0,0,0,0,0
Yes,"Landslide at Lahareni , Rhishing Rural Municipality-1",,other,Landslide,2024-07-18,Gandaki,Tanahu,Rhishing,1,,0,0,0,0,1,0,0,0,0,0,0,0,0,0,0,0,0,0,0,0,0
Yes,"Landslide at Kukhure , Suryagadhi Rural Municipality-4",,other,Landslide,2024-07-18,Bagmati,Nuwakot,Suryagadhi,4,1600000,0,0,2,2,0,0,0,0,0,0,0,0,0,0,0,0,0,0,0,0,0
Yes,"Landslide at Maisthan , Rolpa Municipality-10",,other,Landslide,2024-07-18,Lumbini,Rolpa,Rolpa,10,2530000,0,0,0,0,0,0,0,0,0,0,0,0,0,0,0,0,0,0,0,0,0
Yes,"Landslide at Matel, Bhojpur Municipality-11",,other,Landslide,2024-07-18,Koshi,Bhojpur,Bhojpur,11,,0,0,0,0,0,0,0,0,0,0,0,0,0,0,0,0,0,0,0,0,0
Yes,"Landslide at Balupata , Pachaljharana Rural Municipality-3",,other,Landslide,2024-07-18,Karnali,Kalikot,Pachaljharana,3,150000,0,0,1,1,0,0,0,0,0,0,0,0,0,0,0,0,0,0,0,0,0
Yes,"Landslide at Pachhawang , Putha Uttarganga Rural Municipality-4",,other,Landslide,2024-07-17,Lumbini,Rukum East,Putha Uttarganga,4,,0,0,1,1,0,0,0,0,0,0,0,0,0,0,0,0,0,0,0,0,0
Yes,"Landslide at Badumla , Bhojpur Municipality-11",,other,Landslide,2024-07-17,Koshi,Bhojpur,Bhojpur,11,,0,0,0,0,0,0,0,0,0,0,0,0,0,0,0,0,0,0,0,0,0
Yes,"Landslide at Dendi Sherpa , Solududhakunda Municipality-10",,other,Landslide,2024-07-17,Koshi,Solukhumbu,Solududhkunda,10,,0,0,0,0,0,0,0,0,0,0,0,0,0,0,0,0,0,0,0,0,0
Yes,"Landslide at Dholya Kathach Tole , Surnaya Rural Municipality-5",,other,Landslide,2024-07-17,Sudurpashchim,Baitadi,Surnaya,5,135000,0,0,1,1,0,0,0,0,0,0,0,0,0,0,0,0,0,0,0,0,0
Yes,"Landslide at Swal , Surnaya Rural Municipality-5",,other,Landslide,2024-07-17,Sudurpashchim,Baitadi,Surnaya,5,,0,0,0,0,0,0,0,0,0,0,0,0,0,0,0,0,2,1,1,0,0
Yes,"Landslide at Guphathumki , Illam Municipality-12",,other,Landslide,2024-07-17,Koshi,Ilam,Ilam,12,100000,0,0,0,0,0,0,0,0,0,0,0,0,0,0,0,0,0,0,0,0,0
Yes,"Landslide at Bandungrisain , Shikhar Municipality-10",,other,Landslide,2024-07-17,Sudurpashchim,Doti,Shikhar,10,,0,0,0,0,0,0,0,0,0,0,0,0,0,0,0,0,0,0,0,0,0
Yes,"Landslide at Temba , Phaktanglung Rural Municipality-6",,other,Landslide,2024-07-17,Koshi,Taplejung,Phaktanglung,6,,0,0,0,0,0,0,0,0,0,0,0,0,0,0,0,0,0,0,0,0,0
Yes,"Landslide at Tapethok , Phaktanglung Rural Municipality-6",,other,Landslide,2024-07-17,Koshi,Taplejung,Phaktanglung,6,,0,0,0,0,0,0,0,0,0,0,0,0,0,0,0,0,0,0,0,0,0
Yes,"Landslide at Behind Teaching Hospital , Kageshwori Manahora Municipality-9",,other,Landslide,2024-07-17,Bagmati,Kathmandu,Kageshwori Manahora,9,,0,0,0,0,0,0,0,0,0,0,0,0,0,0,0,0,0,0,0,0,0
Yes,"Landslide at Sadhane , Kushma Municipality-10",,other,Landslide,2024-07-16,Gandaki,Parbat,Kushma,10,,0,0,0,0,0,3,0,0,0,0,0,0,0,0,0,0,0,0,0,0,0
Yes,"Landslide at Lahare, Gosaikunda Rural Municipality-4",,other,Landslide,2024-07-16,Bagmati,Rasuwa,Gosaikunda,4,,0,0,0,0,0,0,0,0,0,0,0,0,0,0,0,0,0,0,0,0,0
Yes,"Landslide at Goldhunga Devisthan , Kageshwori Manahora Municipality-9",,other,Landslide,2024-07-16,Bagmati,Kathmandu,Kageshwori Manahora,9,2350000,0,0,1,1,0,0,0,0,0,0,0,0,0,0,0,0,0,0,0,0,0
Yes,"Landslide at Raneda Tole , Gaumul Rural Municipality-1",,other,Landslide,2024-07-16,Sudurpashchim,Bajura,Gaumul,1,,0,0,0,0,0,0,0,0,0,0,0,0,0,0,0,0,0,0,0,0,0
Yes,"Landslide at Lyawoti , Apihimal Rural Municipality-6",,other,Landslide,2024-07-16,Sudurpashchim,Darchula,Apihimal,6,,0,0,0,0,0,0,0,0,0,0,0,0,0,0,0,0,1,1,0,0,0
Yes,"Landslide at Laya , Gaumul Rural Municipality-1",,other,Landslide,2024-07-16,Sudurpashchim,Bajura,Gaumul,1,,0,0,0,0,0,1,0,0,0,0,0,0,0,0,0,0,0,0,0,0,0
Yes,"Landslide at Mallesi , Surma Rural Municipality-1",,other,Landslide,2024-07-16,Sudurpashchim,Bajhang,Surma,1,,0,0,0,0,0,0,0,0,0,0,0,0,0,0,0,0,0,0,0,0,0
Yes,"Landslide at Biluwa Dhovan , Khandbari Municipality-7",,other,Landslide,2024-07-15,Koshi,Sankhuwasabha,Khandbari,7,,0,0,1,1,0,0,2,0,2,0,0,0,0,0,0,0,1,0,1,0,0
Yes,Landslide at Gosaikunda Rural Municipality-4,,other,Landslide,2024-07-15,Bagmati,Rasuwa,Gosaikunda,4,,0,0,0,0,0,3,0,0,0,0,0,0,0,0,0,0,0,0,0,0,0
Yes,"Landslide at Grang , Gosaikunda Rural Municipality-4",,other,Landslide,2024-07-15,Bagmati,Rasuwa,Gosaikunda,4,,0,0,0,0,1,0,0,0,0,0,0,0,0,0,0,0,0,0,0,0,0
Yes,"Landslide at Damthala , Bhojpur Municipality-11",,other,Landslide,2024-07-15,Koshi,Bhojpur,Bhojpur,11,,0,0,0,0,0,0,0,0,0,0,0,0,0,0,0,0,0,0,0,0,0
Yes,"Landslide at Bakhumma , Salpasilichho Rural Municipality-5",,other,Landslide,2024-07-15,Koshi,Bhojpur,Salpasilichho,5,,0,0,2,2,0,0,0,0,0,0,0,0,0,0,0,0,0,0,0,0,0
Yes,"Landslide at Dallena , Kuse Rural Municipality-7",,other,Landslide,2024-07-15,Karnali,Jajarkot,Kushe,7,,0,0,0,0,0,0,0,0,0,0,0,0,0,0,0,0,4,0,4,0,0
Yes,"Landslide at Maramchi , Jugal Rural Municipality-2",,other,Landslide,2024-07-15,Bagmati,Sindhupalchok,Jugal,2,,0,0,0,0,0,0,0,0,0,0,0,0,0,0,0,0,0,0,0,0,0
Yes,"Landslide at Malima , Bhojpur Municipality-11",,other,Landslide,2024-07-15,Koshi,Bhojpur,Bhojpur,11,55000,0,0,0,0,0,1,0,0,0,0,0,0,0,0,0,0,0,0,0,0,0
Yes,"Landslide at Barthan , Pyuthan Municipality-7",,other,Landslide,2024-07-15,Lumbini,Pyuthan,Pyuthan,7,,0,0,1,1,0,0,0,0,0,0,0,0,0,0,0,0,0,0,0,0,0
Yes,"Landslide at Chhing , Banfikot Rural Municipality-6",,other,Landslide,2024-07-15,Karnali,Rukum West,Banphikot,6,,0,0,0,0,0,0,0,0,0,0,0,0,0,0,0,0,0,0,0,0,0
Yes,"Landslide at Deku , Khumbupasanglahmu Rural Municipality-3",,other,Landslide,2024-07-15,Koshi,Solukhumbu,Khumbu Pasanglhamu,3,,0,0,0,0,0,0,0,0,0,0,0,0,0,0,0,0,0,0,0,0,0
Yes,"Landslide at Putlachaur , Rolpa Municipality-10",,other,Landslide,2024-07-14,Lumbini,Rolpa,Rolpa,10,,0,0,0,0,0,0,0,0,0,0,0,0,0,0,0,0,0,0,0,0,0
Yes,"Landslide at Sunkada , Surma Rural Municipality-1",,other,Landslide,2024-07-14,Sudurpashchim,Bajhang,Surma,1,,0,0,0,0,0,0,0,0,0,0,0,0,0,0,0,0,0,0,0,0,0
Yes,Landslide at Surma Rural Municipality-1,,other,Landslide,2024-07-14,Sudurpashchim,Bajhang,Surma,1,,0,0,0,0,0,0,0,0,0,0,0,0,0,0,0,0,0,0,0,0,0
Yes,"Landslide at Khairela , Gauriganga Municipality-9",,other,Landslide,2024-07-14,Sudurpashchim,Kailali,Gauriganga,9,,0,0,0,0,0,0,0,0,0,0,0,0,0,0,0,0,0,0,0,0,0
Yes,"Landslide at Barikhet , Guthichaur Rural Municipality-5",,other,Landslide,2024-07-14,Karnali,Jumla,Guthichaur,5,,0,0,0,0,1,0,0,0,0,0,0,0,0,0,0,0,0,0,0,0,0
Yes,"Landslide at Saraga , Pachaljharana Rural Municipality-3",,other,Landslide,2024-07-14,Karnali,Kalikot,Pachaljharana,3,,0,0,0,0,0,0,0,0,0,0,0,0,0,0,0,0,0,0,0,0,0
Yes,Landslide at Khandbari Municipality-7,,other,Landslide,2024-07-14,Koshi,Sankhuwasabha,Khandbari,7,,0,0,0,0,0,0,0,0,0,0,0,0,0,0,0,0,0,0,0,0,0
Yes,"Landslide at Deurali , Phidim Municipality-11",,other,Landslide,2024-07-13,Koshi,Panchthar,Phidim,11,,0,0,0,0,0,0,0,0,0,0,0,0,0,0,0,0,0,0,0,0,0
Yes,"Landslide at Hattisude , Halesi Tuwachung Municipality-11",,other,Landslide,2024-07-13,Koshi,Khotang,Halesi Tuwachung,11,100000,0,0,0,0,0,1,0,0,0,0,0,0,0,0,0,0,0,0,0,0,0
Yes,Landslide at Shivapuri Rural Municipality-5,,other,Landslide,2024-07-13,Bagmati,Nuwakot,Shivapuri,5,,0,0,0,0,0,5,0,0,0,0,0,0,0,0,0,0,0,0,0,0,0
Yes,Landslide at Kageshwori Manahora Municipality-9,,other,Landslide,2024-07-13,Bagmati,Kathmandu,Kageshwori Manahora,9,,0,0,0,0,0,0,0,0,0,0,0,0,0,0,0,0,0,0,0,0,0
Yes,"Landslide at Laphabazar , Pachaljharana Rural Municipality-3",,other,Landslide,2024-07-13,Karnali,Kalikot,Pachaljharana,3,,0,0,0,0,0,0,0,0,0,0,0,0,0,0,0,0,0,0,0,0,0
Yes,"Landslide at Pedang , Phaktanglung Rural Municipality-6",,other,Landslide,2024-07-13,Koshi,Taplejung,Phaktanglung,6,,0,0,0,0,0,0,0,0,0,0,0,0,0,0,0,0,0,0,0,0,0
Yes,"Landslide at Grang , Gosaikunda Rural Municipality-4",,other,Landslide,2024-07-13,Bagmati,Rasuwa,Gosaikunda,4,,0,0,0,0,1,0,0,0,0,0,0,0,0,0,0,0,0,0,0,0,0
Yes,"Landslide at Grang , Kalika Rural Municipality-1",,other,Landslide,2024-07-13,Bagmati,Rasuwa,Kalika,1,,0,0,0,0,1,0,0,0,0,0,0,0,0,0,0,0,0,0,0,0,0
Yes,Landslide at Gosaikunda Rural Municipality-4,,other,Landslide,2024-07-13,Bagmati,Rasuwa,Gosaikunda,4,,0,0,0,0,0,0,0,0,0,0,0,0,0,0,0,0,0,0,0,0,0
Yes,Landslide at Gauriganga Municipality-9,,nepal_police,Landslide,2024-07-12,Sudurpashchim,Kailali,Gauriganga,9,,0,0,0,0,0,0,1,1,0,0,0,0,0,0,0,0,0,0,0,0,0
Yes,"Landslide at Sudame , Machhapuchchhre Rural Municipality-2",,nepal_police,Landslide,2024-07-12,Gandaki,Kaski,Machhapuchchhre,2,,0,0,0,0,0,0,0,0,0,0,0,0,0,0,0,0,0,0,0,0,0
Yes,Landslide at Pachaljharana Rural Municipality-3,,other,Landslide,2024-07-12,Karnali,Kalikot,Pachaljharana,3,,0,0,0,0,0,0,0,0,0,0,0,0,0,0,0,0,1,1,0,0,0
Yes,"Landslide at Ghandruk , Annapurna Rural Municipality-11",,other,Landslide,2024-07-12,Gandaki,Kaski,Annapurna,11,,0,0,0,0,0,0,0,0,0,0,0,0,0,0,0,0,0,0,0,0,0
Yes,"Landslide at Tallotaple, Madi Rural Municipality-11",,nepal_police,Landslide,2024-07-11,Gandaki,Kaski,Madi,11,,0,0,1,1,0,0,1,0,1,0,0,0,0,0,0,0,0,0,0,0,0
Yes,"Landslide at Chainpur, Pokhara Lekhnath Metropolitan City-32",,nepal_police,Landslide,2024-07-11,Gandaki,Kaski,Pokhara,32,,0,0,1,1,0,0,3,1,2,0,0,0,0,0,0,0,1,0,1,0,0
Yes,"Landslide at Simal Gairi , Gorkha Municipality-13",,other,Landslide,2024-07-11,Gandaki,Gorkha,Gorkha,13,,0,0,0,0,0,0,0,0,0,0,0,0,0,0,0,0,0,0,0,0,0
Yes,"Landslide at Jarebar , Dharche Rural Municipality-5",,other,Landslide,2024-07-11,Gandaki,Gorkha,Dharche,5,,0,0,0,0,0,1,0,0,0,0,0,0,0,0,0,0,0,0,0,0,0
Yes,"Landslide at Danda Gaau , Dharche Rural Municipality-5",,other,Landslide,2024-07-11,Gandaki,Gorkha,Dharche,5,,0,0,0,0,0,0,0,0,0,0,0,0,0,0,0,0,0,0,0,0,0
Yes,"Landslide at Titepani , Machhapuchchhre Rural Municipality-2",,other,Landslide,2024-07-11,Gandaki,Kaski,Machhapuchchhre,2,,0,0,0,0,0,0,0,0,0,0,0,0,0,0,0,0,0,0,0,0,0
Yes,"Landslide at Simaltar , Rhishing Rural Municipality-1",,other,Landslide,2024-07-11,Gandaki,Tanahu,Rhishing,1,,0,0,0,0,0,0,0,0,0,0,0,0,0,0,0,0,0,0,0,0,0
Yes,"Landslide at Gurautar , Hupsekot Rural Municipality-4",,other,Landslide,2024-07-11,Gandaki,Nawalparasi East,Hupsekot,4,,0,0,0,0,0,0,0,0,0,0,0,0,0,0,0,0,0,0,0,0,0
Yes,Landslide at Halesi Tuwachung Municipality-11,,nepal_police,Landslide,2024-07-11,Koshi,Khotang,Halesi Tuwachung,11,1000000,0,0,0,0,0,0,0,0,0,0,0,0,0,0,0,0,0,0,0,0,0
Yes,"Landslide at Birethati , Machhapuchchhre Rural Municipality-2",,nepal_police,Landslide,2024-07-11,Gandaki,Kaski,Machhapuchchhre,2,,0,0,0,0,1,0,0,0,0,0,0,0,0,0,0,0,0,0,0,0,0
Yes,"Landslide at Tallotar , Rhishing Rural Municipality-1",,nepal_police,Landslide,2024-07-11,Gandaki,Tanahu,Rhishing,1,,0,0,0,0,0,0,0,0,0,0,0,0,0,0,0,0,0,0,0,0,0
Yes,"Landslide at Satthi , Simkot Rural Municipality-3",,nepal_police,Landslide,2024-07-11,Karnali,Humla,Simkot,3,,0,0,0,0,1,0,0,0,0,0,0,0,0,0,0,0,0,0,0,0,0
Yes,"Landslide at Kwang Deurali , Nisdi Rural Municipality-1",,nepal_police,Landslide,2024-07-11,Lumbini,Palpa,Nisdi,1,1200000,0,0,0,0,0,0,0,0,0,0,0,0,0,0,0,0,0,0,0,0,0
Yes,"Landslide at Narayanghad Mugling Road Section - Simaltal , Bharatpur Metropolitan City-29",,nepal_police,Landslide,2024-07-11,Bagmati,Chitwan,Bharatpur,29,,0,0,0,0,0,0,24,17,3,4,0,35,0,0,35,0,3,3,0,0,0
Yes,"Landslide at Dallu - Nunari Aani Gumba , Kageshwori Manahora Municipality-9",,other,Landslide,2024-07-11,Bagmati,Kathmandu,Kageshwori Manahora,9,,0,0,0,0,0,0,1,0,1,0,0,0,0,0,0,0,5,0,5,0,0
Yes,"Landslide at Maroka Tole Kamerepani , Annapurna Rural Municipality-1",,nepal_police,Landslide,2024-07-11,Gandaki,Myagdi,Annapurna,1,,0,0,0,0,0,0,0,0,0,0,0,0,0,0,0,0,0,0,0,0,0
Yes,"Landslide at Aambote , Rhishing Rural Municipality-1",,nepal_police,Landslide,2024-07-11,Gandaki,Tanahu,Rhishing,1,,0,0,1,1,0,1,0,0,0,0,0,0,0,0,0,0,0,0,0,0,0
Yes,"Landslide at Asine , Molung Rural Municipality-1",,nepal_police,Landslide,2024-07-11,Koshi,Okhaldhunga,Molung,1,,0,0,0,0,0,0,0,0,0,0,0,0,0,0,0,0,0,0,0,0,0
Yes,"Landslide at Syaldanda, Neelakantha Municipality-5",,nepal_police,Landslide,2024-07-11,Bagmati,Dhading,Neelakantha,5,,0,0,0,0,0,4,0,0,0,0,0,0,0,0,0,0,0,0,0,0,0
Yes,"Landslide at Bahadurpur , Haripur Municipality-3",,nepal_police,Landslide,2024-07-11,Madhesh,Sarlahi,Haripur,3,169075,0,0,1,1,0,0,0,0,0,0,0,0,0,0,0,0,0,0,0,0,0
Yes,"Landslide at Bhattekhola , Pokhara Lekhnath Metropolitan City-16",,nepal_police,Landslide,2024-07-11,Gandaki,Kaski,Pokhara,16,,0,0,0,0,3,0,0,0,0,0,0,0,0,0,0,0,0,0,0,0,0
Yes,"Landslide at Bhoj , Marsyangdi Rural Municipality-7",,nepal_police,Landslide,2024-07-11,Gandaki,Lamjung,Marsyangdi,7,,0,0,5,5,0,0,0,0,0,0,0,0,0,0,0,0,0,0,0,0,0
Yes,"Landslide at Kasaha Tole , Golbazar Municipality-13",,nepal_police,Landslide,2024-07-11,Madhesh,Siraha,Golbazar,13,30000,0,0,1,1,0,0,0,0,0,0,0,0,0,0,0,0,0,0,0,0,0
Yes,Landslide at Gosaikunda Rural Municipality-4,,other,Landslide,2024-07-11,Bagmati,Rasuwa,Gosaikunda,4,,0,0,0,0,0,0,0,0,0,0,0,0,0,0,0,0,0,0,0,0,0
Yes,"Landslide at Titaure , Dhorpatan Municipality-4",,other,Landslide,2024-07-10,Gandaki,Baglung,Dhorpatan,4,,0,0,0,0,0,0,1,0,1,0,0,0,0,0,0,0,0,0,0,0,0
Yes,"Landslide at Bhyaple , Kushma Municipality-10",,other,Landslide,2024-07-10,Gandaki,Parbat,Kushma,10,,0,0,0,0,0,0,0,0,0,0,0,0,0,0,0,0,0,0,0,0,0
Yes,"Landslide at Chausil , Apihimal Rural Municipality-6",,other,Landslide,2024-07-10,Sudurpashchim,Darchula,Apihimal,6,,0,0,1,1,0,0,0,0,0,0,0,0,0,0,0,0,0,0,0,0,0
Yes,"Landslide at Pakuwa , Kushma Municipality-11",,other,Landslide,2024-07-10,Gandaki,Parbat,Kushma,11,,0,0,0,0,0,0,0,0,0,0,0,0,0,0,0,0,0,0,0,0,0
Yes,"Landslide at Thoklimba , Phidim Municipality-11",,other,Landslide,2024-07-10,Koshi,Panchthar,Phidim,11,,0,0,0,0,0,0,0,0,0,0,0,0,0,0,0,0,0,0,0,0,0
Yes,"Landslide at Tityang Thapaghar , Dhorpatan Municipality-4",,other,Landslide,2024-07-10,Gandaki,Baglung,Dhorpatan,4,1500000,0,0,0,0,0,6,0,0,0,0,0,0,0,0,0,0,0,0,0,0,0
Yes,"Landslide at Dahregauda , Halesi Tuwachung Municipality-11",,other,Landslide,2024-07-10,Koshi,Khotang,Halesi Tuwachung,11,60000,0,0,0,0,0,0,0,0,0,0,0,0,0,0,0,0,0,0,0,0,0
Yes,"Landslide at Bhayalkharka , Marsyangdi Rural Municipality-7",,other,Landslide,2024-07-10,Gandaki,Lamjung,Marsyangdi,7,,0,0,0,0,0,0,0,0,0,0,0,0,0,0,0,0,0,0,0,0,0
Yes,"Landslide at 17 Kilo, Bharatpur Metropolitan City-29",,nepal_police,Landslide,2024-07-10,Bagmati,Chitwan,Bharatpur,29,,0,0,0,0,0,0,1,1,0,0,0,0,0,0,0,0,0,0,0,0,0
Yes,"Landslide at Talkot, Pokhara Lekhnath Metropolitan City-19",,nepal_police,Landslide,2024-07-10,Gandaki,Kaski,Pokhara,19,,0,0,1,1,0,0,7,2,5,0,0,0,0,0,0,0,2,2,0,0,0
Yes,Landslide at Dhaulagiri Rural Municipality-7,,nepal_police,Landslide,2024-07-10,Gandaki,Myagdi,Dhaulagiri,7,,0,0,1,1,0,0,2,1,1,0,0,0,0,0,0,0,0,0,0,0,0
Yes,"Landslide at Damping , Rhishing Rural Municipality-1",,other,Landslide,2024-07-10,Gandaki,Tanahu,Rhishing,1,,0,0,0,0,0,0,0,0,0,0,0,0,0,0,0,0,0,0,0,0,0
Yes,"Landslide at Prakendi , Marsyangdi Rural Municipality-7",,other,Landslide,2024-07-10,Gandaki,Lamjung,Marsyangdi,7,,0,0,0,0,0,0,0,0,0,0,0,0,0,0,0,0,0,0,0,0,0
Yes,"Landslide at Mangdine Tole , Dhankuta Municipality-2",,other,Landslide,2024-07-10,Koshi,Dhankuta,Dhankuta,2,,0,0,0,0,0,0,0,0,0,0,0,0,0,0,0,0,0,0,0,0,0
Yes,"Landslide at Thulodhimire , Marsyangdi Rural Municipality-7",,other,Landslide,2024-07-10,Gandaki,Lamjung,Marsyangdi,7,,0,0,0,0,1,0,0,0,0,0,0,0,0,0,0,0,0,0,0,0,0
Yes,"Landslide at Madana , Simkot Rural Municipality-3",,other,Landslide,2024-07-10,Karnali,Humla,Simkot,3,,0,0,2,2,0,0,0,0,0,0,0,0,0,0,0,0,0,0,0,0,0
Yes,"Landslide at Chimkhola , Raghuganga Rural Municipality-8",,other,Landslide,2024-07-10,Gandaki,Myagdi,Raghuganga,8,,0,0,1,1,0,0,0,0,0,0,0,0,0,0,0,0,0,0,0,0,0
Yes,"Landslide at Kamerepani Maraka Tole , Raghuganga Rural Municipality-8",,nepal_police,Landslide,2024-07-10,Gandaki,Myagdi,Raghuganga,8,,0,0,0,0,0,0,0,0,0,0,0,0,0,0,0,0,0,0,0,0,0
Yes,Landslide at Gaidahawa Rural Municipality-4,,nepal_police,Landslide,2024-07-10,Lumbini,Rupandehi,Gaidahawa,4,130000,0,0,1,1,1,0,0,0,0,0,0,0,0,0,0,0,0,0,0,0,0
Yes,"Landslide at Buikhuwa , Diprung Chuichumma Rural Municipality-3",,nepal_police,Landslide,2024-07-10,Koshi,Khotang,Diprung Chuichumma,3,150000,0,0,0,0,1,0,0,0,0,0,0,0,0,0,0,0,0,0,0,0,0
Yes,"Landslide at Sahelpata , Pokhara Lekhnath Metropolitan City-27",,other,Landslide,2024-07-09,Gandaki,Kaski,Pokhara,27,,0,0,1,1,0,0,1,1,0,0,0,0,0,0,0,0,0,0,0,0,0
Yes,"Landslide at Mandredhunga , Raghuganga Rural Municipality-8",,other,Landslide,2024-07-09,Gandaki,Myagdi,Raghuganga,8,300000,0,0,1,1,0,0,0,0,0,0,0,0,0,0,0,0,0,0,0,0,0
Yes,Landslide at Halesi Tuwachung Municipality-11,,other,Landslide,2024-07-09,Koshi,Khotang,Halesi Tuwachung,11,,0,0,0,0,0,0,0,0,0,0,0,0,0,0,0,0,0,0,0,0,0
Yes,"Landslide at Jhor , Kageshwori Manahora Municipality-9",,other,Landslide,2024-07-09,Bagmati,Kathmandu,Kageshwori Manahora,9,,0,0,0,0,0,0,0,0,0,0,0,0,0,0,0,0,0,0,0,0,0
Yes,"Landslide at Chhorepatan , Pokhara Lekhnath Metropolitan City-17",,other,Landslide,2024-07-09,Gandaki,Kaski,Pokhara,17,,0,0,0,0,0,0,0,0,0,0,0,0,0,0,0,0,0,0,0,0,0
Yes,"Landslide at Jalbire River , Jugal Rural Municipality-2",,other,Landslide,2024-07-09,Bagmati,Sindhupalchok,Jugal,2,,0,0,0,0,0,0,0,0,0,0,0,0,0,0,0,0,0,0,0,0,0
Yes,"Landslide at Kabeli River , Phidim Municipality-11",,other,Landslide,2024-07-09,Koshi,Panchthar,Phidim,11,,0,0,0,0,0,0,0,0,0,0,0,0,0,0,0,0,0,0,0,0,0
Yes,"Landslide at Ramche , Jugal Rural Municipality-2",,other,Landslide,2024-07-09,Bagmati,Sindhupalchok,Jugal,2,,0,0,0,0,0,0,0,0,0,0,0,0,0,0,0,0,0,0,0,0,0
Yes,Landslide at Surma Rural Municipality-1,,other,Landslide,2024-07-09,Sudurpashchim,Bajhang,Surma,1,,0,0,3,3,0,0,0,0,0,0,0,0,0,0,0,0,0,0,0,0,0
Yes,"Landslide at Talloghale Chhap , Bhanu Municipality-12",,other,Landslide,2024-07-09,Gandaki,Tanahu,Bhanu,12,,0,0,0,0,1,0,0,0,0,0,0,0,0,0,0,0,0,0,0,0,0
Yes,"Landslide at Chimkhola , Raghuganga Rural Municipality-8",,other,Landslide,2024-07-09,Gandaki,Myagdi,Raghuganga,8,,0,0,1,1,0,12,0,0,0,0,0,0,0,0,0,0,0,0,0,0,0
Yes,"Landslide at Karuwa , Machhapuchchhre Rural Municipality-2",,other,Landslide,2024-07-09,Gandaki,Kaski,Machhapuchchhre,2,,0,0,0,0,0,0,0,0,0,0,0,0,0,0,0,0,0,0,0,0,0
Yes,"Landslide at Roke Gaau , Raghuganga Rural Municipality-8",,other,Landslide,2024-07-09,Gandaki,Myagdi,Raghuganga,8,,0,0,0,0,1,0,0,0,0,0,0,0,0,0,0,0,0,0,0,0,0
Yes,Landslide at Kushma Municipality-10,,other,Landslide,2024-07-09,Gandaki,Parbat,Kushma,10,,0,0,1,1,0,0,0,0,0,0,0,0,0,0,0,0,0,0,0,0,0
Yes,"Landslide at Salli Bissaini , Putha Uttarganga Rural Municipality-4",,other,Landslide,2024-07-08,Lumbini,Rukum East,Putha Uttarganga,4,,0,0,0,0,0,0,1,1,0,0,0,0,0,0,0,0,3,1,2,0,0
Yes,"Landslide at Bagmara , Illam Municipality-12",,other,Landslide,2024-07-08,Koshi,Ilam,Ilam,12,,0,0,0,0,0,0,0,0,0,0,0,0,0,0,0,0,0,0,0,0,0
Yes,"Landslide at Baseri Bisauna , Katari Municipality-12",,other,Landslide,2024-07-08,Koshi,Udayapur,Katari,12,,0,0,0,0,0,0,0,0,0,0,0,0,0,0,0,0,0,0,0,0,0
Yes,"Landslide at Bhanjyang , Dharan Submetropolitan City-20",,other,Landslide,2024-07-08,Koshi,Sunsari,Dharan,20,400000,0,0,1,1,0,0,0,0,0,0,0,0,0,0,0,0,0,0,0,0,0
Yes,"Landslide at Toribari , Triyuga Municipality-15",,other,Landslide,2024-07-08,Koshi,Udayapur,Triyuga,15,,0,0,0,0,0,0,1,0,1,0,0,0,0,0,0,0,1,0,1,0,0
Yes,"Landslide at Dummana, Bhojpur Municipality-11",,other,Landslide,2024-07-08,Koshi,Bhojpur,Bhojpur,11,,0,0,0,0,0,0,0,0,0,0,0,0,0,0,0,0,0,0,0,0,0
Yes,"Landslide at Samabesi Tole , Rautamai Rural Municipality-7",,other,Landslide,2024-07-08,Koshi,Udayapur,Rautamai,7,,0,0,0,0,0,0,0,0,0,0,0,0,0,0,0,0,0,0,0,0,0
Yes,"Landslide at Sana Agul , Bhumekasthan Municipality-7",,other,Landslide,2024-07-08,Lumbini,Arghakhanchi,Bhumikasthan,7,,0,0,0,0,0,0,0,0,0,0,0,0,0,0,0,0,0,0,0,0,0
Yes,"Landslide at Malbase , Bhojpur Municipality-11",,other,Landslide,2024-07-08,Koshi,Bhojpur,Bhojpur,11,,0,0,0,0,0,0,0,0,0,0,0,0,0,0,0,0,1,1,0,0,0
Yes,"Landslide at Ghare Phul Chowk , Rautamai Rural Municipality-7",,other,Landslide,2024-07-08,Koshi,Udayapur,Rautamai,7,,0,0,0,0,0,0,0,0,0,0,0,0,0,0,0,0,2,0,2,0,0
Yes,"Landslide at Chuhar , Bhojpur Municipality-11",,other,Landslide,2024-07-08,Koshi,Bhojpur,Bhojpur,11,50000,0,0,0,0,0,0,0,0,0,0,0,0,0,0,0,0,0,0,0,0,0
Yes,"Landslide at Bakhor , Khumbupasanglahmu Rural Municipality-3",,other,Landslide,2024-07-08,Koshi,Solukhumbu,Khumbu Pasanglhamu,3,,0,0,0,0,0,0,0,0,0,0,0,0,0,0,0,0,0,0,0,0,0
Yes,"Landslide at Thapa Tole, Khumbupasanglahmu Rural Municipality-3",,other,Landslide,2024-07-08,Koshi,Solukhumbu,Khumbu Pasanglhamu,3,,0,0,0,0,0,0,0,0,0,0,0,0,0,0,0,0,0,0,0,0,0
Yes,"Landslide at Boksetar , Bhojpur Municipality-11",,other,Landslide,2024-07-08,Koshi,Bhojpur,Bhojpur,11,,0,0,0,0,0,0,0,0,0,0,0,0,0,0,0,0,0,0,0,0,0
Yes,"Landslide at Sukrabare , Phedap Rural Municipality-3",,other,Landslide,2024-07-08,Koshi,Terhathum,Phedap,3,200000,0,0,0,0,0,0,0,0,0,0,0,0,0,0,0,0,0,0,0,0,0
Yes,"Landslide at Huge , Bhojpur Municipality-11",,other,Landslide,2024-07-08,Koshi,Bhojpur,Bhojpur,11,,0,0,0,0,0,0,0,0,0,0,0,0,0,0,0,0,0,0,0,0,0
Yes,"Landslide at Guthitar , Dhankuta Municipality-2",,other,Landslide,2024-07-08,Koshi,Dhankuta,Dhankuta,2,,0,0,0,0,1,0,0,0,0,0,0,0,0,0,0,0,0,0,0,0,0
Yes,Landslide at Phaktanglung Rural Municipality-6,,other,Landslide,2024-07-08,Koshi,Taplejung,Phaktanglung,6,,0,0,1,1,1,0,0,0,0,0,0,0,0,0,0,0,0,0,0,0,0
Yes,"Landslide at Goldhapbesi , Illam Municipality-12",,other,Landslide,2024-07-08,Koshi,Ilam,Ilam,12,400000,0,0,0,0,0,0,0,0,0,0,0,0,0,0,0,0,0,0,0,0,0
Yes,"Landslide at Kastara , Bheri Municipality-12",,other,Landslide,2024-07-07,Karnali,Jajarkot,Bheri,12,,0,0,1,1,0,0,0,0,0,0,0,0,0,0,0,0,0,0,0,0,0
Yes,"Landslide at Chhyangchhyangdi , Bhirkot Municipality-8",,other,Landslide,2024-07-07,Gandaki,Syangja,Bhirkot,8,,0,0,0,0,0,0,1,1,0,0,0,0,0,0,0,0,0,0,0,0,0
Yes,"Landslide at Kharpel Gaau , Simkot Rural Municipality-3",,other,Landslide,2024-07-07,Karnali,Humla,Simkot,3,,0,0,0,0,0,0,0,0,0,0,0,0,0,0,0,0,0,0,0,0,0
Yes,"Landslide at Rantapala , Alital Rural Municipality-3",,other,Landslide,2024-07-07,Sudurpashchim,Dadeldhura,Alital,3,,0,0,1,1,0,0,0,0,0,0,0,0,0,0,0,0,0,0,0,0,0
Yes,"Landslide at Bunga , Surnaya Rural Municipality-5",,other,Landslide,2024-07-07,Sudurpashchim,Baitadi,Surnaya,5,,0,0,1,1,0,0,0,0,0,0,0,0,0,0,0,0,2,1,1,0,0
Yes,"Landslide at Bahun Gaau , Gaumul Rural Municipality-1",,other,Landslide,2024-07-07,Sudurpashchim,Bajura,Gaumul,1,,0,0,0,0,0,0,0,0,0,0,0,0,0,0,0,0,1,1,0,0,0
Yes,Landslide at Bhojpur Municipality-11,,other,Landslide,2024-07-07,Koshi,Bhojpur,Bhojpur,11,,0,0,0,0,0,0,0,0,0,0,0,0,0,0,0,0,0,0,0,0,0
Yes,"Landslide at Saga , Gaumul Rural Municipality-1",,other,Landslide,2024-07-07,Sudurpashchim,Bajura,Gaumul,1,,0,0,0,0,0,0,0,0,0,0,0,0,0,0,0,0,0,0,0,0,0
Yes,"Landslide at Jabla , Kamalbazar Municipality-7",,other,Landslide,2024-07-07,Sudurpashchim,Achham,Kamalbazar,7,,0,0,0,0,1,0,0,0,0,0,0,0,0,0,0,0,0,0,0,0,0
Yes,"Landslide at Sawa Tole , Bhojpur Municipality-11",,other,Landslide,2024-07-07,Koshi,Bhojpur,Bhojpur,11,,0,0,0,0,0,0,0,0,0,0,0,0,0,0,0,0,0,0,0,0,0
Yes,"Landslide at Ghattekhola , Shey Phoksundo Rural Municipality-99",,other,Landslide,2024-07-07,Karnali,Dolpa,Shey Phoksundo,99,,0,0,0,0,0,0,0,0,0,0,0,0,0,0,0,0,0,0,0,0,0
Yes,"Landslide at Gairagaau , Sharada Municipality-9",,other,Landslide,2024-07-07,Karnali,Salyan,Sharada,9,,0,0,1,1,0,0,0,0,0,0,0,0,0,0,0,0,0,0,0,0,0
Yes,"Landslide at Rapa Gobre , Netrawati Dabjong Rural Municipality-1",,other,Landslide,2024-07-07,Bagmati,Dhading,Netrawati Dabjong,1,,0,0,0,0,0,0,0,0,0,0,0,0,0,0,0,0,0,0,0,0,0
Yes,"Landslide at Chorkhola , Buddhabhumi Municipality-8",,other,Landslide,2024-07-07,Lumbini,Kapilbastu,Buddhabhumi,8,,0,0,0,0,0,0,0,0,0,0,0,0,0,0,0,0,0,0,0,0,0
Yes,"Landslide at Zero Point , Mugum Karmarong Rural Municipality-7",,other,Landslide,2024-07-07,Karnali,Mugu,Mugum Karmarong,7,,0,0,0,0,0,0,0,0,0,0,0,0,0,0,0,0,0,0,0,0,0
Yes,"Landslide at Lakshmibazar , Dharche Rural Municipality-5",,other,Landslide,2024-07-07,Gandaki,Gorkha,Dharche,5,,0,0,0,0,0,0,0,0,0,0,0,0,0,0,0,0,0,0,0,0,0
Yes,"Landslide at Gaajani , Waling Municipality-11",,other,Landslide,2024-07-06,Gandaki,Syangja,Waling,11,,0,0,0,0,0,1,0,0,0,0,0,0,0,0,0,0,0,0,0,0,0
Yes,"Landslide at Mudikatiya , Pachaljharana Rural Municipality-3",,other,Landslide,2024-07-06,Karnali,Kalikot,Pachaljharana,3,,0,0,0,0,0,0,0,0,0,0,0,0,0,0,0,0,0,0,0,0,0
Yes,"Landslide at Bhaiwang , Raghuganga Rural Municipality-8",,other,Landslide,2024-07-06,Gandaki,Myagdi,Raghuganga,8,,0,0,1,1,0,0,0,0,0,0,0,0,0,0,0,0,0,0,0,0,0
Yes,"Landslide at Timure , Pachaljharana Rural Municipality-3",,other,Landslide,2024-07-06,Karnali,Kalikot,Pachaljharana,3,,0,0,0,0,0,0,0,0,0,0,0,0,0,0,0,0,0,0,0,0,0
Yes,"Landslide at Baidhye Danda , Mathagadhi Rural Municipality-1",,other,Landslide,2024-07-06,Lumbini,Palpa,Mathagadhi,1,150000,0,0,0,0,0,0,0,0,0,0,0,0,0,0,0,0,0,0,0,0,0
Yes,"Landslide at Kamere Kholsa , Khumbupasanglahmu Rural Municipality-3",,other,Landslide,2024-07-06,Koshi,Solukhumbu,Khumbu Pasanglhamu,3,,0,0,0,0,0,0,0,0,0,0,0,0,0,0,0,0,0,0,0,0,0
Yes,"Landslide at Baluwakhani , Dhankuta Municipality-2",,other,Landslide,2024-07-06,Koshi,Dhankuta,Dhankuta,2,,0,0,0,0,0,0,0,0,0,0,0,0,0,0,0,0,0,0,0,0,0
Yes,"Landslide at Paire, Molung Rural Municipality-1",,other,Landslide,2024-07-06,Koshi,Okhaldhunga,Molung,1,,0,0,0,0,0,0,0,0,0,0,0,0,0,0,0,0,0,0,0,0,0
Yes,"Landslide at Kharigaira , Barahtal Rural Municipality-8",,other,Landslide,2024-07-06,Karnali,Surkhet,Barahtal,8,,0,0,0,0,0,0,0,0,0,0,0,0,0,0,0,0,0,0,0,0,0
Yes,"Landslide at Dhapdanda , Mathagadhi Rural Municipality-1",,other,Landslide,2024-07-06,Lumbini,Palpa,Mathagadhi,1,,0,0,1,1,0,4,0,0,0,0,0,0,0,0,0,0,0,0,0,0,0
Yes,"Landslide at Naya Gaau , Bhaktapur Municipality-9",,other,Landslide,2024-07-06,Bagmati,Bhaktapur,Bhaktapur,9,,0,0,0,0,0,0,0,0,0,0,0,0,0,0,0,0,0,0,0,0,0
Yes,"Landslide at Jaubari , Bhojpur Municipality-11",,other,Landslide,2024-07-06,Koshi,Bhojpur,Bhojpur,11,,0,0,0,0,0,0,0,0,0,0,0,0,0,0,0,0,0,0,0,0,0
Yes,"Landslide at Balaute , Bhojpur Municipality-11",,other,Landslide,2024-07-06,Koshi,Bhojpur,Bhojpur,11,,0,0,0,0,0,0,0,0,0,0,0,0,0,0,0,0,0,0,0,0,0
Yes,"Landslide at Pathekhola , Waling Municipality-13",,other,Landslide,2024-07-06,Gandaki,Syangja,Waling,13,,0,0,0,0,0,0,0,0,0,0,0,0,0,0,0,0,1,0,1,0,0
Yes,"Landslide at Ruwaskanda , Shikhar Municipality-2",,other,Landslide,2024-07-06,Sudurpashchim,Doti,Shikhar,2,,0,0,0,0,0,0,0,0,0,0,0,0,0,0,0,0,2,1,1,0,0
Yes,"Landslide at Deurali , Uttargaya Rural Municipality-2",,other,Landslide,2024-07-06,Bagmati,Rasuwa,Uttargaya,2,,0,0,0,0,0,0,0,0,0,0,0,0,0,0,0,0,0,0,0,0,0
Yes,"Landslide at Simalchour, Arjunchaupari Rural Municipality-1",,nepal_police,Landslide,2024-07-06,Gandaki,Syangja,Arjunchaupari,1,,0,0,0,0,0,4,0,0,0,0,0,0,0,0,0,0,0,0,0,0,0
Yes,"Landslide at Chuplu, Siddhicharan Municipality-5",,nepal_police,Landslide,2024-07-06,Koshi,Okhaldhunga,Siddhicharan,5,,0,0,0,0,1,0,0,0,0,0,0,0,0,0,0,0,0,0,0,0,0
Yes,"Landslide at Sanagau, Purbichauki Rural Municipality-4",,nepal_police,Landslide,2024-07-06,Sudurpashchim,Doti,Purbichauki,4,,0,0,0,0,0,0,0,0,0,0,0,0,0,0,0,0,0,0,0,0,0
Yes,"Landslide at Kokaranga, Tansen Municipality-6",,nepal_police,Landslide,2024-07-06,Lumbini,Palpa,Tansen,6,,0,0,0,0,0,0,0,0,0,0,0,0,0,0,0,0,0,0,0,0,0
Yes,"Landslide at Chasi, Aadarsha Rural Municipality-1",,nepal_police,Landslide,2024-07-06,Sudurpashchim,Doti,Aadarsha,1,,0,0,0,0,1,0,0,0,0,0,0,0,0,0,0,0,0,0,0,0,0
Yes,"Landslide at Bebare, Phungling Municipality-6",,nepal_police,Landslide,2024-07-06,Koshi,Taplejung,Phungling,6,,0,0,0,0,0,0,0,0,0,0,0,0,0,0,0,0,0,0,0,0,0
Yes,"Landslide at Kirmili, Bungal Municipality-11",,nepal_police,Landslide,2024-07-06,Sudurpashchim,Bajhang,Bungal,11,,0,0,0,0,1,0,0,0,0,0,0,0,0,0,0,0,0,0,0,0,0
Yes,"Landslide at Bakhrikhor, Harinas Rural Municipality-5",,nepal_police,Landslide,2024-07-06,Gandaki,Syangja,Harinas,5,200000,0,0,0,0,0,2,0,0,0,0,0,0,0,0,0,0,0,0,0,0,0
Yes,"Landslide at Ramche, Harinas Rural Municipality-4",,nepal_police,Landslide,2024-07-06,Gandaki,Syangja,Harinas,4,100000,0,0,0,0,0,1,0,0,0,0,0,0,0,0,0,0,0,0,0,0,0
Yes,"Landslide at Tikha , Shikhar Municipality-2",,other,Landslide,2024-07-06,Sudurpashchim,Doti,Shikhar,2,,0,0,0,0,0,0,0,0,0,0,0,0,0,0,0,0,0,0,0,0,0
Yes,"Landslide at Lampate , Molung Rural Municipality-1",,other,Landslide,2024-07-06,Koshi,Okhaldhunga,Molung,1,,0,0,1,1,0,0,0,0,0,0,0,0,0,0,0,0,0,0,0,0,0
Yes,"Landslide at Chamsitar, Halesi Tuwachung Municipality-3",,nepal_police,Landslide,2024-07-05,Koshi,Khotang,Halesi Tuwachung,3,400000,0,0,1,1,0,0,0,0,0,0,0,0,0,0,0,0,0,0,0,0,0
Yes,"Landslide at Kamalpokhari, Tansen Municipality-14",,nepal_police,Landslide,2024-07-05,Lumbini,Palpa,Tansen,14,,0,0,0,0,0,0,0,0,0,0,0,0,0,0,0,0,0,0,0,0,0
Yes,Landslide at Kageshwori Manahora Municipality-9,,other,Landslide,2024-07-05,Bagmati,Kathmandu,Kageshwori Manahora,9,,0,0,0,0,0,0,1,1,0,0,0,0,0,0,0,0,0,0,0,0,0
Yes,"Landslide at Sisne, Rolpa Municipality-10",,nepal_police,Landslide,2024-07-05,Lumbini,Rolpa,Rolpa,10,,0,0,0,0,0,0,0,0,0,0,0,0,0,0,0,0,0,0,0,0,0
Yes,"Landslide at Aina Pahara , Rhishing Rural Municipality-1",,nepal_police,Landslide,2024-07-05,Gandaki,Tanahu,Rhishing,1,,0,0,0,0,0,0,0,0,0,0,0,0,0,0,0,0,0,0,0,0,0
Yes,"Landslide at Okhrang , Bhojpur Municipality-11",,nepal_police,Landslide,2024-07-05,Koshi,Bhojpur,Bhojpur,11,,0,0,0,0,0,0,0,0,0,0,0,0,0,0,0,0,0,0,0,0,0
Yes,"Landslide at Narke, Namobuddha Municipality-7",,nepal_police,Landslide,2024-07-05,Bagmati,Kavrepalanchok,Namobuddha,7,,0,0,0,0,0,0,0,0,0,0,0,0,0,0,0,0,0,0,0,0,0
Yes,"Landslide at Birsikhatole , Bhirkot Municipality-8",,nepal_police,Landslide,2024-07-05,Gandaki,Syangja,Bhirkot,8,,0,0,0,0,0,2,0,0,0,0,0,0,0,0,0,0,0,0,0,0,0
Yes,"Landslide at Kopta, Bhumekasthan Municipality-7",,nepal_police,Landslide,2024-07-05,Lumbini,Arghakhanchi,Bhumikasthan,7,,0,0,0,0,0,0,0,0,0,0,0,0,0,0,0,0,0,0,0,0,0
Yes,"Landslide at Ratomate, Makawanpurgadhi Rural Municipality-5",,nepal_police,Landslide,2024-07-05,Bagmati,Makwanpur,Makawanpurgadhi,5,,0,0,0,0,0,0,0,0,0,0,0,0,0,0,0,0,0,0,0,0,0
Yes,"Landslide at Sitapur, Bhumekasthan Municipality-7",,nepal_police,Landslide,2024-07-05,Lumbini,Arghakhanchi,Bhumikasthan,7,,0,0,0,0,0,0,0,0,0,0,0,0,0,0,0,0,0,0,0,0,0
Yes,"Landslide at Mahadevtar, Makawanpurgadhi Rural Municipality-5",,nepal_police,Landslide,2024-07-05,Bagmati,Makwanpur,Makawanpurgadhi,5,,0,0,0,0,0,0,0,0,0,0,0,0,0,0,0,0,0,0,0,0,0
Yes,"Landslide at Kaure , Bhirkot Municipality-8",,nepal_police,Landslide,2024-07-05,Gandaki,Syangja,Bhirkot,8,,0,0,0,0,0,3,0,0,0,0,0,0,0,0,0,0,0,0,0,0,0
Yes,"Landslide at Thatipauwa , Resunga Municipality-14",,nepal_police,Landslide,2024-07-05,Lumbini,Gulmi,Resunga,14,,0,0,1,1,0,0,0,0,0,0,0,0,0,0,0,0,1,0,1,0,0
Yes,"Landslide at Syangdi Majkot , Bhirkot Municipality-8",,nepal_police,Landslide,2024-07-05,Gandaki,Syangja,Bhirkot,8,,0,0,1,1,0,0,0,0,0,0,0,0,0,0,0,0,0,0,0,0,0
Yes,"Landslide at Pidikhola , Bhirkot Municipality-8",,nepal_police,Landslide,2024-07-05,Gandaki,Syangja,Bhirkot,8,,0,0,0,0,0,1,0,0,0,0,0,0,0,0,0,0,0,0,0,0,0
Yes,"Landslide at Asardi , Mathagadhi Rural Municipality-1",,nepal_police,Landslide,2024-07-05,Lumbini,Palpa,Mathagadhi,1,,0,0,0,0,0,0,0,0,0,0,0,0,0,0,0,0,0,0,0,0,0
Yes,"Landslide at Madhukot , Mathagadhi Rural Municipality-1",,nepal_police,Landslide,2024-07-05,Lumbini,Palpa,Mathagadhi,1,147000,0,0,0,0,0,4,0,0,0,0,0,0,0,0,0,0,0,0,0,0,0
Yes,"Landslide at Thulo Lumpek , Resunga Municipality-14",,nepal_police,Landslide,2024-07-05,Lumbini,Gulmi,Resunga,14,,0,0,1,1,0,0,0,0,0,0,0,0,0,0,0,0,0,0,0,0,0
Yes,"Landslide at Devisthan, Bhirkot Municipality-8",,nepal_police,Landslide,2024-07-05,Gandaki,Syangja,Bhirkot,8,,0,0,0,0,0,2,0,0,0,0,0,0,0,0,0,0,0,0,0,0,0
Yes,"Landslide at Bhangobari , Rolpa Municipality-10",,nepal_police,Landslide,2024-07-05,Lumbini,Rolpa,Rolpa,10,,0,0,0,0,0,0,0,0,0,0,0,0,0,0,0,0,0,0,0,0,0
Yes,"Landslide at Malabhir , Surma Rural Municipality-1",,nepal_police,Landslide,2024-07-05,Sudurpashchim,Bajhang,Surma,1,,0,0,0,0,0,0,0,0,0,0,0,0,0,0,0,0,0,0,0,0,0
Yes,"Landslide at Budhabagar , Sanphebagar Municipality-13",,nepal_police,Landslide,2024-07-05,Sudurpashchim,Achham,Sanphebagar,13,,0,0,0,0,0,0,0,0,0,0,0,0,0,0,0,0,0,0,0,0,0
Yes,"Landslide at Sarra , Ghorahi Submetropolitan City-16",,nepal_police,Landslide,2024-07-05,Lumbini,Dang,Ghorahi,16,,0,0,0,0,0,0,0,0,0,0,0,0,0,0,0,0,0,0,0,0,0
Yes,"Landslide at Chheka , Pachaljharana Rural Municipality-3",,nepal_police,Landslide,2024-07-05,Karnali,Kalikot,Pachaljharana,3,,0,0,0,0,0,0,0,0,0,0,0,0,0,0,0,0,0,0,0,0,0
Yes,"Landslide at Khalde , Jugal Rural Municipality-2",,nepal_police,Landslide,2024-07-05,Bagmati,Sindhupalchok,Jugal,2,,0,0,0,0,0,0,0,0,0,0,0,0,0,0,0,0,0,0,0,0,0
Yes,"Landslide at Tekre , Rhishing Rural Municipality-1",,nepal_police,Landslide,2024-07-05,Gandaki,Tanahu,Rhishing,1,,0,0,0,0,0,0,0,0,0,0,0,0,0,0,0,0,0,0,0,0,0
Yes,"Landslide at Malmul, Mathagadhi Rural Municipality-1",,nepal_police,Landslide,2024-07-05,Lumbini,Palpa,Mathagadhi,1,,0,0,0,0,0,0,0,0,0,0,0,0,0,0,0,0,0,0,0,0,0
Yes,"Landslide at Jaupani, Rhishing Rural Municipality-1",,nepal_police,Landslide,2024-07-05,Gandaki,Tanahu,Rhishing,1,,0,0,0,0,0,0,0,0,0,0,0,0,0,0,0,0,0,0,0,0,0
Yes,"Landslide at Jitpurphedi , Kageshwori Manahora Municipality-9",,nepal_police,Landslide,2024-07-05,Bagmati,Kathmandu,Kageshwori Manahora,9,,0,0,0,0,0,0,0,0,0,0,0,0,0,0,0,0,0,0,0,0,0
Yes,"Landslide at Birbas , Resunga Municipality-14",,nepal_police,Landslide,2024-07-05,Lumbini,Gulmi,Resunga,14,,0,0,0,0,0,0,0,0,0,0,0,0,0,0,0,0,0,0,0,0,0
Yes,"Landslide at Aamdanda , Pyuthan Municipality-7",,nepal_police,Landslide,2024-07-05,Lumbini,Pyuthan,Pyuthan,7,,0,0,0,0,0,0,0,0,0,0,0,0,0,0,0,0,0,0,0,0,0
Yes,"Landslide at Khiraule , Khumbupasanglahmu Rural Municipality-3",,nepal_police,Landslide,2024-07-05,Koshi,Solukhumbu,Khumbu Pasanglhamu,3,,0,0,0,0,0,0,0,0,0,0,0,0,0,0,0,0,0,0,0,0,0
Yes,"Landslide at Dandagaau , Pokhara Lekhnath Metropolitan City-32",,nepal_police,Landslide,2024-07-05,Gandaki,Kaski,Pokhara,32,,0,0,0,0,0,0,0,0,0,0,0,0,0,0,0,0,0,0,0,0,0
Yes,Landslide at Khumbupasanglahmu Rural Municipality-3,,nepal_police,Landslide,2024-07-05,Koshi,Solukhumbu,Khumbu Pasanglhamu,3,,0,0,0,0,0,0,0,0,0,0,0,0,0,0,0,0,0,0,0,0,0
Yes,"Landslide at Birtamod, Pachaljharana Rural Municipality-3",,nepal_police,Landslide,2024-07-05,Karnali,Kalikot,Pachaljharana,3,,0,0,0,0,0,4,0,0,0,0,0,0,0,0,0,0,0,0,0,0,0
Yes,Landslide at Kageshwori Manahora Municipality-9,,nepal_police,Landslide,2024-07-05,Bagmati,Kathmandu,Kageshwori Manahora,9,,0,0,0,0,0,0,0,0,0,0,0,0,0,0,0,0,0,0,0,0,0
Yes,"Landslide at Karkineta , Kushma Municipality-10",,other,Landslide,2024-07-05,Gandaki,Parbat,Kushma,10,,0,0,1,1,0,7,2,2,0,0,0,0,0,0,0,0,0,0,0,0,0
Yes,"Landslide at Kaure , Rhishing Rural Municipality-1",,other,Landslide,2024-07-05,Gandaki,Tanahu,Rhishing,1,,0,0,2,2,0,0,3,1,2,0,0,0,0,0,0,0,5,5,0,0,0
Yes,"Landslide at Jyamire, Bhirkot Municipality-8",,other,Landslide,2024-07-05,Gandaki,Syangja,Bhirkot,8,,0,0,0,0,0,16,1,0,1,0,0,0,0,0,0,0,0,0,0,0,0
Yes,"Landslide at Gorthum , Bhumekasthan Municipality-7",,other,Landslide,2024-07-05,Lumbini,Arghakhanchi,Bhumikasthan,7,,0,0,0,0,1,0,0,0,0,0,0,0,0,0,0,0,0,0,0,0,0
Yes,"Landslide at Ghaseni , Sitganga Municipality-12",,other,Landslide,2024-07-05,Lumbini,Arghakhanchi,Sitganga,12,,0,0,0,0,1,0,0,0,0,0,0,0,0,0,0,0,0,0,0,0,0
Yes,"Landslide at Sukultar , Rautamai Rural Municipality-7",,other,Landslide,2024-07-05,Koshi,Udayapur,Rautamai,7,250000,0,0,0,0,2,0,0,0,0,0,0,0,0,0,0,0,0,0,0,0,0
Yes,"Landslide at Okharbot , Rolpa Municipality-10",,other,Landslide,2024-07-05,Lumbini,Rolpa,Rolpa,10,,0,0,0,0,0,0,0,0,0,0,0,0,0,0,0,0,0,0,0,0,0
Yes,"Landslide at Tari , Mathagadhi Rural Municipality-1",,other,Landslide,2024-07-05,Lumbini,Palpa,Mathagadhi,1,,0,0,1,1,0,0,0,0,0,0,0,0,0,0,0,0,0,0,0,0,0
Yes,Landslide at Surnaya Rural Municipality-5,,other,Landslide,2024-07-05,Sudurpashchim,Baitadi,Surnaya,5,,0,0,0,0,0,0,0,0,0,0,0,0,0,0,0,0,0,0,0,0,0
Yes,Landslide at Halesi Tuwachung Municipality-11,,other,Landslide,2024-07-05,Koshi,Khotang,Halesi Tuwachung,11,,0,0,0,0,0,0,0,0,0,0,0,0,0,0,0,0,0,0,0,0,0
Yes,"Landslide at Jhaputar , Rhishing Rural Municipality-1",,other,Landslide,2024-07-05,Gandaki,Tanahu,Rhishing,1,,0,0,0,0,0,0,1,1,0,0,0,0,0,0,0,0,1,1,0,0,0
Yes,"Landslide at Kharkhare , Sharada Municipality-9",,other,Landslide,2024-07-05,Karnali,Salyan,Sharada,9,,0,0,0,0,0,0,0,0,0,0,0,0,0,0,0,0,0,0,0,0,0
Yes,"Landslide at Thadapakha , Kushma Municipality-10",,other,Landslide,2024-07-05,Gandaki,Parbat,Kushma,10,,0,0,1,1,0,15,0,0,0,0,0,0,0,0,0,0,0,0,0,0,0
Yes,"Landslide at Sutara , Kamalbazar Municipality-7",,other,Landslide,2024-07-05,Sudurpashchim,Achham,Kamalbazar,7,,0,0,0,0,0,0,0,0,0,0,0,0,0,0,0,0,0,0,0,0,0
Yes,"Landslide at Duni, Kamalbazar Municipality-7",,other,Landslide,2024-07-05,Sudurpashchim,Achham,Kamalbazar,7,,0,0,0,0,0,0,0,0,0,0,0,0,0,0,0,0,0,0,0,0,0
Yes,Landslide at Rhishing Rural Municipality-1,,other,Landslide,2024-07-05,Gandaki,Tanahu,Rhishing,1,,0,0,0,0,0,1,0,0,0,0,0,0,0,0,0,0,0,0,0,0,0
Yes,"Landslide at Jalaudi , Rhishing Rural Municipality-1",,other,Landslide,2024-07-05,Gandaki,Tanahu,Rhishing,1,,0,0,1,1,0,0,0,0,0,0,0,0,0,0,0,0,0,0,0,0,0
Yes,"Landslide at Ukhubari , Bhirkot Municipality-8",,other,Landslide,2024-07-05,Gandaki,Syangja,Bhirkot,8,,0,0,0,0,0,0,1,0,1,0,0,0,0,0,0,0,0,0,0,0,0
Yes,"Landslide at Ghekhor , Gokulganga Rural Municipality-4",,other,Landslide,2024-07-05,Bagmati,Ramechhap,Gokulganga,4,,0,0,0,0,1,0,0,0,0,0,0,0,0,0,0,0,0,0,0,0,0
Yes,"Landslide at Belghari , Pokhara Lekhnath Metropolitan City-17",,other,Landslide,2024-07-05,Gandaki,Kaski,Pokhara,17,,0,0,0,0,0,0,0,0,0,0,0,0,0,0,0,0,0,0,0,0,0
Yes,"Landslide at Tallo Ranibas , Triyuga Municipality-15",,other,Landslide,2024-07-05,Koshi,Udayapur,Triyuga,15,320000,0,0,0,0,0,20,0,0,0,0,0,0,0,0,0,0,0,0,0,0,0
Yes,"Landslide at Malabhir , Surma Rural Municipality-1",,nepal_police,Landslide,2024-07-04,Sudurpashchim,Bajhang,Surma,1,,0,0,0,0,0,0,0,0,0,0,0,0,0,0,0,0,0,0,0,0,0
Yes,"Landslide at Lahure Bajar, Bhumekasthan Municipality-7",,nepal_police,Landslide,2024-07-04,Lumbini,Arghakhanchi,Bhumikasthan,7,,0,0,0,0,0,0,0,0,0,0,0,0,0,0,0,0,0,0,0,0,0
Yes,"Landslide at Sunkhola , Alital Rural Municipality-3",,other,Landslide,2024-07-04,Sudurpashchim,Dadeldhura,Alital,3,,0,0,0,0,0,0,0,0,0,0,0,0,0,0,0,0,0,0,0,0,0
Yes,"Landslide at Gunabhir , Kuse Rural Municipality-7",,other,Landslide,2024-07-04,Karnali,Jajarkot,Kushe,7,,0,0,0,0,0,0,0,0,0,0,0,0,0,0,0,0,0,0,0,0,0
Yes,"Landslide at Barlawa , Resunga Municipality-14",,other,Landslide,2024-07-04,Lumbini,Gulmi,Resunga,14,,0,0,0,0,0,0,0,0,0,0,0,0,0,0,0,0,0,0,0,0,0
Yes,"Landslide at Lamatar, Phaktanglung Rural Municipality-6",,nepal_police,Landslide,2024-07-04,Koshi,Taplejung,Phaktanglung,6,,0,0,0,0,0,0,0,0,0,0,0,0,0,0,0,0,0,0,0,0,0
Yes,"Landslide at Odar, Shikhar Municipality-10",,nepal_police,Landslide,2024-07-04,Sudurpashchim,Doti,Shikhar,10,,0,0,0,0,0,0,0,0,0,0,0,0,0,0,0,0,0,0,0,0,0
Yes,"Landslide at Taprang , Machhapuchchhre Rural Municipality-2",,nepal_police,Landslide,2024-07-04,Gandaki,Kaski,Machhapuchchhre,2,,0,0,0,0,0,0,0,0,0,0,0,0,0,0,0,0,0,0,0,0,0
Yes,"Landslide at Ambakebote, Thulung Dudhkoshi Rural Municipality-3",,nepal_police,Landslide,2024-07-04,Koshi,Solukhumbu,Thulung Dudhkoshi,3,,0,0,0,0,0,0,0,0,0,0,0,0,0,0,0,0,0,0,0,0,0
Yes,"Landslide at Tallojiri, Barekot Rural Municipality-4",,nepal_police,Landslide,2024-07-04,Karnali,Jajarkot,Barekot,4,,0,0,0,0,1,0,0,0,0,0,0,0,0,0,0,0,1,0,1,0,0
Yes,"Landslide at Singaudi, Aathabis Municipality-2",,nepal_police,Landslide,2024-07-04,Karnali,Dailekh,Aathabis,2,,0,0,0,0,1,0,0,0,0,0,0,0,0,0,0,0,0,0,0,0,0
Yes,"Landslide at Shyangdi Majhkot , Bhirkot Municipality-8",,other,Landslide,2024-07-04,Gandaki,Syangja,Bhirkot,8,,0,0,2,2,1,0,3,1,2,0,0,0,0,0,0,0,5,2,3,0,0
Yes,Landslide at Siddhicharan Municipality-12,,other,Landslide,2024-07-04,Koshi,Okhaldhunga,Siddhicharan,12,,0,0,0,0,0,0,0,0,0,0,0,0,0,0,0,0,2,0,2,0,0
Yes,"Landslide at Malmul , Mathagadhi Rural Municipality-1",,other,Landslide,2024-07-03,Lumbini,Palpa,Mathagadhi,1,,0,0,0,0,0,0,0,0,0,0,0,0,0,0,0,0,0,0,0,0,0
Yes,"Landslide at Dopahare , Pokhara Lekhnath Metropolitan City-21",,nepal_police,Landslide,2024-07-03,Gandaki,Kaski,Pokhara,21,,0,0,0,0,0,0,0,0,0,0,0,0,0,0,0,0,0,0,0,0,0
Yes,"Landslide at Simkharka, Khumbupasanglahmu Rural Municipality-3",,nepal_police,Landslide,2024-07-03,Koshi,Solukhumbu,Khumbu Pasanglhamu,3,,0,0,0,0,0,0,0,0,0,0,0,0,0,0,0,0,0,0,0,0,0
Yes,"Landslide at Pangre , Hupsekot Rural Municipality-4",,nepal_police,Landslide,2024-07-03,Gandaki,Nawalparasi East,Hupsekot,4,,0,0,0,0,0,0,0,0,0,0,0,0,0,0,0,0,0,0,0,0,0
Yes,"Landslide at Khani Danda , Katari Municipality-12",,nepal_police,Landslide,2024-07-03,Koshi,Udayapur,Katari,12,160000,0,0,0,0,0,0,0,0,0,0,0,0,0,0,0,0,0,0,0,0,0
Yes,"Landslide at Bhartadi Bazar, Pachaljharana Rural Municipality-3",,nepal_police,Landslide,2024-07-03,Karnali,Kalikot,Pachaljharana,3,,0,0,3,3,0,0,0,0,0,0,0,0,0,0,0,0,0,0,0,0,0
Yes,"Landslide at Bayalsera, Gaumul Rural Municipality-1",,nepal_police,Landslide,2024-07-03,Sudurpashchim,Bajura,Gaumul,1,,0,0,0,0,0,0,0,0,0,0,0,0,0,0,0,0,0,0,0,0,0
Yes,"Landslide at Gopre, Netrawati Dabjong Rural Municipality-1",,nepal_police,Landslide,2024-07-03,Bagmati,Dhading,Netrawati Dabjong,1,,0,0,0,0,0,0,0,0,0,0,0,0,0,0,0,0,0,0,0,0,0
Yes,"Landslide at Dandakhali , Purchaudi Municipality-9",,nepal_police,Landslide,2024-07-03,Sudurpashchim,Baitadi,Purchaudi,9,,0,0,0,0,0,0,0,0,0,0,0,0,0,0,0,0,0,0,0,0,0
Yes,"Landslide at Thulogaau , Rolpa Municipality-10",,other,Landslide,2024-07-02,Lumbini,Rolpa,Rolpa,10,,0,0,0,0,1,0,0,0,0,0,0,0,0,0,0,0,1,0,1,0,0
Yes,"Landslide at Bhatabari , Pokhara Lekhnath Metropolitan City-23",,other,Landslide,2024-07-02,Gandaki,Kaski,Pokhara,23,,0,0,0,0,0,0,0,0,0,0,0,0,0,0,0,0,0,0,0,0,0
Yes,"Landslide at Mira , Chhedagad Municipality-10",,other,Landslide,2024-07-02,Karnali,Jajarkot,Chhedagad,10,,0,0,0,0,0,0,0,0,0,0,0,0,0,0,0,0,0,0,0,0,0
Yes,"Landslide at Chauratha , Kuse Rural Municipality-7",,other,Landslide,2024-07-02,Karnali,Jajarkot,Kushe,7,,0,0,0,0,0,0,0,0,0,0,0,0,0,0,0,0,0,0,0,0,0
Yes,"Landslide at Nagpokhari , Khumbupasanglahmu Rural Municipality-3",,other,Landslide,2024-07-02,Koshi,Solukhumbu,Khumbu Pasanglhamu,3,,0,0,0,0,0,0,0,0,0,0,0,0,0,0,0,0,0,0,0,0,0
Yes,"Landslide at Taktola , Surnaya Rural Municipality-5",,other,Landslide,2024-07-02,Sudurpashchim,Baitadi,Surnaya,5,,0,0,0,0,1,0,0,0,0,0,0,0,0,0,0,0,0,0,0,0,0
Yes,"Landslide at Babahang Tole , Phaktanglung Rural Municipality-6",,other,Landslide,2024-07-02,Koshi,Taplejung,Phaktanglung,6,,0,0,0,0,0,0,0,0,0,0,0,0,0,0,0,0,0,0,0,0,0
Yes,"Landslide at Khewang , Phaktanglung Rural Municipality-6",,other,Landslide,2024-07-02,Koshi,Taplejung,Phaktanglung,6,,0,0,0,0,0,0,0,0,0,0,0,0,0,0,0,0,0,0,0,0,0
Yes,"Landslide at Galnasa , Molung Rural Municipality-1",,other,Landslide,2024-07-01,Koshi,Okhaldhunga,Molung,1,,0,0,0,0,0,0,0,0,0,0,0,0,0,0,0,0,0,0,0,0,0
Yes,"Landslide at Rakura , Khumbupasanglahmu Rural Municipality-3",,other,Landslide,2024-07-01,Koshi,Solukhumbu,Khumbu Pasanglhamu,3,,0,0,0,0,0,0,0,0,0,0,0,0,0,0,0,0,0,0,0,0,0
Yes,"Landslide at Zero Point , Khumbupasanglahmu Rural Municipality-3",,other,Landslide,2024-07-01,Koshi,Solukhumbu,Khumbu Pasanglhamu,3,,0,0,0,0,0,0,0,0,0,0,0,0,0,0,0,0,0,0,0,0,0
Yes,"Landslide at Simkharka , Khumbupasanglahmu Rural Municipality-3",,other,Landslide,2024-07-01,Koshi,Solukhumbu,Khumbu Pasanglhamu,3,,0,0,0,0,1,0,0,0,0,0,0,0,0,0,0,0,0,0,0,0,0
Yes,"Landslide at Ghyu Khola , Bhojpur Municipality-11",,other,Landslide,2024-07-01,Koshi,Bhojpur,Bhojpur,11,,0,0,0,0,0,0,0,0,0,0,0,0,0,0,0,0,0,0,0,0,0
Yes,"Landslide at Phulbas , Rolpa Municipality-10",,other,Landslide,2024-07-01,Lumbini,Rolpa,Rolpa,10,,0,0,0,0,0,0,0,0,0,0,0,0,0,0,0,0,0,0,0,0,0
Yes,"Landslide at Tar , Khumbupasanglahmu Rural Municipality-3",,other,Landslide,2024-07-01,Koshi,Solukhumbu,Khumbu Pasanglhamu,3,,0,0,0,0,0,0,0,0,0,0,0,0,0,0,0,0,0,0,0,0,0
Yes,"Landslide at Bungrung , Phaktanglung Rural Municipality-6",,other,Landslide,2024-07-01,Koshi,Taplejung,Phaktanglung,6,,0,0,0,0,0,0,0,0,0,0,0,0,0,0,0,0,0,0,0,0,0
Yes,"Landslide at Bodhepani , Khumbupasanglahmu Rural Municipality-3",,other,Landslide,2024-07-01,Koshi,Solukhumbu,Khumbu Pasanglhamu,3,,0,0,0,0,0,0,0,0,0,0,0,0,0,0,0,0,0,0,0,0,0
Yes,"Landslide at Baisari , Raghuganga Rural Municipality-8",,other,Landslide,2024-07-01,Gandaki,Myagdi,Raghuganga,8,,0,0,0,0,0,0,0,0,0,0,0,0,0,0,0,0,0,0,0,0,0
Yes,"Landslide at Dandakharka , Molung Rural Municipality-1",,other,Landslide,2024-07-01,Koshi,Okhaldhunga,Molung,1,,0,0,0,0,0,0,0,0,0,0,0,0,0,0,0,0,0,0,0,0,0
Yes,Landslide at Shey Phoksundo Rural Municipality-99,,other,Landslide,2024-07-01,Karnali,Dolpa,Shey Phoksundo,99,,0,0,0,0,0,0,0,0,0,0,0,0,0,0,0,0,0,0,0,0,0
Yes,"Landslide at Gaumul , Gaumul Rural Municipality-1",,other,Landslide,2024-07-01,Sudurpashchim,Bajura,Gaumul,1,,0,0,1,1,0,0,0,0,0,0,0,0,0,0,0,0,0,0,0,0,0
Yes,"Landslide at Ebar , Kuse Rural Municipality-7",,other,Landslide,2024-06-30,Karnali,Jajarkot,Kushe,7,,0,0,1,1,0,0,1,1,0,0,0,0,0,0,0,0,1,1,0,0,0
Yes,"Landslide at Thumbedin , Phaktanglung Rural Municipality-6",,other,Landslide,2024-06-30,Koshi,Taplejung,Phaktanglung,6,,0,0,0,0,0,0,0,0,0,0,0,0,0,0,0,0,0,0,0,0,0
Yes,"Landslide at Chimring , Khumbupasanglahmu Rural Municipality-3",,other,Landslide,2024-06-30,Koshi,Solukhumbu,Khumbu Pasanglhamu,3,,0,0,0,0,0,0,0,0,0,0,0,0,0,0,0,0,0,0,0,0,0
Yes,Landslide at Diktel Rupakot Majhuwagadhi Municipality-15,,other,Landslide,2024-06-30,Koshi,Khotang,Diktel Rupakot Majhuwagadhi,15,300000,0,0,1,1,0,0,0,0,0,0,0,0,0,0,0,0,0,0,0,0,0
Yes,"Landslide at Telabung , Phaktanglung Rural Municipality-6",,other,Landslide,2024-06-30,Koshi,Taplejung,Phaktanglung,6,2000000,0,0,0,0,0,0,0,0,0,0,0,0,0,0,0,0,0,0,0,0,0
Yes,"Landslide at Haku , Phedap Rural Municipality-3",,other,Landslide,2024-06-30,Koshi,Terhathum,Phedap,3,600000,0,0,0,0,0,0,0,0,0,0,0,0,0,0,0,0,0,0,0,0,0
Yes,"Landslide at Pasku , Khumbupasanglahmu Rural Municipality-3",,other,Landslide,2024-06-30,Koshi,Solukhumbu,Khumbu Pasanglhamu,3,,0,0,0,0,0,0,0,0,0,0,0,0,0,0,0,0,0,0,0,0,0
Yes,"Landslide at Sanggrang , Bhojpur Municipality-11",,other,Landslide,2024-06-30,Koshi,Bhojpur,Bhojpur,11,,0,0,0,0,0,0,0,0,0,0,0,0,0,0,0,0,0,0,0,0,0
Yes,"Landslide at Tar , Khumbupasanglahmu Rural Municipality-3",,other,Landslide,2024-06-30,Koshi,Solukhumbu,Khumbu Pasanglhamu,3,,0,0,0,0,0,0,0,0,0,0,0,0,0,0,0,0,0,0,0,0,0
Yes,Landslide at Golbazar Municipality-13,,other,Landslide,2024-06-30,Madhesh,Siraha,Golbazar,13,,0,0,0,0,0,0,0,0,0,0,0,0,0,0,0,0,0,0,0,0,0
Yes,"Landslide at Kamaldanda , Khumbupasanglahmu Rural Municipality-3",,other,Landslide,2024-06-30,Koshi,Solukhumbu,Khumbu Pasanglhamu,3,,0,0,0,0,0,0,0,0,0,0,0,0,0,0,0,0,0,0,0,0,0
Yes,"Landslide at Poklabung , Khandbari Municipality-7",,other,Landslide,2024-06-30,Koshi,Sankhuwasabha,Khandbari,7,,0,0,0,0,0,0,0,0,0,0,0,0,0,0,0,0,0,0,0,0,0
Yes,"Landslide at Gunabhir, Nalgaad Municipality-7",,nepal_police,Landslide,2024-06-29,Karnali,Jajarkot,Nalgaad,7,,0,0,0,0,0,0,0,0,0,0,0,0,0,0,0,0,0,0,0,0,0
Yes,"Landslide at Pahirotham , Khumbupasanglahmu Rural Municipality-3",,other,Landslide,2024-06-29,Koshi,Solukhumbu,Khumbu Pasanglhamu,3,,0,0,0,0,0,0,0,0,0,0,0,0,0,0,0,0,0,0,0,0,0
Yes,"Landslide at Pahirotham , Khumbupasanglahmu Rural Municipality-3",,other,Landslide,2024-06-29,Koshi,Solukhumbu,Khumbu Pasanglhamu,3,15000,0,0,0,0,0,1,0,0,0,0,0,0,0,0,0,0,0,0,0,0,0
Yes,"Landslide at Thumbedin , Phaktanglung Rural Municipality-6",,other,Landslide,2024-06-29,Koshi,Taplejung,Phaktanglung,6,,0,0,0,0,0,0,0,0,0,0,0,0,0,0,0,0,0,0,0,0,0
Yes,Landslide at Khumbupasanglahmu Rural Municipality-3,,other,Landslide,2024-06-29,Koshi,Solukhumbu,Khumbu Pasanglhamu,3,,0,0,0,0,0,0,0,0,0,0,0,0,0,0,0,0,0,0,0,0,0
Yes,"Landslide at Bachin , Khumbupasanglahmu Rural Municipality-3",,other,Landslide,2024-06-29,Koshi,Solukhumbu,Khumbu Pasanglhamu,3,,0,0,0,0,0,0,0,0,0,0,0,0,0,0,0,0,0,0,0,0,0
Yes,"Landslide at Sunuwang , Rolpa Municipality-10",,other,Landslide,2024-06-29,Lumbini,Rolpa,Rolpa,10,,0,0,0,0,0,1,0,0,0,0,0,0,0,0,0,0,0,0,0,0,0
Yes,"Landslide at Papumla , Shadananda Municipality-13",,other,Landslide,2024-06-29,Koshi,Bhojpur,Shadananda,13,130000,0,0,0,0,0,0,0,0,0,0,0,0,0,0,0,0,0,0,0,0,0
Yes,"Landslide at Pahiretham / Bhote Bisaune , Khumbupasanglahmu Rural Municipality-3",,other,Landslide,2024-06-29,Koshi,Solukhumbu,Khumbu Pasanglhamu,3,,0,0,0,0,0,0,0,0,0,0,0,0,0,0,0,0,0,0,0,0,0
Yes,"Landslide at Hewa Khola , Falelung Rural Municipality-5",,other,Landslide,2024-06-29,Koshi,Panchthar,Falelung,5,,0,0,0,0,0,0,0,0,0,0,0,0,0,0,0,0,0,0,0,0,0
Yes,"Landslide at Deshe , Molung Rural Municipality-1",,other,Landslide,2024-06-29,Koshi,Okhaldhunga,Molung,1,,0,0,0,0,0,0,0,0,0,0,0,0,0,0,0,0,0,0,0,0,0
Yes,"Landslide at Dumrise , Phaktanglung Rural Municipality-6",,other,Landslide,2024-06-29,Koshi,Taplejung,Phaktanglung,6,200000,0,0,0,0,0,25,0,0,0,0,0,0,0,0,0,0,0,0,0,0,0
Yes,"Landslide at Pesalgaira , Molung Rural Municipality-6",,other,Landslide,2024-06-29,Koshi,Okhaldhunga,Molung,6,,0,0,0,0,0,0,0,0,0,0,0,0,0,0,0,0,0,0,0,0,0
Yes,"Landslide at Pandelung , Phaktanglung Rural Municipality-6",,other,Landslide,2024-06-29,Koshi,Taplejung,Phaktanglung,6,,0,0,0,0,0,0,0,0,0,0,0,0,0,0,0,0,0,0,0,0,0
Yes,"Landslide at Bisauna , Dhorpatan Municipality-4",,other,Landslide,2024-06-28,Gandaki,Baglung,Dhorpatan,4,,0,0,1,1,0,9,2,1,1,0,0,0,0,0,0,0,0,0,0,0,0
Yes,"Landslide at Kadelpata , Resunga Municipality-14",,other,Landslide,2024-06-28,Lumbini,Gulmi,Resunga,14,,0,0,1,1,0,0,5,1,4,0,0,0,0,0,0,0,0,0,0,0,0
Yes,"Landslide at Paurani, Isma Rural Municipality-4",,nepal_police,Landslide,2024-06-28,Lumbini,Gulmi,Isma,4,,0,0,0,0,1,3,0,0,0,0,0,0,0,0,0,0,0,0,0,0,0
Yes,"Landslide at krkikotahara, Pokhara Lekhnath Metropolitan City-24",,nepal_police,Landslide,2024-06-28,Gandaki,Kaski,Pokhara,24,,0,0,0,0,1,0,0,0,0,0,0,0,0,0,0,0,0,0,0,0,0
Yes,"Landslide at Naudanda, Annapurna Rural Municipality-1",,nepal_police,Landslide,2024-06-28,Gandaki,Kaski,Annapurna,1,,0,0,0,0,0,0,0,0,0,0,0,0,0,0,0,0,0,0,0,0,0
Yes,"Landslide at Ranibash, Triyuga Municipality-15",,nepal_police,Landslide,2024-06-28,Koshi,Udayapur,Triyuga,15,,0,0,0,0,2,0,0,0,0,0,0,0,0,0,0,0,0,0,0,0,0
Yes,"Landslide at Balewang, Chandrakot Rural Municipality-2",,nepal_police,Landslide,2024-06-28,Lumbini,Gulmi,Chandrakot,2,,0,0,0,0,0,4,0,0,0,0,0,0,0,0,0,0,0,0,0,0,0
Yes,"Landslide at Sukhaura, Bareng Rural Municipality-5",,nepal_police,Landslide,2024-06-28,Gandaki,Baglung,Bareng,5,,0,0,0,0,0,2,0,0,0,0,0,0,0,0,0,0,1,1,0,0,0
Yes,"Landslide at Simpali, Annapurna Rural Municipality-1",,nepal_police,Landslide,2024-06-28,Gandaki,Kaski,Annapurna,1,,0,0,0,0,1,0,0,0,0,0,0,0,0,0,0,0,0,0,0,0,0
Yes,"Landslide at Naitul, Badigad Rural Municipality-4",,nepal_police,Landslide,2024-06-28,Gandaki,Baglung,Badigad,4,,0,0,0,0,0,0,0,0,0,0,0,0,0,0,0,0,0,0,0,0,0
Yes,"Landslide at Hattidhunga, Bhimdatta Municipality-9",,nepal_police,Landslide,2024-06-28,Sudurpashchim,Kanchanpur,Bhimdatta,9,,0,0,0,0,0,0,0,0,0,0,0,0,0,0,0,0,1,1,0,0,0
Yes,"Landslide at Ratchour, Musikot Municipality-2",,nepal_police,Landslide,2024-06-28,Lumbini,Gulmi,Musikot,2,,0,0,0,0,4,0,0,0,0,0,0,0,0,0,0,0,0,0,0,0,0
Yes,Landslide at Bhojpur Municipality-11,,other,Landslide,2024-06-28,Koshi,Bhojpur,Bhojpur,11,500000,0,0,0,0,0,0,0,0,0,0,0,0,0,0,0,0,0,0,0,0,0
Yes,"Landslide at Sallari, Solududhakunda Municipality-5",,nepal_police,Landslide,2024-06-28,Koshi,Solukhumbu,Solududhkunda,5,,0,0,0,0,0,0,0,0,0,0,0,0,0,0,0,0,0,0,0,0,0
Yes,"Landslide at Bhuwa, Mahakulung Rural Municipality-2",,nepal_police,Landslide,2024-06-28,Koshi,Solukhumbu,Mahakulung,2,,0,0,0,0,0,0,0,0,0,0,0,0,0,0,0,0,0,0,0,0,0
Yes,"Landslide at Maitola , Gaumul Rural Municipality-1",,other,Landslide,2024-06-28,Sudurpashchim,Bajura,Gaumul,1,,0,0,0,0,0,0,0,0,0,0,0,0,0,0,0,0,0,0,0,0,0
Yes,"Landslide at Kailashmandau , Gaumul Rural Municipality-1",,other,Landslide,2024-06-28,Sudurpashchim,Bajura,Gaumul,1,,0,0,0,0,0,0,0,0,0,0,0,0,0,0,0,0,0,0,0,0,0
Yes,"Landslide at Khewang , Phaktanglung Rural Municipality-6",,other,Landslide,2024-06-27,Koshi,Taplejung,Phaktanglung,6,,0,0,0,0,0,0,0,0,0,0,0,0,0,0,0,0,0,0,0,0,0
Yes,"Landslide at Paduka & Sagetada , Mahabu Rural Municipality-2",,other,Landslide,2024-06-27,Karnali,Dailekh,Mahabu,2,,0,0,0,0,0,0,0,0,0,0,0,0,0,0,0,0,0,0,0,0,0
Yes,Landslide at Phaktanglung Rural Municipality-6,,other,Landslide,2024-06-27,Koshi,Taplejung,Phaktanglung,6,,0,0,0,0,0,0,0,0,0,0,0,0,0,0,0,0,0,0,0,0,0
Yes,Landslide at Phaktanglung Rural Municipality-6,,other,Landslide,2024-06-27,Koshi,Taplejung,Phaktanglung,6,,0,0,0,0,0,0,0,0,0,0,0,0,0,0,0,0,0,0,0,0,0
Yes,"Landslide at Shibu , Phaktanglung Rural Municipality-6",,other,Landslide,2024-06-27,Koshi,Taplejung,Phaktanglung,6,,0,0,0,0,0,0,0,0,0,0,0,0,0,0,0,0,0,0,0,0,0
Yes,"Landslide at Bange , Bhirkot Municipality-8",,other,Landslide,2024-06-27,Gandaki,Syangja,Bhirkot,8,,0,0,1,1,0,1,2,0,2,0,0,0,0,0,0,0,0,0,0,0,0
Yes,"Landslide at Khorbari, Sirijangha Rural Municipality-6",,nepal_police,Landslide,2024-06-27,Koshi,Taplejung,Sirijangha,6,,0,0,0,0,0,0,0,0,0,0,0,0,0,0,0,0,1,1,0,0,0
Yes,"Landslide at Kotigau, Himali Rural Municipality-2",,nepal_police,Landslide,2024-06-27,Sudurpashchim,Bajura,Himali,2,,0,0,0,0,0,70,0,0,0,0,0,0,0,0,0,0,0,0,0,0,0
Yes,"Landslide at Beruju Gaau , Khumbupasanglahmu Rural Municipality-3",,other,Landslide,2024-06-26,Koshi,Solukhumbu,Khumbu Pasanglhamu,3,200000,0,0,0,0,0,0,0,0,0,0,0,0,0,0,0,0,0,0,0,0,0
Yes,"Landslide at Kimalung , Bhojpur Municipality-11",,other,Landslide,2024-06-26,Koshi,Bhojpur,Bhojpur,11,,0,0,0,0,0,0,0,0,0,0,0,0,0,0,0,0,0,0,0,0,0
Yes,"Landslide at Khamire, Kuse Rural Municipality-7",,other,Landslide,2024-06-26,Karnali,Jajarkot,Kushe,7,,0,0,0,0,0,0,0,0,0,0,0,0,0,0,0,0,1,1,0,0,0
Yes,"Landslide at Harise , Phedap Rural Municipality-3",,other,Landslide,2024-06-26,Koshi,Terhathum,Phedap,3,,0,0,0,0,0,0,0,0,0,0,0,0,0,0,0,0,0,0,0,0,0
Yes,"Landslide at Bagum , Marsyangdi Rural Municipality-7",,other,Landslide,2024-06-25,Gandaki,Lamjung,Marsyangdi,7,,0,0,3,3,0,0,4,1,3,0,0,0,0,0,0,0,1,1,0,0,0
Yes,"Landslide at Aarupata, Pokhara Lekhnath Metropolitan City-27",,other,Landslide,2024-06-25,Gandaki,Kaski,Pokhara,27,,0,0,1,1,0,0,1,1,0,0,0,0,0,0,0,0,1,0,1,0,0
Yes,"Landslide at Dheraini , Marsyangdi Rural Municipality-7",,other,Landslide,2024-06-25,Gandaki,Lamjung,Marsyangdi,7,,0,0,0,0,1,0,1,1,0,0,0,0,0,0,0,0,1,1,0,0,0
Yes,"Landslide at Thumki , Molung Rural Municipality-1",,other,Landslide,2024-06-25,Koshi,Okhaldhunga,Molung,1,,0,0,1,1,0,0,1,0,1,0,0,0,0,0,0,0,2,1,1,0,0
Yes,"Landslide at Chitepani , Machhapuchchhre Rural Municipality-2",,other,Landslide,2024-06-25,Gandaki,Kaski,Machhapuchchhre,2,,0,0,1,1,0,0,1,0,1,0,0,0,0,0,0,0,0,0,0,0,0
Yes,Landslide at Dordi Rural Municipality-9,,nepal_police,Landslide,2024-06-25,Gandaki,Lamjung,Dordi,9,,0,0,0,0,1,0,0,0,0,0,0,0,0,0,0,0,0,0,0,0,0
Yes,"Landslide at Arghau Khola Dhok, Pokhara Lekhnath Metropolitan City-27",,other,Landslide,2024-06-25,Gandaki,Kaski,Pokhara,27,,0,0,0,0,0,0,0,0,0,0,0,0,0,0,0,0,1,0,1,0,0
Yes,"Landslide at Keure , Pokhara Lekhnath Metropolitan City-16",,other,Landslide,2024-06-25,Gandaki,Kaski,Pokhara,16,,0,0,0,0,0,0,0,0,0,0,0,0,0,0,0,0,0,0,0,0,0
Yes,"Landslide at Sungdel , Halesi Tuwachung Municipality-11",,other,Landslide,2024-06-25,Koshi,Khotang,Halesi Tuwachung,11,,0,0,0,0,0,0,0,0,0,0,0,0,0,0,0,0,0,0,0,0,0
Yes,Landslide at Banfikot Rural Municipality-6,,other,Landslide,2024-06-25,Karnali,Rukum West,Banphikot,6,75000,0,0,0,0,0,0,0,0,0,0,0,0,0,0,0,0,0,0,0,0,0
Yes,"Landslide at Bethekhola , Pokhara Lekhnath Metropolitan City-16",,other,Landslide,2024-06-25,Gandaki,Kaski,Pokhara,16,,0,0,1,1,0,0,0,0,0,0,0,0,0,0,0,0,0,0,0,0,0
Yes,"Landslide at Bhalam , Pokhara Lekhnath Metropolitan City-20",,other,Landslide,2024-06-25,Gandaki,Kaski,Pokhara,20,,0,0,0,0,0,0,0,0,0,0,0,0,0,0,0,0,0,0,0,0,0
Yes,"Landslide at Lamagaau , Marsyangdi Rural Municipality-7",,other,Landslide,2024-06-25,Gandaki,Lamjung,Marsyangdi,7,,0,0,1,1,0,0,0,0,0,0,0,0,0,0,0,0,0,0,0,0,0
Yes,Landslide at Khumbupasanglahmu Rural Municipality-3,,nepal_police,Landslide,2024-06-25,Koshi,Solukhumbu,Khumbu Pasanglhamu,3,,0,0,0,0,1,0,0,0,0,0,0,0,0,0,0,0,0,0,0,0,0
Yes,"Landslide at Bhattarai Gaau , Khumbupasanglahmu Rural Municipality-3",,other,Landslide,2024-06-25,Koshi,Solukhumbu,Khumbu Pasanglhamu,3,,0,0,0,0,0,0,0,0,0,0,0,0,0,0,0,0,0,0,0,0,0
Yes,"Landslide at Khaling Gaau , Khumbupasanglahmu Rural Municipality-3",,other,Landslide,2024-06-25,Koshi,Solukhumbu,Khumbu Pasanglhamu,3,800000,0,0,1,1,0,0,0,0,0,0,0,0,0,0,0,0,0,0,0,0,0
Yes,"Landslide at Ambegudin , Phaktanglung Rural Municipality-6",,other,Landslide,2024-06-25,Koshi,Taplejung,Phaktanglung,6,,0,0,0,0,0,0,0,0,0,0,0,0,0,0,0,0,0,0,0,0,0
Yes,"Landslide at Tikdu , Phaktanglung Rural Municipality-6",,other,Landslide,2024-06-25,Koshi,Taplejung,Phaktanglung,6,,0,0,0,0,0,0,0,0,0,0,0,0,0,0,0,0,0,0,0,0,0
Yes,"Landslide at Beni , Khumbupasanglahmu Rural Municipality-3",,other,Landslide,2024-06-25,Koshi,Solukhumbu,Khumbu Pasanglhamu,3,,0,0,0,0,0,0,0,0,0,0,0,0,0,0,0,0,0,0,0,0,0
Yes,"Landslide at Kaphaldanda , Kushma Municipality-10",,other,Landslide,2024-06-25,Gandaki,Parbat,Kushma,10,,0,0,0,0,0,0,0,0,0,0,0,0,0,0,0,0,0,0,0,0,0
Yes,"Landslide at Susta , Khumbupasanglahmu Rural Municipality-3",,other,Landslide,2024-06-25,Koshi,Solukhumbu,Khumbu Pasanglhamu,3,,0,0,0,0,0,0,0,0,0,0,0,0,0,0,0,0,0,0,0,0,0
Yes,Landslide at Phedap Rural Municipality-3,,other,Landslide,2024-06-25,Koshi,Terhathum,Phedap,3,,0,0,0,0,0,0,0,0,0,0,0,0,0,0,0,0,0,0,0,0,0
Yes,"Landslide at Rum , Mahabu Rural Municipality-2",,other,Landslide,2024-06-25,Karnali,Dailekh,Mahabu,2,,0,0,0,0,0,0,0,0,0,0,0,0,0,0,0,0,0,0,0,0,0
Yes,"Landslide at Seltada , Surnaya Rural Municipality-5",,other,Landslide,2024-06-25,Sudurpashchim,Baitadi,Surnaya,5,,0,0,1,1,0,0,0,0,0,0,0,0,0,0,0,0,0,0,0,0,0
Yes,Landslide at Phaktanglung Rural Municipality-6,,other,Landslide,2024-06-25,Koshi,Taplejung,Phaktanglung,6,,0,0,0,0,0,0,0,0,0,0,0,0,0,0,0,0,0,0,0,0,0
Yes,"Landslide at Mamkha , Molung Rural Municipality-1",,other,Landslide,2024-06-25,Koshi,Okhaldhunga,Molung,1,,0,0,0,0,0,0,0,0,0,0,0,0,0,0,0,0,0,0,0,0,0
Yes,"Landslide at Shikharmani , Rautamai Rural Municipality-7",,other,Landslide,2024-06-24,Koshi,Udayapur,Rautamai,7,200000,0,0,0,0,0,9,0,0,0,0,0,0,0,0,0,0,0,0,0,0,0
Yes,"Landslide at Jalpa Road , Inaruwa Municipality-8",,other,Landslide,2024-06-24,Koshi,Sunsari,Inaruwa,8,,0,0,0,0,0,0,0,0,0,0,0,0,0,0,0,0,0,0,0,0,0
Yes,"Landslide at Mane Gaau , Khandbari Municipality-7",,other,Landslide,2024-06-24,Koshi,Sankhuwasabha,Khandbari,7,,0,0,0,0,0,0,0,0,0,0,0,0,0,0,0,0,0,0,0,0,0
Yes,"Landslide at Surungkhim, Phaktanglung Rural Municipality-6",,other,Landslide,2024-06-24,Koshi,Taplejung,Phaktanglung,6,350000,0,0,0,0,0,0,0,0,0,0,0,0,0,0,0,0,0,0,0,0,0
Yes,"Landslide at Lokhodin , Phaktanglung Rural Municipality-6",,other,Landslide,2024-06-24,Koshi,Taplejung,Phaktanglung,6,,0,0,0,0,0,0,0,0,0,0,0,0,0,0,0,0,0,0,0,0,0
Yes,"Landslide at Kolodhap , Pokhara Lekhnath Metropolitan City-17",,other,Landslide,2024-06-24,Gandaki,Kaski,Pokhara,17,,0,0,0,0,0,0,0,0,0,0,0,0,0,0,0,0,0,0,0,0,0
Yes,Landslide at Phaktanglung Rural Municipality-6,,other,Landslide,2024-06-23,Koshi,Taplejung,Phaktanglung,6,,0,0,0,0,0,0,0,0,0,0,0,0,0,0,0,0,0,0,0,0,0
Yes,"Landslide at Udipur, Besishahar Municipality-1",,nepal_police,Landslide,2024-06-22,Gandaki,Lamjung,Besishahar,1,,0,0,0,0,0,0,0,0,0,0,0,0,0,0,0,0,0,0,0,0,0
Yes,"Landslide at Simaltal, Bharatpur Metropolitan City-29",,nepal_police,Landslide,2024-06-21,Bagmati,Chitwan,Bharatpur,29,,0,0,0,0,0,0,0,0,0,0,0,0,0,0,0,0,0,0,0,0,0
Yes,"Landslide at TrisuliKhola, Gosaikunda Rural Municipality-6",,nepal_police,Landslide,2024-06-21,Bagmati,Rasuwa,Gosaikunda,6,,0,0,0,0,0,0,0,0,0,0,0,0,0,0,0,0,0,0,0,0,0
Yes,"Landslide at Bagkhola, Chandrakot Rural Municipality-8",,nepal_police,Landslide,2024-06-21,Lumbini,Gulmi,Chandrakot,8,,0,0,0,0,0,0,0,0,0,0,0,0,0,0,0,0,0,0,0,0,0
Yes,"Landslide at Bangebhir , Raghuganga Rural Municipality-8",,other,Landslide,2024-06-21,Gandaki,Myagdi,Raghuganga,8,,0,0,0,0,0,0,0,0,0,0,0,0,0,0,0,0,0,0,0,0,0
Yes,"Landslide at Sakse , Resunga Municipality-14",,other,Landslide,2024-06-21,Lumbini,Gulmi,Resunga,14,,0,0,0,0,0,0,0,0,0,0,0,0,0,0,0,0,0,0,0,0,0
Yes,"Landslide at Mamankhe , Phaktanglung Rural Municipality-6",,other,Landslide,2024-06-21,Koshi,Taplejung,Phaktanglung,6,,0,0,0,0,0,0,0,0,0,0,0,0,0,0,0,0,0,0,0,0,0
Yes,"Landslide at Sahasradhara Petrol Pump , Kushma Municipality-1",,other,Landslide,2024-06-20,Gandaki,Parbat,Kushma,1,,0,0,0,0,0,0,0,0,0,0,0,0,0,0,0,0,0,0,0,0,0
Yes,Landslide at Sirijangha Rural Municipality-5,,nepal_police,Landslide,2024-06-20,Koshi,Taplejung,Sirijangha,5,1000000,0,0,1,1,0,0,0,0,0,0,0,0,0,0,0,0,0,0,0,0,0
Yes,"Landslide at Bal Mandir, Phungling Municipality-5",,nepal_police,Landslide,2024-06-20,Koshi,Taplejung,Phungling,5,,0,0,0,0,0,0,0,0,0,0,0,0,0,0,0,0,0,0,0,0,0
Yes,"Landslide at Manegaau , Khandbari Municipality-7",,other,Landslide,2024-06-20,Koshi,Sankhuwasabha,Khandbari,7,,0,0,0,0,0,0,0,0,0,0,0,0,0,0,0,0,0,0,0,0,0
Yes,"Landslide at Sisneri , Bigu Rural Municipality-1",,other,Landslide,2024-06-19,Bagmati,Dolakha,Bigu,1,,0,0,0,0,0,0,0,0,0,0,0,0,0,0,0,0,0,0,0,0,0
Yes,"Landslide at Rupsechhara , Raghuganga Rural Municipality-8",,other,Landslide,2024-06-19,Gandaki,Myagdi,Raghuganga,8,,0,0,0,0,0,0,0,0,0,0,0,0,0,0,0,0,0,0,0,0,0
Yes,"Landslide at Salghari , Inaruwa Municipality-8",,other,Landslide,2024-06-19,Koshi,Sunsari,Inaruwa,8,600000,0,0,0,0,0,0,0,0,0,0,0,0,0,0,0,0,0,0,0,0,0
Yes,"Landslide at Patal - , Illam Municipality-12",,other,Landslide,2024-06-19,Koshi,Ilam,Ilam,12,,0,0,0,0,0,0,0,0,0,0,0,0,0,0,0,0,0,0,0,0,0
Yes,"Landslide at Sagsewa , Khandbari Municipality-7",,other,Landslide,2024-06-19,Koshi,Sankhuwasabha,Khandbari,7,,0,0,0,0,0,0,0,0,0,0,0,0,0,0,0,0,0,0,0,0,0
Yes,"Landslide at Khewang , Phaktanglung Rural Municipality-6",,other,Landslide,2024-06-19,Koshi,Taplejung,Phaktanglung,6,,0,0,1,1,0,0,0,0,0,0,0,0,0,0,0,0,0,0,0,0,0
Yes,"Landslide at Tapmewa , Phaktanglung Rural Municipality-6",,other,Landslide,2024-06-19,Koshi,Taplejung,Phaktanglung,6,35000,0,0,0,0,0,0,0,0,0,0,0,0,0,0,0,0,0,0,0,0,0
Yes,"Landslide at Thulokhola, Beni Municipality-4",,nepal_police,Landslide,2024-06-19,Gandaki,Myagdi,Beni,4,,0,0,0,0,1,0,0,0,0,0,0,0,0,0,0,0,0,0,0,0,0
Yes,"Landslide at Limbadhumsa/Ainden / Gairigaau , Makalu Rural Municipality-2",,nepal_police,Landslide,2024-06-19,Koshi,Sankhuwasabha,Makalu,2,,0,0,4,4,0,0,0,0,0,0,0,0,0,0,0,0,0,0,0,0,0
Yes,"Landslide at Gairi Gaau , Khandbari Municipality-7",,other,Landslide,2024-06-19,Koshi,Sankhuwasabha,Khandbari,7,,0,0,0,0,0,0,0,0,0,0,0,0,0,0,0,0,0,0,0,0,0
Yes,Landslide at Kamalamai Municipality-5,,other,Landslide,2024-06-18,Bagmati,Sindhuli,Kamalamai,5,,0,0,0,0,0,0,0,0,0,0,0,0,0,0,0,0,0,0,0,0,0
Yes,"Landslide at Jalkeni , Rautamai Rural Municipality-7",,other,Landslide,2024-06-18,Koshi,Udayapur,Rautamai,7,,0,0,0,0,0,0,0,0,0,0,0,0,0,0,0,0,0,0,0,0,0
Yes,Landslide at Illam Municipality-12,,other,Landslide,2024-06-18,Koshi,Ilam,Ilam,12,,0,0,0,0,0,0,0,0,0,0,0,0,0,0,0,0,0,0,0,0,0
Yes,"Landslide at Sirise , Illam Municipality-12",,other,Landslide,2024-06-18,Koshi,Ilam,Ilam,12,,0,0,0,0,0,0,0,0,0,0,0,0,0,0,0,0,0,0,0,0,0
Yes,"Landslide at Kurkuna , Rhishing Rural Municipality-1",,other,Landslide,2024-06-18,Gandaki,Tanahu,Rhishing,1,,0,0,0,0,0,0,0,0,0,0,0,0,0,0,0,0,0,0,0,0,0
Yes,"Landslide at Parthak , Suryagadhi Rural Municipality-4",,other,Landslide,2024-06-18,Bagmati,Nuwakot,Suryagadhi,4,,0,0,0,0,0,0,0,0,0,0,0,0,0,0,0,0,1,1,0,0,0
Yes,"Landslide at Neruwa , Phaktanglung Rural Municipality-6",,other,Landslide,2024-06-18,Koshi,Taplejung,Phaktanglung,6,,0,0,0,0,0,0,0,0,0,0,0,0,0,0,0,0,0,0,0,0,0
Yes,"Landslide at Udipur, Besishahar Municipality-1",,nepal_police,Landslide,2024-06-17,Gandaki,Lamjung,Besishahar,1,,0,0,0,0,0,0,0,0,0,0,0,0,0,0,0,0,0,0,0,0,0
Yes,"Landslide at Panidhara, Benighat Rorang Rural Municipality-10",,nepal_police,Landslide,2024-06-17,Bagmati,Dhading,Benighat Rorang,10,,0,0,0,0,0,0,0,0,0,0,0,0,0,0,0,0,0,0,0,0,0
Yes,"Landslide at Kolbote, Miklajung Rural Municipality-1",,nepal_police,Landslide,2024-06-17,Koshi,Morang,Miklajung,1,380000,0,0,0,0,1,0,0,0,0,0,0,0,0,0,0,0,0,0,0,0,0
Yes,"Landslide at Akabera, Golanjor Rural Municipality-6",,nepal_police,Landslide,2024-06-17,Bagmati,Sindhuli,Golanjor,6,,0,0,0,0,0,0,0,0,0,0,0,0,0,0,0,0,0,0,0,0,0
Yes,Landslide at Barah Municipality-1,,nepal_police,Landslide,2024-06-17,Koshi,Sunsari,Barah,1,,0,0,0,0,0,0,0,0,0,0,0,0,0,0,0,0,0,0,0,0,0
Yes,Landslide at Tyamkemaiyung Rural Municipality-2,,nepal_police,Landslide,2024-06-17,Koshi,Bhojpur,Temkemaiyung,2,,0,0,0,0,0,0,0,0,0,0,0,0,0,0,0,0,0,0,0,0,0
Yes,"Landslide at Saleling, Miklajung Rural Municipality-1",,nepal_police,Landslide,2024-06-17,Koshi,Morang,Miklajung,1,147000,0,0,0,0,1,0,0,0,0,0,0,0,0,0,0,0,0,0,0,0,0
Yes,"Landslide at Odeare, Chaubise Rural Municipality-5",,nepal_police,Landslide,2024-06-17,Koshi,Dhankuta,Chaubise,5,,0,0,0,0,0,0,0,0,0,0,0,0,0,0,0,0,0,0,0,0,0
Yes,"Landslide at Seduwa , Khandbari Municipality-7",,other,Landslide,2024-06-17,Koshi,Sankhuwasabha,Khandbari,7,,0,0,0,0,0,0,0,0,0,0,0,0,0,0,0,0,0,0,0,0,0
Yes,"Landslide at Harmichaur, Kaligandaki Rural Municipality-1",,nepal_police,Landslide,2024-06-16,Lumbini,Gulmi,Kaligandaki,1,,0,0,0,0,0,0,0,0,0,0,0,0,0,0,0,0,0,0,0,0,0
Yes,Landslide at Bharatpur Metropolitan City-14,,other,Landslide,2024-06-16,Bagmati,Chitwan,Bharatpur,14,,0,0,0,0,0,0,0,0,0,0,0,0,0,0,0,0,0,0,0,0,0
Yes,Landslide at Bharatpur Metropolitan City-14,,other,Landslide,2024-06-16,Bagmati,Chitwan,Bharatpur,14,,0,0,0,0,0,0,0,0,0,0,0,0,0,0,0,0,0,0,0,0,0
Yes,"Landslide at Dhansare Khola , Inaruwa Municipality-8",,other,Landslide,2024-06-16,Koshi,Sunsari,Inaruwa,8,,0,0,0,0,0,0,0,0,0,0,0,0,0,0,0,0,0,0,0,0,0
Yes,"Landslide at NIgalea, Melamchi Municipality-4",,nepal_police,Landslide,2024-06-16,Bagmati,Sindhupalchok,Melamchi,4,1000000,0,0,0,0,1,0,0,0,0,0,0,0,0,0,0,0,0,0,0,0,0
Yes,"Landslide at Kunjari, Phaktanglung Rural Municipality-6",,other,Landslide,2024-06-16,Koshi,Taplejung,Phaktanglung,6,,0,0,1,1,0,0,0,0,0,0,0,0,0,0,0,0,0,0,0,0,0
Yes,"Landslide at Yaphu , Khandbari Municipality-7",,other,Landslide,2024-06-15,Koshi,Sankhuwasabha,Khandbari,7,,0,0,0,0,0,0,0,0,0,0,0,0,0,0,0,0,1,0,1,0,0
Yes,Landslide at Phungling Municipality-10,,other,Landslide,2024-06-15,Koshi,Taplejung,Phungling,10,,0,0,0,0,0,0,0,0,0,0,0,0,0,0,0,0,0,0,0,0,0
Yes,Landslide at Resunga Municipality-14,,other,Landslide,2024-06-15,Lumbini,Gulmi,Resunga,14,,0,0,0,0,0,0,0,0,0,0,0,0,0,0,0,0,0,0,0,0,0
Yes,"Landslide at Aankhope, Sidingba Rural Municipality-2",,nepal_police,Landslide,2024-06-15,Koshi,Taplejung,Sidingba,2,1200000,0,0,1,1,0,8,0,0,0,0,0,0,0,0,0,0,0,0,0,0,0
Yes,Landslide at Resunga Municipality-14,,other,Landslide,2024-06-15,Lumbini,Gulmi,Resunga,14,,0,0,0,0,0,0,0,0,0,0,0,0,0,0,0,0,0,0,0,0,0
Yes,Landslide at Phaktanglung Rural Municipality-6,,other,Landslide,2024-06-15,Koshi,Taplejung,Phaktanglung,6,,0,0,0,0,0,9,0,0,0,0,0,0,0,0,0,0,0,0,0,0,0
Yes,Landslide at Sirijangha Rural Municipality-8,,other,Landslide,2024-06-15,Koshi,Taplejung,Sirijangha,8,,0,0,0,0,0,0,0,0,0,0,0,0,0,0,0,0,0,0,0,0,0
Yes,Landslide at Phaktanglung Rural Municipality-6,,other,Landslide,2024-06-15,Koshi,Taplejung,Phaktanglung,6,,0,0,1,1,0,0,0,0,0,0,0,0,0,0,0,0,0,0,0,0,0
Yes,Landslide at Phaktanglung Rural Municipality-6,,other,Landslide,2024-06-14,Koshi,Taplejung,Phaktanglung,6,2770000,0,0,2,2,0,16,0,0,0,0,0,0,0,0,0,0,0,0,0,0,0
Yes,"Landslide at Mamankhe , Phaktanglung Rural Municipality-6",,other,Landslide,2024-06-14,Koshi,Taplejung,Phaktanglung,6,,0,0,1,1,0,0,0,0,0,0,0,0,0,0,0,0,0,0,0,0,0
Yes,Landslide at Phaktanglung Rural Municipality-6,,other,Landslide,2024-06-14,Koshi,Taplejung,Phaktanglung,6,1820000,0,0,0,0,0,0,0,0,0,0,0,0,0,0,0,0,0,0,0,0,0
Yes,Landslide at Phidim Municipality-11,,other,Landslide,2024-06-14,Koshi,Panchthar,Phidim,11,,0,0,0,0,0,0,0,0,0,0,0,0,0,0,0,0,0,0,0,0,0
Yes,"Landslide at Kaflepati , Phungling Municipality-10",,other,Landslide,2024-06-14,Koshi,Taplejung,Phungling,10,,0,0,0,0,0,0,0,0,0,0,0,0,0,0,0,0,0,0,0,0,0
Yes,"Landslide at Mayur Danda , Phaktanglung Rural Municipality-6",,other,Landslide,2024-06-14,Koshi,Taplejung,Phaktanglung,6,,0,0,0,0,0,0,0,0,0,0,0,0,0,0,0,0,0,0,0,0,0
Yes,Landslide at Khandbari Municipality-7,,other,Landslide,2024-06-13,Koshi,Sankhuwasabha,Khandbari,7,470000,0,0,0,0,1,0,0,0,0,0,0,0,0,0,0,0,0,0,0,0,0
Yes,Landslide at Khandbari Municipality-11,,other,Landslide,2024-06-12,Koshi,Sankhuwasabha,Khandbari,11,,0,0,0,0,0,0,0,0,0,0,0,0,0,0,0,0,0,0,0,0,0
Yes,Landslide at Phaktanglung Rural Municipality-6,,other,Landslide,2024-06-12,Koshi,Taplejung,Phaktanglung,6,400000,0,0,0,0,0,2,0,0,0,0,0,0,0,0,0,0,0,0,0,0,0
Yes,Landslide at Phaktanglung Rural Municipality-6,,other,Landslide,2024-06-12,Koshi,Taplejung,Phaktanglung,6,,0,0,1,1,0,3,4,1,3,0,0,0,0,0,0,0,0,0,0,0,0
Yes,Landslide at Phaktanglung Rural Municipality-6,,other,Landslide,2024-06-12,Koshi,Taplejung,Phaktanglung,6,,0,0,1,1,0,0,0,0,0,0,0,0,0,0,0,0,2,1,1,0,0
Yes,Landslide at Phaktanglung Rural Municipality-6,,other,Landslide,2024-06-12,Koshi,Taplejung,Phaktanglung,6,,0,0,0,0,0,1,0,0,0,0,0,0,0,0,0,0,0,0,0,0,0
Yes,Landslide at Khandbari Municipality-7,,other,Landslide,2024-06-12,Koshi,Sankhuwasabha,Khandbari,7,,0,0,0,0,0,0,0,0,0,0,0,0,0,0,0,0,0,0,0,0,0
Yes,Landslide at Phaktanglung Rural Municipality-6,,other,Landslide,2024-06-11,Koshi,Taplejung,Phaktanglung,6,,0,0,0,0,0,0,1,1,0,0,0,0,0,0,0,0,0,0,0,0,0
Yes,Landslide at Khandbari Municipality-7,,other,Landslide,2024-06-11,Koshi,Sankhuwasabha,Khandbari,7,,0,0,0,0,0,0,1,1,0,0,0,0,0,0,0,0,2,2,0,0,0
Yes,Landslide at Khandbari Municipality-7,,other,Landslide,2024-06-11,Koshi,Sankhuwasabha,Khandbari,7,40000,0,0,0,0,0,0,0,0,0,0,0,0,0,0,0,0,0,0,0,0,0
Yes,Landslide at Makalu Rural Municipality-5,,other,Landslide,2024-06-11,Koshi,Sankhuwasabha,Makalu,5,250000,0,0,0,0,0,0,0,0,0,0,0,0,0,0,0,0,0,0,0,0,0
Yes,"Landslide at Bhyangkhola , Khandbari Municipality-7",,other,Landslide,2024-06-11,Koshi,Sankhuwasabha,Khandbari,7,,0,0,0,0,0,0,0,0,0,0,0,0,0,0,0,0,0,0,0,0,0
Yes,Landslide at Khandbari Municipality-7,,other,Landslide,2024-06-11,Koshi,Sankhuwasabha,Khandbari,7,2800000,0,0,0,0,0,0,0,0,0,0,0,0,0,0,0,0,0,0,0,0,0
Yes,Landslide at Khandbari Municipality-7,,other,Landslide,2024-06-11,Koshi,Sankhuwasabha,Khandbari,7,789400,0,0,1,1,0,0,0,0,0,0,0,0,0,0,0,0,0,0,0,0,0
Yes,Landslide at Khandbari Municipality-11,,other,Landslide,2024-06-11,Koshi,Sankhuwasabha,Khandbari,11,,0,0,3,3,0,0,0,0,0,0,0,0,0,0,0,0,1,1,0,0,0
Yes,Landslide at Pokhara Lekhnath Metropolitan City-21,,other,Landslide,2024-06-09,Gandaki,Kaski,Pokhara,21,,0,0,0,0,0,0,0,0,0,0,0,0,0,0,0,0,0,0,0,0,0
Yes,"Landslide at Dhirkutrung , Halesi Tuwachung Municipality-11",,other,Landslide,2024-06-09,Koshi,Khotang,Halesi Tuwachung,11,,0,0,0,0,0,0,1,1,0,0,0,0,0,0,0,0,0,0,0,0,0
Yes,"Landslide at Sanga Suryamode, Suryabinayak Municipality-10",,other,Landslide,2024-06-06,Bagmati,Bhaktapur,Suryabinayak,10,,0,0,0,0,0,0,0,0,0,0,0,0,0,0,0,0,0,0,0,0,0
Yes,"Landslide at Kalabhir, Dharche Rural Municipality-3",,nepal_police,Landslide,2024-06-05,Gandaki,Gorkha,Dharche,3,,0,0,0,0,0,0,0,0,0,0,0,0,0,0,0,0,0,0,0,0,0
Yes,Landslide at Vyas Municipality-12,,other,Landslide,2024-05-31,Gandaki,Tanahu,Vyas,12,,0,0,0,0,0,0,0,0,0,0,0,0,0,0,0,0,0,0,0,0,0
Yes,Landslide at Bigu Rural Municipality-1,,other,Landslide,2024-05-30,Bagmati,Dolakha,Bigu,1,,0,0,0,0,0,0,0,0,0,0,0,0,0,0,0,0,0,0,0,0,0
Yes,Landslide at Kamalamai Municipality-5,,other,Landslide,2024-05-29,Bagmati,Sindhuli,Kamalamai,5,,0,0,0,0,0,0,0,0,0,0,0,0,0,0,0,0,0,0,0,0,0
Yes,Landslide at Hupsekot Rural Municipality-4,,nepal_police,Landslide,2024-05-27,Gandaki,Nawalparasi East,Hupsekot,4,,0,0,0,0,0,0,0,0,0,0,0,0,0,0,0,0,0,0,0,0,0
Yes,Landslide at Hupsekot Rural Municipality-4,,nepal_police,Landslide,2024-05-27,Gandaki,Nawalparasi East,Hupsekot,4,,0,0,0,0,0,0,0,0,0,0,0,0,0,0,0,0,0,0,0,0,0
Yes,Landslide at Netrawati Dabjong Rural Municipality-1,,other,Landslide,2024-05-27,Bagmati,Dhading,Netrawati Dabjong,1,,0,0,0,0,0,0,0,0,0,0,0,0,0,0,0,0,0,0,0,0,0
Yes,Landslide at Konjyosom Rural Municipality-4,,other,Landslide,2024-05-27,Bagmati,Lalitpur,Konjyosom,4,,0,0,0,0,0,0,0,0,0,0,0,0,0,0,0,0,2,2,0,0,0
Yes,Landslide at Mugum Karmarong Rural Municipality-7,,other,Landslide,2024-05-27,Karnali,Mugu,Mugum Karmarong,7,,0,0,0,0,0,0,0,0,0,0,0,0,0,0,0,0,0,0,0,0,0
Yes,Landslide at Resunga Municipality-14,,other,Landslide,2024-05-26,Lumbini,Gulmi,Resunga,14,,0,0,0,0,0,0,0,0,0,0,0,0,0,0,0,0,0,0,0,0,0
Yes,Landslide at Barahtal Rural Municipality-8,,nepal_police,Landslide,2024-05-26,Karnali,Surkhet,Barahtal,8,,0,0,0,0,0,0,0,0,0,0,0,0,0,0,0,0,0,0,0,0,0
Yes,Landslide at Dharche Rural Municipality-5,,other,Landslide,2024-05-25,Gandaki,Gorkha,Dharche,5,,0,0,0,0,0,0,0,0,0,0,0,0,0,0,0,0,0,0,0,0,0
Yes,Landslide at Banfikot Rural Municipality-6,,other,Landslide,2024-05-25,Karnali,Rukum West,Banphikot,6,,0,0,0,0,0,0,0,0,0,0,0,0,0,0,0,0,0,0,0,0,0
Yes,Landslide at Apihimal Rural Municipality-6,,other,Landslide,2024-05-21,Sudurpashchim,Darchula,Apihimal,6,,0,0,0,0,0,0,0,0,0,0,0,0,0,0,0,0,0,0,0,0,0
Yes,"Landslide at Kudule , Kamalamai Municipality-5",,other,Landslide,2024-05-19,Bagmati,Sindhuli,Kamalamai,5,,0,0,0,0,0,0,0,0,0,0,0,0,0,0,0,0,0,0,0,0,0
Yes,"Landslide at Bhaledanda Kukhuretar , Kamalamai Municipality-5",,other,Landslide,2024-05-17,Bagmati,Sindhuli,Kamalamai,5,,0,0,0,0,0,0,0,0,0,0,0,0,0,0,0,0,0,0,0,0,0
Yes,"Landslide at Malbase , Phedap Rural Municipality-3",,other,Landslide,2024-05-17,Koshi,Terhathum,Phedap,3,,0,0,0,0,0,0,0,0,0,0,0,0,0,0,0,0,0,0,0,0,0
Yes,"Landslide at Baireni Bazar , Netrawati Dabjong Rural Municipality-1",,other,Landslide,2024-05-13,Bagmati,Dhading,Netrawati Dabjong,1,,0,0,0,0,0,0,0,0,0,0,0,0,0,0,0,0,0,0,0,0,0
Yes,"Landslide at Hiude Khola , Mathagadhi Rural Municipality-1",,other,Landslide,2024-05-11,Lumbini,Palpa,Mathagadhi,1,,0,0,0,0,0,0,0,0,0,0,0,0,0,0,0,0,0,0,0,0,0
Yes,"Landslide at Diple Gaau , Khumbupasanglahmu Rural Municipality-3",,other,Landslide,2024-05-11,Koshi,Solukhumbu,Khumbu Pasanglhamu,3,,0,0,0,0,0,0,0,0,0,0,0,0,0,0,0,0,0,0,0,0,0
Yes,"Landslide at Pulkamukh , Resunga Municipality-14",,other,Landslide,2024-05-09,Lumbini,Gulmi,Resunga,14,,0,0,0,0,0,0,0,0,0,0,0,0,0,0,0,0,0,0,0,0,0
Yes,"Landslide at Karkibas, Konjyosom Rural Municipality-4",,other,Landslide,2024-05-09,Bagmati,Lalitpur,Konjyosom,4,,0,0,0,0,0,0,0,0,0,0,0,0,0,0,0,0,0,0,0,0,0
Yes,"Landslide at Gorkhani, Musikot Municipality-8",,nepal_police,Landslide,2024-05-08,Karnali,Rukum West,Musikot,8,,0,0,0,0,0,0,0,0,0,0,0,0,0,0,0,0,0,0,0,0,0
Yes,"Landslide at Dhadsal , Banfikot Rural Municipality-6",,other,Landslide,2024-05-05,Karnali,Rukum West,Banphikot,6,,0,0,0,0,0,0,0,0,0,0,0,0,0,0,0,0,0,0,0,0,0
Yes,"Landslide at Thumki , Dhankuta Municipality-2",,other,Landslide,2024-04-18,Koshi,Dhankuta,Dhankuta,2,,0,0,0,0,0,0,0,0,0,0,0,0,0,0,0,0,0,0,0,0,0
Yes,"Landslide at Kuherea, Chaubise Rural Municipality-1",,nepal_police,Landslide,2024-04-13,Koshi,Dhankuta,Chaubise,1,,0,0,0,0,0,0,0,0,0,0,0,0,0,0,0,0,0,0,0,0,0
Yes,"Landslide at Ghatachour, Pachaljharana Rural Municipality-6",,nepal_police,Landslide,2024-04-01,Karnali,Kalikot,Pachaljharana,6,,0,0,0,0,0,0,1,1,0,0,0,0,0,0,0,0,1,1,0,0,0
Yes,"Landslide at Mailumg, Uttargaya Rural Municipality-1",,nepal_police,Landslide,2024-03-30,Bagmati,Rasuwa,Uttargaya,1,,0,0,0,0,0,0,0,0,0,0,0,0,0,0,0,0,0,0,0,0,0
Yes,"Landslide at Mailung, Uttargaya Rural Municipality-1",,nepal_police,Landslide,2024-03-29,Bagmati,Rasuwa,Uttargaya,1,,0,0,0,0,0,0,0,0,0,0,0,0,0,0,0,0,0,0,0,0,0
Yes,"Landslide at Dhansar , Inaruwa Municipality-8",,other,Landslide,2024-03-24,Koshi,Sunsari,Inaruwa,8,,0,0,0,0,0,0,0,0,0,0,0,0,0,0,0,0,0,0,0,0,0
Yes,"Landslide at Chhedachaur Thalaha Bazar , Kuse Rural Municipality-7",,other,Landslide,2024-03-17,Karnali,Jajarkot,Kushe,7,,0,0,0,0,0,0,0,0,0,0,0,0,0,0,0,0,0,0,0,0,0
Yes,"Landslide at Tallo Dumling Salladhar , Apihimal Rural Municipality-6",,other,Landslide,2024-03-13,Sudurpashchim,Darchula,Apihimal,6,,0,0,0,0,0,0,0,0,0,0,0,0,0,0,0,0,0,0,0,0,0
Yes,"Landslide at Barlawa , Resunga Municipality-14",,other,Landslide,2024-03-08,Lumbini,Gulmi,Resunga,14,,0,0,0,0,0,0,0,0,0,0,0,0,0,0,0,0,0,0,0,0,0
Yes,"Landslide at Raduwa, Alital Rural Municipality-3",,other,Landslide,2024-03-06,Sudurpashchim,Dadeldhura,Alital,3,,0,0,0,0,0,0,0,0,0,0,0,0,0,0,0,0,0,0,0,0,0
Yes,"Landslide at Siureni , Shey Phoksundo Rural Municipality-99",,other,Landslide,2024-03-02,Karnali,Dolpa,Shey Phoksundo,99,,0,0,0,0,0,0,0,0,0,0,0,0,0,0,0,0,0,0,0,0,0
Yes,"Landslide at Jaubari , Machhapuchchhre Rural Municipality-2",,other,Landslide,2024-02-29,Gandaki,Kaski,Machhapuchchhre,2,,0,0,0,0,0,0,0,0,0,0,0,0,0,0,0,0,0,0,0,0,0
Yes,"Landslide at Barlawa- Kaligandaki Corridor, Resunga Municipality-14",,other,Landslide,2024-02-23,Lumbini,Gulmi,Resunga,14,,0,0,0,0,0,0,0,0,0,0,0,0,0,0,0,0,0,0,0,0,0
Yes,"Landslide at Gumbadada, Miklajung Rural Municipality-7",,nepal_police,Landslide,2024-02-04,Koshi,Panchthar,Miklajung,7,,0,0,0,0,0,0,0,0,0,0,0,0,0,0,0,0,0,0,0,0,0
Yes,"Landslide at Naya Basti , Khandbari Municipality-7",,other,Landslide,2024-02-02,Koshi,Sankhuwasabha,Khandbari,7,,0,0,0,0,0,0,0,0,0,0,0,0,0,0,0,0,1,1,0,0,0
Yes,"Landslide at Jayaprithvi Rajmarga , Surma Rural Municipality-1",,other,Landslide,2024-01-31,Sudurpashchim,Bajhang,Surma,1,,0,0,0,0,0,0,0,0,0,0,0,0,0,0,0,0,0,0,0,0,0
Yes,"Landslide at Maluwabhir , Kuse Rural Municipality-7",,other,Landslide,2024-01-25,Karnali,Jajarkot,Kushe,7,,0,0,0,0,0,0,0,0,0,0,0,0,0,0,0,0,0,0,0,0,0
Yes,"Landslide at Dyam Khola , Rolpa Municipality-10",,other,Landslide,2024-01-17,Lumbini,Rolpa,Rolpa,10,,0,0,0,0,0,0,0,0,0,0,0,0,0,0,0,0,1,0,1,0,0
Yes,"Landslide at Putalibazar , Netrawati Dabjong Rural Municipality-1",,other,Landslide,2024-01-14,Bagmati,Dhading,Netrawati Dabjong,1,,0,0,0,0,0,0,0,0,0,0,0,0,0,0,0,0,0,0,0,0,0
Yes,"Landslide at Deurali , Bigu Rural Municipality-1",,other,Landslide,2024-01-14,Bagmati,Dolakha,Bigu,1,,0,0,0,0,0,0,1,1,0,0,0,0,0,0,0,0,2,2,0,0,0
Yes,"Landslide at Salleri, Rolpa Municipality-10",,other,Landslide,2024-01-03,Lumbini,Rolpa,Rolpa,10,,0,0,0,0,0,0,0,0,0,0,0,0,0,0,0,0,0,0,0,0,0
Yes,"Landslide at Chumlung Chowk , Phidim Municipality-11",,other,Landslide,2023-12-29,Koshi,Panchthar,Phidim,11,2500000,0,0,0,0,0,0,0,0,0,0,0,0,0,0,0,0,0,0,0,0,0
Yes,"Landslide at Jyanglang , Gosaikunda Rural Municipality-4",,other,Landslide,2023-12-26,Bagmati,Rasuwa,Gosaikunda,4,,0,0,0,0,0,0,1,1,0,0,0,0,0,0,0,0,0,0,0,0,0
Yes,Landslide at Loghekar Damodarkunda Rural Municipality-5,,other,Landslide,2023-12-25,Gandaki,Mustang,Lo Ghekar Damodarkunda,5,,0,0,0,0,0,0,0,0,0,0,0,0,0,0,0,0,0,0,0,0,0
Yes,"Landslide at Laltin Bazar , Netrawati Dabjong Rural Municipality-1",,other,Landslide,2023-12-18,Bagmati,Dhading,Netrawati Dabjong,1,,0,0,0,0,0,0,0,0,0,0,0,0,0,0,0,0,0,0,0,0,0
Yes,"Landslide at Dumping , Bhumekasthan Municipality-7",,other,Landslide,2023-12-05,Lumbini,Arghakhanchi,Bhumikasthan,7,,0,0,0,0,0,0,0,0,0,0,0,0,0,0,0,0,0,0,0,0,0
Yes,"Landslide at Prangbung Syaldhapa, Phidim Municipality-11",,other,Landslide,2023-11-28,Koshi,Panchthar,Phidim,11,300000,0,0,0,0,0,0,0,0,0,0,0,0,0,0,0,0,0,0,0,0,0
Yes,"Landslide at Aahal Gairi, Phidim Municipality-11",,other,Landslide,2023-11-26,Koshi,Panchthar,Phidim,11,,0,0,0,0,0,0,0,0,0,0,0,0,0,0,0,0,0,0,0,0,0
Yes,"Landslide at Kalekhola , Pachaljharana Rural Municipality-3",,other,Landslide,2023-11-09,Karnali,Kalikot,Pachaljharana,3,,0,0,0,0,0,0,0,0,0,0,0,0,0,0,0,0,0,0,0,0,0
Yes,"Landslide at Dobhan, Mathagadhi Rural Municipality-1",,other,Landslide,2023-10-02,Lumbini,Palpa,Mathagadhi,1,,0,0,0,0,0,0,0,0,0,0,0,0,0,0,0,0,0,0,0,0,0
Yes,"Landslide at kharibote, Paribartan Rural Municipality-1",,other,Landslide,2023-10-02,Lumbini,Rolpa,Paribartan,1,,0,0,0,0,1,0,0,0,0,0,0,0,0,0,0,0,0,0,0,0,0
Yes,"Landslide at Mahabhir Odar, Malika Rural Municipality-4",,other,Landslide,2023-09-25,Gandaki,Myagdi,Malika,4,1100000,0,0,0,0,0,2,0,0,0,0,0,0,0,0,0,0,0,0,0,0,0
Yes,"Landslide at Bhang Gaau, Resunga Municipality-3",,other,Landslide,2023-09-24,Lumbini,Gulmi,Resunga,3,,0,0,0,0,0,0,1,1,0,0,0,0,0,0,0,0,2,2,0,0,0
Yes,"Landslide at Phulwang, Malika Rural Municipality-2",,other,Landslide,2023-09-24,Gandaki,Myagdi,Malika,2,,0,0,0,0,0,0,1,1,0,0,0,0,0,0,0,0,0,0,0,0,0
Yes,"Landslide at Pidalna, Kanthekhola Rural Municipality-6",,other,Landslide,2023-09-23,Gandaki,Baglung,Kanthekhola,6,,0,0,0,0,0,1,0,0,0,0,0,0,0,0,0,0,0,0,0,0,0
Yes,"Landslide at Beri, Rolpa Municipality-10",,other,Landslide,2023-09-21,Lumbini,Rolpa,Rolpa,10,48000,0,0,0,0,0,1,0,0,0,0,0,0,0,0,0,0,0,0,0,0,0
Yes,"Landslide at Mairamare, Naubahini Rural Municipality-7",,other,Landslide,2023-09-21,Lumbini,Pyuthan,Naubahini,7,45000,0,0,0,0,0,2,0,0,0,0,0,0,0,0,0,0,0,0,0,0,0
Yes,"Landslide at Lekh, Rolpa Municipality-10",,other,Landslide,2023-09-21,Lumbini,Rolpa,Rolpa,10,49000,0,0,0,0,0,2,0,0,0,0,0,0,0,0,0,0,0,0,0,0,0
Yes,"Landslide at Kotdanda, Raghuganga Rural Municipality-8",,other,Landslide,2023-09-21,Gandaki,Myagdi,Raghuganga,8,,0,0,0,0,0,0,0,0,0,0,0,0,0,0,0,0,0,0,0,0,0
Yes,"Landslide at Maddhar, Rolpa Municipality-10",,other,Landslide,2023-09-21,Lumbini,Rolpa,Rolpa,10,104000,0,0,0,0,0,2,0,0,0,0,0,0,0,0,0,0,0,0,0,0,0
Yes,"Landslide at Ikhabu, Phaktanglung Rural Municipality-7",,other,Landslide,2023-09-08,Koshi,Taplejung,Phaktanglung,7,3000000,0,0,2,2,0,0,0,0,0,0,0,0,0,0,0,0,0,0,0,0,0
Yes,"Landslide at Kimalung, Shadananda Municipality-9",,other,Landslide,2023-09-01,Koshi,Bhojpur,Shadananda,9,450000,0,0,0,0,0,0,0,0,0,0,0,0,0,0,0,0,0,0,0,0,0
Yes,"Landslide at Sipak, Aamchowk Rural Municipality-4",,other,Landslide,2023-08-31,Koshi,Bhojpur,Aamchowk,4,310000,0,0,1,1,0,0,0,0,0,0,0,0,0,0,0,0,0,0,0,0,0
Yes,"Landslide at Kareti, Tribeni Rural Municipality-1",,other,Landslide,2023-08-30,Lumbini,Rolpa,Tribeni,1,200000,0,0,0,0,0,0,0,0,0,0,0,0,0,0,0,0,0,0,0,0,0
Yes,"Landslide at Jorte, Ribdikot Rural Municipality-2",,other,Landslide,2023-08-29,Lumbini,Palpa,Ribdikot,2,,0,0,0,0,0,0,3,2,1,0,0,0,0,0,0,0,7,2,5,0,0
Yes,"Landslide at Tusarepakha, Jaimini Municipality-8",,other,Landslide,2023-08-28,Gandaki,Baglung,Jaimini,8,,0,0,1,1,0,0,0,0,0,0,0,0,0,0,0,0,1,0,1,0,0
Yes,"Landslide at Bosepla, Salpasilichho Rural Municipality-6",,other,Landslide,2023-08-28,Koshi,Bhojpur,Salpasilichho,6,300000,0,0,0,0,0,0,0,0,0,0,0,0,0,0,0,0,0,0,0,0,0
Yes,"Landslide at Pidule, Bigu Rural Municipality-4",,other,Landslide,2023-08-26,Bagmati,Dolakha,Bigu,4,,0,0,0,0,0,6,0,0,0,0,0,0,0,0,0,0,0,0,0,0,0
Yes,"Landslide at Lungrupa, Phidim Municipality-14",,other,Landslide,2023-08-26,Koshi,Panchthar,Phidim,14,1500000,0,0,0,0,0,0,0,0,0,0,0,0,0,0,0,0,0,0,0,0,0
Yes,"Landslide at Baphlu, Diprung Chuichumma Rural Municipality-2",,other,Landslide,2023-08-26,Koshi,Khotang,Diprung Chuichumma,2,300000,0,0,1,1,0,0,0,0,0,0,0,0,0,0,0,0,0,0,0,0,0
Yes,"Landslide at Tallu Basnet Gaau, Nalgaad Municipality-12",,other,Landslide,2023-08-26,Karnali,Jajarkot,Nalgaad,12,,0,0,0,0,0,0,0,0,0,0,0,0,0,0,0,0,0,0,0,0,0
Yes,"Landslide at Sekhaya, Khandbari Municipality-7",,other,Landslide,2023-08-26,Koshi,Sankhuwasabha,Khandbari,7,500000,0,0,0,0,1,0,0,0,0,0,0,0,0,0,0,0,0,0,0,0,0
Yes,"Landslide at Khidima, Halesi Tuwachung Municipality-11",,other,Landslide,2023-08-25,Koshi,Khotang,Halesi Tuwachung,11,300000,0,0,0,0,0,2,0,0,0,0,0,0,0,0,0,0,0,0,0,0,0
Yes,"Landslide at Mulkhola, Panauti Municipality-12",,other,Landslide,2023-08-25,Bagmati,Kavrepalanchok,Panauti,12,470000,0,0,1,1,0,5,0,0,0,0,0,0,0,0,0,0,0,0,0,0,0
Yes,"Landslide at Ranma, Putha Uttarganga Rural Municipality-4",,other,Landslide,2023-08-25,Lumbini,Rukum East,Putha Uttarganga,4,2260000,0,0,0,0,0,0,0,0,0,0,0,0,0,0,0,0,0,0,0,0,0
Yes,"Landslide at Ratmate, Halesi Tuwachung Municipality-11",,other,Landslide,2023-08-24,Koshi,Khotang,Halesi Tuwachung,11,255000,0,0,1,1,0,5,0,0,0,0,0,0,0,0,0,0,0,0,0,0,0
Yes,"Landslide at Gallabada, Tanjakot Rural Municipality-5",,other,Landslide,2023-08-24,Karnali,Humla,Tanjakot,5,,0,0,0,0,0,0,0,0,0,0,0,1,0,0,1,0,0,0,0,0,0
Yes,"Landslide at Mithini Chhap , Namobuddha Municipality-7",,other,Landslide,2023-08-24,Bagmati,Kavrepalanchok,Namobuddha,7,,0,0,0,0,0,0,0,0,0,0,0,0,0,0,0,0,0,0,0,0,0
Yes,"Landslide at Ballechaur, Putha Uttarganga Rural Municipality-4",,other,Landslide,2023-08-23,Lumbini,Rukum East,Putha Uttarganga,4,300000,0,0,0,0,0,0,0,0,0,0,0,0,0,0,0,0,0,0,0,0,0
Yes,"Landslide at Dhansar, Inaruwa Municipality-8",,other,Landslide,2023-08-22,Koshi,Sunsari,Inaruwa,8,,0,0,0,0,0,0,0,0,0,0,0,0,0,0,0,0,0,0,0,0,0
Yes,"Landslide at Amkot, Gaumul Rural Municipality-1",,other,Landslide,2023-08-22,Sudurpashchim,Bajura,Gaumul,1,,0,0,0,0,0,0,0,0,0,0,0,0,0,0,0,0,0,0,0,0,0
Yes,"Landslide at Galze, Pachaljharana Rural Municipality-3",,other,Landslide,2023-08-22,Karnali,Kalikot,Pachaljharana,3,,0,0,0,0,0,0,0,0,0,0,0,0,0,0,0,0,0,0,0,0,0
Yes,"Landslide at Aambote, Phidim Municipality-11",,other,Landslide,2023-08-21,Koshi,Panchthar,Phidim,11,100000,0,0,0,0,0,0,0,0,0,0,0,0,0,0,0,0,0,0,0,0,0
Yes,"Landslide at Khasiwang, Putha Uttarganga Rural Municipality-4",,other,Landslide,2023-08-20,Lumbini,Rukum East,Putha Uttarganga,4,562000,0,0,0,0,0,0,0,0,0,0,0,0,0,0,0,0,0,0,0,0,0
Yes,"Landslide at Hidi , Raghuganga Rural Municipality-8",,other,Landslide,2023-08-19,Gandaki,Myagdi,Raghuganga,8,50000,0,0,0,0,0,0,0,0,0,0,0,0,0,0,0,0,0,0,0,0,0
Yes,"Landslide at Phuliwang, Raghuganga Rural Municipality-8",,other,Landslide,2023-08-18,Gandaki,Myagdi,Raghuganga,8,,0,0,0,0,0,0,0,0,0,0,0,0,0,0,0,0,0,0,0,0,0
Yes,"Landslide at Arman, Raghuganga Rural Municipality-8",,other,Landslide,2023-08-18,Gandaki,Myagdi,Raghuganga,8,,0,0,1,1,0,0,0,0,0,0,0,0,0,0,0,0,0,0,0,0,0
Yes,"Landslide at Phuliwang, Raghuganga Rural Municipality-8",,other,Landslide,2023-08-18,Gandaki,Myagdi,Raghuganga,8,,0,0,1,1,0,0,0,0,0,0,0,0,0,0,0,0,0,0,0,0,0
Yes,"Landslide at Danda Gaau, Raghuganga Rural Municipality-8",,other,Landslide,2023-08-17,Gandaki,Myagdi,Raghuganga,8,,0,0,0,0,0,1,0,0,0,0,0,0,0,0,0,0,0,0,0,0,0
Yes,"Landslide at Maitad, Gauriganga Municipality-9",,other,Landslide,2023-08-16,Sudurpashchim,Kailali,Gauriganga,9,,0,0,0,0,0,0,0,0,0,0,0,0,0,0,0,0,0,0,0,0,0
Yes,"Landslide at Chausadhinga, Gosaikunda Rural Municipality-4",,other,Landslide,2023-08-16,Bagmati,Rasuwa,Gosaikunda,4,200000,0,0,0,0,0,2,0,0,0,0,0,0,0,0,0,0,0,0,0,0,0
Yes,"Landslide at Pulchowk, Rhishing Rural Municipality-1",,other,Landslide,2023-08-15,Gandaki,Tanahu,Rhishing,1,,0,0,4,4,0,0,0,0,0,0,0,0,0,0,0,0,0,0,0,0,0
Yes,"Landslide at Sirise, Barhabise Municipality-5",,other,Landslide,2023-08-15,Bagmati,Sindhupalchok,Barhabise,5,,0,0,1,1,0,0,0,0,0,0,0,0,0,0,0,0,0,0,0,0,0
Yes,"Landslide at Nempang, Bhojpur Municipality-11",,other,Landslide,2023-08-15,Koshi,Bhojpur,Bhojpur,11,1390000,0,0,0,0,0,0,0,0,0,0,0,0,0,0,0,0,0,0,0,0,0
Yes,"Landslide at Kotgaau, Machhapuchchhre Rural Municipality-7",,other,Landslide,2023-08-15,Gandaki,Kaski,Machhapuchchhre,7,,0,0,0,0,0,0,0,0,0,0,0,0,0,0,0,0,0,0,0,0,0
Yes,"Landslide at Lyachhebar, Umakunda Rural Municipality-1",,other,Landslide,2023-08-15,Bagmati,Ramechhap,Umakunda,1,,0,0,0,0,0,0,0,0,0,0,0,0,0,0,0,0,0,0,0,0,0
Yes,"Landslide at Thulakhet, Pokhara Lekhnath Metropolitan City-23",,other,Landslide,2023-08-15,Gandaki,Kaski,Pokhara,23,,0,0,1,1,0,0,0,0,0,0,0,0,0,0,0,0,0,0,0,0,0
Yes,Landslide at Pokhara Lekhnath Metropolitan City-24,,other,Landslide,2023-08-15,Gandaki,Kaski,Pokhara,24,,0,0,0,0,2,0,0,0,0,0,0,0,0,0,0,0,0,0,0,0,0
Yes,"Landslide at Gajjar , Ramaroshan Rural Municipality-1",,other,Landslide,2023-08-14,Sudurpashchim,Achham,Ramaroshan,1,,0,0,0,0,0,0,0,0,0,0,0,0,0,0,0,0,0,0,0,0,0
Yes,Landslide at Inaruwa Municipality-8,,other,Landslide,2023-08-12,Koshi,Sunsari,Inaruwa,8,,0,0,0,0,0,0,0,0,0,0,0,0,0,0,0,0,0,0,0,0,0
Yes,"Landslide at Bihibare, Shadananda Municipality-14",,other,Landslide,2023-08-12,Koshi,Bhojpur,Shadananda,14,250000,0,0,0,0,0,7,0,0,0,0,0,0,0,0,0,0,0,0,0,0,0
Yes,"Landslide at Gyalbasingh Jungle., Bigu Rural Municipality-1",,other,Landslide,2023-08-12,Bagmati,Dolakha,Bigu,1,,0,0,0,0,0,0,2,2,0,0,0,0,0,0,0,0,0,0,0,0,0
Yes,"Landslide at Daklang, Jugal Rural Municipality-2",,other,Landslide,2023-08-12,Bagmati,Sindhupalchok,Jugal,2,,0,0,0,0,0,0,0,0,0,0,0,0,0,0,0,0,0,0,0,0,0
Yes,"Landslide at Runtawang, Rolpa Municipality-4",,other,Landslide,2023-08-12,Lumbini,Rolpa,Rolpa,4,1200000,0,0,1,1,0,0,0,0,0,0,0,0,0,0,0,0,0,0,0,0,0
Yes,"Landslide at Bhaise - Galchhi - Trishuli, Bidur Municipality-11",,other,Landslide,2023-08-11,Bagmati,Nuwakot,Bidur,11,,0,0,0,0,0,0,0,0,0,0,0,0,0,0,0,0,0,0,0,0,0
Yes,Landslide at Thawang Rural Municipality-2,,other,Landslide,2023-08-11,Lumbini,Rolpa,Thabang,2,,0,0,0,0,0,0,0,0,0,0,0,0,0,0,0,0,0,0,0,0,0
Yes,"Landslide at Bhaise, Makawanpurgadhi Rural Municipality-5",,other,Landslide,2023-08-11,Bagmati,Makwanpur,Makawanpurgadhi,5,,0,0,0,0,2,0,0,0,0,0,0,0,0,0,0,0,0,0,0,0,0
Yes,"Landslide at Saipatung , Putha Uttarganga Rural Municipality-4",,other,Landslide,2023-08-11,Lumbini,Rukum East,Putha Uttarganga,4,750000,0,0,0,0,0,0,0,0,0,0,0,0,0,0,0,0,0,0,0,0,0
Yes,"Landslide at Saili Maili Thawang Ghorahi Road Section., Rolpa Municipality-10",,other,Landslide,2023-08-10,Lumbini,Rolpa,Rolpa,10,,0,0,0,0,0,0,0,0,0,0,0,0,0,0,0,0,0,0,0,0,0
Yes,"Landslide at Lamasoti, Mahankal Rural Municipality-5",,other,Landslide,2023-08-10,Bagmati,Lalitpur,Mahankal,5,,0,0,0,0,0,0,0,0,0,0,0,0,0,0,0,0,0,0,0,0,0
Yes,"Landslide at Dhansar, Inaruwa Municipality-8",,other,Landslide,2023-08-10,Koshi,Sunsari,Inaruwa,8,,0,0,0,0,0,0,0,0,0,0,0,0,0,0,0,0,0,0,0,0,0
Yes,"Landslide at Rake Rabi Road Section., Falgunanda Rural Municipality-5",,other,Landslide,2023-08-10,Koshi,Panchthar,Falgunanda,5,,0,0,0,0,0,0,0,0,0,0,0,0,0,0,0,0,0,0,0,0,0
Yes,"Landslide at Kholakharka, Bhojpur Municipality-11",,other,Landslide,2023-08-10,Koshi,Bhojpur,Bhojpur,11,250000,0,0,0,0,0,0,0,0,0,0,0,0,0,0,0,0,0,0,0,0,0
Yes,"Landslide at Gurung Danda , Nechasalyan Rural Municipality-2",,other,Landslide,2023-08-10,Koshi,Solukhumbu,Nechasalyan,2,,0,0,0,0,0,0,0,0,0,0,0,0,0,0,0,0,0,0,0,0,0
Yes,"Landslide at Chunchet - Rukse, Dharche Rural Municipality-5",,other,Landslide,2023-08-10,Gandaki,Gorkha,Dharche,5,,0,0,1,1,0,0,0,0,0,0,0,0,0,0,0,0,0,0,0,0,0
Yes,"Landslide at Jhyasinge Jungle, Bhojpur Municipality-11",,other,Landslide,2023-08-09,Koshi,Bhojpur,Bhojpur,11,,0,0,0,0,0,0,1,1,0,0,0,0,0,0,0,0,0,0,0,0,0
Yes,"Landslide at Hetauda Bhaise , Makawanpurgadhi Rural Municipality-5",,other,Landslide,2023-08-09,Bagmati,Makwanpur,Makawanpurgadhi,5,,0,0,0,0,0,0,1,1,0,0,0,0,0,0,0,0,1,1,0,0,0
Yes,"Landslide at Baisari, Raghuganga Rural Municipality-8",,other,Landslide,2023-08-08,Gandaki,Myagdi,Raghuganga,8,,0,0,0,0,0,0,0,0,0,0,0,0,0,0,0,0,0,0,0,0,0
Yes,"Landslide at Baisari, Raghuganga Rural Municipality-3",,other,Landslide,2023-08-08,Gandaki,Myagdi,Raghuganga,3,,0,0,0,0,0,0,1,1,0,0,0,0,0,0,0,0,0,0,0,0,0
Yes,"Landslide at Bhirgaau Tamakhe, Phidim Municipality-11",,other,Landslide,2023-08-08,Koshi,Panchthar,Phidim,11,405000,0,0,0,0,0,0,0,0,0,0,0,0,0,0,0,0,0,0,0,0,0
Yes,"Landslide at Matkhola, Apihimal Rural Municipality-6",,other,Landslide,2023-08-08,Sudurpashchim,Darchula,Apihimal,6,,0,0,0,0,0,0,0,0,0,0,0,0,0,0,0,0,1,0,1,0,0
Yes,Landslide at Ichchhyakamana Rural Municipality-6,,other,Landslide,2023-08-07,Bagmati,Chitwan,Ichchhakamana,6,,0,0,0,0,0,0,0,0,0,0,0,0,0,0,0,0,0,0,0,0,0
Yes,"Landslide at Dam Side, Tinau Rural Municipality-3",,other,Landslide,2023-08-07,Lumbini,Palpa,Tinau,3,,0,0,0,0,0,0,0,0,0,0,0,0,0,0,0,0,0,0,0,0,0
Yes,"Landslide at Galuwa, Baglung Municipality-10",,other,Landslide,2023-08-07,Gandaki,Baglung,Baglung,10,,0,0,0,0,0,0,0,0,0,0,0,0,0,0,0,0,0,0,0,0,0
Yes,"Landslide at Sikre Dovan, Makawanpurgadhi Rural Municipality-5",,other,Landslide,2023-08-07,Bagmati,Makwanpur,Makawanpurgadhi,5,2000000,0,0,1,1,0,0,5,2,3,0,0,1,0,0,1,0,1,1,0,0,0
Yes,"Landslide at Dhungedhara, Kageshwori Manahora Municipality-7",,other,Landslide,2023-08-07,Bagmati,Kathmandu,Kageshwori Manahora,7,,0,0,1,1,0,0,0,0,0,0,0,0,0,0,0,0,1,0,1,0,0
Yes,"Landslide at Samthali, Changunarayan Municipality-1",,other,Landslide,2023-08-07,Bagmati,Bhaktapur,Changunarayan,1,,0,0,1,1,0,0,0,0,0,0,0,0,0,0,0,0,0,0,0,0,0
Yes,"Landslide at Buduna Khola, Kamalamai Municipality-12",,other,Landslide,2023-08-07,Bagmati,Sindhuli,Kamalamai,12,500000,0,0,1,1,0,0,0,0,0,0,0,0,0,0,0,0,0,0,0,0,0
Yes,"Landslide at Majhinidamar, Kamalamai Municipality-1",,other,Landslide,2023-08-07,Bagmati,Sindhuli,Kamalamai,1,383200,0,0,1,1,0,0,0,0,0,0,0,0,0,0,0,0,1,0,1,0,0
Yes,"Landslide at Tripureshwor, Kathmandu Metropolitan City-11",,other,Landslide,2023-08-07,Bagmati,Kathmandu,Kathmandu,11,,0,0,0,0,0,0,0,0,0,0,0,0,0,0,0,0,1,0,1,0,0
Yes,"Landslide at Tuku Tamakoshi , Bigu Rural Municipality-1",,other,Landslide,2023-08-07,Bagmati,Dolakha,Bigu,1,,0,0,0,0,0,0,1,1,0,0,0,0,0,0,0,0,0,0,0,0,0
Yes,"Landslide at Dam Side, Tinau Rural Municipality-3",,other,Landslide,2023-08-07,Lumbini,Palpa,Tinau,3,,0,0,0,0,0,0,0,0,0,0,0,0,0,0,0,0,0,0,0,0,0
Yes,"Landslide at Jayathumka, Nisikhola Rural Municipality-4",,other,Landslide,2023-08-07,Gandaki,Baglung,Nisikhola,4,200000,0,0,1,1,0,0,0,0,0,0,0,0,0,0,0,0,0,0,0,0,0
Yes,Landslide at Khanikhola Rural Municipality-7,,other,Landslide,2023-08-07,Bagmati,Kavrepalanchok,Khanikhola,7,,0,0,1,1,0,0,0,0,0,0,0,0,0,0,0,0,0,0,0,0,0
Yes,"Landslide at Taaldhunga, Namobuddha Municipality-7",,other,Landslide,2023-08-07,Bagmati,Kavrepalanchok,Namobuddha,7,200000,0,0,0,0,1,0,0,0,0,0,0,0,0,0,0,0,0,0,0,0,0
Yes,"Landslide at Babiyachaur, Mangala Rural Municipality-1",,other,Landslide,2023-08-07,Gandaki,Myagdi,Mangala,1,,0,0,0,0,0,0,0,0,0,0,0,0,0,0,0,0,1,1,0,0,0
Yes,"Landslide at Khalse Dobate, Pokhara Lekhnath Metropolitan City-22",,other,Landslide,2023-08-07,Gandaki,Kaski,Pokhara,22,,0,0,2,2,0,0,0,0,0,0,0,0,0,0,0,0,0,0,0,0,0
Yes,"Landslide at Kharkatta, Madi Municipality-8",,other,Landslide,2023-08-07,Bagmati,Chitwan,Madi,8,230000,0,0,0,0,1,0,0,0,0,0,0,0,0,0,0,0,0,0,0,0,0
Yes,"Landslide at Tinsanjhe, Shadananda Municipality-9",,other,Landslide,2023-08-07,Koshi,Bhojpur,Shadananda,9,100000,0,0,0,0,0,0,0,0,0,0,0,0,0,0,0,0,0,0,0,0,0
Yes,"Landslide at Bhalayadanda, Vyas Municipality-6",,other,Landslide,2023-08-07,Gandaki,Tanahu,Vyas,6,,0,0,1,1,0,0,0,0,0,0,0,0,0,0,0,0,0,0,0,0,0
Yes,"Landslide at Divtole, Banepa Municipality-14",,other,Landslide,2023-08-07,Bagmati,Kavrepalanchok,Banepa,14,450000,0,0,1,1,1,0,0,0,0,0,0,0,0,0,0,0,0,0,0,0,0
Yes,"Landslide at Budhitola, Gauriganga Municipality-9",,other,Landslide,2023-08-07,Sudurpashchim,Kailali,Gauriganga,9,,0,0,0,0,0,0,0,0,0,0,0,0,0,0,0,0,0,0,0,0,0
Yes,Landslide at Tinau Rural Municipality-3,,other,Landslide,2023-08-06,Lumbini,Palpa,Tinau,3,,0,0,0,0,0,0,0,0,0,0,0,0,0,0,0,0,3,3,0,0,0
Yes,"Landslide at Barugaau, Surma Rural Municipality-1",,other,Landslide,2023-08-06,Sudurpashchim,Bajhang,Surma,1,,0,0,1,1,0,0,0,0,0,0,0,0,0,0,0,0,0,0,0,0,0
Yes,Landslide at Lamahi Municipality-6,,other,Landslide,2023-08-06,Lumbini,Dang,Lamahi,6,,0,0,0,0,0,0,0,0,0,0,0,0,0,0,0,0,0,0,0,0,0
Yes,"Landslide at Pokharebagar, Annapurna Rural Municipality-5",,other,Landslide,2023-08-06,Gandaki,Myagdi,Annapurna,5,25000,0,0,0,0,0,0,0,0,0,0,0,0,0,0,0,0,0,0,0,0,0
Yes,"Landslide at Lamrang, Bakaiya Rural Municipality-11",,other,Landslide,2023-08-06,Bagmati,Makwanpur,Bakaiya,11,,0,0,0,0,0,0,0,0,0,0,0,0,0,0,0,0,0,0,0,0,0
Yes,"Landslide at Jyaltar, Bhimphedi Rural Municipality-2",,other,Landslide,2023-08-06,Bagmati,Makwanpur,Bhimphedi,2,,0,0,0,0,0,0,0,0,0,0,0,0,0,0,0,0,0,0,0,0,0
Yes,"Landslide at Nigale , Suryagadhi Rural Municipality-4",,other,Landslide,2023-08-06,Bagmati,Nuwakot,Suryagadhi,4,,0,0,0,0,0,0,0,0,0,0,0,0,0,0,0,0,0,0,0,0,0
Yes,"Landslide at Buditola, Godawari_Kailali Municipality-4",,other,Landslide,2023-08-06,Sudurpashchim,Kailali,Godawari_Kailali,4,,0,0,0,0,0,0,0,0,0,0,0,0,0,0,0,0,0,0,0,0,0
Yes,"Landslide at Baisari, Raghuganga Rural Municipality-3",,other,Landslide,2023-08-05,Gandaki,Myagdi,Raghuganga,3,,0,0,0,0,0,0,0,0,0,0,0,0,0,0,0,0,0,0,0,0,0
Yes,"Landslide at Dhikurpokhari, Annapurna Rural Municipality-2",,other,Landslide,2023-08-05,Gandaki,Kaski,Annapurna,2,,0,0,0,0,0,0,0,0,0,0,0,0,0,0,0,0,0,0,0,0,0
Yes,"Landslide at Narayanghad Mugling Road., Ichchhyakamana Rural Municipality-6",,other,Landslide,2023-08-04,Bagmati,Chitwan,Ichchhakamana,6,,0,0,0,0,0,0,0,0,0,0,0,0,0,0,0,0,0,0,0,0,0
Yes,"Landslide at Takulla, Pachaljharana Rural Municipality-3",,other,Landslide,2023-08-04,Karnali,Kalikot,Pachaljharana,3,,0,0,0,0,0,0,0,0,0,0,0,0,0,0,0,0,0,0,0,0,0
Yes,"Landslide at Saili Maili Mode, Rolpa Municipality-10",,other,Landslide,2023-08-04,Lumbini,Rolpa,Rolpa,10,,0,0,0,0,0,0,0,0,0,0,0,0,0,0,0,0,0,0,0,0,0
Yes,"Landslide at Chwa Gaau - Krishna Temple, Tarakeshwor Municipality-5",,other,Landslide,2023-08-04,Bagmati,Kathmandu,Tarakeshwor,5,,0,0,1,1,0,0,2,1,1,0,0,0,0,0,0,0,1,0,1,0,0
Yes,"Landslide at Sunkhola , Alital Rural Municipality-8",,other,Landslide,2023-08-03,Sudurpashchim,Dadeldhura,Alital,8,,0,0,0,0,0,0,0,0,0,0,0,0,0,0,0,0,0,0,0,0,0
Yes,"Landslide at Dholyamod , Surnaya Rural Municipality-5",,other,Landslide,2023-08-03,Sudurpashchim,Baitadi,Surnaya,5,,0,0,0,0,0,0,0,0,0,0,0,0,0,0,0,0,0,0,0,0,0
Yes,"Landslide at Lamrang, Bakaiya Rural Municipality-12",,other,Landslide,2023-08-03,Bagmati,Makwanpur,Bakaiya,12,,0,0,0,0,0,0,0,0,0,0,0,0,0,0,0,0,0,0,0,0,0
Yes,"Landslide at Raksaul, Surnaya Rural Municipality-5",,other,Landslide,2023-08-03,Sudurpashchim,Baitadi,Surnaya,5,,0,0,0,0,0,0,0,0,0,0,0,0,0,0,0,0,1,1,0,0,0
Yes,"Landslide at Topatar , Gaurishankar Rural Municipality-7",,other,Landslide,2023-08-02,Bagmati,Dolakha,Gaurishankar,7,,0,0,1,1,0,0,2,1,1,0,0,2,0,0,2,0,3,1,2,0,0
Yes,"Landslide at Saaltada, Kuse Rural Municipality-7",,other,Landslide,2023-08-02,Karnali,Jajarkot,Kushe,7,,0,0,1,1,0,0,1,1,0,0,0,0,0,0,0,0,0,0,0,0,0
Yes,Landslide at Bigu Rural Municipality-1,,other,Landslide,2023-08-02,Bagmati,Dolakha,Bigu,1,,0,0,0,0,0,63,0,0,0,0,0,0,0,0,0,0,0,0,0,0,0
Yes,"Landslide at Baisari, Raghuganga Rural Municipality-3",,other,Landslide,2023-08-01,Gandaki,Myagdi,Raghuganga,3,,0,0,0,0,0,0,0,0,0,0,0,0,0,0,0,0,0,0,0,0,0
Yes,"Landslide at Gargeni, Pyuthan Municipality-7",,other,Landslide,2023-08-01,Lumbini,Pyuthan,Pyuthan,7,,0,0,0,0,0,0,0,0,0,0,0,0,0,0,0,0,0,0,0,0,0
Yes,"Landslide at Neupane, Jugal Rural Municipality-2",,other,Landslide,2023-07-31,Bagmati,Sindhupalchok,Jugal,2,400000,0,0,1,1,0,0,0,0,0,0,0,0,0,0,0,0,0,0,0,0,0
Yes,"Landslide at Baisari, Raghuganga Rural Municipality-8",,other,Landslide,2023-07-30,Gandaki,Myagdi,Raghuganga,8,,0,0,0,0,0,0,0,0,0,0,0,0,0,0,0,0,0,0,0,0,0
Yes,"Landslide at Salme , Khumbupasanglahmu Rural Municipality-3",,other,Landslide,2023-07-30,Koshi,Solukhumbu,Khumbu Pasanglhamu,3,,0,0,0,0,0,0,0,0,0,0,0,0,0,0,0,0,0,0,0,0,0
Yes,"Landslide at Miruwa, Pokhara Lekhnath Metropolitan City-18",,other,Landslide,2023-07-29,Gandaki,Kaski,Pokhara,18,,0,0,1,1,1,0,0,0,0,0,0,0,0,0,0,0,2,2,0,0,0
Yes,"Landslide at Rambazar - Kavre Bhir, Marsyangdi Rural Municipality-4",,other,Landslide,2023-07-29,Gandaki,Lamjung,Marsyangdi,4,,0,0,0,0,0,0,0,0,0,0,0,0,0,0,0,0,0,0,0,0,0
Yes,"Landslide at Narayanghat Muglin Highway, Ichchhyakamana Rural Municipality-6",,other,Landslide,2023-07-29,Bagmati,Chitwan,Ichchhakamana,6,,0,0,0,0,0,0,0,0,0,0,0,0,0,0,0,0,0,0,0,0,0
Yes,"Landslide at Kapleti Community Forest., Kuse Rural Municipality-7",,other,Landslide,2023-07-29,Karnali,Jajarkot,Kushe,7,,0,0,0,0,1,3,0,0,0,0,0,0,0,0,0,0,0,0,0,0,0
Yes,"Landslide at Basthala, Banfikot Rural Municipality-7",,other,Landslide,2023-07-29,Karnali,Rukum West,Banphikot,7,,0,0,0,0,0,0,2,1,1,0,0,0,0,0,0,0,1,0,1,0,0
Yes,"Landslide at Simalchaur, Pyuthan Municipality-7",,other,Landslide,2023-07-29,Lumbini,Pyuthan,Pyuthan,7,,0,0,0,0,0,0,0,0,0,0,0,0,0,0,0,0,0,0,0,0,0
Yes,"Landslide at Korbas, Sisne Rural Municipality-6",,other,Landslide,2023-07-29,Lumbini,Rukum East,Sisne,6,,0,0,0,0,0,0,0,0,0,0,0,0,0,0,0,0,0,0,0,0,0
Yes,"Landslide at Tellok, Phaktanglung Rural Municipality-6",,other,Landslide,2023-07-28,Koshi,Taplejung,Phaktanglung,6,,0,0,0,0,0,0,0,0,0,0,0,0,0,0,0,0,0,0,0,0,0
Yes,"Landslide at Bashnet Tar, Kageshwori Manahora Municipality-9",,other,Landslide,2023-07-27,Bagmati,Kathmandu,Kageshwori Manahora,9,,0,0,1,1,0,0,0,0,0,0,0,0,0,0,0,0,1,1,0,0,0
Yes,"Landslide at Yuna, Gaumul Rural Municipality-1",,other,Landslide,2023-07-27,Sudurpashchim,Bajura,Gaumul,1,,0,0,0,0,0,0,0,0,0,0,0,0,0,0,0,0,0,0,0,0,0
Yes,Landslide at Rolpa Municipality-10,,other,Landslide,2023-07-27,Lumbini,Rolpa,Rolpa,10,,0,0,0,0,0,0,0,0,0,0,0,0,0,0,0,0,0,0,0,0,0
Yes,"Landslide at Ugriwang, Putha Uttarganga Rural Municipality-4",,other,Landslide,2023-07-27,Lumbini,Rukum East,Putha Uttarganga,4,,0,0,0,0,0,0,0,0,0,0,0,0,0,0,0,0,0,0,0,0,0
Yes,"Landslide at Baisari, Raghuganga Rural Municipality-8",,other,Landslide,2023-07-27,Gandaki,Myagdi,Raghuganga,8,,0,0,0,0,0,0,0,0,0,0,0,0,0,0,0,0,0,0,0,0,0
Yes,"Landslide at Basukidanda, Paribartan Rural Municipality-4",,other,Landslide,2023-07-27,Lumbini,Rolpa,Paribartan,4,600000,0,0,0,0,0,0,0,0,0,0,0,0,0,0,0,0,0,0,0,0,0
Yes,"Landslide at Khokse Khola, Phaktanglung Rural Municipality-6",,other,Landslide,2023-07-26,Koshi,Taplejung,Phaktanglung,6,,0,0,0,0,0,0,0,0,0,0,0,0,0,0,0,0,0,0,0,0,0
Yes,"Landslide at Baisari , Raghuganga Rural Municipality-3",,other,Landslide,2023-07-25,Gandaki,Myagdi,Raghuganga,3,,0,0,0,0,0,0,0,0,0,0,0,0,0,0,0,0,0,0,0,0,0
Yes,"Landslide at Khahare Khola , Pyuthan Municipality-7",,other,Landslide,2023-07-25,Lumbini,Pyuthan,Pyuthan,7,,0,0,0,0,0,0,0,0,0,0,0,0,0,0,0,0,0,0,0,0,0
Yes,Landslide at Sigas Rural Municipality-9,,other,Landslide,2023-07-24,Sudurpashchim,Baitadi,Sigas,9,,0,0,0,0,0,0,0,0,0,0,0,0,0,0,0,0,0,0,0,0,0
Yes,"Landslide at Baisari , Raghuganga Rural Municipality-8",,other,Landslide,2023-07-24,Gandaki,Myagdi,Raghuganga,8,,0,0,0,0,0,0,0,0,0,0,0,0,0,0,0,0,0,0,0,0,0
Yes,"Landslide at Garjeni, Pyuthan Municipality-7",,other,Landslide,2023-07-24,Lumbini,Pyuthan,Pyuthan,7,,0,0,0,0,0,0,0,0,0,0,0,0,0,0,0,0,0,0,0,0,0
Yes,"Landslide at Dam Site, Tinau Rural Municipality-3",,other,Landslide,2023-07-24,Lumbini,Palpa,Tinau,3,,0,0,0,0,0,0,0,0,0,0,0,0,0,0,0,0,0,0,0,0,0
Yes,"Landslide at Golchaur, Rolpa Municipality-10",,other,Landslide,2023-07-24,Lumbini,Rolpa,Rolpa,10,,0,0,0,0,0,0,0,0,0,0,0,0,0,0,0,0,0,0,0,0,0
Yes,"Landslide at Lumbas, Mathagadhi Rural Municipality-1",,other,Landslide,2023-07-24,Lumbini,Palpa,Mathagadhi,1,,0,0,0,0,0,4,0,0,0,0,0,0,0,0,0,0,0,0,0,0,0
Yes,"Landslide at Simichaur - Baas Kharka, Resunga Municipality-10",,other,Landslide,2023-07-24,Lumbini,Gulmi,Resunga,10,,0,0,0,0,0,0,0,0,0,0,0,0,0,0,0,0,0,0,0,0,0
Yes,"Landslide at Malmul, Ribdikot Rural Municipality-3",,other,Landslide,2023-07-24,Lumbini,Palpa,Ribdikot,3,,0,0,0,0,0,0,0,0,0,0,0,0,0,0,0,0,0,0,0,0,0
Yes,"Landslide at Khayar Ghari , Netrawati Dabjong Rural Municipality-1",,other,Landslide,2023-07-24,Bagmati,Dhading,Netrawati Dabjong,1,,0,0,1,1,0,0,0,0,0,0,0,0,0,0,0,0,0,0,0,0,0
Yes,"Landslide at Danakyu, Nashong Rural Municipality-9",,other,Landslide,2023-07-24,Gandaki,Manang,Nashong,9,,0,0,0,0,0,0,0,0,0,0,0,0,0,0,0,0,0,0,0,0,0
Yes,"Landslide at Kalekhola, Chaurjahari Municipality-9",,other,Landslide,2023-07-23,Karnali,Rukum West,Chaurjahari,9,,0,0,0,0,0,0,0,0,0,0,0,0,0,0,0,0,0,0,0,0,0
Yes,"Landslide at Nachanthali / Alugaira , Surnaya Rural Municipality-5",,other,Landslide,2023-07-23,Sudurpashchim,Baitadi,Surnaya,5,,0,0,0,0,0,0,0,0,0,0,0,0,0,0,0,0,0,0,0,0,0
Yes,"Landslide at Bhairahu, Surnaya Rural Municipality-5",,other,Landslide,2023-07-23,Sudurpashchim,Baitadi,Surnaya,5,,0,0,1,1,0,12,2,1,1,0,0,0,0,0,0,0,3,1,2,0,0
Yes,"Landslide at Phuli, Rolpa Municipality-10",,other,Landslide,2023-07-23,Lumbini,Rolpa,Rolpa,10,,0,0,0,0,0,0,0,0,0,0,0,0,0,0,0,0,0,0,0,0,0
Yes,"Landslide at Okharpauwa Gauri Tole, Suryagadhi Rural Municipality-4",,other,Landslide,2023-07-23,Bagmati,Nuwakot,Suryagadhi,4,,0,0,0,0,0,0,0,0,0,0,0,0,0,0,0,0,0,0,0,0,0
Yes,"Landslide at Jibis, Siddhicharan Municipality-12",,other,Landslide,2023-07-23,Koshi,Okhaldhunga,Siddhicharan,12,10150000,0,0,0,0,2,0,0,0,0,0,0,0,0,0,0,0,2,1,1,0,0
Yes,"Landslide at Bigutar, Molung Rural Municipality-1",,other,Landslide,2023-07-23,Koshi,Okhaldhunga,Molung,1,500000,0,0,0,0,0,0,0,0,0,0,0,0,0,0,0,0,0,0,0,0,0
Yes,Landslide at Putha Uttarganga Rural Municipality-12,,other,Landslide,2023-07-23,Lumbini,Rukum East,Putha Uttarganga,12,,0,0,0,0,0,0,0,0,0,0,0,0,0,0,0,0,0,0,0,0,0
Yes,"Landslide at Tunibot, Sharada Municipality-9",,other,Landslide,2023-07-22,Karnali,Salyan,Sharada,9,,0,0,0,0,0,0,0,0,0,0,0,0,0,0,0,0,0,0,0,0,0
Yes,"Landslide at Pipalchaur, Aathbiskot Municipality-14",,other,Landslide,2023-07-22,Karnali,Rukum West,Aathbiskot,14,,0,0,0,0,0,0,0,0,0,0,0,0,0,0,0,0,0,0,0,0,0
Yes,"Landslide at Tekanpur, Molung Rural Municipality-1",,other,Landslide,2023-07-22,Koshi,Okhaldhunga,Molung,1,,0,0,0,0,0,0,0,0,0,0,0,0,0,0,0,0,0,0,0,0,0
Yes,"Landslide at Gaucharan, Netrawati Dabjong Rural Municipality-1",,other,Landslide,2023-07-22,Bagmati,Dhading,Netrawati Dabjong,1,,0,0,0,0,0,0,0,0,0,0,0,0,0,0,0,0,0,0,0,0,0
Yes,Landslide at Surnaya Rural Municipality-5,,other,Landslide,2023-07-22,Sudurpashchim,Baitadi,Surnaya,5,,0,0,0,0,0,0,0,0,0,0,0,0,0,0,0,0,0,0,0,0,0
Yes,"Landslide at Anyaul - Kotkhola, Shikhar Municipality-2",,other,Landslide,2023-07-21,Sudurpashchim,Doti,Shikhar,2,,0,0,0,0,0,0,0,0,0,0,0,0,0,0,0,0,0,0,0,0,0
Yes,"Landslide at Panebaaj, Apihimal Rural Municipality-6",,other,Landslide,2023-07-21,Sudurpashchim,Darchula,Apihimal,6,,0,0,0,0,0,0,0,0,0,0,0,0,0,0,0,0,0,0,0,0,0
Yes,"Landslide at Jaya Prithvi Highway, Surnaya Rural Municipality-5",,other,Landslide,2023-07-21,Sudurpashchim,Baitadi,Surnaya,5,,0,0,0,0,0,0,0,0,0,0,0,0,0,0,0,0,0,0,0,0,0
Yes,"Landslide at Bersawang - Sahid Marga, Rolpa Municipality-10",,other,Landslide,2023-07-21,Lumbini,Rolpa,Rolpa,10,,0,0,0,0,0,0,0,0,0,0,0,0,0,0,0,0,0,0,0,0,0
Yes,"Landslide at Chyamche, Marsyangdi Rural Municipality-7",,other,Landslide,2023-07-21,Gandaki,Lamjung,Marsyangdi,7,,0,0,0,0,0,0,0,0,0,0,0,0,0,0,0,0,0,0,0,0,0
Yes,"Landslide at Baisari , Raghuganga Rural Municipality-3",,other,Landslide,2023-07-21,Gandaki,Myagdi,Raghuganga,3,,0,0,0,0,0,0,0,0,0,0,0,0,0,0,0,0,0,0,0,0,0
Yes,"Landslide at Narchyang - Chotepa, Raghuganga Rural Municipality-8",,other,Landslide,2023-07-20,Gandaki,Myagdi,Raghuganga,8,,0,0,0,0,0,0,0,0,0,0,0,0,0,0,0,0,3,3,0,0,0
Yes,"Landslide at Airichhena, Apihimal Rural Municipality-6",,nepal_police,Landslide,2023-07-20,Sudurpashchim,Darchula,Apihimal,6,,0,0,0,0,0,0,0,0,0,0,0,0,0,0,0,0,0,0,0,0,0
Yes,"Landslide at Jaya Prithvi Highway., Surnaya Rural Municipality-5",,other,Landslide,2023-07-19,Sudurpashchim,Baitadi,Surnaya,5,,0,0,0,0,0,0,0,0,0,0,0,0,0,0,0,0,0,0,0,0,0
Yes,"Landslide at Oyem, Yangwarak Rural Municipality-3",,other,Landslide,2023-07-19,Koshi,Panchthar,Yangwarak,3,600000,0,0,0,0,0,0,0,0,0,0,0,0,0,0,0,0,0,0,0,0,0
Yes,"Landslide at Jaya Prithvi Highway, Surnaya Rural Municipality-5",,other,Landslide,2023-07-19,Sudurpashchim,Baitadi,Surnaya,5,,0,0,0,0,0,0,0,0,0,0,0,0,0,0,0,0,0,0,0,0,0
Yes,"Landslide at Baisari , Raghuganga Rural Municipality-8",,other,Landslide,2023-07-18,Gandaki,Myagdi,Raghuganga,8,,0,0,0,0,0,0,0,0,0,0,0,0,0,0,0,0,0,0,0,0,0
Yes,"Landslide at Jaya Prithvi Highway , Surnaya Rural Municipality-5",,other,Landslide,2023-07-18,Sudurpashchim,Baitadi,Surnaya,5,,0,0,0,0,0,0,0,0,0,0,0,0,0,0,0,0,0,0,0,0,0
Yes,"Landslide at Panebanj , Apihimal Rural Municipality-6",,other,Landslide,2023-07-18,Sudurpashchim,Darchula,Apihimal,6,,0,0,0,0,0,0,0,0,0,0,0,0,0,0,0,0,0,0,0,0,0
Yes,"Landslide at Diga , Rolpa Municipality-10",,other,Landslide,2023-07-18,Lumbini,Rolpa,Rolpa,10,,0,0,0,0,0,0,0,0,0,0,0,0,0,0,0,0,0,0,0,0,0
Yes,"Landslide at Tinpiple , Kageshwori Manahora Municipality-9",,other,Landslide,2023-07-18,Bagmati,Kathmandu,Kageshwori Manahora,9,,0,0,0,0,0,0,0,0,0,0,0,0,0,0,0,0,0,0,0,0,0
Yes,"Landslide at Saipatung , Putha Uttarganga Rural Municipality-4",,other,Landslide,2023-07-18,Lumbini,Rukum East,Putha Uttarganga,4,,0,0,0,0,0,0,0,0,0,0,0,0,0,0,0,0,0,0,0,0,0
Yes,"Landslide at Loding , Solududhakunda Municipality-3",,other,Landslide,2023-07-18,Koshi,Solukhumbu,Solududhkunda,3,3000000,0,0,0,0,0,0,0,0,0,0,0,0,0,0,0,0,0,0,0,0,0
Yes,"Landslide at Phuli, Rolpa Municipality-10",,other,Landslide,2023-07-17,Lumbini,Rolpa,Rolpa,10,,0,0,0,0,0,0,0,0,0,0,0,0,0,0,0,0,0,0,0,0,0
Yes,"Landslide at Bersawang -Sahid Marga, Rolpa Municipality-10",,other,Landslide,2023-07-17,Lumbini,Rolpa,Rolpa,10,,0,0,0,0,0,0,0,0,0,0,0,0,0,0,0,0,0,0,0,0,0
Yes,"Landslide at Tallo Baisari, Raghuganga Rural Municipality-8",,other,Landslide,2023-07-17,Gandaki,Myagdi,Raghuganga,8,,0,0,0,0,0,0,0,0,0,0,0,0,0,0,0,0,0,0,0,0,0
Yes,"Landslide at Kerabari , Kushma Municipality-10",,other,Landslide,2023-07-17,Gandaki,Parbat,Kushma,10,,0,0,0,0,0,0,0,0,0,0,0,0,0,0,0,0,0,0,0,0,0
Yes,"Landslide at Paudur Ghumti , Machhapuchchhre Rural Municipality-2",,other,Landslide,2023-07-17,Gandaki,Kaski,Machhapuchchhre,2,,0,0,0,0,0,0,0,0,0,0,0,0,0,0,0,0,0,0,0,0,0
Yes,"Landslide at Barha Kilo , Netrawati Dabjong Rural Municipality-1",,other,Landslide,2023-07-17,Bagmati,Dhading,Netrawati Dabjong,1,,0,0,0,0,0,0,0,0,0,0,0,0,0,0,0,0,0,0,0,0,0
Yes,"Landslide at Prithvi Highway , Surnaya Rural Municipality-5",,other,Landslide,2023-07-17,Sudurpashchim,Baitadi,Surnaya,5,,0,0,0,0,0,0,0,0,0,0,0,0,0,0,0,0,0,0,0,0,0
Yes,"Landslide at Neuna , Surma Rural Municipality-1",,other,Landslide,2023-07-17,Sudurpashchim,Bajhang,Surma,1,,0,0,0,0,0,0,0,0,0,0,0,0,0,0,0,0,0,0,0,0,0
Yes,Landslide at Bungal Municipality-11,,other,Landslide,2023-07-17,Sudurpashchim,Bajhang,Bungal,11,,0,0,0,0,0,0,0,0,0,0,0,0,0,0,0,0,0,0,0,0,0
Yes,"Landslide at Bhaisani , Bungal Municipality-11",,other,Landslide,2023-07-17,Sudurpashchim,Bajhang,Bungal,11,,0,0,0,0,0,0,0,0,0,0,0,0,0,0,0,0,0,0,0,0,0
Yes,Landslide at Bungal Municipality-11,,other,Landslide,2023-07-17,Sudurpashchim,Bajhang,Bungal,11,,0,0,0,0,0,0,0,0,0,0,0,0,0,0,0,0,0,0,0,0,0
Yes,"Landslide at Kadachaur , Surma Rural Municipality-1",,other,Landslide,2023-07-17,Sudurpashchim,Bajhang,Surma,1,,0,0,0,0,0,0,0,0,0,0,0,0,0,0,0,0,0,0,0,0,0
Yes,"Landslide at Bersawang, Rolpa Municipality-10",,other,Landslide,2023-07-16,Lumbini,Rolpa,Rolpa,10,,0,0,0,0,0,0,0,0,0,0,0,0,0,0,0,0,0,0,0,0,0
Yes,"Landslide at Naini Bagar, Raghuganga Rural Municipality-8",,other,Landslide,2023-07-16,Gandaki,Myagdi,Raghuganga,8,,0,0,0,0,0,0,0,0,0,0,0,0,0,0,0,0,0,0,0,0,0
Yes,"Landslide at Panchase, Putha Uttarganga Rural Municipality-4",,other,Landslide,2023-07-16,Lumbini,Rukum East,Putha Uttarganga,4,,0,0,0,0,0,0,0,0,0,0,0,0,0,0,0,0,0,0,0,0,0
Yes,Landslide at Putha Uttarganga Rural Municipality-4,,other,Landslide,2023-07-16,Lumbini,Rukum East,Putha Uttarganga,4,1500000,0,0,0,0,0,0,0,0,0,0,0,0,0,0,0,0,0,0,0,0,0
Yes,"Landslide at Khabang Bagar , Putha Uttarganga Rural Municipality-4",,other,Landslide,2023-07-15,Lumbini,Rukum East,Putha Uttarganga,4,,0,0,0,0,0,0,0,0,0,0,0,0,0,0,0,0,0,0,0,0,0
Yes,"Landslide at Beshisahar, Nashong Rural Municipality-3",,other,Landslide,2023-07-15,Gandaki,Manang,Nashong,3,,0,0,0,0,0,0,0,0,0,0,0,0,0,0,0,0,0,0,0,0,0
Yes,"Landslide at Naini Bagar, Raghuganga Rural Municipality-8",,other,Landslide,2023-07-14,Gandaki,Myagdi,Raghuganga,8,,0,0,0,0,0,0,0,0,0,0,0,0,0,0,0,0,0,0,0,0,0
Yes,"Landslide at Ranikot, Putha Uttarganga Rural Municipality-4",,nepal_police,Landslide,2023-07-14,Lumbini,Rukum East,Putha Uttarganga,4,,0,0,0,0,0,0,0,0,0,0,0,0,0,0,0,0,0,0,0,0,0
Yes,"Landslide at Hiudekhola, Mathagadhi Rural Municipality-1",,other,Landslide,2023-07-14,Lumbini,Palpa,Mathagadhi,1,,0,0,0,0,0,0,0,0,0,0,0,0,0,0,0,0,0,0,0,0,0
Yes,"Landslide at Janti Pahiro, Hupsekot Rural Municipality-4",,other,Landslide,2023-07-14,Gandaki,Nawalparasi East,Hupsekot,4,,0,0,0,0,0,0,0,0,0,0,0,0,0,0,0,0,0,0,0,0,0
Yes,"Landslide at Seto Pahare, Gaidakot Municipality-3",,other,Landslide,2023-07-14,Gandaki,Nawalparasi East,Gaidakot,3,,0,0,0,0,0,0,0,0,0,0,0,0,0,0,0,0,0,0,0,0,0
Yes,"Landslide at Langtang Hydropower, Gosaikunda Rural Municipality-5",,other,Landslide,2023-07-14,Bagmati,Rasuwa,Gosaikunda,5,,0,0,0,0,0,0,2,2,0,0,0,0,0,0,0,0,2,1,1,0,0
Yes,"Landslide at Jaya Prithvi Highway, Surnaya Rural Municipality-6",,other,Landslide,2023-07-14,Sudurpashchim,Baitadi,Surnaya,6,,0,0,0,0,0,0,0,0,0,0,0,0,0,0,0,0,0,0,0,0,0
Yes,"Landslide at Talara - Bali Tole , Aadarsha Rural Municipality-5",,other,Landslide,2023-07-14,Sudurpashchim,Doti,Aadarsha,5,,0,0,0,0,0,2,0,0,0,0,0,0,0,0,0,0,0,0,0,0,0
Yes,"Landslide at Ranikot, Sisne Rural Municipality-6",,other,Landslide,2023-07-14,Lumbini,Rukum East,Sisne,6,,0,0,0,0,0,0,0,0,0,0,0,0,0,0,0,0,0,0,0,0,0
Yes,"Landslide at Jaya Prithvi Highway , Surnaya Rural Municipality-5",,other,Landslide,2023-07-14,Sudurpashchim,Baitadi,Surnaya,5,,0,0,0,0,0,0,0,0,0,0,0,0,0,0,0,0,0,0,0,0,0
Yes,"Landslide at Lapha , Pachaljharana Rural Municipality-3",,other,Landslide,2023-07-14,Karnali,Kalikot,Pachaljharana,3,,0,0,0,0,0,0,0,0,0,0,0,0,0,0,0,0,0,0,0,0,0
Yes,"Landslide at Garjeni , Pyuthan Municipality-7",,other,Landslide,2023-07-13,Lumbini,Pyuthan,Pyuthan,7,,0,0,0,0,0,0,0,0,0,0,0,0,0,0,0,0,0,0,0,0,0
Yes,"Landslide at Ranikot, Sisne Rural Municipality-6",,other,Landslide,2023-07-13,Lumbini,Rukum East,Sisne,6,,0,0,0,0,0,0,0,0,0,0,0,0,0,0,0,0,0,0,0,0,0
Yes,"Landslide at Naini Bagar, Raghuganga Rural Municipality-8",,other,Landslide,2023-07-13,Gandaki,Myagdi,Raghuganga,8,,0,0,0,0,0,0,0,0,0,0,0,0,0,0,0,0,0,0,0,0,0
Yes,"Landslide at Khamlalung Karina Chowk, Phedap Rural Municipality-3",,other,Landslide,2023-07-13,Koshi,Terhathum,Phedap,3,2650000,0,0,1,1,0,0,1,0,1,0,0,0,0,0,0,0,1,1,0,0,0
Yes,Landslide at Konjyosom Rural Municipality-4,,other,Landslide,2023-07-13,Bagmati,Lalitpur,Konjyosom,4,,0,0,0,0,0,0,0,0,0,0,0,0,0,0,0,0,0,0,0,0,0
Yes,"Landslide at Kahu Danda, Pokhara Lekhnath Metropolitan City-11",,other,Landslide,2023-07-13,Gandaki,Kaski,Pokhara,11,,0,0,0,0,0,0,0,0,0,0,0,0,0,0,0,0,0,0,0,0,0
Yes,Landslide at Khumbupasanglahmu Rural Municipality-3,,other,Landslide,2023-07-13,Koshi,Solukhumbu,Khumbu Pasanglhamu,3,,0,0,0,0,0,0,0,0,0,0,0,0,0,0,0,0,0,0,0,0,0
Yes,Landslide at Dhorpatan Municipality-4,,other,Landslide,2023-07-12,Gandaki,Baglung,Dhorpatan,4,,0,0,0,0,0,0,0,0,0,0,0,0,0,0,0,0,0,0,0,0,0
Yes,"Landslide at Gothalapani - Jhulaghat, Surnaya Rural Municipality-5",,other,Landslide,2023-07-12,Sudurpashchim,Baitadi,Surnaya,5,,0,0,0,0,0,0,0,0,0,0,0,0,0,0,0,0,0,0,0,0,0
Yes,"Landslide at Rachuli , Pachaljharana Rural Municipality-3",,other,Landslide,2023-07-12,Karnali,Kalikot,Pachaljharana,3,,0,0,0,0,0,0,0,0,0,0,0,0,0,0,0,0,0,0,0,0,0
Yes,"Landslide at Jyaltar , Makawanpurgadhi Rural Municipality-5",,other,Landslide,2023-07-12,Bagmati,Makwanpur,Makawanpurgadhi,5,,0,0,0,0,0,0,0,0,0,0,0,0,0,0,0,0,0,0,0,0,0
Yes,"Landslide at Akare Bhir, Golanjor Rural Municipality-6",,other,Landslide,2023-07-12,Bagmati,Sindhuli,Golanjor,6,,0,0,0,0,0,0,0,0,0,0,0,0,0,0,0,0,0,0,0,0,0
Yes,"Landslide at Dhaklang , Jugal Rural Municipality-2",,other,Landslide,2023-07-12,Bagmati,Sindhupalchok,Jugal,2,,0,0,0,0,0,0,0,0,0,0,0,0,0,0,0,0,0,0,0,0,0
Yes,"Landslide at Raduwa, Alital Rural Municipality-3",,other,Landslide,2023-07-12,Sudurpashchim,Dadeldhura,Alital,3,,0,0,0,0,0,0,0,0,0,0,0,0,0,0,0,0,0,0,0,0,0
Yes,"Landslide at Lamsung, Raghuganga Rural Municipality-8",,other,Landslide,2023-07-12,Gandaki,Myagdi,Raghuganga,8,2600000,0,0,0,0,0,0,0,0,0,0,0,0,0,0,0,0,0,0,0,0,0
Yes,"Landslide at Simat, Bakaiya Rural Municipality-11",,other,Landslide,2023-07-12,Bagmati,Makwanpur,Bakaiya,11,,0,0,0,0,0,0,0,0,0,0,0,0,0,0,0,0,0,0,0,0,0
Yes,"Landslide at Almaduna Khola , Mugum Karmarong Rural Municipality-7",,other,Landslide,2023-07-12,Karnali,Mugu,Mugum Karmarong,7,,0,0,0,0,0,0,0,0,0,0,0,0,0,0,0,0,0,0,0,0,0
Yes,"Landslide at Chalal , Namobuddha Municipality-7",,other,Landslide,2023-07-12,Bagmati,Kavrepalanchok,Namobuddha,7,,0,0,0,0,0,0,0,0,0,0,0,0,0,0,0,0,2,2,0,0,0
Yes,"Landslide at Mudkhu Osotpawan, Kageshwori Manahora Municipality-9",,other,Landslide,2023-07-11,Bagmati,Kathmandu,Kageshwori Manahora,9,,0,0,0,0,0,0,0,0,0,0,0,0,0,0,0,0,0,0,0,0,0
Yes,"Landslide at Ranikot, Putha Uttarganga Rural Municipality-4",,other,Landslide,2023-07-11,Lumbini,Rukum East,Putha Uttarganga,4,,0,0,0,0,0,0,0,0,0,0,0,0,0,0,0,0,0,0,0,0,0
Yes,"Landslide at Frij Khola, Putha Uttarganga Rural Municipality-4",,other,Landslide,2023-07-11,Lumbini,Rukum East,Putha Uttarganga,4,,0,0,0,0,0,0,0,0,0,0,0,0,0,0,0,0,0,0,0,0,0
Yes,"Landslide at Pachaljharana Rural Municipality - 08, Raskot Municipality-8",,other,Landslide,2023-07-10,Karnali,Kalikot,Raskot,8,,0,0,0,0,0,0,0,0,0,0,0,0,0,0,0,0,0,0,0,0,0
Yes,"Landslide at Sirijanga / Sidingba/Mauwakhola Rural Municipality, Phaktanglung Rural Municipality-6",,other,Landslide,2023-07-09,Koshi,Taplejung,Phaktanglung,6,,0,0,36,36,152,0,0,0,0,0,0,0,0,0,0,0,0,0,0,0,0
Yes,"Landslide at Dhanubas, Ghorahi Submetropolitan City-5",,other,Landslide,2023-07-08,Lumbini,Dang,Ghorahi,5,,0,0,0,0,0,0,1,1,0,0,0,0,0,0,0,0,0,0,0,0,0
Yes,"Landslide at Garjeni , Pyuthan Municipality-7",,other,Landslide,2023-07-08,Lumbini,Pyuthan,Pyuthan,7,,0,0,0,0,0,0,0,0,0,0,0,0,0,0,0,0,0,0,0,0,0
Yes,"Landslide at Herne Danda, Mugum Karmarong Rural Municipality-7",,other,Landslide,2023-07-08,Karnali,Mugu,Mugum Karmarong,7,,0,0,0,0,0,0,0,0,0,0,0,0,0,0,0,0,1,1,0,0,0
Yes,"Landslide at Charsebesi , Roshi Rural Municipality-7",,other,Landslide,2023-07-07,Bagmati,Kavrepalanchok,Roshi,7,,0,0,0,0,0,0,0,0,0,0,0,0,0,0,0,0,0,0,0,0,0
Yes,"Landslide at Kavre , Annapurna Rural Municipality-3",,other,Landslide,2023-07-07,Gandaki,Myagdi,Annapurna,3,92000,0,0,0,0,0,6,0,0,0,0,0,0,0,0,0,0,0,0,0,0,0
Yes,"Landslide at Chorkhola , Sharada Municipality-9",,other,Landslide,2023-07-07,Karnali,Salyan,Sharada,9,,0,0,0,0,0,0,0,0,0,0,0,0,0,0,0,0,0,0,0,0,0
Yes,"Landslide at Kali Khola , Bharatpur Metropolitan City-14",,other,Landslide,2023-07-07,Bagmati,Chitwan,Bharatpur,14,,0,0,0,0,0,0,0,0,0,0,0,0,0,0,0,0,0,0,0,0,0
Yes,"Landslide at Lakuri Bhanjyang, Konjyosom Rural Municipality-4",,other,Landslide,2023-07-07,Bagmati,Lalitpur,Konjyosom,4,,0,0,0,0,0,0,0,0,0,0,0,0,0,0,0,0,0,0,0,0,0
Yes,"Landslide at Chhapgaau, Bhojpur Municipality-11",,other,Landslide,2023-07-07,Koshi,Bhojpur,Bhojpur,11,300000,0,0,1,1,0,0,0,0,0,0,0,0,0,0,0,0,0,0,0,0,0
Yes,"Landslide at Dhansara, Barah Municipality-1",,nepal_police,Landslide,2023-07-06,Koshi,Sunsari,Barah,1,,0,0,0,0,0,0,0,0,0,0,0,0,0,0,0,0,0,0,0,0,0
Yes,"Landslide at Kuibir, Sangurigadhi Rural Municipality-5",,nepal_police,Landslide,2023-07-06,Koshi,Dhankuta,Sangurigadhi,5,,0,0,0,0,0,0,0,0,0,0,0,0,0,0,0,0,0,0,0,0,0
Yes,Landslide at Jugal Rural Municipality-2,,other,Landslide,2023-07-06,Bagmati,Sindhupalchok,Jugal,2,,0,0,0,0,0,0,0,0,0,0,0,0,0,0,0,0,0,0,0,0,0
Yes,"Landslide at Kholekhola , Bigu Rural Municipality-1",,other,Landslide,2023-07-06,Bagmati,Dolakha,Bigu,1,,0,0,0,0,0,0,0,0,0,0,0,0,0,0,0,0,0,0,0,0,0
Yes,Landslide at Bagmati Rural Municipality-3,,other,Landslide,2023-07-05,Bagmati,Lalitpur,Bagmati,3,,0,0,0,0,0,0,0,0,0,0,0,0,0,0,0,0,0,0,0,0,0
Yes,"Landslide at Rana , Gaumul Rural Municipality-1",,other,Landslide,2023-07-05,Sudurpashchim,Bajura,Gaumul,1,,0,0,0,0,0,0,0,0,0,0,0,0,0,0,0,0,2,1,1,0,0
Yes,"Landslide at Phuli Bamdhara, Chhayanath Rara Municipality-3",,nepal_police,Landslide,2023-07-05,Karnali,Mugu,Chhayanath Rara,3,,0,0,0,0,0,0,1,1,0,0,0,0,0,0,0,0,0,0,0,0,0
Yes,"Landslide at Jhimasila, Rolpa Municipality-6",,nepal_police,Landslide,2023-07-05,Lumbini,Rolpa,Rolpa,6,,0,0,0,0,0,0,0,0,0,0,0,0,0,0,0,0,0,0,0,0,0
Yes,"Landslide at Kanthamali, Tribeni Rural Municipality-2",,nepal_police,Landslide,2023-07-05,Lumbini,Rolpa,Tribeni,2,,0,0,0,0,0,0,0,0,0,0,0,0,0,0,0,0,0,0,0,0,0
Yes,"Landslide at Pame , Pokhara Lekhnath Metropolitan City-24",,other,Landslide,2023-07-04,Gandaki,Kaski,Pokhara,24,,0,0,0,0,0,0,0,0,0,0,0,0,0,0,0,0,0,0,0,0,0
Yes,"Landslide at Suwachheda - Batkhola , Dullu Municipality-1",,other,Landslide,2023-07-04,Karnali,Dailekh,Dullu,1,,0,0,0,0,0,0,0,0,0,0,0,0,0,0,0,0,0,0,0,0,0
Yes,"Landslide at Ghumti & Dahakhola , Panini Rural Municipality-7",,other,Landslide,2023-07-04,Lumbini,Arghakhanchi,Panini,7,,0,0,0,0,0,0,0,0,0,0,0,0,0,0,0,0,0,0,0,0,0
Yes,"Landslide at Dhansar, Inaruwa Municipality-8",,other,Landslide,2023-07-04,Koshi,Sunsari,Inaruwa,8,,0,0,0,0,0,0,0,0,0,0,0,0,0,0,0,0,0,0,0,0,0
Yes,"Landslide at Kotdanda, Konjyosom Rural Municipality-4",,other,Landslide,2023-07-04,Bagmati,Lalitpur,Konjyosom,4,,0,0,0,0,0,0,0,0,0,0,0,0,0,0,0,0,0,0,0,0,0
Yes,"Landslide at Namuna Basti - Bagara , Nalgaad Municipality-7",,other,Landslide,2023-07-04,Karnali,Jajarkot,Nalgaad,7,,0,0,0,0,0,0,0,0,0,0,0,0,0,0,0,0,0,0,0,0,0
Yes,"Landslide at Kharkhare, Banfikot Rural Municipality-6",,other,Landslide,2023-07-04,Karnali,Rukum West,Banphikot,6,,0,0,0,0,0,0,0,0,0,0,0,0,0,0,0,0,0,0,0,0,0
Yes,"Landslide at Kamerephat , Kamalamai Municipality-5",,other,Landslide,2023-07-04,Bagmati,Sindhuli,Kamalamai,5,,0,0,0,0,0,0,0,0,0,0,0,0,0,0,0,0,0,0,0,0,0
Yes,"Landslide at Damar / Saaljhundi Dhorpatan Highway , Panini Rural Municipality-2",,other,Landslide,2023-07-04,Lumbini,Arghakhanchi,Panini,2,,0,0,0,0,0,0,0,0,0,0,0,0,0,0,0,0,0,0,0,0,0
Yes,"Landslide at Kaldhunga, Roshi Rural Municipality-11",,other,Landslide,2023-07-04,Bagmati,Kavrepalanchok,Roshi,11,,0,0,0,0,0,0,0,0,0,0,0,0,0,0,0,0,0,0,0,0,0
Yes,"Landslide at Bhattedanda, Bagmati Rural Municipality-3",,other,Landslide,2023-07-04,Bagmati,Lalitpur,Bagmati,3,,0,0,0,0,0,0,0,0,0,0,0,0,0,0,0,0,0,0,0,0,0
Yes,"Landslide at Mauribazar & Turture Bazar , Myagde Rural Municipality-6",,other,Landslide,2023-07-04,Gandaki,Tanahu,Myagde,6,,0,0,0,0,0,0,0,0,0,0,0,0,0,0,0,0,0,0,0,0,0
Yes,"Landslide at Hemja Mardi Bhir, Pokhara Lekhnath Metropolitan City-25",,other,Landslide,2023-07-04,Gandaki,Kaski,Pokhara,25,,0,0,0,0,0,0,0,0,0,0,0,0,0,0,0,0,0,0,0,0,0
Yes,Landslide at Bharatpur Metropolitan City-14,,other,Landslide,2023-07-04,Bagmati,Chitwan,Bharatpur,14,,0,0,0,0,0,0,0,0,0,0,0,0,0,0,0,0,0,0,0,0,0
Yes,"Landslide at Paudur Ghumti , Annapurna Rural Municipality-3",,other,Landslide,2023-07-03,Gandaki,Kaski,Annapurna,3,,0,0,0,0,0,0,0,0,0,0,0,0,0,0,0,0,0,0,0,0,0
Yes,"Landslide at Dhaireni , Mathagadhi Rural Municipality-1",,other,Landslide,2023-07-03,Lumbini,Palpa,Mathagadhi,1,,0,0,0,0,0,0,0,0,0,0,0,0,0,0,0,0,0,0,0,0,0
Yes,"Landslide at Gaudepul , Mathagadhi Rural Municipality-1",,other,Landslide,2023-07-03,Lumbini,Palpa,Mathagadhi,1,,0,0,0,0,0,0,0,0,0,0,0,0,0,0,0,0,0,0,0,0,0
Yes,"Landslide at Paira Khola , Buddhabhumi Municipality-8",,other,Landslide,2023-07-03,Lumbini,Kapilbastu,Buddhabhumi,8,,0,0,0,0,0,0,0,0,0,0,0,0,0,0,0,0,0,0,0,0,0
Yes,"Landslide at Dhankhola , Ghorahi Submetropolitan City-5",,other,Landslide,2023-07-03,Lumbini,Dang,Ghorahi,5,,0,0,0,0,0,0,0,0,0,0,0,0,0,0,0,0,0,0,0,0,0
Yes,"Landslide at Dhampu, Thasang Rural Municipality-3",,other,Landslide,2023-07-03,Gandaki,Mustang,Thasang,3,,0,0,0,0,0,0,0,0,0,0,0,0,0,0,0,0,0,0,0,0,0
Yes,"Landslide at Naktad , Shailyashikhar Municipality-9",,other,Landslide,2023-07-03,Sudurpashchim,Darchula,Shailyashikhar,9,,0,0,0,0,0,0,0,0,0,0,0,0,0,0,0,0,0,0,0,0,0
Yes,"Landslide at Ramchhe, Makawanpurgadhi Rural Municipality-5",,other,Landslide,2023-07-03,Bagmati,Makwanpur,Makawanpurgadhi,5,,0,0,0,0,0,0,0,0,0,0,0,0,0,0,0,0,0,0,0,0,0
Yes,"Landslide at Bokhar , Bhumekasthan Municipality-7",,other,Landslide,2023-07-03,Lumbini,Arghakhanchi,Bhumikasthan,7,,0,0,0,0,0,0,0,0,0,0,0,0,0,0,0,0,0,0,0,0,0
Yes,"Landslide at MauriBhir , Kushma Municipality-10",,other,Landslide,2023-07-03,Gandaki,Parbat,Kushma,10,,0,0,0,0,0,0,0,0,0,0,0,0,0,0,0,0,0,0,0,0,0
Yes,"Landslide at Chapleti , Bigu Rural Municipality-1",,other,Landslide,2023-07-03,Bagmati,Dolakha,Bigu,1,,0,0,0,0,0,0,0,0,0,0,0,0,0,0,0,0,0,0,0,0,0
Yes,"Landslide at Kharkhare , Marsyangdi Rural Municipality-7",,other,Landslide,2023-07-03,Gandaki,Lamjung,Marsyangdi,7,,0,0,0,0,0,0,0,0,0,0,0,0,0,0,0,0,0,0,0,0,0
Yes,"Landslide at Chiureni , Mathagadhi Rural Municipality-1",,other,Landslide,2023-07-03,Lumbini,Palpa,Mathagadhi,1,,0,0,0,0,0,3,0,0,0,0,0,0,0,0,0,0,0,0,0,0,0
Yes,"Landslide at Panena , Panini Rural Municipality-1",,other,Landslide,2023-07-03,Lumbini,Arghakhanchi,Panini,1,,0,0,1,1,0,0,3,3,0,0,0,0,0,0,0,0,1,0,1,0,0
Yes,"Landslide at Sano Swami, Kushma Municipality-10",,other,Landslide,2023-07-03,Gandaki,Parbat,Kushma,10,,0,0,0,0,0,0,0,0,0,0,0,0,0,0,0,0,0,0,0,0,0
Yes,"Landslide at Danakyu , Nashong Rural Municipality-9",,other,Landslide,2023-07-03,Gandaki,Manang,Nashong,9,,0,0,0,0,0,0,0,0,0,0,0,0,0,0,0,0,0,0,0,0,0
Yes,"Landslide at Bhuwanpata , Bhumekasthan Municipality-7",,other,Landslide,2023-07-03,Lumbini,Arghakhanchi,Bhumikasthan,7,,0,0,0,0,0,0,0,0,0,0,0,0,0,0,0,0,0,0,0,0,0
Yes,"Landslide at Pangcha, Aamchowk Rural Municipality-10",,other,Landslide,2023-07-03,Koshi,Bhojpur,Aamchowk,10,505000,0,0,0,0,0,0,0,0,0,0,0,0,0,0,0,0,0,0,0,0,0
Yes,"Landslide at Ghatbesi , Gajuri Rural Municipality-5",,other,Landslide,2023-07-03,Bagmati,Dhading,Gajuri,5,,0,0,0,0,0,0,0,0,0,0,0,0,0,0,0,0,0,0,0,0,0
Yes,"Landslide at Pangdur , Bagmati Rural Municipality-3",,other,Landslide,2023-07-03,Bagmati,Lalitpur,Bagmati,3,,0,0,0,0,0,0,0,0,0,0,0,0,0,0,0,0,0,0,0,0,0
Yes,"Landslide at Gangate , Bhimphedi Rural Municipality-8",,other,Landslide,2023-07-03,Bagmati,Makwanpur,Bhimphedi,8,,0,0,0,0,0,0,0,0,0,0,0,0,0,0,0,0,0,0,0,0,0
Yes,"Landslide at Kairan , Pyuthan Municipality-7",,other,Landslide,2023-07-03,Lumbini,Pyuthan,Pyuthan,7,,0,0,1,1,0,0,0,0,0,0,0,0,0,0,0,0,0,0,0,0,0
Yes,"Landslide at Nanglapa, Phidim Municipality-7",,other,Landslide,2023-07-03,Koshi,Panchthar,Phidim,7,,0,0,0,0,1,0,0,0,0,0,0,0,0,0,0,0,0,0,0,0,0
Yes,Landslide at Ichchhyakamana Rural Municipality-5,,other,Landslide,2023-07-02,Bagmati,Chitwan,Ichchhakamana,5,,0,0,0,0,0,0,0,0,0,0,0,0,0,0,0,0,0,0,0,0,0
Yes,"Landslide at Kaude Bhir , Bulingtar Rural Municipality-6",,other,Landslide,2023-07-02,Gandaki,Nawalparasi East,Bulingtar,6,,0,0,0,0,0,0,0,0,0,0,0,0,0,0,0,0,0,0,0,0,0
Yes,"Landslide at Jyamire , Kushma Municipality-10",,other,Landslide,2023-07-02,Gandaki,Parbat,Kushma,10,,0,0,0,0,0,0,0,0,0,0,0,0,0,0,0,0,0,0,0,0,0
Yes,"Landslide at Shree Bhabar, Surnaya Rural Municipality-5",,other,Landslide,2023-07-02,Sudurpashchim,Baitadi,Surnaya,5,,0,0,0,0,0,0,0,0,0,0,0,0,0,0,0,0,0,0,0,0,0
Yes,"Landslide at Khagal Gaau, Namkha Rural Municipality-3",,other,Landslide,2023-07-02,Karnali,Humla,Namkha,3,,0,0,0,0,0,0,0,0,0,0,0,0,0,0,0,0,0,0,0,0,0
Yes,"Landslide at Bhattedanda, Bagmati Rural Municipality-3",,other,Landslide,2023-07-02,Bagmati,Lalitpur,Bagmati,3,,0,0,0,0,0,0,0,0,0,0,0,0,0,0,0,0,0,0,0,0,0
Yes,"Landslide at Krishnabhir , Benighat Rorang Rural Municipality-7",,other,Landslide,2023-07-02,Bagmati,Dhading,Benighat Rorang,7,,0,0,0,0,0,0,0,0,0,0,0,0,0,0,0,0,0,0,0,0,0
Yes,"Landslide at Raduwa , Alital Rural Municipality-3",,other,Landslide,2023-07-02,Sudurpashchim,Dadeldhura,Alital,3,,0,0,0,0,0,0,0,0,0,0,0,0,0,0,0,0,0,0,0,0,0
Yes,"Landslide at Yampa , Rhishing Rural Municipality-1",,other,Landslide,2023-07-01,Gandaki,Tanahu,Rhishing,1,,0,0,0,0,0,0,0,0,0,0,0,0,0,0,0,0,0,0,0,0,0
Yes,"Landslide at Motinagar , Surnaya Rural Municipality-6",,other,Landslide,2023-07-01,Sudurpashchim,Baitadi,Surnaya,6,,0,0,0,0,0,0,0,0,0,0,0,0,0,0,0,0,0,0,0,0,0
Yes,"Landslide at Dharapani, Bhotekoshi Rural Municipality-1",,other,Landslide,2023-07-01,Bagmati,Sindhupalchok,Bhotekoshi,1,,0,0,0,0,0,0,0,0,0,0,0,0,0,0,0,0,0,0,0,0,0
Yes,"Landslide at Serighat, Pachaljharana Rural Municipality-3",,other,Landslide,2023-07-01,Karnali,Kalikot,Pachaljharana,3,,0,0,0,0,0,0,0,0,0,0,0,0,0,0,0,0,0,0,0,0,0
Yes,Landslide at Tribeni Rural Municipality-7,,other,Landslide,2023-07-01,Lumbini,Rolpa,Tribeni,7,,0,0,0,0,0,0,0,0,0,0,0,0,0,0,0,0,0,0,0,0,0
Yes,"Landslide at Jhyale Bhir, Bhotekoshi Rural Municipality-5",,other,Landslide,2023-07-01,Bagmati,Sindhupalchok,Bhotekoshi,5,,0,0,0,0,0,9,0,0,0,0,0,0,0,0,0,0,0,0,0,0,0
Yes,"Landslide at Barha Kila , Thakre Rural Municipality-2",,other,Landslide,2023-07-01,Bagmati,Dhading,Thakre,2,,0,0,0,0,0,0,0,0,0,0,0,0,0,0,0,0,0,0,0,0,0
Yes,"Landslide at Dholyamod , Surnaya Rural Municipality-5",,other,Landslide,2023-07-01,Sudurpashchim,Baitadi,Surnaya,5,,0,0,0,0,0,0,0,0,0,0,0,0,0,0,0,0,0,0,0,0,0
Yes,"Landslide at Dhaireni , Mathagadhi Rural Municipality-1",,other,Landslide,2023-06-30,Lumbini,Palpa,Mathagadhi,1,,0,0,0,0,0,0,0,0,0,0,0,0,0,0,0,0,0,0,0,0,0
Yes,"Landslide at Tinlakuri , Tansen Municipality-5",,other,Landslide,2023-06-30,Lumbini,Palpa,Tansen,5,,0,0,0,0,0,0,0,0,0,0,0,0,0,0,0,0,0,0,0,0,0
Yes,"Landslide at Barha Kila , Thakre Rural Municipality-2",,other,Landslide,2023-06-30,Bagmati,Dhading,Thakre,2,,0,0,0,0,0,0,0,0,0,0,0,0,0,0,0,0,0,0,0,0,0
Yes,"Landslide at Narayanghat Muglin Highway, Bharatpur Metropolitan City-14",,other,Landslide,2023-06-30,Bagmati,Chitwan,Bharatpur,14,,0,0,0,0,0,0,0,0,0,0,0,0,0,0,0,0,0,0,0,0,0
Yes,"Landslide at Gaude , Tansen Municipality-8",,other,Landslide,2023-06-30,Lumbini,Palpa,Tansen,8,,0,0,0,0,0,0,0,0,0,0,0,0,0,0,0,0,0,0,0,0,0
Yes,"Landslide at Kodrekhola , Sitganga Municipality-12",,other,Landslide,2023-06-30,Lumbini,Arghakhanchi,Sitganga,12,,0,0,0,0,0,0,0,0,0,0,0,0,0,0,0,0,0,0,0,0,0
Yes,Landslide at Molung Rural Municipality-1,,other,Landslide,2023-06-30,Koshi,Okhaldhunga,Molung,1,,0,0,0,0,0,0,0,0,0,0,0,0,0,0,0,0,0,0,0,0,0
Yes,"Landslide at Siddhababa Mandhir, Tinau Rural Municipality-3",,other,Landslide,2023-06-30,Lumbini,Palpa,Tinau,3,,0,0,0,0,0,0,0,0,0,0,0,0,0,0,0,0,0,0,0,0,0
Yes,"Landslide at Matdanda & Kaude Bhir , Bulingtar Rural Municipality-1",,other,Landslide,2023-06-30,Gandaki,Nawalparasi East,Bulingtar,1,,0,0,0,0,0,0,0,0,0,0,0,0,0,0,0,0,0,0,0,0,0
Yes,"Landslide at Tallo Baisari , Raghuganga Rural Municipality-3",,other,Landslide,2023-06-30,Gandaki,Myagdi,Raghuganga,3,,0,0,0,0,0,0,0,0,0,0,0,0,0,0,0,0,0,0,0,0,0
Yes,"Landslide at Sahadikhola , Rambha Rural Municipality-1",,other,Landslide,2023-06-30,Lumbini,Palpa,Rambha,1,,0,0,0,0,0,0,0,0,0,0,0,0,0,0,0,0,0,0,0,0,0
Yes,"Landslide at Simalchaur / Garjeni, Mandavi Rural Municipality-1",,other,Landslide,2023-06-30,Lumbini,Pyuthan,Mandavi,1,,0,0,0,0,0,0,0,0,0,0,0,0,0,0,0,0,0,0,0,0,0
Yes,"Landslide at Bhuwanpata, Sitganga Municipality-2",,other,Landslide,2023-06-30,Lumbini,Arghakhanchi,Sitganga,2,,0,0,0,0,0,0,0,0,0,0,0,0,0,0,0,0,0,0,0,0,0
Yes,"Landslide at Bakhor, Bhumekasthan Municipality-7",,other,Landslide,2023-06-30,Lumbini,Arghakhanchi,Bhumikasthan,7,,0,0,0,0,0,0,0,0,0,0,0,0,0,0,0,0,0,0,0,0,0
Yes,"Landslide at Khayan , Bhumekasthan Municipality-10",,other,Landslide,2023-06-30,Lumbini,Arghakhanchi,Bhumikasthan,10,,0,0,0,0,0,0,0,0,0,0,0,0,0,0,0,0,0,0,0,0,0
Yes,"Landslide at Ghumti, Panini Rural Municipality-7",,other,Landslide,2023-06-30,Lumbini,Arghakhanchi,Panini,7,,0,0,0,0,0,0,0,0,0,0,0,0,0,0,0,0,0,0,0,0,0
Yes,"Landslide at Suwachheda, Mahabu Rural Municipality-2",,other,Landslide,2023-06-30,Karnali,Dailekh,Mahabu,2,,0,0,0,0,0,0,0,0,0,0,0,0,0,0,0,0,0,0,0,0,0
Yes,"Landslide at Rudrabeni , Ruru Rural Municipality-2",,other,Landslide,2023-06-30,Lumbini,Gulmi,Rurukshetra,2,100000,0,0,0,0,0,3,0,0,0,0,0,0,0,0,0,0,0,0,0,0,0
Yes,"Landslide at Syaulibazar, Rampur Municipality-1",,other,Landslide,2023-06-30,Lumbini,Palpa,Rampur,1,,0,0,0,0,0,0,0,0,0,0,0,0,0,0,0,0,0,0,0,0,0
Yes,"Landslide at Bhagobari , Rolpa Municipality-10",,other,Landslide,2023-06-30,Lumbini,Rolpa,Rolpa,10,,0,0,0,0,0,0,0,0,0,0,0,0,0,0,0,0,0,0,0,0,0
Yes,"Landslide at Dovan, Mathagadhi Rural Municipality-1",,other,Landslide,2023-06-30,Lumbini,Palpa,Mathagadhi,1,,0,0,0,0,0,0,0,0,0,0,0,0,0,0,0,0,0,0,0,0,0
Yes,"Landslide at Damar Saaljhandi - Dhorpatan Highway , Panini Rural Municipality-2",,other,Landslide,2023-06-30,Lumbini,Arghakhanchi,Panini,2,,0,0,0,0,0,0,0,0,0,0,0,0,0,0,0,0,0,0,0,0,0
Yes,"Landslide at Birauta , Pokhara Lekhnath Metropolitan City-17",,other,Landslide,2023-06-30,Gandaki,Kaski,Pokhara,17,,0,0,0,0,0,0,0,0,0,0,0,0,0,0,0,0,0,0,0,0,0
Yes,Landslide at Ichchhyakamana Rural Municipality-5,,other,Landslide,2023-06-29,Bagmati,Chitwan,Ichchhakamana,5,,0,0,0,0,0,0,0,0,0,0,0,0,0,0,0,0,0,0,0,0,0
Yes,"Landslide at Dhaireni , Mathagadhi Rural Municipality-1",,other,Landslide,2023-06-29,Lumbini,Palpa,Mathagadhi,1,,0,0,0,0,0,0,0,0,0,0,0,0,0,0,0,0,0,0,0,0,0
Yes,"Landslide at Panebanj , Shailyashikhar Municipality-6",,other,Landslide,2023-06-29,Sudurpashchim,Darchula,Shailyashikhar,6,,0,0,0,0,0,0,0,0,0,0,0,0,0,0,0,0,0,0,0,0,0
Yes,"Landslide at Kavrebhir , Thasang Rural Municipality-4",,other,Landslide,2023-06-29,Gandaki,Mustang,Thasang,4,,0,0,0,0,0,0,0,0,0,0,0,0,0,0,0,0,0,0,0,0,0
Yes,"Landslide at Bhuwanpata , Sitganga Municipality-2",,other,Landslide,2023-06-29,Lumbini,Arghakhanchi,Sitganga,2,,0,0,0,0,0,0,0,0,0,0,0,0,0,0,0,0,0,0,0,0,0
Yes,"Landslide at Tinlakuri , Tansen Municipality-5",,other,Landslide,2023-06-29,Lumbini,Palpa,Tansen,5,,0,0,0,0,0,0,0,0,0,0,0,0,0,0,0,0,0,0,0,0,0
Yes,"Landslide at Bhalukhola / Pangdur Dolma, Lalitpur Metropolitan City-3",,other,Landslide,2023-06-29,Bagmati,Lalitpur,Lalitpur,3,,0,0,0,0,0,0,0,0,0,0,0,0,0,0,0,0,0,0,0,0,0
Yes,"Landslide at Bheltadi , Mahabu Rural Municipality-2",,other,Landslide,2023-06-29,Karnali,Dailekh,Mahabu,2,,0,0,0,0,0,0,0,0,0,0,0,0,0,0,0,0,0,0,0,0,0
Yes,"Landslide at Dhade Danda , Sangurigadhi Rural Municipality-5",,other,Landslide,2023-06-29,Koshi,Dhankuta,Sangurigadhi,5,,0,0,0,0,0,0,0,0,0,0,0,0,0,0,0,0,0,0,0,0,0
Yes,"Landslide at Tallo Baisari , Raghuganga Rural Municipality-3",,other,Landslide,2023-06-29,Gandaki,Myagdi,Raghuganga,3,,0,0,0,0,0,0,0,0,0,0,0,0,0,0,0,0,0,0,0,0,0
Yes,Landslide at Pachaljharana Rural Municipality-3,,other,Landslide,2023-06-29,Karnali,Kalikot,Pachaljharana,3,,0,0,0,0,0,0,0,0,0,0,0,0,0,0,0,0,0,0,0,0,0
Yes,"Landslide at Satra Number, Inaruwa Municipality-8",,other,Landslide,2023-06-29,Koshi,Sunsari,Inaruwa,8,,0,0,0,0,0,0,0,0,0,0,0,0,0,0,0,0,0,0,0,0,0
Yes,"Landslide at Jay Prithvi Rajmarga, Surnaya Rural Municipality-8",,other,Landslide,2023-06-29,Sudurpashchim,Baitadi,Surnaya,8,,0,0,0,0,0,0,0,0,0,0,0,0,0,0,0,0,0,0,0,0,0
Yes,Landslide at Surnaya Rural Municipality-8,,other,Landslide,2023-06-29,Sudurpashchim,Baitadi,Surnaya,8,,0,0,0,0,0,0,0,0,0,0,0,0,0,0,0,0,0,0,0,0,0
Yes,"Landslide at Dahakhola, Panini Rural Municipality-7",,other,Landslide,2023-06-29,Lumbini,Arghakhanchi,Panini,7,,0,0,0,0,0,0,0,0,0,0,0,0,0,0,0,0,0,0,0,0,0
Yes,Landslide at Raskot Municipality-7,,other,Landslide,2023-06-29,Karnali,Kalikot,Raskot,7,,0,0,0,0,0,0,0,0,0,0,0,0,0,0,0,0,0,0,0,0,0
Yes,"Landslide at Dab Bazar , Budhiganga Municipality-10",,other,Landslide,2023-06-28,Sudurpashchim,Bajura,Budhiganga,10,,0,0,0,0,0,0,0,0,0,0,0,0,0,0,0,0,0,0,0,0,0
Yes,"Landslide at Manthali Khare, Bigu Rural Municipality-1",,other,Landslide,2023-06-28,Bagmati,Dolakha,Bigu,1,,0,0,0,0,0,5,0,0,0,0,0,0,0,0,0,0,0,0,0,0,0
Yes,"Landslide at Kerabari , Jaljala Rural Municipality-7",,other,Landslide,2023-06-28,Gandaki,Parbat,Jaljala,7,,0,0,0,0,0,0,0,0,0,0,0,0,0,0,0,0,0,0,0,0,0
Yes,"Landslide at Thulo Akar , Dharmadevi Municipality-8",,other,Landslide,2023-06-28,Koshi,Sankhuwasabha,Dharmadevi,8,,0,0,0,0,0,0,0,0,0,0,0,0,0,0,0,0,0,0,0,0,0
Yes,"Landslide at Syala Khola , Mugum Karmarong Rural Municipality-7",,other,Landslide,2023-06-28,Karnali,Mugu,Mugum Karmarong,7,,0,0,0,0,0,0,0,0,0,0,0,0,0,0,0,0,0,0,0,0,0
Yes,"Landslide at Piluwakhola , Chainpur Municipality-10",,other,Landslide,2023-06-28,Koshi,Sankhuwasabha,Chainpur,10,,0,0,0,0,0,0,0,0,0,0,0,0,0,0,0,0,0,0,0,0,0
Yes,"Landslide at Narayanghat Muglin Highway, Ichchhyakamana Rural Municipality-5",,other,Landslide,2023-06-28,Bagmati,Chitwan,Ichchhakamana,5,,0,0,0,0,0,0,0,0,0,0,0,0,0,0,0,0,0,0,0,0,0
Yes,"Landslide at Tallo Baisari , Raghuganga Rural Municipality-3",,other,Landslide,2023-06-27,Gandaki,Myagdi,Raghuganga,3,,0,0,0,0,0,0,0,0,0,0,0,0,0,0,0,0,0,0,0,0,0
Yes,"Landslide at Paudur Ghumti , Annapurna Rural Municipality-3",,other,Landslide,2023-06-27,Gandaki,Kaski,Annapurna,3,,0,0,0,0,0,0,0,0,0,0,0,0,0,0,0,0,0,0,0,0,0
Yes,"Landslide at Dhaireni , Mathagadhi Rural Municipality-1",,other,Landslide,2023-06-27,Lumbini,Palpa,Mathagadhi,1,,0,0,0,0,0,0,0,0,0,0,0,0,0,0,0,0,0,0,0,0,0
Yes,Landslide at Patan Municipality-8,,other,Landslide,2023-06-27,Sudurpashchim,Baitadi,Patan,8,,0,0,0,0,0,0,0,0,0,0,0,0,0,0,0,0,0,0,0,0,0
Yes,"Landslide at Rati Khola , Gurans Rural Municipality-2",,other,Landslide,2023-06-27,Karnali,Dailekh,Gurans,2,,0,0,0,0,0,0,0,0,0,0,0,0,0,0,0,0,0,0,0,0,0
Yes,"Landslide at Rupse , Annapurna Rural Municipality-3",,other,Landslide,2023-06-27,Gandaki,Myagdi,Annapurna,3,,0,0,0,0,0,0,0,0,0,0,0,0,0,0,0,0,0,0,0,0,0
Yes,"Landslide at Kavre Bhir , Loghekar Damodarkunda Rural Municipality-5",,other,Landslide,2023-06-27,Gandaki,Mustang,Lo Ghekar Damodarkunda,5,,0,0,0,0,0,0,0,0,0,0,0,0,0,0,0,0,0,0,0,0,0
Yes,"Landslide at Naya Gaau / Jhakri Danda , Bagmati Rural Municipality-3",,other,Landslide,2023-06-27,Bagmati,Lalitpur,Bagmati,3,,0,0,0,0,0,0,0,0,0,0,0,0,0,0,0,0,0,0,0,0,0
Yes,"Landslide at Damar Khola , Chhedagad Municipality-13",,other,Landslide,2023-06-26,Karnali,Jajarkot,Chhedagad,13,,0,0,0,0,0,0,0,0,0,0,0,0,0,0,0,0,0,0,0,0,0
Yes,Landslide at Bharatpur Metropolitan City-29,,other,Landslide,2023-06-26,Bagmati,Chitwan,Bharatpur,29,,0,0,0,0,0,0,0,0,0,0,0,0,0,0,0,0,0,0,0,0,0
Yes,"Landslide at Seling , Sangurigadhi Rural Municipality-5",,other,Landslide,2023-06-26,Koshi,Dhankuta,Sangurigadhi,5,,0,0,0,0,0,0,0,0,0,0,0,0,0,0,0,0,0,0,0,0,0
Yes,"Landslide at Gangate, Makawanpurgadhi Rural Municipality-5",,other,Landslide,2023-06-26,Bagmati,Makwanpur,Makawanpurgadhi,5,,0,0,0,0,0,0,0,0,0,0,0,0,0,0,0,0,0,0,0,0,0
Yes,"Landslide at Bhattedanda - Takurche, Konjyosom Rural Municipality-4",,other,Landslide,2023-06-26,Bagmati,Lalitpur,Konjyosom,4,,0,0,0,0,0,0,0,0,0,0,0,0,0,0,0,0,0,0,0,0,0
Yes,"Landslide at Bersawang - Shaid Marga , Rolpa Municipality-10",,other,Landslide,2023-06-26,Lumbini,Rolpa,Rolpa,10,,0,0,0,0,0,0,0,0,0,0,0,0,0,0,0,0,0,0,0,0,0
Yes,"Landslide at Chautaradanda , Sukidaha Rural Municipality-2",,other,Landslide,2023-06-25,Lumbini,Rolpa,Sukidaha,2,300000,0,0,0,0,0,0,0,0,0,0,0,0,0,0,0,0,0,0,0,0,0
Yes,"Landslide at Satra Kilo , Bharatpur Metropolitan City-29",,other,Landslide,2023-06-25,Bagmati,Chitwan,Bharatpur,29,,0,0,0,0,0,0,0,0,0,0,0,0,0,0,0,0,0,0,0,0,0
Yes,"Landslide at Pame - Aarbot , Pokhara Lekhnath Metropolitan City-23",,other,Landslide,2023-06-25,Gandaki,Kaski,Pokhara,23,,0,0,1,1,0,0,0,0,0,0,0,0,0,0,0,0,0,0,0,0,0
Yes,"Landslide at Kasnthamali , Tribeni Rural Municipality-2",,other,Landslide,2023-06-24,Lumbini,Rolpa,Tribeni,2,,0,0,0,0,0,0,0,0,0,0,0,0,0,0,0,0,0,0,0,0,0
Yes,"Landslide at Jayaprithvi Highway , Sigas Rural Municipality-9",,other,Landslide,2023-06-24,Sudurpashchim,Baitadi,Sigas,9,,0,0,0,0,0,0,0,0,0,0,0,0,0,0,0,0,0,0,0,0,0
Yes,"Landslide at Seltada , Ganayapdhura Rural Municipality-3",,other,Landslide,2023-06-24,Sudurpashchim,Dadeldhura,Ganayapdhura,3,,0,0,0,0,0,0,0,0,0,0,0,0,0,0,0,0,0,0,0,0,0
Yes,"Landslide at Naini Bagar, Raghuganga Rural Municipality-8",,other,Landslide,2023-06-24,Gandaki,Myagdi,Raghuganga,8,,0,0,0,0,0,0,0,0,0,0,0,0,0,0,0,0,0,0,0,0,0
Yes,"Landslide at Amkot Dwari , Budhiganga Municipality-1",,other,Landslide,2023-06-24,Sudurpashchim,Bajura,Budhiganga,1,,0,0,0,0,0,0,0,0,0,0,0,0,0,0,0,0,0,0,0,0,0
Yes,"Landslide at Bihibare Bazar , Nechasalyan Rural Municipality-3",,other,Landslide,2023-06-24,Koshi,Solukhumbu,Nechasalyan,3,,0,0,0,0,0,0,0,0,0,0,0,0,0,0,0,0,0,0,0,0,0
Yes,"Landslide at Maranthana , Thawang Rural Municipality-2",,other,Landslide,2023-06-24,Lumbini,Rolpa,Thabang,2,,0,0,0,0,0,0,0,0,0,0,0,0,0,0,0,0,0,0,0,0,0
Yes,"Landslide at Tunbagar , Aathabis Municipality-3",,other,Landslide,2023-06-24,Karnali,Dailekh,Aathabis,3,,0,0,2,2,0,20,0,0,0,0,0,0,0,0,0,0,0,0,0,0,0
Yes,"Landslide at Mahabhir , Modi Rural Municipality-6",,nepal_police,Landslide,2023-06-23,Gandaki,Parbat,Modi,6,,0,0,0,0,0,0,0,0,0,0,0,0,0,0,0,0,0,0,0,0,0
Yes,"Landslide at Kamerephat, Kamalamai Municipality-5",,other,Landslide,2023-06-23,Bagmati,Sindhuli,Kamalamai,5,,0,0,0,0,0,0,0,0,0,0,0,0,0,0,0,0,0,0,0,0,0
Yes,"Landslide at Seleghat - Triveni , Manthali Municipality-6",,other,Landslide,2023-06-23,Bagmati,Ramechhap,Manthali,6,,0,0,0,0,0,0,0,0,0,0,0,0,0,0,0,0,0,0,0,0,0
Yes,"Landslide at Paudur Ghumti, Annapurna Rural Municipality-3",,other,Landslide,2023-06-23,Gandaki,Kaski,Annapurna,3,,0,0,0,0,0,0,0,0,0,0,0,0,0,0,0,0,0,0,0,0,0
Yes,"Landslide at Naini Bagar, Annapurna Rural Municipality-2",,other,Landslide,2023-06-23,Gandaki,Myagdi,Annapurna,2,,0,0,0,0,0,0,0,0,0,0,0,0,0,0,0,0,0,0,0,0,0
Yes,Landslide at Surnaya Rural Municipality-5,,other,Landslide,2023-06-23,Sudurpashchim,Baitadi,Surnaya,5,,0,0,0,0,0,0,0,0,0,0,0,0,0,0,0,0,0,0,0,0,0
Yes,"Landslide at Nigale , Lisangkhu Pakhar Rural Municipality-5",,other,Landslide,2023-06-23,Bagmati,Sindhupalchok,Lisangkhu Pakhar,5,800000,0,0,1,1,0,0,0,0,0,0,0,0,0,0,0,0,0,0,0,0,0
Yes,"Landslide at Khusbu Tole , Khijidemba Rural Municipality-5",,other,Landslide,2023-06-23,Koshi,Okhaldhunga,Khijidemba,5,,0,0,0,0,0,0,0,0,0,0,0,0,0,0,0,0,0,0,0,0,0
Yes,Landslide at Nechasalyan Rural Municipality-5,,other,Landslide,2023-06-23,Koshi,Solukhumbu,Nechasalyan,5,,0,0,0,0,0,0,0,0,0,0,0,0,0,0,0,0,0,0,0,0,0
Yes,"Landslide at Panebanj , Shailyashikhar Municipality-6",,other,Landslide,2023-06-22,Sudurpashchim,Darchula,Shailyashikhar,6,,0,0,0,0,0,0,0,0,0,0,0,0,0,0,0,0,0,0,0,0,0
Yes,"Landslide at Naktad , Shailyashikhar Municipality-9",,other,Landslide,2023-06-22,Sudurpashchim,Darchula,Shailyashikhar,9,,0,0,0,0,0,0,0,0,0,0,0,0,0,0,0,0,0,0,0,0,0
Yes,"Landslide at Giribagad - Naulakhola , Dilasaini Rural Municipality-3",,other,Landslide,2023-06-22,Sudurpashchim,Baitadi,Dilasaini,3,,0,0,0,0,0,0,0,0,0,0,0,0,0,0,0,0,0,0,0,0,0
Yes,"Landslide at Jyapu, Patan Municipality-8",,other,Landslide,2023-06-22,Sudurpashchim,Baitadi,Patan,8,,0,0,0,0,0,0,0,0,0,0,0,0,0,0,0,0,0,0,0,0,0
Yes,"Landslide at Rajbrikshya  & Matdanda , Bulingtar Rural Municipality-1",,other,Landslide,2023-06-22,Gandaki,Nawalparasi East,Bulingtar,1,,0,0,0,0,0,0,0,0,0,0,0,0,0,0,0,0,0,0,0,0,0
Yes,"Landslide at Baisurnaiya , Surnaya Rural Municipality-5",,other,Landslide,2023-06-22,Sudurpashchim,Baitadi,Surnaya,5,,0,0,0,0,0,0,0,0,0,0,0,0,0,0,0,0,0,0,0,0,0
Yes,"Landslide at Bajangineta, Bhairabi Rural Municipality-7",,other,Landslide,2023-06-22,Karnali,Dailekh,Bhairabi,7,,0,0,0,0,0,1,0,0,0,0,0,0,0,0,0,0,0,0,0,0,0
Yes,"Landslide at Sungtun / Orange Valley , Suryodaya Municipality-5",,other,Landslide,2023-06-22,Koshi,Ilam,Suryodaya,5,,0,0,0,0,0,0,0,0,0,0,0,0,0,0,0,0,0,0,0,0,0
Yes,"Landslide at Charuwa Gaau, Molung Rural Municipality-1",,other,Landslide,2023-06-22,Koshi,Okhaldhunga,Molung,1,,0,0,0,0,1,0,0,0,0,0,0,0,0,0,0,0,0,0,0,0,0
Yes,Landslide at Shuklagandaki Municipality-7,,other,Landslide,2023-06-22,Gandaki,Tanahu,Shuklagandaki,7,,0,0,0,0,0,0,0,0,0,0,0,0,0,0,0,0,0,0,0,0,0
Yes,"Landslide at Papunga, Shadananda Municipality-13",,other,Landslide,2023-06-22,Koshi,Bhojpur,Shadananda,13,60000,0,0,0,0,0,1,0,0,0,0,0,0,0,0,0,0,0,0,0,0,0
Yes,"Landslide at Kahule, Pokhara Lekhnath Metropolitan City-24",,other,Landslide,2023-06-22,Gandaki,Kaski,Pokhara,24,,0,0,0,0,0,0,0,0,0,0,0,0,0,0,0,0,0,0,0,0,0
Yes,"Landslide at Bideshi Tole , Khumbupasanglahmu Rural Municipality-3",,other,Landslide,2023-06-22,Koshi,Solukhumbu,Khumbu Pasanglhamu,3,50000,0,0,0,0,0,0,0,0,0,0,0,0,0,0,0,0,0,0,0,0,0
Yes,"Landslide at Fedi , Kepilasagadhi Rural Municipality-1",,other,Landslide,2023-06-21,Koshi,Khotang,Kepilasagadhi,1,200000,0,0,0,0,0,0,0,0,0,0,0,0,0,0,0,0,0,0,0,0,0
Yes,"Landslide at Bilandu Gaau , Champadevi Rural Municipality-8",,other,Landslide,2023-06-21,Koshi,Okhaldhunga,Champadevi,8,,0,0,3,3,0,0,4,2,2,0,0,0,0,0,0,0,0,0,0,0,0
Yes,"Landslide at Chapleti , Kalinchok Rural Municipality-4",,other,Landslide,2023-06-20,Bagmati,Dolakha,Kalinchok,4,,0,0,0,0,0,0,0,0,0,0,0,0,0,0,0,0,0,0,0,0,0
Yes,"Landslide at Namsipul, Ichchhyakamana Rural Municipality-6",,other,Landslide,2023-06-20,Bagmati,Chitwan,Ichchhakamana,6,,0,0,0,0,0,0,0,0,0,0,0,0,0,0,0,0,0,0,0,0,0
Yes,"Landslide at Lumwang, Makalu Rural Municipality-5",,other,Landslide,2023-06-19,Koshi,Sankhuwasabha,Makalu,5,,0,0,0,0,0,2,0,0,0,0,0,0,0,0,0,0,0,0,0,0,0
Yes,"Landslide at Mehele Khuwa , Sidingba Rural Municipality-6",,other,Landslide,2023-06-19,Koshi,Taplejung,Sidingba,6,,0,0,0,0,0,0,0,0,0,0,0,0,0,0,0,0,1,1,0,0,0
Yes,"Landslide at Sinam , Sirijangha Rural Municipality-1",,other,Landslide,2023-06-19,Koshi,Taplejung,Sirijangha,1,,0,0,0,0,0,0,0,0,0,0,0,0,0,0,0,0,0,0,0,0,0
Yes,"Landslide at Buddha Danda , Phaktanglung Rural Municipality-6",,other,Landslide,2023-06-19,Koshi,Taplejung,Phaktanglung,6,,0,0,0,0,0,3,0,0,0,0,0,0,0,0,0,0,0,0,0,0,0
Yes,"Landslide at Surumakhim , Sidingba Rural Municipality-7",,other,Landslide,2023-06-19,Koshi,Taplejung,Sidingba,7,,0,0,0,0,0,0,0,0,0,0,0,0,0,0,0,0,0,0,0,0,0
Yes,"Landslide at Mukhu Bhanjyang, Phaktanglung Rural Municipality-6",,other,Landslide,2023-06-18,Koshi,Taplejung,Phaktanglung,6,,0,0,0,0,0,0,2,2,0,0,0,0,0,0,0,0,1,1,0,0,0
Yes,"Landslide at Saalghari - Madhyapahadi Lokmarga, Phidim Municipality-4",,other,Landslide,2023-06-18,Koshi,Panchthar,Phidim,4,,0,0,0,0,0,0,0,0,0,0,0,0,0,0,0,0,0,0,0,0,0
Yes,"Landslide at Thapatar, Phidim Municipality-11",,other,Landslide,2023-06-18,Koshi,Panchthar,Phidim,11,,0,0,0,0,0,0,0,0,0,0,0,0,0,0,0,0,0,0,0,0,0
Yes,"Landslide at Chhatedhunga , Phungling Municipality-10",,other,Landslide,2023-06-18,Koshi,Taplejung,Phungling,10,,0,0,0,0,0,0,0,0,0,0,0,0,0,0,0,0,0,0,0,0,0
Yes,"Landslide at Mathillo Gudadi , Myagde Rural Municipality-1",,other,Landslide,2023-06-18,Gandaki,Tanahu,Myagde,1,,0,0,0,0,0,0,2,2,0,0,0,0,0,0,0,0,1,1,0,0,0
Yes,"Landslide at Yekcheppa, Hilihang Rural Municipality-7",,other,Landslide,2023-06-18,Koshi,Panchthar,Hilihang,7,,0,0,0,0,0,7,0,0,0,0,0,0,0,0,0,0,0,0,0,0,0
Yes,"Landslide at Chuhan Danda , Aathrai Rural Municipality-6",,other,Landslide,2023-06-18,Koshi,Terhathum,Aathrai,6,,0,0,0,0,0,0,0,0,0,0,0,0,0,0,0,0,0,0,0,0,0
Yes,"Landslide at Chirbhanjyang , Falelung Rural Municipality-1",,other,Landslide,2023-06-18,Koshi,Panchthar,Falelung,1,,0,0,0,0,0,0,0,0,0,0,0,0,0,0,0,0,0,0,0,0,0
Yes,"Landslide at Kholaghari , Phidim Municipality-11",,other,Landslide,2023-06-18,Koshi,Panchthar,Phidim,11,,0,0,0,0,0,0,0,0,0,0,0,0,0,0,0,0,0,0,0,0,0
Yes,"Landslide at Phoksing , Pokhara Lekhnath Metropolitan City-21",,other,Landslide,2023-06-18,Gandaki,Kaski,Pokhara,21,,0,0,0,0,0,0,0,0,0,0,0,0,0,0,0,0,0,0,0,0,0
Yes,"Landslide at Simle , Dharche Rural Municipality-5",,other,Landslide,2023-06-18,Gandaki,Gorkha,Dharche,5,,0,0,0,0,0,0,1,1,0,0,0,0,0,0,0,0,0,0,0,0,0
Yes,"Landslide at Kanxidobhan, Phidim Municipality-11",,other,Landslide,2023-06-17,Koshi,Panchthar,Phidim,11,,0,0,0,0,0,0,0,0,0,0,0,0,0,0,0,0,0,0,0,0,0
Yes,Landslide at Illam Municipality-12,,other,Landslide,2023-06-17,Koshi,Ilam,Ilam,12,,0,0,0,0,0,0,0,0,0,0,0,0,0,0,0,0,0,0,0,0,0
Yes,"Landslide at Patewa, Fakphokthum Rural Municipality-1",,other,Landslide,2023-06-17,Koshi,Ilam,Phakphokthum,1,,0,0,0,0,0,0,0,0,0,0,0,0,0,0,0,0,0,0,0,0,0
Yes,Landslide at Phaktanglung Rural Municipality-6,,other,Landslide,2023-06-17,Koshi,Taplejung,Phaktanglung,6,,0,0,0,0,0,0,0,0,0,0,0,0,0,0,0,0,0,0,0,0,0
Yes,"Landslide at Chemphuwa Khola - Gurungtar, Phidim Municipality-11",,other,Landslide,2023-06-17,Koshi,Panchthar,Phidim,11,5800000,0,0,0,0,0,0,0,0,0,0,0,0,0,0,0,0,0,0,0,0,0
Yes,"Landslide at Lukunsara, Pokhara Lekhnath Metropolitan City-22",,other,Landslide,2023-06-17,Gandaki,Kaski,Pokhara,22,,0,0,0,0,0,1,0,0,0,0,0,0,0,0,0,0,0,0,0,0,0
Yes,"Landslide at Tellok , Sirijangha Rural Municipality-4",,other,Landslide,2023-06-17,Koshi,Taplejung,Sirijangha,4,,0,0,0,0,0,0,0,0,0,0,0,0,0,0,0,0,0,0,0,0,0
Yes,"Landslide at Pahire, Sangurigadhi Rural Municipality-5",,other,Landslide,2023-06-17,Koshi,Dhankuta,Sangurigadhi,5,,0,0,0,0,0,0,0,0,0,0,0,0,0,0,0,0,0,0,0,0,0
Yes,"Landslide at Phaktep Bazar, Falgunanda Rural Municipality-5",,other,Landslide,2023-06-17,Koshi,Panchthar,Falgunanda,5,,0,0,1,1,1,0,0,0,0,0,0,0,0,0,0,0,0,0,0,0,0
Yes,"Landslide at Phedi, Yangwarak Rural Municipality-1",,other,Landslide,2023-06-17,Koshi,Panchthar,Yangwarak,1,,0,0,0,0,0,0,0,0,0,0,0,0,0,0,0,0,0,0,0,0,0
Yes,"Landslide at Kaule , Phidim Municipality-11",,other,Landslide,2023-06-17,Koshi,Panchthar,Phidim,11,200000,0,0,1,1,0,0,0,0,0,0,0,0,0,0,0,0,0,0,0,0,0
Yes,"Landslide at Akhuwa Khola , Bhojpur Municipality-12",,other,Landslide,2023-06-17,Koshi,Bhojpur,Bhojpur,12,,0,0,0,0,0,0,0,0,0,0,0,0,0,0,0,0,0,0,0,0,0
Yes,"Landslide at Mehele, Phaktanglung Rural Municipality-6",,other,Landslide,2023-06-16,Koshi,Taplejung,Phaktanglung,6,,0,0,0,0,0,0,1,1,0,0,0,3,0,0,3,0,0,0,0,0,0
Yes,"Landslide at Nabi Bhanjyang , Sidingba Rural Municipality-6",,other,Landslide,2023-06-16,Koshi,Taplejung,Sidingba,6,,0,0,0,0,0,0,0,0,0,0,0,0,0,0,0,0,0,0,0,0,0
Yes,"Landslide at Ilabote , Phaktanglung Rural Municipality-6",,other,Landslide,2023-06-16,Koshi,Taplejung,Phaktanglung,6,,0,0,0,0,0,0,0,0,0,0,0,0,0,0,0,0,0,0,0,0,0
Yes,"Landslide at Majuwa Dovan, Sabhapokhari Rural Municipality-6",,other,Landslide,2023-06-16,Koshi,Sankhuwasabha,Savapokhari,6,,0,0,0,0,0,2,0,0,0,0,0,2,0,0,2,0,0,0,0,0,0
Yes,Landslide at Phaktanglung Rural Municipality-6,,other,Landslide,2023-06-16,Koshi,Taplejung,Phaktanglung,6,,0,0,0,0,0,0,0,0,0,0,0,0,0,0,0,0,0,0,0,0,0
Yes,"Landslide at Sesambu, Pathibhara Yangwarak Rural Municipality-1",,other,Landslide,2023-06-16,Koshi,Taplejung,Pathibhara Yangwarak,1,,0,0,0,0,0,0,0,0,0,0,0,0,0,0,0,0,0,0,0,0,0
Yes,"Landslide at Tamrang, Mikwakhola Rural Municipality-4",,other,Landslide,2023-06-16,Koshi,Taplejung,Mikwakhola,4,,0,0,0,0,0,0,0,0,0,0,0,0,0,0,0,0,0,0,0,0,0
Yes,Landslide at Phidim Municipality-11,,other,Landslide,2023-06-16,Koshi,Panchthar,Phidim,11,,0,0,0,0,0,1,0,0,0,0,0,0,0,0,0,0,0,0,0,0,0
Yes,"Landslide at Bagale, Sirijangha Rural Municipality-7",,other,Landslide,2023-06-16,Koshi,Taplejung,Sirijangha,7,,0,0,0,0,0,11,0,0,0,0,0,0,0,0,0,0,0,0,0,0,0
Yes,"Landslide at Okharbote, Pathibhara Yangwarak Rural Municipality-3",,other,Landslide,2023-06-16,Koshi,Taplejung,Pathibhara Yangwarak,3,,0,0,0,0,0,0,0,0,0,0,0,0,0,0,0,0,0,0,0,0,0
Yes,"Landslide at Kholaghari, Falelung Rural Municipality-3",,other,Landslide,2023-06-16,Koshi,Panchthar,Falelung,3,,0,0,0,0,0,0,1,0,1,0,0,0,0,0,0,0,1,0,1,0,0
Yes,"Landslide at Mehele, Sidingba Rural Municipality-6",,other,Landslide,2023-06-16,Koshi,Taplejung,Sidingba,6,,0,0,0,0,0,0,0,0,0,0,0,0,0,0,0,0,0,0,0,0,0
Yes,"Landslide at Chaurikharka, Panchakhapan Municipality-9",,other,Landslide,2023-06-16,Koshi,Sankhuwasabha,Panchakhapan,9,,0,0,0,0,0,0,0,0,0,0,0,0,0,0,0,0,0,0,0,0,0
Yes,"Landslide at Bihani Petrolpump, Gajuri Rural Municipality-2",,other,Landslide,2023-06-15,Bagmati,Dhading,Gajuri,2,,0,0,0,0,0,0,0,0,0,0,0,0,0,0,0,0,0,0,0,0,0
Yes,"Landslide at Haitar , Makalu Rural Municipality-3",,other,Landslide,2023-06-15,Koshi,Sankhuwasabha,Makalu,3,,0,0,0,0,0,0,0,0,0,0,0,0,0,0,0,0,0,0,0,0,0
Yes,"Landslide at Kameri, Netrawati Dabjong Rural Municipality-1",,other,Landslide,2023-06-14,Bagmati,Dhading,Netrawati Dabjong,1,,0,0,0,0,0,0,0,0,0,0,0,0,0,0,0,0,0,0,0,0,0
Yes,"Landslide at Jarekhet Kholsi, Netrawati Dabjong Rural Municipality-1",,other,Landslide,2023-06-14,Bagmati,Dhading,Netrawati Dabjong,1,,0,0,0,0,0,0,0,0,0,0,0,0,0,0,0,0,0,0,0,0,0
Yes,"Landslide at Rambazar, Siddhicharan Municipality-11",,other,Landslide,2023-06-14,Koshi,Okhaldhunga,Siddhicharan,11,500000,0,0,0,0,0,0,0,0,0,0,0,0,0,0,0,0,0,0,0,0,0
Yes,"Landslide at Chhepare, Makawanpurgadhi Rural Municipality-5",,other,Landslide,2023-06-14,Bagmati,Makwanpur,Makawanpurgadhi,5,,0,0,0,0,0,0,0,0,0,0,0,0,0,0,0,0,0,0,0,0,0
Yes,"Landslide at Rabi Rake Sadak - Baluwakhani, Sangurigadhi Rural Municipality-5",,other,Landslide,2023-06-14,Koshi,Dhankuta,Sangurigadhi,5,,0,0,0,0,0,0,0,0,0,0,0,0,0,0,0,0,0,0,0,0,0
Yes,"Landslide at Newar Tole, Suryagadhi Rural Municipality-4",,other,Landslide,2023-06-14,Bagmati,Nuwakot,Suryagadhi,4,,0,0,0,0,0,0,1,1,0,0,0,0,0,0,0,0,0,0,0,0,0
Yes,Landslide at Sirijangha Rural Municipality-4,,other,Landslide,2023-06-14,Koshi,Taplejung,Sirijangha,4,,0,0,0,0,0,3,0,0,0,0,0,0,0,0,0,0,0,0,0,0,0
Yes,"Landslide at Khurpathak, Meringden Rural Municipality-5",,other,Landslide,2023-06-14,Koshi,Taplejung,Meringden,5,,0,0,0,0,0,0,0,0,0,0,0,0,0,0,0,0,0,0,0,0,0
Yes,"Landslide at Udipur, Marsyangdi Rural Municipality-7",,other,Landslide,2023-06-13,Gandaki,Lamjung,Marsyangdi,7,,0,0,0,0,0,0,0,0,0,0,0,0,0,0,0,0,0,0,0,0,0
Yes,"Landslide at Sisneri, Makawanpurgadhi Rural Municipality-5",,other,Landslide,2023-06-13,Bagmati,Makwanpur,Makawanpurgadhi,5,,0,0,0,0,0,0,0,0,0,0,0,0,0,0,0,0,0,0,0,0,0
Yes,"Landslide at Udipur, Besishahar Municipality-1",,other,Landslide,2023-06-13,Gandaki,Lamjung,Besishahar,1,,0,0,0,0,0,0,0,0,0,0,0,0,0,0,0,0,0,0,0,0,0
Yes,"Landslide at Bihibare, Panchakhapan Municipality-7",,other,Landslide,2023-06-13,Koshi,Sankhuwasabha,Panchakhapan,7,100000,0,0,0,0,0,0,0,0,0,0,0,0,0,0,0,0,0,0,0,0,0
Yes,"Landslide at Bhattedanda, Konjyosom Rural Municipality-4",,other,Landslide,2023-06-13,Bagmati,Lalitpur,Konjyosom,4,,0,0,0,0,0,0,0,0,0,0,0,0,0,0,0,0,0,0,0,0,0
Yes,"Landslide at Ghatbesi, Netrawati Dabjong Rural Municipality-1",,other,Landslide,2023-06-13,Bagmati,Dhading,Netrawati Dabjong,1,,0,0,0,0,0,0,0,0,0,0,0,0,0,0,0,0,0,0,0,0,0
Yes,"Landslide at Udipur, Marsyangdi Rural Municipality-7",,other,Landslide,2023-06-13,Gandaki,Lamjung,Marsyangdi,7,,0,0,0,0,0,0,0,0,0,0,0,0,0,0,0,0,0,0,0,0,0
Yes,Landslide at Marsyangdi Rural Municipality-7,,other,Landslide,2023-06-13,Gandaki,Lamjung,Marsyangdi,7,,0,0,0,0,0,0,0,0,0,0,0,0,0,0,0,0,0,0,0,0,0
Yes,"Landslide at Bagum, Marsyangdi Rural Municipality-7",,other,Landslide,2023-06-13,Gandaki,Lamjung,Marsyangdi,7,,0,0,0,0,0,0,0,0,0,0,0,0,0,0,0,0,0,0,0,0,0
Yes,"Landslide at Ambegudin, Sirijangha Rural Municipality-2",,other,Landslide,2023-06-13,Koshi,Taplejung,Sirijangha,2,300000,0,0,0,0,0,0,0,0,0,0,0,0,0,0,0,0,0,0,0,0,0
Yes,"Landslide at Nayu, Marsyangdi Rural Municipality-7",,other,Landslide,2023-06-13,Gandaki,Lamjung,Marsyangdi,7,4500000,0,0,0,0,0,0,0,0,0,0,0,0,0,0,0,0,0,0,0,0,0
Yes,"Landslide at Naya Basti , Makalu Rural Municipality-3",,other,Landslide,2023-06-10,Koshi,Sankhuwasabha,Makalu,3,,0,0,0,0,0,0,0,0,0,0,0,0,0,0,0,0,0,0,0,0,0
Yes,"Landslide at Bhalkun, Mathagadhi Rural Municipality-1",,other,Landslide,2023-06-08,Lumbini,Palpa,Mathagadhi,1,,0,0,1,1,0,0,0,0,0,0,0,0,0,0,0,0,1,0,1,0,0
Yes,"Landslide at Panebaj, Apihimal Rural Municipality-6",,other,Landslide,2023-05-28,Sudurpashchim,Darchula,Apihimal,6,,0,0,0,0,0,0,0,0,0,0,0,0,0,0,0,0,0,0,0,0,0
Yes,"Landslide at Gang, Rolpa Municipality-10",,other,Landslide,2023-05-26,Lumbini,Rolpa,Rolpa,10,,0,0,0,0,0,0,0,0,0,0,0,0,0,0,0,0,0,0,0,0,0
Yes,"Landslide at Bhattedanda , Bagmati Rural Municipality-3",,other,Landslide,2023-05-26,Bagmati,Lalitpur,Bagmati,3,,0,0,0,0,0,0,0,0,0,0,0,0,0,0,0,0,0,0,0,0,0
Yes,"Landslide at Ghurekharka Fedi, Raghuganga Rural Municipality-8",,other,Landslide,2023-05-25,Gandaki,Myagdi,Raghuganga,8,,0,0,0,0,0,0,0,0,0,0,0,0,0,0,0,0,0,0,0,0,0
Yes,"Landslide at Sangkosh , Netrawati Dabjong Rural Municipality-1",,other,Landslide,2023-05-24,Bagmati,Dhading,Netrawati Dabjong,1,,0,0,0,0,0,0,0,0,0,0,0,0,0,0,0,0,4,4,0,0,0
Yes,"Landslide at Nimri , Rolpa Municipality-10",,other,Landslide,2023-05-23,Lumbini,Rolpa,Rolpa,10,,0,0,0,0,0,0,0,0,0,0,0,0,0,0,0,0,0,0,0,0,0
Yes,"Landslide at Sirantal , Nashong Rural Municipality-1",,other,Landslide,2023-05-23,Gandaki,Manang,Nashong,1,,0,0,0,0,0,0,0,0,0,0,0,0,0,0,0,0,0,0,0,0,0
Yes,"Landslide at Khalla , Gaumul Rural Municipality-1",,other,Landslide,2023-05-22,Sudurpashchim,Bajura,Gaumul,1,,0,0,0,0,0,6,0,0,0,0,0,0,0,0,0,0,0,0,0,0,0
Yes,Landslide at Bharatpur Metropolitan City-14,,other,Landslide,2023-05-21,Bagmati,Chitwan,Bharatpur,14,,0,0,0,0,0,0,0,0,0,0,0,0,0,0,0,0,0,0,0,0,0
Yes,"Landslide at Simtar, Khandbari Municipality-7",,other,Landslide,2023-05-19,Koshi,Sankhuwasabha,Khandbari,7,,0,0,0,0,0,0,0,0,0,0,0,0,0,0,0,0,0,0,0,0,0
Yes,"Landslide at Guithe , Raghuganga Rural Municipality-8",,other,Landslide,2023-05-19,Gandaki,Myagdi,Raghuganga,8,,0,0,0,0,0,0,0,0,0,0,0,0,0,0,0,0,0,0,0,0,0
Yes,"Landslide at Triveni , Rolpa Municipality-10",,other,Landslide,2023-05-14,Lumbini,Rolpa,Rolpa,10,,0,0,0,0,0,0,0,0,0,0,0,0,0,0,0,0,1,1,0,0,0
Yes,"Landslide at Charchare, Mathagadhi Rural Municipality-1",,nepal_police,Landslide,2023-05-04,Lumbini,Palpa,Mathagadhi,1,,0,0,0,0,0,0,0,0,0,0,0,0,0,0,0,0,0,0,0,0,0
Yes,"Landslide at Nandikhola , Rolpa Municipality-10",,other,Landslide,2023-04-30,Lumbini,Rolpa,Rolpa,10,,0,0,0,0,0,0,0,0,0,0,0,0,0,0,0,0,0,0,0,0,0
Yes,"Landslide at Phaksinda Dovan , Khandbari Municipality-7",,nepal_police,Landslide,2023-04-29,Koshi,Sankhuwasabha,Khandbari,7,,0,0,0,0,0,0,0,0,0,0,0,0,0,0,0,0,0,0,0,0,0
Yes,"Landslide at Okharenighad , Sirupata , Pachaljharana Rural Municipality-3",,nepal_police,Landslide,2023-04-18,Karnali,Kalikot,Pachaljharana,3,,0,0,0,0,0,0,2,2,0,0,0,0,0,0,0,0,0,0,0,0,0
Yes,"Landslide at Nandikhola, Tribeni Rural Municipality-7",,nepal_police,Landslide,2023-04-12,Lumbini,Rolpa,Tribeni,7,,0,0,1,1,0,0,0,0,0,0,0,0,0,0,0,0,0,0,0,0,0
Yes,"Landslide at Chisapani, Panchkhal Municipality-8",,nepal_police,Landslide,2023-04-12,Bagmati,Kavrepalanchok,Panchkhal,8,,0,0,0,0,0,0,1,1,0,0,0,0,0,0,0,0,2,1,1,0,0
Yes,"Landslide at Tope Khola , Bharatpur Metropolitan City-14",,nepal_police,Landslide,2023-03-26,Bagmati,Chitwan,Bharatpur,14,,0,0,0,0,0,0,0,0,0,0,0,0,0,0,0,0,0,0,0,0,0
Yes,"Landslide at Lamabagar, Bigu Rural Municipality-1",,nepal_police,Landslide,2023-03-26,Bagmati,Dolakha,Bigu,1,,0,0,0,0,0,0,0,0,0,0,0,0,0,0,0,0,0,0,0,0,0
Yes,"Landslide at Dhanada , Pachaljharana Rural Municipality-3",,nepal_police,Landslide,2023-03-21,Karnali,Kalikot,Pachaljharana,3,,0,0,0,0,0,0,0,0,0,0,0,0,0,0,0,0,0,0,0,0,0
Yes,"Landslide at Kawadi-Kiudi, Gaumul Rural Municipality-1",,nepal_police,Landslide,2023-02-23,Sudurpashchim,Bajura,Gaumul,1,,0,0,0,0,0,0,0,0,0,0,0,0,0,0,0,0,2,1,1,0,0
Yes,"Landslide at Rasi, Shey Phoksundo Rural Municipality-99",,nepal_police,Landslide,2023-02-18,Karnali,Dolpa,Shey Phoksundo,99,,0,0,0,0,0,0,0,0,0,0,0,0,0,0,0,0,2,2,0,0,0
Yes,"Landslide at Kuchche, Tripurasundari Municipality-5",,nepal_police,Landslide,2023-02-07,Karnali,Dolpa,Tripurasundari,5,,0,0,0,0,0,0,0,0,0,0,0,0,0,0,0,0,0,0,0,0,0
Yes,"Landslide at Baradi, Anbukhaireni Rural Municipality-1",,nepal_police,Landslide,2023-01-02,Gandaki,Tanahu,Aanbookhaireni,1,,0,0,0,0,0,0,0,0,0,0,0,0,0,0,0,0,0,0,0,0,0
Yes,Landslide at Chhathar Rural Municipality-2,,nepal_police,Landslide,2022-11-05,Koshi,Terhathum,Chhathar,2,,0,0,0,0,0,0,0,0,0,0,0,0,0,0,0,0,0,0,0,0,0
Yes,"Landslide at Chilinkha, Bigu Rural Municipality-5",,nepal_police,Landslide,2022-11-03,Bagmati,Dolakha,Bigu,5,,0,0,0,0,0,0,0,0,0,0,0,0,0,0,0,0,1,0,1,0,0
Yes,"Landslide at bhuwa, Budhinanda Municipality-3",,nepal_police,Landslide,2022-10-11,Sudurpashchim,Bajura,Budhinanda,3,,0,0,0,0,0,5,0,0,0,0,0,0,0,0,0,0,0,0,0,0,0
Yes,Landslide at Mahawai Rural Municipality-3,,nepal_police,Landslide,2022-10-11,Karnali,Kalikot,Mahawai,3,,0,0,4,4,0,0,0,0,0,0,0,0,0,0,0,0,0,0,0,0,0
Yes,"Landslide at Dayaune, Binayee Tribeni Rural Municipality-2",,nepal_police,Landslide,2022-10-11,Gandaki,Nawalparasi East,Binayee Tribeni,2,,0,0,0,0,3,0,0,0,0,0,0,0,0,0,0,0,0,0,0,0,0
Yes,"Landslide at Nepalitole, Tribeni Municipality-8",,nepal_police,Landslide,2022-10-11,Sudurpashchim,Bajura,Tribeni,8,,0,0,3,3,0,0,0,0,0,0,0,0,0,0,0,0,0,0,0,0,0
Yes,"Landslide at Syalkatyaya, Budhiganga Municipality-7",,nepal_police,Landslide,2022-10-10,Sudurpashchim,Bajura,Budhiganga,7,,0,0,2,2,0,0,0,0,0,0,0,0,0,0,0,0,0,0,0,0,0
Yes,Landslide at Gaumul Rural Municipality-1,,nepal_police,Landslide,2022-10-10,Sudurpashchim,Bajura,Gaumul,1,,0,0,0,0,0,15,0,0,0,0,0,0,0,0,0,0,0,0,0,0,0
Yes,"Landslide at Kabhripatali , Jagannath Rural Municipality-6",,nepal_police,Landslide,2022-10-10,Sudurpashchim,Bajura,Jagannath,6,,0,0,0,0,46,0,0,0,0,0,0,0,0,0,0,0,0,0,0,0,0
Yes,"Landslide at Tolipani, Dullu Municipality-6",,nepal_police,Landslide,2022-10-10,Karnali,Dailekh,Dullu,6,,0,0,2,2,6,0,0,0,0,0,0,0,0,0,0,0,0,0,0,0,0
Yes,"Landslide at kawadi, Himali Rural Municipality-5",,nepal_police,Landslide,2022-10-10,Sudurpashchim,Bajura,Himali,5,,0,0,0,0,0,0,0,0,0,0,0,0,0,0,0,0,0,0,0,0,0
Yes,"Landslide at Malaikhola, Babai Rural Municipality-7",,nepal_police,Landslide,2022-10-10,Lumbini,Dang,Babai,7,,0,0,0,0,0,0,0,0,0,0,0,0,0,0,0,0,1,1,0,0,0
Yes,"Landslide at Chhapre, Tilagufa Municipality-7",,nepal_police,Landslide,2022-10-10,Karnali,Kalikot,Tilagufa,7,,0,0,0,0,0,0,0,0,0,0,0,0,0,0,0,0,1,1,0,0,0
Yes,"Landslide at Jogimare, Sandhikharka Municipality-11",,nepal_police,Landslide,2022-10-09,Lumbini,Arghakhanchi,Sandhikharka,11,,0,0,6,6,0,0,0,0,0,0,0,0,0,0,0,0,0,0,0,0,0
Yes,"Landslide at Athkhola, Purchaudi Municipality-9",,nepal_police,Landslide,2022-10-09,Sudurpashchim,Baitadi,Purchaudi,9,,0,0,1,1,0,5,0,0,0,0,0,0,0,0,0,0,0,0,0,0,0
Yes,"Landslide at Phaita, Swami Kartik Rural Municipality-4",,nepal_police,Landslide,2022-10-09,Sudurpashchim,Bajura,Swami Kartik,4,,0,0,0,0,0,0,0,0,0,0,0,0,0,0,0,0,0,0,0,0,0
Yes,"Landslide at Dhadakot, Jagannath Rural Municipality-1",,nepal_police,Landslide,2022-10-09,Sudurpashchim,Bajura,Jagannath,1,,0,0,5,5,0,2,1,1,0,0,0,0,0,0,0,0,1,0,1,0,0
Yes,"Landslide at Salim, Chhayanath Rara Municipality-11",,nepal_police,Landslide,2022-10-09,Karnali,Mugu,Chhayanath Rara,11,,0,0,130,130,79,0,8,4,4,0,0,0,0,0,0,0,5,0,5,0,0
Yes,Landslide at Tilagufa Municipality-11,,nepal_police,Landslide,2022-10-09,Karnali,Kalikot,Tilagufa,11,,0,0,2,2,0,2,0,0,0,0,0,0,0,0,0,0,0,0,0,0,0
Yes,"Landslide at Shristhan, Bhairabi Rural Municipality-1",,nepal_police,Landslide,2022-10-09,Karnali,Dailekh,Bhairabi,1,,0,0,0,0,0,0,0,0,0,0,0,0,0,0,0,0,0,0,0,0,0
Yes,"Landslide at Dhalebaj, Aathabis Municipality-8",,nepal_police,Landslide,2022-10-09,Karnali,Dailekh,Aathabis,8,,0,0,0,0,1,0,0,0,0,0,0,0,0,0,0,0,0,0,0,0,0
Yes,"Landslide at Bhaisegoda, Tilagufa Municipality-6",,nepal_police,Landslide,2022-10-08,Karnali,Kalikot,Tilagufa,6,,0,0,1,1,0,0,0,0,0,0,0,1,0,0,1,0,0,0,0,0,0
Yes,"Landslide at Baligaun, Tilagufa Municipality-7",,nepal_police,Landslide,2022-10-08,Karnali,Kalikot,Tilagufa,7,,0,0,2,2,44,16,4,3,1,0,0,2,0,0,2,0,0,0,0,0,0
Yes,"Landslide at Kusunde, Sworgadwary Municipality-1",,nepal_police,Landslide,2022-10-08,Lumbini,Pyuthan,Sworgadwary,1,,0,0,4,4,0,0,0,0,0,0,0,0,0,0,0,0,0,0,0,0,0
Yes,"Landslide at Bagthala, Kedarseu Rural Municipality-4",,nepal_police,Landslide,2022-10-08,Sudurpashchim,Bajhang,Kedarseu,4,,0,0,1,1,0,7,0,0,0,0,0,0,0,0,0,0,0,0,0,0,0
Yes,"Landslide at Melchham, Chankheli Rural Municipality-6",,nepal_police,Landslide,2022-10-08,Karnali,Humla,Chankheli,6,,0,0,29,29,17,0,4,0,4,0,0,0,0,0,0,0,5,2,3,0,0
Yes,"Landslide at Rachuli, Tilagufa Municipality-4",,nepal_police,Landslide,2022-10-08,Karnali,Kalikot,Tilagufa,4,,0,0,0,0,0,0,1,1,0,0,0,12,0,0,12,0,5,5,0,0,0
Yes,"Landslide at Pallobali, Tilagufa Municipality-7",,nepal_police,Landslide,2022-10-08,Karnali,Kalikot,Tilagufa,7,,0,0,1,1,0,0,0,0,0,0,0,1,0,0,1,0,0,0,0,0,0
Yes,"Landslide at Dauke, Pachaljharana Rural Municipality-3",,nepal_police,Landslide,2022-10-08,Karnali,Kalikot,Pachaljharana,3,,0,0,1,1,0,6,0,0,0,0,0,0,0,0,0,0,0,0,0,0,0
Yes,"Landslide at Puranobaspark, Khandachakra Municipality-1",,nepal_police,Landslide,2022-10-08,Karnali,Kalikot,Khandachakra,1,,0,0,1,1,0,0,0,0,0,0,0,0,0,0,0,0,0,0,0,0,0
Yes,"Landslide at Mumra, Sanni Tribeni Rural Municipality-8",,nepal_police,Landslide,2022-10-08,Karnali,Kalikot,Sanni Tribeni,8,,0,0,142,142,0,0,1,1,0,0,0,0,0,0,0,0,2,0,2,0,0
Yes,"Landslide at Bhaisegoda, Tilagufa Municipality-5",,nepal_police,Landslide,2022-10-08,Karnali,Kalikot,Tilagufa,5,,0,0,3,3,0,0,0,0,0,0,0,0,0,0,0,0,0,0,0,0,0
Yes,"Landslide at Madan, Tanjakot Rural Municipality-5",,nepal_police,Landslide,2022-10-08,Karnali,Humla,Tanjakot,5,,0,0,1,1,0,0,0,0,0,0,0,0,0,0,0,0,1,1,0,0,0
Yes,"Landslide at Nuwaghar, Pachaljharana Rural Municipality-7",,nepal_police,Landslide,2022-10-08,Karnali,Kalikot,Pachaljharana,7,,0,0,1,1,0,0,1,1,0,0,0,0,0,0,0,0,2,0,2,0,0
Yes,"Landslide at Mahakharka, Nisikhola Rural Municipality-1",,nepal_police,Landslide,2022-10-07,Gandaki,Baglung,Nisikhola,1,,0,0,1,1,0,0,0,0,0,0,0,0,0,0,0,0,0,0,0,0,0
Yes,"Landslide at Marke, Sharada Municipality-8",,nepal_police,Landslide,2022-10-07,Karnali,Salyan,Sharada,8,,0,0,0,0,0,0,1,1,0,0,0,0,0,0,0,0,0,0,0,0,0
Yes,"Landslide at Barekot danda, Kanakasundari Rural Municipality-3",,nepal_police,Landslide,2022-10-07,Karnali,Jumla,Kanakasundari,3,,0,0,316,316,726,0,7,5,2,0,0,0,0,0,0,0,2,1,1,0,0
Yes,"Landslide at Pharinde, Mandavi Rural Municipality-4",,nepal_police,Landslide,2022-10-07,Lumbini,Pyuthan,Mandavi,4,,0,0,1,1,0,0,6,3,3,0,0,0,0,0,0,0,0,0,0,0,0
Yes,"Landslide at Ratada, Tilagufa Municipality-2",,nepal_police,Landslide,2022-10-07,Karnali,Kalikot,Tilagufa,2,,0,0,2,2,0,0,0,0,0,0,0,0,0,0,0,0,0,0,0,0,0
Yes,"Landslide at Dyan kendra, Chandragiri Municipality-2",,nepal_police,Landslide,2022-10-06,Bagmati,Kathmandu,Chandragiri,2,,0,0,0,0,0,0,3,1,2,0,0,0,0,0,0,0,0,0,0,0,0
Yes,Landslide at Myagde Rural Municipality-1,,nepal_police,Landslide,2022-10-06,Gandaki,Tanahu,Myagde,1,,0,0,0,0,0,0,0,0,0,0,0,0,0,0,0,0,0,0,0,0,0
Yes,"Landslide at Jagat, Panini Rural Municipality-7",,nepal_police,Landslide,2022-10-06,Lumbini,Arghakhanchi,Panini,7,,0,0,1,1,3,0,0,0,0,0,0,0,0,0,0,0,0,0,0,0,0
Yes,"Landslide at Naulapani, Sandhikharka Municipality-9",,nepal_police,Landslide,2022-10-06,Lumbini,Arghakhanchi,Sandhikharka,9,,0,0,1,1,0,4,0,0,0,0,0,0,0,0,0,0,0,0,0,0,0
Yes,"Landslide at Chidis, Tinau Rural Municipality-6",,nepal_police,Landslide,2022-10-06,Lumbini,Palpa,Tinau,6,,0,0,2,2,0,0,0,0,0,0,0,0,0,0,0,0,2,0,2,0,0
Yes,"Landslide at Byureni, Birendranagar Municipality-11",,nepal_police,Landslide,2022-10-06,Karnali,Surkhet,Birendranagar,11,,0,0,0,0,0,0,0,0,0,0,0,0,0,0,0,0,2,2,0,0,0
Yes,"Landslide at Rathma, Shiwalaya Rural Municipality-3",,nepal_police,Landslide,2022-10-06,Karnali,Jajarkot,Shiwalaya,3,,0,0,1,1,0,0,0,0,0,0,0,0,0,0,0,0,0,0,0,0,0
Yes,"Landslide at Kapti, Barekot Rural Municipality-9",,nepal_police,Landslide,2022-10-06,Karnali,Jajarkot,Barekot,9,,0,0,0,0,0,2,0,0,0,0,0,0,0,0,0,0,0,0,0,0,0
Yes,"Landslide at Salam, Kapurkot Rural Municipality-3",,nepal_police,Landslide,2022-10-06,Karnali,Salyan,Kapurkot,3,,0,0,3,3,0,6,0,0,0,0,0,0,0,0,0,0,0,0,0,0,0
Yes,Landslide at Aathbiskot Municipality-10,,nepal_police,Landslide,2022-10-06,Karnali,Rukum West,Aathbiskot,10,,0,0,0,0,0,0,0,0,0,0,0,0,0,0,0,0,1,0,1,0,0
Yes,"Landslide at Syaule, Naubahini Rural Municipality-7",,nepal_police,Landslide,2022-10-06,Lumbini,Pyuthan,Naubahini,7,,0,0,1,1,0,2,0,0,0,0,0,0,0,0,0,0,0,0,0,0,0
Yes,"Landslide at Chautara, Badigad Rural Municipality-7",,nepal_police,Landslide,2022-10-06,Gandaki,Baglung,Badigad,7,20000,0,0,1,1,0,4,0,0,0,0,0,0,0,0,0,0,0,0,0,0,0
Yes,Landslide at Madi Rural Municipality-3,,nepal_police,Landslide,2022-10-06,Lumbini,Rolpa,Madi,3,,0,0,0,0,0,0,0,0,0,0,0,0,0,0,0,0,1,1,0,0,0
Yes,"Landslide at Dhungepani, Tribeni Rural Municipality-6",,nepal_police,Landslide,2022-10-06,Karnali,Rukum West,Triveni,6,,0,0,0,0,0,1,0,0,0,0,0,0,0,0,0,0,0,0,0,0,0
Yes,Landslide at Banglachuli Rural Municipality-4,,nepal_police,Landslide,2022-10-06,Lumbini,Dang,Banglachuli,4,,0,0,0,0,0,0,1,0,1,0,0,0,0,0,0,0,0,0,0,0,0
Yes,"Landslide at Budhichaur, Sarumarani Rural Municipality-6",,nepal_police,Landslide,2022-10-06,Lumbini,Pyuthan,Sarumarani,6,,0,0,3,3,0,16,0,0,0,0,0,0,0,0,0,0,0,0,0,0,0
Yes,"Landslide at Magini, Raksirang Rural Municipality-5",,nepal_police,Landslide,2022-10-05,Bagmati,Makwanpur,Raksirang,5,,0,0,1,1,0,0,1,1,0,0,0,0,0,0,0,0,0,0,0,0,0
Yes,"Landslide at Ghartigaun, Madi Rural Municipality-2",,nepal_police,Landslide,2022-10-05,Lumbini,Rolpa,Madi,2,2000000,0,0,0,0,1,0,0,0,0,0,0,0,0,0,0,0,0,0,0,0,0
Yes,"Landslide at bathakot, Sani Bheri Rural Municipality-6",,nepal_police,Landslide,2022-10-05,Karnali,Rukum West,Sanibheri,6,,0,0,0,0,0,1,0,0,0,0,0,0,0,0,0,0,0,0,0,0,0
Yes,"Landslide at Bhalkotbari, Nisikhola Rural Municipality-6",,nepal_police,Landslide,2022-10-05,Gandaki,Baglung,Nisikhola,6,,0,0,1,1,0,0,0,0,0,0,0,0,0,0,0,0,0,0,0,0,0
Yes,"Landslide at Jiula, Chhatreshwori Rural Municipality-1",,nepal_police,Landslide,2022-10-05,Karnali,Salyan,Chhatreshwori,1,,0,0,0,0,1,0,0,0,0,0,0,0,0,0,0,0,0,0,0,0,0
Yes,"Landslide at Kolbot, Airawati Rural Municipality-1",,nepal_police,Landslide,2022-10-05,Lumbini,Pyuthan,Airawati,1,550000,0,0,0,0,0,4,0,0,0,0,0,0,0,0,0,0,0,0,0,0,0
Yes,"Landslide at Khar, Chum Nubri Rural Municipality-6",,nepal_police,Landslide,2022-10-05,Gandaki,Gorkha,Chum Nubri,6,,0,0,3,3,0,0,0,0,0,0,0,0,0,0,0,0,3,2,1,0,0
Yes,"Landslide at Sakindhara, Malarani Rural Municipality-6",,nepal_police,Landslide,2022-10-05,Lumbini,Arghakhanchi,Malarani,6,,0,0,0,0,0,2,0,0,0,0,0,0,0,0,0,0,0,0,0,0,0
Yes,"Landslide at Chhapagaun, Dhunibesi Municipality-4",,nepal_police,Landslide,2022-10-05,Bagmati,Dhading,Dhunibeshi,4,,0,0,0,0,0,0,1,1,0,0,0,0,0,0,0,0,0,0,0,0,0
Yes,Landslide at Gosaikunda Rural Municipality-3,,nepal_police,Landslide,2022-10-05,Bagmati,Rasuwa,Gosaikunda,3,,0,0,0,0,0,0,0,0,0,0,0,0,0,0,0,0,0,0,0,0,0
Yes,"Landslide at Khatripauwa, Dhunibesi Municipality-9",,other,Landslide,2022-10-05,Bagmati,Dhading,Dhunibeshi,9,,0,0,0,0,0,0,0,0,0,0,0,0,0,0,0,0,0,0,0,0,0
Yes,"Landslide at kILU, Annapurna Rural Municipality-10",,nepal_police,Landslide,2022-10-04,Gandaki,Kaski,Annapurna,10,,0,0,0,0,0,0,0,0,0,0,0,0,0,0,0,0,0,0,0,0,0
Yes,"Landslide at Dhad, Naubahini Rural Municipality-6",,nepal_police,Landslide,2022-10-04,Lumbini,Pyuthan,Naubahini,6,,0,0,0,0,1,0,0,0,0,0,0,0,0,0,0,0,0,0,0,0,0
Yes,"Landslide at Bhutbajar, Bhotekoshi Rural Municipality-2",,nepal_police,Landslide,2022-10-04,Bagmati,Sindhupalchok,Bhotekoshi,2,,0,0,0,0,0,0,0,0,0,0,0,0,0,0,0,0,0,0,0,0,0
Yes,"Landslide at Charaghsareni, Bagchaur Municipality-9",,nepal_police,Landslide,2022-10-04,Karnali,Salyan,Bagchaur,9,,0,0,1,1,0,0,0,0,0,0,0,0,0,0,0,0,0,0,0,0,0
Yes,"Landslide at takura, Pyuthan Municipality-10",,nepal_police,Landslide,2022-10-04,Lumbini,Pyuthan,Pyuthan,10,,0,0,1,1,0,0,0,0,0,0,0,0,0,0,0,0,0,0,0,0,0
Yes,"Landslide at Satranumbar, Barah Municipality-1",,nepal_police,Landslide,2022-09-28,Koshi,Sunsari,Barah,1,,0,0,0,0,0,0,0,0,0,0,0,0,0,0,0,0,0,0,0,0,0
Yes,"Landslide at Malachaur, Aathabis Municipality-5",,nepal_police,Landslide,2022-09-25,Karnali,Dailekh,Aathabis,5,,0,0,0,0,0,0,0,0,0,0,0,0,0,0,0,0,0,0,0,0,0
Yes,Landslide at Pathibhara Yangwarak Rural Municipality-1,,nepal_police,Landslide,2022-09-25,Koshi,Taplejung,Pathibhara Yangwarak,1,,0,0,100,100,44,0,0,0,0,0,0,0,0,0,0,0,1,1,0,0,0
Yes,"Landslide at Badiya, Dogadakedar Rural Municipality-2",,nepal_police,Landslide,2022-09-24,Sudurpashchim,Baitadi,Dogadakedar,2,,0,0,1,1,0,2,0,0,0,0,0,0,0,0,0,0,0,0,0,0,0
Yes,"Landslide at kunaute, Raghuganga Rural Municipality-2",,nepal_police,Landslide,2022-09-24,Gandaki,Myagdi,Raghuganga,2,,0,0,0,0,0,0,0,0,0,0,0,0,0,0,0,0,0,0,0,0,0
Yes,"Landslide at Sathranumber, Barah Municipality-1",,nepal_police,Landslide,2022-09-23,Koshi,Sunsari,Barah,1,,0,0,0,0,0,0,0,0,0,0,0,0,0,0,0,0,0,0,0,0,0
Yes,Landslide at Hupsekot Rural Municipality-5,,nepal_police,Landslide,2022-09-23,Gandaki,Nawalparasi East,Hupsekot,5,,0,0,0,0,0,0,0,0,0,0,0,0,0,0,0,0,0,0,0,0,0
Yes,"Landslide at Mulpani, Kageshwori Manahora Municipality-5",,nepal_police,Landslide,2022-09-22,Bagmati,Kathmandu,Kageshwori Manahora,5,,0,0,0,0,0,0,0,0,0,0,0,0,0,0,0,0,0,0,0,0,0
Yes,"Landslide at Baisari, Raghuganga Rural Municipality-2",,nepal_police,Landslide,2022-09-22,Gandaki,Myagdi,Raghuganga,2,,0,0,0,0,0,0,0,0,0,0,0,0,0,0,0,0,0,0,0,0,0
Yes,Landslide at Besishahar Municipality-1,,nepal_police,Landslide,2022-09-20,Gandaki,Lamjung,Besishahar,1,,0,0,0,0,0,0,0,0,0,0,0,0,0,0,0,0,0,0,0,0,0
Yes,"Landslide at Bhanggobari, Tribeni Rural Municipality-2",,nepal_police,Landslide,2022-09-19,Lumbini,Rolpa,Tribeni,2,,0,0,0,0,0,0,0,0,0,0,0,0,0,0,0,0,0,0,0,0,0
Yes,"Landslide at Dakshinkali, Dakshinkali Municipality-8",,nepal_police,Landslide,2022-09-18,Bagmati,Kathmandu,Dakshinkali,8,,0,0,0,0,0,0,0,0,0,0,0,0,0,0,0,0,0,0,0,0,0
Yes,"Landslide at Chepang , Barahtal Rural Municipality-5",,nepal_police,Landslide,2022-09-17,Karnali,Surkhet,Barahtal,5,11856000,0,0,13,13,2,29,0,0,0,0,0,0,0,0,0,0,0,0,0,0,0
Yes,"Landslide at Baisari, Raghuganga Rural Municipality-2",,nepal_police,Landslide,2022-09-17,Gandaki,Myagdi,Raghuganga,2,,0,0,0,0,0,0,0,0,0,0,0,0,0,0,0,0,0,0,0,0,0
Yes,"Landslide at Lamapatan, Chankheli Rural Municipality-6",,nepal_police,Landslide,2022-09-17,Karnali,Humla,Chankheli,6,1586000,0,0,0,0,0,97,0,0,0,0,0,0,0,0,0,0,0,0,0,0,0
Yes,"Landslide at Dhungachalna, Kamalbazar Municipality-8",,nepal_police,Landslide,2022-09-16,Sudurpashchim,Achham,Kamalbazar,8,,0,0,1,1,0,0,5,1,4,0,0,0,0,0,0,0,0,0,0,0,0
Yes,"Landslide at Thatikhadh, Kamalbazar Municipality-6",,nepal_police,Landslide,2022-09-16,Sudurpashchim,Achham,Kamalbazar,6,,0,0,1,1,0,0,7,1,6,0,0,0,0,0,0,0,7,3,4,0,0
Yes,"Landslide at Nada, Turmakhad Rural Municipality-5",,nepal_police,Landslide,2022-09-16,Sudurpashchim,Achham,Turmakhad,5,,0,0,2,2,0,0,9,2,7,0,0,0,0,0,0,0,0,0,0,0,0
Yes,"Landslide at Salle, Musikot Municipality-1",,nepal_police,Landslide,2022-09-16,Karnali,Rukum West,Musikot,1,,0,0,0,0,0,2,0,0,0,0,0,0,0,0,0,0,0,0,0,0,0
Yes,"Landslide at Khimane, Dhakari Rural Municipality-6",,nepal_police,Landslide,2022-09-16,Sudurpashchim,Achham,Dhakari,6,,0,0,1,1,0,0,1,1,0,0,0,0,0,0,0,0,3,1,2,0,0
Yes,"Landslide at Gutu, Chaukune Rural Municipality-8",,nepal_police,Landslide,2022-09-16,Karnali,Surkhet,Chaukune,8,3125000,0,0,0,0,0,0,0,0,0,0,0,0,0,0,0,0,0,0,0,0,0
Yes,"Landslide at Rag, Panchpuri Municipality-9",,nepal_police,Landslide,2022-09-16,Karnali,Surkhet,Panchapuri,9,1040000,0,0,0,0,0,25,0,0,0,0,0,0,0,0,0,0,0,0,0,0,0
Yes,"Landslide at Shajapur, Chure Rural Municipality-3",,nepal_police,Landslide,2022-09-16,Sudurpashchim,Kailali,Chure,3,,0,0,0,0,0,0,0,0,0,0,0,0,0,0,0,0,1,1,0,0,0
Yes,"Landslide at sawa, Dhakari Rural Municipality-1",,nepal_police,Landslide,2022-09-16,Sudurpashchim,Achham,Dhakari,1,,0,0,1,1,0,0,0,0,0,0,0,1,0,0,1,0,0,0,0,0,0
Yes,"Landslide at Singadi, Aathabis Municipality-2",,nepal_police,Landslide,2022-09-15,Karnali,Dailekh,Aathabis,2,,0,0,0,0,0,7,0,0,0,0,0,0,0,0,0,0,0,0,0,0,0
Yes,"Landslide at chalal, Bethanchowk Rural Municipality-4",,nepal_police,Landslide,2022-09-14,Bagmati,Kavrepalanchok,Bethanchowk,4,,0,0,1,1,0,0,3,1,2,0,0,0,0,0,0,0,0,0,0,0,0
Yes,"Landslide at Chaherea, Chautara SangachokGadhi Municipality-12",,nepal_police,Landslide,2022-09-14,Bagmati,Sindhupalchok,Chautara Sangachokgadhi,12,,0,0,0,0,0,0,0,0,0,0,0,0,0,0,0,0,0,0,0,0,0
Yes,"Landslide at Inarpani, Kanthekhola Rural Municipality-6",,nepal_police,Landslide,2022-09-14,Gandaki,Baglung,Kanthekhola,6,,0,0,0,0,0,0,0,0,0,0,0,0,0,0,0,0,0,0,0,0,0
Yes,Landslide at Raghuganga Rural Municipality-8,,nepal_police,Landslide,2022-09-14,Gandaki,Myagdi,Raghuganga,8,,0,0,0,0,0,0,0,0,0,0,0,0,0,0,0,0,0,0,0,0,0
Yes,"Landslide at Rupse, Annapurna Rural Municipality-3",,nepal_police,Landslide,2022-09-12,Gandaki,Myagdi,Annapurna,3,,0,0,0,0,0,0,0,0,0,0,0,0,0,0,0,0,0,0,0,0,0
Yes,"Landslide at Kabeli, Hilihang Rural Municipality-2",,nepal_police,Landslide,2022-09-12,Koshi,Panchthar,Hilihang,2,,0,0,0,0,0,0,0,0,0,0,0,0,0,0,0,0,0,0,0,0,0
Yes,"Landslide at Beni, Thasang Rural Municipality-4",,nepal_police,Landslide,2022-09-12,Gandaki,Mustang,Thasang,4,,0,0,0,0,0,0,0,0,0,0,0,0,0,0,0,0,0,0,0,0,0
Yes,"Landslide at Simalchaur, Marsyangdi Rural Municipality-8",,nepal_police,Landslide,2022-09-12,Gandaki,Lamjung,Marsyangdi,8,,0,0,0,0,0,0,0,0,0,0,0,0,0,0,0,0,0,0,0,0,0
Yes,"Landslide at Lumbajung, Sangurigadhi Rural Municipality-5",,nepal_police,Landslide,2022-09-11,Koshi,Dhankuta,Sangurigadhi,5,,0,0,0,0,0,0,0,0,0,0,0,0,0,0,0,0,0,0,0,0,0
Yes,"Landslide at Udipur, Besishahar Municipality-1",,nepal_police,Landslide,2022-09-11,Gandaki,Lamjung,Besishahar,1,,0,0,0,0,0,0,0,0,0,0,0,0,0,0,0,0,0,0,0,0,0
Yes,"Landslide at Kharikhola, Khumbupasanglahmu Rural Municipality-1",,nepal_police,Landslide,2022-09-10,Koshi,Solukhumbu,Khumbu Pasanglhamu,1,,0,0,1,1,0,0,0,0,0,0,0,0,0,0,0,0,0,0,0,0,0
Yes,"Landslide at Kalipokhari, Bhanu Municipality-10",,nepal_police,Landslide,2022-09-09,Gandaki,Tanahu,Bhanu,10,350000,0,0,1,1,0,0,0,0,0,0,0,0,0,0,0,0,0,0,0,0,0
Yes,"Landslide at Balephi, Barhabise Municipality-9",,nepal_police,Landslide,2022-09-06,Bagmati,Sindhupalchok,Barhabise,9,,0,0,0,0,0,0,0,0,0,0,0,0,0,0,0,0,0,0,0,0,0
Yes,Landslide at Phungling Municipality-8,,nepal_police,Landslide,2022-09-06,Koshi,Taplejung,Phungling,8,,0,0,0,0,0,0,0,0,0,0,0,0,0,0,0,0,0,0,0,0,0
Yes,"Landslide at Satranumbar, Barah Municipality-1",,nepal_police,Landslide,2022-09-06,Koshi,Sunsari,Barah,1,,0,0,0,0,0,0,0,0,0,0,0,0,0,0,0,0,0,0,0,0,0
Yes,Landslide at Tinau Rural Municipality-3,,nepal_police,Landslide,2022-09-05,Lumbini,Palpa,Tinau,3,,0,0,0,0,0,0,0,0,0,0,0,0,0,0,0,0,0,0,0,0,0
Yes,"Landslide at Khanigaun, Chisankhugadhi Rural Municipality-5",,nepal_police,Landslide,2022-09-05,Koshi,Okhaldhunga,Chisankhugadhi,5,,0,0,0,0,0,1,0,0,0,0,0,0,0,0,0,0,0,0,0,0,0
Yes,"Landslide at Ghattekhola, Patan Municipality-6",,nepal_police,Landslide,2022-09-04,Sudurpashchim,Baitadi,Patan,6,,0,0,0,0,0,0,0,0,0,0,0,0,0,0,0,0,0,0,0,0,0
Yes,"Landslide at Tilkeni, Illam Municipality-8",,nepal_police,Landslide,2022-09-04,Koshi,Ilam,Ilam,8,1300000,0,0,1,1,0,0,0,0,0,0,0,0,0,0,0,0,0,0,0,0,0
Yes,"Landslide at Jumkhola, Kalimati Rural Municipality-5",,nepal_police,Landslide,2022-09-03,Karnali,Salyan,Kalimati,5,,0,0,2,2,0,0,0,0,0,0,0,0,0,0,0,0,0,0,0,0,0
Yes,"Landslide at Nade, Gurbhakot Municipality-3",,nepal_police,Landslide,2022-09-03,Karnali,Surkhet,Gurbhakot,3,150000,0,0,1,1,0,0,0,0,0,0,0,0,0,0,0,0,0,0,0,0,0
Yes,"Landslide at Kharawang, Putha Uttarganga Rural Municipality-9",,nepal_police,Landslide,2022-09-03,Lumbini,Rukum East,Putha Uttarganga,9,,0,0,0,0,0,0,0,0,0,0,0,0,0,0,0,0,0,0,0,0,0
Yes,"Landslide at Beni, Thasang Rural Municipality-4",,nepal_police,Landslide,2022-09-02,Gandaki,Mustang,Thasang,4,,0,0,0,0,0,0,0,0,0,0,0,0,0,0,0,0,0,0,0,0,0
Yes,"Landslide at Baishasri, Raghuganga Rural Municipality-2",,nepal_police,Landslide,2022-09-01,Gandaki,Myagdi,Raghuganga,2,,0,0,0,0,0,0,0,0,0,0,0,0,0,0,0,0,0,0,0,0,0
Yes,"Landslide at Atharakilo, Bharatpur Metropolitan City-29",,nepal_police,Landslide,2022-09-01,Bagmati,Chitwan,Bharatpur,29,,0,0,0,0,0,0,0,0,0,0,0,0,0,0,0,0,0,0,0,0,0
Yes,"Landslide at Sukrabare, Silichong Rural Municipality-3",,nepal_police,Landslide,2022-09-01,Koshi,Sankhuwasabha,Silichong,3,,0,0,0,0,1,0,0,0,0,0,0,0,0,0,0,0,0,0,0,0,0
Yes,"Landslide at Satranumbar, Barah Municipality-1",,nepal_police,Landslide,2022-09-01,Koshi,Sunsari,Barah,1,,0,0,0,0,0,0,0,0,0,0,0,0,0,0,0,0,0,0,0,0,0
Yes,Landslide at Bharatpur Metropolitan City-29,,nepal_police,Landslide,2022-08-31,Bagmati,Chitwan,Bharatpur,29,,0,0,0,0,0,0,0,0,0,0,0,0,0,0,0,0,0,0,0,0,0
Yes,"Landslide at Sandel, Silichong Rural Municipality-3",,nepal_police,Landslide,2022-08-31,Koshi,Sankhuwasabha,Silichong,3,,0,0,0,0,0,1,0,0,0,0,0,0,0,0,0,0,0,0,0,0,0
Yes,"Landslide at Ghattakhola, Budhiganga Municipality-8",,nepal_police,Landslide,2022-08-31,Sudurpashchim,Bajura,Budhiganga,8,,0,0,0,0,0,0,0,0,0,0,0,0,0,0,0,0,0,0,0,0,0
Yes,Landslide at Budhiganga Municipality-8,,nepal_police,Landslide,2022-08-31,Sudurpashchim,Bajura,Budhiganga,8,,0,0,0,0,1,0,0,0,0,0,0,0,0,0,0,0,0,0,0,0,0
Yes,"Landslide at Jumkhola, Kalimati Rural Municipality-5",,nepal_police,Landslide,2022-08-31,Karnali,Salyan,Kalimati,5,,0,0,0,0,0,31,0,0,0,0,0,0,0,0,0,0,0,0,0,0,0
Yes,"Landslide at Archalini, Sundarbazar Municipality-4",,nepal_police,Landslide,2022-08-31,Gandaki,Lamjung,Sundarbazar,4,,0,0,0,0,0,2,0,0,0,0,0,0,0,0,0,0,0,0,0,0,0
Yes,"Landslide at Ashigada, Mahakali_Darchula Municipality-8",,nepal_police,Landslide,2022-08-31,Sudurpashchim,Darchula,Mahakali,8,,0,0,0,0,0,0,0,0,0,0,0,0,0,0,0,0,0,0,0,0,0
Yes,"Landslide at Hiudekhola, Tinau Rural Municipality-5",,nepal_police,Landslide,2022-08-31,Lumbini,Palpa,Tinau,5,,0,0,0,0,0,0,0,0,0,0,0,0,0,0,0,0,0,0,0,0,0
Yes,"Landslide at Darwang, Malika Rural Municipality-6",,nepal_police,Landslide,2022-08-31,Gandaki,Myagdi,Malika,6,,0,0,0,0,0,0,0,0,0,0,0,0,0,0,0,0,0,0,0,0,0
Yes,"Landslide at purbhuta, Tribeni Municipality-3",,nepal_police,Landslide,2022-08-31,Sudurpashchim,Bajura,Tribeni,3,250000,0,0,1,1,0,0,0,0,0,0,0,0,0,0,0,0,0,0,0,0,0
Yes,Landslide at Khaptad Chhededaha Rural Municipality-1,,nepal_police,Landslide,2022-08-31,Sudurpashchim,Bajura,Khaptad Chhededaha,1,74000,0,0,0,0,0,0,0,0,0,0,0,0,0,0,0,0,0,0,0,0,0
Yes,Landslide at Bharatpur Metropolitan City-29,,nepal_police,Landslide,2022-08-30,Bagmati,Chitwan,Bharatpur,29,,0,0,0,0,0,0,0,0,0,0,0,0,0,0,0,0,0,0,0,0,0
Yes,"Landslide at Naktadi, Shailyashikhar Municipality-9",,nepal_police,Landslide,2022-08-30,Sudurpashchim,Darchula,Shailyashikhar,9,,0,0,0,0,0,0,0,0,0,0,0,0,0,0,0,0,0,0,0,0,0
Yes,"Landslide at Ambote, Modi Rural Municipality-5",,nepal_police,Landslide,2022-08-30,Gandaki,Parbat,Modi,5,,0,0,0,0,0,0,0,0,0,0,0,0,0,0,0,0,0,0,0,0,0
Yes,"Landslide at guralthum, Chabispathivera Rural Municipality-1",,nepal_police,Landslide,2022-08-29,Sudurpashchim,Bajhang,Chabispathivera,1,,0,0,0,0,1,3,0,0,0,0,0,0,0,0,0,0,0,0,0,0,0
Yes,"Landslide at Aambote, Modi Rural Municipality-5",,nepal_police,Landslide,2022-08-29,Gandaki,Parbat,Modi,5,,0,0,0,0,0,0,0,0,0,0,0,0,0,0,0,0,0,0,0,0,0
Yes,"Landslide at Chourkhola, Kapurkot Rural Municipality-3",,nepal_police,Landslide,2022-08-28,Karnali,Salyan,Kapurkot,3,,0,0,0,0,0,0,0,0,0,0,0,0,0,0,0,0,0,0,0,0,0
Yes,"Landslide at Sireni, Kalimati Rural Municipality-6",,nepal_police,Landslide,2022-08-28,Karnali,Salyan,Kalimati,6,,0,0,0,0,0,2,0,0,0,0,0,0,0,0,0,0,0,0,0,0,0
Yes,"Landslide at Akeravir, Golanjor Rural Municipality-6",,nepal_police,Landslide,2022-08-27,Bagmati,Sindhuli,Golanjor,6,,0,0,0,0,0,0,0,0,0,0,0,0,0,0,0,0,0,0,0,0,0
Yes,"Landslide at Bhursu, Naumule Rural Municipality-1",,nepal_police,Landslide,2022-08-27,Karnali,Dailekh,Naumule,1,,0,0,0,0,0,0,0,0,0,0,0,0,0,0,0,0,0,0,0,0,0
Yes,"Landslide at Baisari, Raghuganga Rural Municipality-2",,nepal_police,Landslide,2022-08-27,Gandaki,Myagdi,Raghuganga,2,,0,0,0,0,0,0,0,0,0,0,0,0,0,0,0,0,0,0,0,0,0
Yes,"Landslide at Pangre, Hupsekot Rural Municipality-5",,nepal_police,Landslide,2022-08-27,Gandaki,Nawalparasi East,Hupsekot,5,,0,0,0,0,0,0,0,0,0,0,0,0,0,0,0,0,0,0,0,0,0
Yes,"Landslide at Pahalman, Nechasalyan Rural Municipality-6",,nepal_police,Landslide,2022-08-27,Koshi,Solukhumbu,Nechasalyan,6,,0,0,0,0,0,0,0,0,0,0,0,0,0,0,0,0,0,0,0,0,0
Yes,Landslide at Aathbiskot Municipality-14,,nepal_police,Landslide,2022-08-27,Karnali,Rukum West,Aathbiskot,14,,0,0,0,0,0,0,2,0,2,0,0,0,0,0,0,0,1,0,1,0,0
Yes,"Landslide at Thamdada, Musikot Municipality-1",,nepal_police,Landslide,2022-08-27,Karnali,Rukum West,Musikot,1,,0,0,0,0,1,2,0,0,0,0,0,0,0,0,0,0,1,0,1,0,0
Yes,"Landslide at Saubada, Budhiganga Municipality-4",,nepal_police,Landslide,2022-08-27,Sudurpashchim,Bajura,Budhiganga,4,50000,0,0,0,0,1,0,0,0,0,0,0,0,0,0,0,0,0,0,0,0,0
Yes,"Landslide at Samata, Gaurishankar Rural Municipality-7",,nepal_police,Landslide,2022-08-26,Bagmati,Dolakha,Gaurishankar,7,,0,0,1,1,0,7,0,0,0,0,0,0,0,0,0,0,1,1,0,0,0
Yes,"Landslide at Relpairo, Marma Rural Municipality-3",,nepal_police,Landslide,2022-08-26,Sudurpashchim,Darchula,Marma,3,,0,0,0,0,0,0,0,0,0,0,0,0,0,0,0,0,0,0,0,0,0
Yes,"Landslide at Bhadikharka, Madi Rural Municipality-6",,nepal_police,Landslide,2022-08-25,Gandaki,Kaski,Madi,6,,0,0,0,0,0,1,0,0,0,0,0,0,0,0,0,0,0,0,0,0,0
Yes,"Landslide at Hadevir, Beni Municipality-2",,nepal_police,Landslide,2022-08-24,Gandaki,Myagdi,Beni,2,,0,0,0,0,0,0,0,0,0,0,0,0,0,0,0,0,0,0,0,0,0
Yes,"Landslide at Dinga, Rolpa Municipality-6",,nepal_police,Landslide,2022-08-23,Lumbini,Rolpa,Rolpa,6,,0,0,0,0,0,0,0,0,0,0,0,0,0,0,0,0,0,0,0,0,0
Yes,"Landslide at Pedang, Sirijangha Rural Municipality-5",,nepal_police,Landslide,2022-08-23,Koshi,Taplejung,Sirijangha,5,,0,0,0,0,0,0,0,0,0,0,0,0,0,0,0,0,1,1,0,0,0
Yes,"Landslide at Muglin, Bharatpur Metropolitan City-29",,nepal_police,Landslide,2022-08-23,Bagmati,Chitwan,Bharatpur,29,,0,0,0,0,0,0,0,0,0,0,0,0,0,0,0,0,0,0,0,0,0
Yes,"Landslide at Hadevir, Beni Municipality-2",,nepal_police,Landslide,2022-08-22,Gandaki,Myagdi,Beni,2,,0,0,0,0,0,0,0,0,0,0,0,0,0,0,0,0,2,0,2,0,0
Yes,"Landslide at Simra, Narayan Municipality-8",,nepal_police,Landslide,2022-08-20,Karnali,Dailekh,Narayan,8,,0,0,0,0,0,0,0,0,0,0,0,0,0,0,0,0,0,0,0,0,0
Yes,"Landslide at Ghoptavir, Thasang Rural Municipality-4",,nepal_police,Landslide,2022-08-19,Gandaki,Mustang,Thasang,4,,0,0,0,0,0,0,0,0,0,0,0,0,0,0,0,0,0,0,0,0,0
Yes,"Landslide at Tarkuche, Bagmati Rural Municipality-3",,nepal_police,Landslide,2022-08-19,Bagmati,Lalitpur,Bagmati,3,,0,0,0,0,0,0,0,0,0,0,0,0,0,0,0,0,0,0,0,0,0
Yes,"Landslide at Sisnari, Indrasarowar Rural Municipality-3",,nepal_police,Landslide,2022-08-19,Bagmati,Makwanpur,Indrasarowar,3,,0,0,0,0,0,0,0,0,0,0,0,0,0,0,0,0,0,0,0,0,0
Yes,Landslide at Dullu Municipality-3,,nepal_police,Landslide,2022-08-17,Karnali,Dailekh,Dullu,3,,0,0,0,0,0,0,0,0,0,0,0,0,0,0,0,0,0,0,0,0,0
Yes,"Landslide at Handigaira, Pyuthan Municipality-10",,nepal_police,Landslide,2022-08-17,Lumbini,Pyuthan,Pyuthan,10,,0,0,0,0,0,0,0,0,0,0,0,0,0,0,0,0,0,0,0,0,0
Yes,"Landslide at EkamPhedi, Gokulganga Rural Municipality-2",,nepal_police,Landslide,2022-08-17,Bagmati,Ramechhap,Gokulganga,2,,0,0,3,3,2,2,0,0,0,0,0,0,0,0,0,0,0,0,0,0,0
Yes,"Landslide at Chhahara, Khandachakra Municipality-2",,nepal_police,Landslide,2022-08-15,Karnali,Kalikot,Khandachakra,2,,0,0,0,0,0,0,0,0,0,0,0,0,0,0,0,0,0,0,0,0,0
Yes,"Landslide at Jiu, Tripurasundari Municipality-3",,nepal_police,Landslide,2022-08-13,Karnali,Dolpa,Tripurasundari,3,,0,0,0,0,0,0,1,1,0,0,0,0,0,0,0,0,0,0,0,0,0
Yes,"Landslide at Thuladhik, Kageshwori Manahora Municipality-1",,nepal_police,Landslide,2022-08-09,Bagmati,Kathmandu,Kageshwori Manahora,1,500000,0,0,0,0,0,5,0,0,0,0,0,0,0,0,0,0,0,0,0,0,0
Yes,"Landslide at Gagalphidi, Kageshwori Manahora Municipality-1",,nepal_police,Landslide,2022-08-09,Bagmati,Kathmandu,Kageshwori Manahora,1,500000,0,0,1,1,0,0,0,0,0,0,0,0,0,0,0,0,0,0,0,0,0
Yes,"Landslide at Buntang, Meghang Rural Municipality-2",,nepal_police,Landslide,2022-08-08,Bagmati,Nuwakot,Meghang,2,1470000,0,0,0,0,0,7,0,0,0,0,0,0,0,0,0,0,0,0,0,0,0
Yes,"Landslide at Ranopokhari, Chautara SangachokGadhi Municipality-8",,nepal_police,Landslide,2022-08-07,Bagmati,Sindhupalchok,Chautara Sangachokgadhi,8,,0,0,0,0,0,0,0,0,0,0,0,0,0,0,0,0,0,0,0,0,0
Yes,"Landslide at Mane Bhanjang, Jiri Municipality-9",,nepal_police,Landslide,2022-08-07,Bagmati,Dolakha,Jiri,9,,0,0,0,0,0,32,0,0,0,0,0,0,0,0,0,0,0,0,0,0,0
Yes,"Landslide at Singa, Beni Municipality-4",,nepal_police,Landslide,2022-08-06,Gandaki,Myagdi,Beni,4,,0,0,0,0,0,0,0,0,0,0,0,0,0,0,0,0,0,0,0,0,0
Yes,"Landslide at Sisne, Madi Rural Municipality-3",,nepal_police,Landslide,2022-08-06,Lumbini,Rolpa,Madi,3,,0,0,0,0,0,0,0,0,0,0,0,0,0,0,0,0,0,0,0,0,0
Yes,"Landslide at Gadhikhola, Dhorpatan Municipality-6",,other,Landslide,2022-08-06,Gandaki,Baglung,Dhorpatan,6,1050000,0,0,2,2,2,0,0,0,0,0,0,0,0,0,0,0,0,0,0,0,0
Yes,"Landslide at Dhansi, Rolpa Municipality-10",,nepal_police,Landslide,2022-08-06,Lumbini,Rolpa,Rolpa,10,1300000,0,0,1,1,0,0,0,0,0,0,0,0,0,0,0,0,0,0,0,0,0
Yes,"Landslide at Basantadada, Yangwarak Rural Municipality-3",,nepal_police,Landslide,2022-08-06,Koshi,Panchthar,Yangwarak,3,350000,0,0,0,0,1,0,0,0,0,0,0,0,0,0,0,0,0,0,0,0,0
Yes,"Landslide at Mulsam, Barekot Rural Municipality-3",,nepal_police,Landslide,2022-08-06,Karnali,Jajarkot,Barekot,3,,0,0,1,1,0,0,0,0,0,0,0,0,0,0,0,0,0,0,0,0,0
Yes,"Landslide at Mawakha, Pathibhara Yangwarak Rural Municipality-1",,nepal_police,Landslide,2022-08-05,Koshi,Taplejung,Pathibhara Yangwarak,1,,0,0,0,0,0,0,0,0,0,0,0,0,0,0,0,0,0,0,0,0,0
Yes,"Landslide at Tadbasauni, Barhabise Municipality-9",,nepal_police,Landslide,2022-08-05,Bagmati,Sindhupalchok,Barhabise,9,,0,0,0,0,3,0,0,0,0,0,0,0,0,0,0,0,0,0,0,0,0
Yes,"Landslide at Samangsu, Yangwarak Rural Municipality-3",,nepal_police,Landslide,2022-08-05,Koshi,Panchthar,Yangwarak,3,310000,0,0,1,1,0,0,0,0,0,0,0,0,0,0,0,0,0,0,0,0,0
Yes,"Landslide at Malma, Dhorpatan Municipality-8",,nepal_police,Landslide,2022-08-05,Gandaki,Baglung,Dhorpatan,8,600000,0,0,1,1,0,3,0,0,0,0,0,0,0,0,0,0,0,0,0,0,0
Yes,"Landslide at Sallabote, Paribartan Rural Municipality-4",,nepal_police,Landslide,2022-08-05,Lumbini,Rolpa,Paribartan,4,690000,0,0,1,1,0,0,0,0,0,0,0,0,0,0,0,0,0,0,0,0,0
Yes,"Landslide at Laptang, Mahalaxmi Municipality-2",,nepal_police,Landslide,2022-08-04,Koshi,Dhankuta,Mahalaxmi,2,7000000,0,0,2,2,0,0,0,0,0,0,0,0,0,0,0,0,1,0,1,0,0
Yes,"Landslide at Selaghat, Badimalika Municipality-9",,nepal_police,Landslide,2022-08-04,Sudurpashchim,Bajura,Badimalika,9,,0,0,0,0,0,0,0,0,0,0,0,0,0,0,0,0,0,0,0,0,0
Yes,"Landslide at Salghat, Badimalika Municipality-9",,nepal_police,Landslide,2022-08-04,Sudurpashchim,Bajura,Badimalika,9,,0,0,0,0,0,0,0,0,0,0,0,0,0,0,0,0,0,0,0,0,0
Yes,"Landslide at Aamalachaur, Sisne Rural Municipality-4",,nepal_police,Landslide,2022-08-03,Lumbini,Rukum East,Sisne,4,279700,0,0,1,1,0,0,0,0,0,0,0,0,0,0,0,0,0,0,0,0,0
Yes,"Landslide at Baskot, Naubahini Rural Municipality-7",,nepal_police,Landslide,2022-08-03,Lumbini,Pyuthan,Naubahini,7,,0,0,0,0,0,0,0,0,0,0,0,0,0,0,0,0,0,0,0,0,0
Yes,"Landslide at Barjhang, Yangwarak Rural Municipality-3",,other,Landslide,2022-08-02,Koshi,Panchthar,Yangwarak,3,,0,0,0,0,0,0,0,0,0,0,0,0,0,0,0,0,0,0,0,0,0
Yes,"Landslide at Roomma, Malika Rural Municipality-2",,nepal_police,Landslide,2022-08-01,Gandaki,Myagdi,Malika,2,,0,0,2,2,0,0,5,3,2,0,0,0,0,0,0,0,2,1,1,0,0
Yes,"Landslide at Baluwa, Gangadev Rural Municipality-7",,nepal_police,Landslide,2022-08-01,Gandaki,Gorkha,Barpak Sulikot,7,,0,0,1,1,0,0,0,0,0,0,0,0,0,0,0,0,0,0,0,0,0
Yes,"Landslide at Mahavir, Malika Rural Municipality-4",,nepal_police,Landslide,2022-08-01,Gandaki,Myagdi,Malika,4,,0,0,0,0,0,0,0,0,0,0,0,0,0,0,0,0,1,0,1,0,0
Yes,"Landslide at Khadagau, Talkot Rural Municipality-6",,nepal_police,Landslide,2022-08-01,Sudurpashchim,Bajhang,Talkot,6,,0,0,0,0,1,5,0,0,0,0,0,0,0,0,0,0,0,0,0,0,0
Yes,"Landslide at Daklang, Bhotekoshi Rural Municipality-4",,nepal_police,Landslide,2022-07-31,Bagmati,Sindhupalchok,Bhotekoshi,4,,0,0,0,0,0,0,0,0,0,0,0,0,0,0,0,0,0,0,0,0,0
Yes,Landslide at Bharatpur Metropolitan City-29,,nepal_police,Landslide,2022-07-31,Bagmati,Chitwan,Bharatpur,29,,0,0,0,0,0,0,0,0,0,0,0,0,0,0,0,0,0,0,0,0,0
Yes,Landslide at Anbukhaireni Rural Municipality-4,,nepal_police,Landslide,2022-07-31,Gandaki,Tanahu,Aanbookhaireni,4,,0,0,0,0,0,0,0,0,0,0,0,0,0,0,0,0,0,0,0,0,0
Yes,"Landslide at Degopaten, Pokhara Lekhnath Metropolitan City-6",,nepal_police,Landslide,2022-07-31,Gandaki,Kaski,Pokhara,6,,0,0,0,0,1,0,1,1,0,0,0,0,0,0,0,0,1,0,1,0,0
Yes,"Landslide at Dhalkepul, Pokhara Lekhnath Metropolitan City-12",,nepal_police,Landslide,2022-07-31,Gandaki,Kaski,Pokhara,12,150000,0,0,0,0,1,0,0,0,0,0,0,0,0,0,0,0,0,0,0,0,0
Yes,"Landslide at Lahachullipakha, Aathbiskot Municipality-3",,nepal_police,Landslide,2022-07-31,Karnali,Rukum West,Aathbiskot,3,,0,0,1,1,0,2,0,0,0,0,0,0,0,0,0,0,0,0,0,0,0
Yes,"Landslide at Kirnetawer, Tamakoshi Rural Municipality-5",,nepal_police,Landslide,2022-07-30,Bagmati,Dolakha,Tamakoshi,5,,0,0,0,0,0,0,0,0,0,0,0,0,0,0,0,0,0,0,0,0,0
Yes,"Landslide at Charlawang, Thawang Rural Municipality-3",,nepal_police,Landslide,2022-07-30,Lumbini,Rolpa,Thabang,3,,0,0,0,0,0,0,0,0,0,0,0,0,0,0,0,0,0,0,0,0,0
Yes,"Landslide at Sim, Mangala Rural Municipality-1",,nepal_police,Landslide,2022-07-30,Gandaki,Myagdi,Mangala,1,,0,0,0,0,0,0,0,0,0,0,0,0,0,0,0,0,0,0,0,0,0
Yes,"Landslide at Pangre, Hupsekot Rural Municipality-5",,nepal_police,Landslide,2022-07-30,Gandaki,Nawalparasi East,Hupsekot,5,,0,0,0,0,0,0,0,0,0,0,0,0,0,0,0,0,0,0,0,0,0
Yes,"Landslide at Surunga, Myanglung Municipality-9",,nepal_police,Landslide,2022-07-30,Koshi,Terhathum,Myanglung,9,,0,0,0,0,0,0,0,0,0,0,0,0,0,0,0,0,0,0,0,0,0
Yes,"Landslide at Pankhukhola, Diktel Rupakot Majhuwagadhi Municipality-8",,nepal_police,Landslide,2022-07-30,Koshi,Khotang,Diktel Rupakot Majhuwagadhi,8,,0,0,0,0,0,0,0,0,0,0,0,0,0,0,0,0,0,0,0,0,0
Yes,"Landslide at Naunibagar, Annapurna Rural Municipality-2",,nepal_police,Landslide,2022-07-30,Gandaki,Myagdi,Annapurna,2,,0,0,0,0,0,0,0,0,0,0,0,0,0,0,0,0,0,0,0,0,0
Yes,"Landslide at Jamakhue, Rolpa Municipality-8",,other,Landslide,2022-07-28,Lumbini,Rolpa,Rolpa,8,800000,0,0,0,0,1,0,0,0,0,0,0,0,0,0,0,0,0,0,0,0,0
Yes,Landslide at Ghorahi Submetropolitan City-13,,nepal_police,Landslide,2022-07-27,Lumbini,Dang,Ghorahi,13,,0,0,0,0,0,0,0,0,0,0,0,0,0,0,0,0,0,0,0,0,0
Yes,"Landslide at Jogimara, Sworgadwary Municipality-2",,nepal_police,Landslide,2022-07-27,Lumbini,Pyuthan,Sworgadwary,2,,0,0,0,0,0,0,0,0,0,0,0,0,0,0,0,0,0,0,0,0,0
Yes,"Landslide at Borsaawang, Madi Rural Municipality-3",,nepal_police,Landslide,2022-07-27,Lumbini,Rolpa,Madi,3,,0,0,0,0,0,0,0,0,0,0,0,0,0,0,0,0,0,0,0,0,0
Yes,Landslide at Bhume Rural Municipality-1,,nepal_police,Landslide,2022-07-27,Lumbini,Rukum East,Bhume,1,,0,0,0,0,0,0,0,0,0,0,0,0,0,0,0,0,0,0,0,0,0
Yes,"Landslide at Chanakhu, Manthali Municipality-10",,nepal_police,Landslide,2022-07-26,Bagmati,Ramechhap,Manthali,10,,0,0,0,0,1,0,0,0,0,0,0,0,0,0,0,0,0,0,0,0,0
Yes,"Landslide at Sigawa, Yangwarak Rural Municipality-4",,nepal_police,Landslide,2022-07-26,Koshi,Panchthar,Yangwarak,4,1000000,0,0,1,1,0,0,0,0,0,0,0,0,0,0,0,0,0,0,0,0,0
Yes,"Landslide at Ranagau, Neelakantha Municipality-4",,nepal_police,Landslide,2022-07-25,Bagmati,Dhading,Neelakantha,4,,0,0,1,1,0,0,1,0,1,0,0,0,0,0,0,0,0,0,0,0,0
Yes,"Landslide at Ambote, Manthali Municipality-11",,nepal_police,Landslide,2022-07-25,Bagmati,Ramechhap,Manthali,11,,0,0,2,2,0,0,0,0,0,0,0,0,0,0,0,0,0,0,0,0,0
Yes,Landslide at Jugal Rural Municipality-2,,nepal_police,Landslide,2022-07-25,Bagmati,Sindhupalchok,Jugal,2,,0,0,0,0,0,0,0,0,0,0,0,0,0,0,0,0,0,0,0,0,0
Yes,"Landslide at Chughat, Tripurasundari Municipality-9",,nepal_police,Landslide,2022-07-24,Karnali,Dolpa,Tripurasundari,9,,0,0,0,0,0,0,0,0,0,0,0,0,0,0,0,0,0,0,0,0,0
Yes,"Landslide at Mldhunga, Kushma Municipality-1",,nepal_police,Landslide,2022-07-24,Gandaki,Parbat,Kushma,1,,0,0,0,0,0,0,0,0,0,0,0,0,0,0,0,0,0,0,0,0,0
Yes,"Landslide at Bhulu, Turmakhad Rural Municipality-2",,nepal_police,Landslide,2022-07-24,Sudurpashchim,Achham,Turmakhad,2,,0,0,1,1,0,7,3,2,1,0,0,0,0,0,0,0,1,0,1,0,0
Yes,"Landslide at Gangetara, Chamunda Bindrasaini Municipality-7",,nepal_police,Landslide,2022-07-24,Karnali,Dailekh,Chamunda Bindrasaini,7,,0,0,0,0,0,0,0,0,0,0,0,0,0,0,0,0,0,0,0,0,0
Yes,"Landslide at Ghoptebhir, Thasang Rural Municipality-4",,nepal_police,Landslide,2022-07-24,Gandaki,Mustang,Thasang,4,,0,0,0,0,0,0,0,0,0,0,0,0,0,0,0,0,0,0,0,0,0
Yes,"Landslide at Surkeni, Falelung Rural Municipality-8",,nepal_police,Landslide,2022-07-24,Koshi,Panchthar,Falelung,8,800000,0,0,0,0,1,0,0,0,0,0,0,0,0,0,0,0,0,0,0,0,0
Yes,"Landslide at Tilpung, Likhu Tamakoshi Rural Municipality-7",,nepal_police,Landslide,2022-07-24,Bagmati,Ramechhap,Likhu Tamakoshi,7,,0,0,0,0,0,0,0,0,0,0,0,0,0,0,0,0,0,0,0,0,0
Yes,"Landslide at Saping, Bhumlu Rural Municipality-1",,nepal_police,Landslide,2022-07-24,Bagmati,Kavrepalanchok,Bhumlu,1,,0,0,0,0,0,0,0,0,0,0,0,0,0,0,0,0,0,0,0,0,0
Yes,"Landslide at Mahadeva, Dordi Rural Municipality-1",,nepal_police,Landslide,2022-07-24,Gandaki,Lamjung,Dordi,1,,0,0,0,0,1,0,0,0,0,0,0,0,0,0,0,0,0,0,0,0,0
Yes,"Landslide at Mrigetole, Melung Rural Municipality-1",,nepal_police,Landslide,2022-07-23,Bagmati,Dolakha,Melung,1,,0,0,0,0,1,1,0,0,0,0,0,0,0,0,0,0,0,0,0,0,0
Yes,"Landslide at Talmardi, Nashong Rural Municipality-1",,nepal_police,Landslide,2022-07-22,Gandaki,Manang,Nashong,1,,0,0,0,0,0,0,0,0,0,0,0,0,0,0,0,0,0,0,0,0,0
Yes,Landslide at Ichchhyakamana Rural Municipality-5,,nepal_police,Landslide,2022-07-22,Bagmati,Chitwan,Ichchhakamana,5,,0,0,0,0,0,0,0,0,0,0,0,0,0,0,0,0,0,0,0,0,0
Yes,"Landslide at lahare chhara, Madi Rural Municipality-3",,nepal_police,Landslide,2022-07-22,Lumbini,Rolpa,Madi,3,,0,0,0,0,0,0,0,0,0,0,0,0,0,0,0,0,0,0,0,0,0
Yes,"Landslide at Bhutlug, Sandakpur Rural Municipality-3",,other,Landslide,2022-07-22,Koshi,Ilam,Sandakpur,3,,0,0,0,0,1,0,0,0,0,0,0,0,0,0,0,0,0,0,0,0,0
Yes,"Landslide at Gherang, Nashong Rural Municipality-1",,nepal_police,Landslide,2022-07-21,Gandaki,Manang,Nashong,1,,0,0,0,0,1,0,0,0,0,0,0,0,0,0,0,0,0,0,0,0,0
Yes,"Landslide at Laharechhahara, Madi Rural Municipality-3",,nepal_police,Landslide,2022-07-21,Lumbini,Rolpa,Madi,3,,0,0,0,0,0,0,0,0,0,0,0,0,0,0,0,0,0,0,0,0,0
Yes,"Landslide at chinisedhara, Gorkha Municipality-8",,nepal_police,Landslide,2022-07-21,Gandaki,Gorkha,Gorkha,8,,0,0,0,0,1,0,0,0,0,0,0,0,0,0,0,0,0,0,0,0,0
Yes,"Landslide at Khawang, Nisikhola Rural Municipality-6",,nepal_police,Landslide,2022-07-20,Gandaki,Baglung,Nisikhola,6,800000,0,0,1,1,0,0,0,0,0,0,0,0,0,0,0,0,0,0,0,0,0
Yes,"Landslide at Chulegum, Sinja Rural Municipality-2",,nepal_police,Landslide,2022-07-20,Karnali,Jumla,Sinja,2,,0,0,0,0,1,0,0,0,0,0,0,0,0,0,0,0,0,0,0,0,0
Yes,"Landslide at Pili, Khandachakra Municipality-7",,other,Landslide,2022-07-20,Karnali,Kalikot,Khandachakra,7,,0,0,0,0,0,0,0,0,0,0,0,0,0,0,0,0,0,0,0,0,0
Yes,"Landslide at Kumalaganu, Putalibazar Municipality-3",,other,Landslide,2022-07-20,Gandaki,Syangja,Putalibazar,3,,0,0,0,0,0,0,0,0,0,0,0,0,0,0,0,0,0,0,0,0,0
Yes,"Landslide at Khoriya, Bareng Rural Municipality-1",,nepal_police,Landslide,2022-07-20,Gandaki,Baglung,Bareng,1,,0,0,1,1,0,0,0,0,0,0,0,0,0,0,0,0,0,0,0,0,0
Yes,"Landslide at Bhsagobari, Tribeni Rural Municipality-2",,nepal_police,Landslide,2022-07-19,Lumbini,Rolpa,Tribeni,2,,0,0,0,0,0,0,0,0,0,0,0,0,0,0,0,0,0,0,0,0,0
Yes,"Landslide at JHOR, Tokha Municipality-1",,other,Landslide,2022-07-19,Bagmati,Kathmandu,Tokha,1,,0,0,0,0,0,0,0,0,0,0,0,0,0,0,0,0,1,1,0,0,0
Yes,"Landslide at Thalaunpani, Naugad Rural Municipality-2",,nepal_police,Landslide,2022-07-18,Sudurpashchim,Darchula,Naugad,2,,0,0,1,1,0,0,0,0,0,0,0,0,0,0,0,0,0,0,0,0,0
Yes,"Landslide at Chamchet, Aarughat Rural Municipality-1",,nepal_police,Landslide,2022-07-14,Gandaki,Gorkha,Aarughat,1,,0,0,0,0,0,0,0,0,0,0,0,0,0,0,0,0,4,4,0,0,0
Yes,"Landslide at Chumehet, Aarughat Rural Municipality-1",,other,Landslide,2022-07-12,Gandaki,Gorkha,Aarughat,1,,0,0,1,1,0,0,0,0,0,0,0,0,0,0,0,0,0,0,0,0,0
Yes,"Landslide at Majhitole, Thulung Dudhkoshi Rural Municipality-5",,nepal_police,Landslide,2022-07-12,Koshi,Solukhumbu,Thulung Dudhkoshi,5,853000,0,0,0,0,0,6,0,0,0,0,0,0,0,0,0,0,0,0,0,0,0
Yes,"Landslide at Gairigaun, Siranchok Rural Municipality-6",,other,Landslide,2022-07-11,Gandaki,Gorkha,Siranchok,6,,0,0,0,0,0,0,1,1,0,0,0,0,0,0,0,0,0,0,0,0,0
Yes,Landslide at Khandachakra Municipality-1,,nepal_police,Landslide,2022-07-09,Karnali,Kalikot,Khandachakra,1,,0,0,0,0,0,0,0,0,0,0,0,0,0,0,0,0,6,2,4,0,0
Yes,"Landslide at Bhaladi, Satyawati Rural Municipality-6",,nepal_police,Landslide,2022-07-08,Lumbini,Gulmi,Satyawati,6,400000,0,0,0,0,0,2,0,0,0,0,0,0,0,0,0,0,0,0,0,0,0
Yes,"Landslide at Galda, Nisdi Rural Municipality-5",,nepal_police,Landslide,2022-07-08,Lumbini,Palpa,Nisdi,5,500000,0,0,0,0,0,0,0,0,0,0,0,0,0,0,0,0,0,0,0,0,0
Yes,"Landslide at Sunnu, Sayal Rural Municipality-5",,nepal_police,Landslide,2022-07-08,Sudurpashchim,Doti,Sayal,5,,0,0,0,0,0,0,1,1,0,0,0,0,0,0,0,0,0,0,0,0,0
Yes,"Landslide at Dauri, Panchpuri Municipality-7",,nepal_police,Landslide,2022-07-04,Karnali,Surkhet,Panchapuri,7,,0,0,0,0,0,0,1,0,1,0,0,0,0,0,0,0,1,1,0,0,0
Yes,"Landslide at Parigaun, Naugad Rural Municipality-6",,nepal_police,Landslide,2022-07-02,Sudurpashchim,Darchula,Naugad,6,,0,0,0,0,0,0,1,1,0,0,0,0,0,0,0,0,0,0,0,0,0
Yes,"Landslide at SANJHMELA, Chhedagad Municipality-6",,other,Landslide,2022-07-02,Karnali,Jajarkot,Chhedagad,6,,0,0,0,0,1,1,0,0,0,0,0,0,0,0,0,0,0,0,0,0,0
Yes,"Landslide at Bangabazer, Mahakali_Darchula Municipality-4",,nepal_police,Landslide,2022-07-01,Sudurpashchim,Darchula,Mahakali,4,,0,0,0,0,0,0,0,0,0,0,0,0,0,0,0,0,0,0,0,0,0
Yes,"Landslide at Phadi, Kepilasagadhi Rural Municipality-1",,nepal_police,Landslide,2022-07-01,Koshi,Khotang,Kepilasagadhi,1,300000,0,0,0,0,0,1,0,0,0,0,0,0,0,0,0,0,0,0,0,0,0
Yes,"Landslide at Bidin, Falelung Rural Municipality-7",,nepal_police,Landslide,2022-06-30,Koshi,Panchthar,Falelung,7,,0,0,1,1,0,9,3,1,2,0,0,0,0,0,0,0,0,0,0,0,0
Yes,"Landslide at Gorunda, Umakunda Rural Municipality-2",,nepal_police,Landslide,2022-06-30,Bagmati,Ramechhap,Umakunda,2,50000,0,0,0,0,0,3,0,0,0,0,0,0,0,0,0,0,0,0,0,0,0
Yes,Landslide at Rawa Besi Rural Municipality-6,,nepal_police,Landslide,2022-06-30,Koshi,Khotang,Rawa Besi,6,100000,0,0,0,0,1,2,0,0,0,0,0,0,0,0,0,0,0,0,0,0,0
Yes,"Landslide at Bakhre, Molung Rural Municipality-7",,nepal_police,Landslide,2022-06-30,Koshi,Okhaldhunga,Molung,7,1200000,0,0,1,1,0,0,0,0,0,0,0,0,0,0,0,0,0,0,0,0,0
Yes,"Landslide at Gairigau, Sotang Rural Municipality-5",,other,Landslide,2022-06-28,Koshi,Solukhumbu,Sotang,5,5065000,0,0,1,1,0,0,0,0,0,0,0,0,0,0,0,0,0,0,0,0,0
Yes,"Landslide at Mahabir, Dharmadevi Municipality-1",,other,Landslide,2022-06-28,Koshi,Sankhuwasabha,Dharmadevi,1,,0,0,0,0,1,5,0,0,0,0,0,0,0,0,0,0,0,0,0,0,0
Yes,"Landslide at Salte, Chhathar Jorpati Rural Municipality-2",,other,Landslide,2022-06-28,Koshi,Dhankuta,Chhathar Jorpati,2,,0,0,0,0,0,5,0,0,0,0,0,0,0,0,0,0,0,0,0,0,0
Yes,"Landslide at Jaluke, Malika Rural Municipality-3",,other,Landslide,2022-06-28,Lumbini,Gulmi,Malika,3,,0,0,0,0,0,1,0,0,0,0,0,0,0,0,0,0,0,0,0,0,0
Yes,"Landslide at Khedok, Falelung Rural Municipality-5",,other,Landslide,2022-06-28,Koshi,Panchthar,Falelung,5,400000,0,0,1,1,0,0,0,0,0,0,0,0,0,0,0,0,0,0,0,0,0
Yes,"Landslide at Majhgaun, Butwal Submetropolitan City-11",,other,Landslide,2022-06-27,Lumbini,Rupandehi,Butwal,11,,0,0,0,0,0,0,0,0,0,0,0,0,0,0,0,0,0,0,0,0,0
Yes,"Landslide at Simara, Krishnanagar Municipality-1",,other,Landslide,2022-06-27,Lumbini,Kapilbastu,Krishnanagar,1,30000,0,0,0,0,0,0,0,0,0,0,0,0,0,0,0,0,0,0,0,0,0
Yes,"Landslide at Lata, Kuse Rural Municipality-8",,other,Landslide,2022-06-27,Karnali,Jajarkot,Kushe,8,,0,0,0,0,0,0,0,0,0,0,0,0,0,0,0,0,0,0,0,0,0
Yes,"Landslide at Milanchong, Butwal Submetropolitan City-9",,other,Landslide,2022-06-27,Lumbini,Rupandehi,Butwal,9,,0,0,0,0,0,0,0,0,0,0,0,0,0,0,0,0,0,0,0,0,0
Yes,"Landslide at Liwang, Gaumukhi Rural Municipality-6",,nepal_police,Landslide,2022-06-27,Lumbini,Pyuthan,Gaumukhi,6,200000,0,0,0,0,0,7,0,0,0,0,0,0,0,0,0,0,0,0,0,0,0
Yes,"Landslide at Khutuki, Umakunda Rural Municipality-6",,other,Landslide,2022-06-27,Bagmati,Ramechhap,Umakunda,6,,0,0,0,0,0,1,0,0,0,0,0,0,0,0,0,0,0,0,0,0,0
Yes,"Landslide at Dillikote, Mahawai Rural Municipality-4",,nepal_police,Landslide,2022-06-25,Karnali,Kalikot,Mahawai,4,,0,0,0,0,1,0,0,0,0,0,0,0,0,0,0,0,0,0,0,0,0
Yes,"Landslide at Bamdi, Pokhara Lekhnath Metropolitan City-23",,nepal_police,Landslide,2022-06-25,Gandaki,Kaski,Pokhara,23,,0,0,0,0,1,0,0,0,0,0,0,0,0,0,0,0,0,0,0,0,0
Yes,Landslide at Machhapuchchhre Rural Municipality-5,,nepal_police,Landslide,2022-06-25,Gandaki,Kaski,Machhapuchchhre,5,,0,0,0,0,0,4,0,0,0,0,0,0,0,0,0,0,0,0,0,0,0
Yes,"Landslide at Phusre, Annapurna Rural Municipality-1",,nepal_police,Landslide,2022-06-25,Gandaki,Kaski,Annapurna,1,,0,0,1,1,0,0,0,0,0,0,0,0,0,0,0,0,0,0,0,0,0
Yes,Landslide at Machhapuchchhre Rural Municipality-4,,nepal_police,Landslide,2022-06-25,Gandaki,Kaski,Machhapuchchhre,4,,0,0,1,1,0,0,0,0,0,0,0,0,0,0,0,0,0,0,0,0,0
Yes,Landslide at Naukunda Rural Municipality-4,,nepal_police,Landslide,2022-06-25,Bagmati,Rasuwa,Naukunda,4,,0,0,0,0,0,1,0,0,0,0,0,0,0,0,0,0,0,0,0,0,0
Yes,"Landslide at Hemja, Pokhara Lekhnath Metropolitan City-25",,nepal_police,Landslide,2022-06-24,Gandaki,Kaski,Pokhara,25,,0,0,0,0,0,9,0,0,0,0,0,0,0,0,0,0,0,0,0,0,0
Yes,Landslide at Pokhara Lekhnath Metropolitan City-24,,nepal_police,Landslide,2022-06-24,Gandaki,Kaski,Pokhara,24,,0,0,1,1,0,0,0,0,0,0,0,0,0,0,0,0,0,0,0,0,0
Yes,Landslide at Pokhara Lekhnath Metropolitan City-23,,nepal_police,Landslide,2022-06-24,Gandaki,Kaski,Pokhara,23,6000000,0,0,1,1,0,0,0,0,0,0,0,0,0,0,0,0,0,0,0,0,0
Yes,"Landslide at Sirpali, Annapurna Rural Municipality-1",,nepal_police,Landslide,2022-06-24,Gandaki,Kaski,Annapurna,1,,0,0,0,0,1,0,0,0,0,0,0,0,0,0,0,0,0,0,0,0,0
Yes,"Landslide at SALGHARI, Pokhara Lekhnath Metropolitan City-16",,nepal_police,Landslide,2022-06-24,Gandaki,Kaski,Pokhara,16,,0,0,1,1,0,0,0,0,0,0,0,0,0,0,0,0,0,0,0,0,0
Yes,"Landslide at Ghumle, Madi Rural Municipality-12",,nepal_police,Landslide,2022-06-24,Gandaki,Kaski,Madi,12,,0,0,0,0,1,0,0,0,0,0,0,0,0,0,0,0,0,0,0,0,0
Yes,"Landslide at Samekham, Meringden Rural Municipality-4",,nepal_police,Landslide,2022-06-19,Koshi,Taplejung,Meringden,4,,0,0,0,0,0,4,0,0,0,0,0,0,0,0,0,0,0,0,0,0,0
Yes,Landslide at Chichila Rural Municipality-1,,nepal_police,Landslide,2022-06-19,Koshi,Sankhuwasabha,Chichila,1,,0,0,0,0,1,0,0,0,0,0,0,0,0,0,0,0,0,0,0,0,0
Yes,"Landslide at Mamankhe, Sirijangha Rural Municipality-6",,nepal_police,Landslide,2022-06-19,Koshi,Taplejung,Sirijangha,6,,0,0,0,0,0,0,0,0,0,0,0,0,0,0,0,0,1,1,0,0,0
Yes,"Landslide at Patigaun, Belbari Municipality-1",,nepal_police,Landslide,2022-06-19,Koshi,Morang,Belbari,1,,0,0,0,0,1,4,0,0,0,0,0,0,0,0,0,0,0,0,0,0,0
Yes,"Landslide at Charkilo, Ichchhyakamana Rural Municipality-6",,nepal_police,Landslide,2022-06-17,Bagmati,Chitwan,Ichchhakamana,6,,0,0,0,0,0,0,0,0,0,0,0,0,0,0,0,0,2,0,2,0,0
Yes,"Landslide at Chisapani, Besishahar Municipality-2",,nepal_police,Landslide,2022-06-17,Gandaki,Lamjung,Besishahar,2,,0,0,1,1,1,0,0,0,0,0,0,0,0,0,0,0,0,0,0,0,0
Yes,"Landslide at Baglungpani, Kwholasothar Rural Municipality-1",,nepal_police,Landslide,2022-06-17,Gandaki,Lamjung,Kwholasothar,1,,0,0,0,0,1,0,0,0,0,0,0,0,0,0,0,0,0,0,0,0,0
Yes,"Landslide at Purankot, Besishahar Municipality-4",,nepal_police,Landslide,2022-06-17,Gandaki,Lamjung,Besishahar,4,,0,0,0,0,1,0,0,0,0,0,0,0,0,0,0,0,3,2,1,0,0
Yes,"Landslide at Borangkhola, Rainas Municipality-1",,nepal_police,Landslide,2022-06-17,Gandaki,Lamjung,Rainas,1,,0,0,0,0,1,0,0,0,0,0,0,0,0,0,0,0,0,0,0,0,0
Yes,"Landslide at Taku, Phaktanglung Rural Municipality-2",,nepal_police,Landslide,2022-06-17,Koshi,Taplejung,Phaktanglung,2,,0,0,1,1,0,1,0,0,0,0,0,0,0,0,0,0,0,0,0,0,0
Yes,"Landslide at Okhle, Pathibhara Yangwarak Rural Municipality-4",,nepal_police,Landslide,2022-06-16,Koshi,Taplejung,Pathibhara Yangwarak,4,900000,0,0,1,1,0,0,0,0,0,0,0,0,0,0,0,0,0,0,0,0,0
Yes,"Landslide at Chichila Bajar, Chichila Rural Municipality-1",,nepal_police,Landslide,2022-06-16,Koshi,Sankhuwasabha,Chichila,1,,0,0,0,0,1,0,0,0,0,0,0,0,0,0,0,0,1,0,1,0,0
Yes,"Landslide at Yangpang, Sirijangha Rural Municipality-5",,nepal_police,Landslide,2022-06-16,Koshi,Taplejung,Sirijangha,5,1670000,0,0,0,0,0,15,0,0,0,0,0,0,0,0,0,0,0,0,0,0,0
Yes,"Landslide at Mamankhe, Sirijangha Rural Municipality-6",,nepal_police,Landslide,2022-06-16,Koshi,Taplejung,Sirijangha,6,3700000,0,0,4,4,0,5,0,0,0,0,0,0,0,0,0,0,0,0,0,0,0
Yes,"Landslide at Thyampu, Sidingba Rural Municipality-7",,nepal_police,Landslide,2022-06-15,Koshi,Taplejung,Sidingba,7,,0,0,0,0,0,0,2,0,2,0,0,0,0,0,0,0,1,1,0,0,0
Yes,Landslide at Sirijangha Rural Municipality-6,,nepal_police,Landslide,2022-06-15,Koshi,Taplejung,Sirijangha,6,21300000,0,0,0,0,0,1,0,0,0,0,0,0,0,0,0,0,0,0,0,0,0
Yes,Landslide at Netrawati Dabjong Rural Municipality-1,,other,Landslide,2022-06-14,Bagmati,Dhading,Netrawati Dabjong,1,,0,0,0,0,0,0,0,0,0,0,0,0,0,0,0,0,0,0,0,0,0
Yes,"Landslide at Sallaghari, Gangajamuna Rural Municipality-6",,other,Landslide,2022-06-14,Bagmati,Dhading,Gangajamuna,6,,0,0,0,0,0,3,0,0,0,0,0,0,0,0,0,0,0,0,0,0,0
Yes,"Landslide at SAKHAR, Anbukhaireni Rural Municipality-4",,other,Landslide,2022-06-14,Gandaki,Tanahu,Aanbookhaireni,4,,0,0,0,0,0,0,2,2,0,0,0,0,0,0,0,0,2,1,1,0,0
Yes,"Landslide at Golphinbesi, Bhimphedi Rural Municipality-3",,nepal_police,Landslide,2022-06-13,Bagmati,Makwanpur,Bhimphedi,3,,0,0,0,0,0,0,0,0,0,0,0,0,0,0,0,0,0,0,0,0,0
Yes,"Landslide at Thalang, Sirijangha Rural Municipality-1",,other,Landslide,2022-06-13,Koshi,Taplejung,Sirijangha,1,900000,0,0,0,0,0,25,0,0,0,0,0,0,0,0,0,0,0,0,0,0,0
Yes,"Landslide at Daunne, Paribartan Rural Municipality-5",,nepal_police,Landslide,2022-06-11,Lumbini,Rolpa,Paribartan,5,,0,0,0,0,0,0,2,0,2,0,0,0,0,0,0,0,0,0,0,0,0
Yes,"Landslide at Raneda, Gaumul Rural Municipality-2",,nepal_police,Landslide,2022-06-11,Sudurpashchim,Bajura,Gaumul,2,410000,0,0,0,0,2,0,0,0,0,0,0,0,0,0,0,0,0,0,0,0,0
Yes,"Landslide at Ghimire Gaun, Tripura Sundari Rural Municipality-5",,nepal_police,Landslide,2022-06-09,Bagmati,Dhading,Tripurasundari,5,,0,0,6,6,0,0,1,1,0,0,0,0,0,0,0,0,0,0,0,0,0
Yes,"Landslide at Beltakura, Simta Rural Municipality-8",,nepal_police,Landslide,2022-06-09,Karnali,Surkhet,Simta,8,1000000,0,0,1,1,0,1,0,0,0,0,0,0,0,0,0,0,0,0,0,0,0
Yes,"Landslide at Ladari Bhanjyang, Bhanu Municipality-10",,nepal_police,Landslide,2022-06-09,Gandaki,Tanahu,Bhanu,10,,0,0,0,0,1,0,0,0,0,0,0,0,0,0,0,0,0,0,0,0,0
Yes,"Landslide at syala, Galkot Municipality-3",,nepal_police,Landslide,2022-06-08,Gandaki,Baglung,Galkot,3,,0,0,1,1,0,2,0,0,0,0,0,0,0,0,0,0,0,0,0,0,0
Yes,"Landslide at Rengil, Sanni Tribeni Rural Municipality-1",,nepal_police,Landslide,2022-06-08,Karnali,Kalikot,Sanni Tribeni,1,,0,0,0,0,0,0,0,0,0,0,0,0,0,0,0,0,0,0,0,0,0
Yes,"Landslide at Sitala, Naraharinath Rural Municipality-9",,nepal_police,Landslide,2022-06-08,Karnali,Kalikot,Naraharinath,9,,0,0,0,0,0,7,0,0,0,0,0,0,0,0,0,0,0,0,0,0,0
Yes,"Landslide at kiureni, Palungtar Municipality-6",,other,Landslide,2022-06-08,Gandaki,Gorkha,Palungtar,6,,0,0,0,0,1,0,0,0,0,0,0,0,0,0,0,0,0,0,0,0,0
Yes,"Landslide at Bhandar khola, Bareng Rural Municipality-2",,other,Landslide,2022-06-07,Gandaki,Baglung,Bareng,2,200000,0,0,0,0,0,1,0,0,0,0,0,0,0,0,0,0,0,0,0,0,0
Yes,"Landslide at Kamul, Galkot Municipality-1",,other,Landslide,2022-06-07,Gandaki,Baglung,Galkot,1,,0,0,0,0,0,7,0,0,0,0,0,0,0,0,0,0,0,0,0,0,0
Yes,"Landslide at Anglung, Madane Rural Municipality-6",,nepal_police,Landslide,2022-06-03,Lumbini,Gulmi,Madane,6,,0,0,0,0,0,6,0,0,0,0,0,0,0,0,0,0,0,0,0,0,0
Yes,"Landslide at Nundjhaki, Chichila Rural Municipality-1",,other,Landslide,2022-05-31,Koshi,Sankhuwasabha,Chichila,1,,0,0,0,0,0,0,2,2,0,0,0,0,0,0,0,0,0,0,0,0,0
Yes,Landslide at Mahakulung Rural Municipality-4,,nepal_police,Landslide,2022-05-29,Koshi,Solukhumbu,Mahakulung,4,3000000,0,0,1,1,0,0,0,0,0,0,0,0,0,0,0,0,0,0,0,0,0
Yes,"Landslide at charkiol, Ichchhyakamana Rural Municipality-6",,other,Landslide,2022-05-26,Bagmati,Chitwan,Ichchhakamana,6,,0,0,0,0,0,0,0,0,0,0,0,0,0,0,0,0,1,1,0,0,0
Yes,"Landslide at Bibirapani, Pokhara Lekhnath Metropolitan City-28",,other,Landslide,2022-05-04,Gandaki,Kaski,Pokhara,28,,0,0,0,0,0,2,0,0,0,0,0,0,0,0,0,0,0,0,0,0,0
Yes,"Landslide at Rajime , Bhumekasthan Municipality-1",,other,Landslide,2022-04-28,Lumbini,Arghakhanchi,Bhumikasthan,1,,0,0,1,1,0,0,0,0,0,0,0,0,0,0,0,0,0,0,0,0,0
Yes,"Landslide at Kacal, Tinau Rural Municipality-1",,nepal_police,Landslide,2022-04-18,Lumbini,Palpa,Tinau,1,,0,0,0,0,0,0,1,1,0,0,0,0,0,0,0,0,0,0,0,0,0
Yes,"Landslide at Jagatthali, Khanikhola Rural Municipality-4",,nepal_police,Landslide,2022-03-23,Bagmati,Kavrepalanchok,Khanikhola,4,,0,0,0,0,0,0,0,0,0,0,0,0,0,0,0,0,2,2,0,0,0
Yes,"Landslide at Bhangtar, Dharmadevi Municipality-6",,nepal_police,Landslide,2022-03-07,Koshi,Sankhuwasabha,Dharmadevi,6,,0,0,0,0,0,0,0,0,0,0,0,0,0,0,0,0,0,0,0,0,0
Yes,"Landslide at Phulbari, Sundarbazar Municipality-9",,nepal_police,Landslide,2022-03-07,Gandaki,Lamjung,Sundarbazar,9,,0,0,0,0,0,0,1,1,0,0,0,0,0,0,0,0,1,1,0,0,0
Yes,"Landslide at Aasapuri, Banepa Municipality-14",,nepal_police,Landslide,2022-02-25,Bagmati,Kavrepalanchok,Banepa,14,,0,0,0,0,0,0,1,1,0,0,0,0,0,0,0,0,2,2,0,0,0
Yes,"Landslide at chorkhla, Kapurkot Rural Municipality-3",,nepal_police,Landslide,2022-01-25,Karnali,Salyan,Kapurkot,3,,0,0,0,0,0,0,0,0,0,0,0,0,0,0,0,0,0,0,0,0,0
Yes,"Landslide at gomggang, Aamachhodingmo Rural Municipality-5",,nepal_police,Landslide,2022-01-25,Bagmati,Rasuwa,Aamachhodingmo,5,,0,0,0,0,0,0,1,1,0,0,0,0,0,0,0,0,1,1,0,0,0
Yes,"Landslide at Lamidada, Katari Municipality-14",,nepal_police,Landslide,2022-01-21,Koshi,Udayapur,Katari,14,,0,0,0,0,0,0,0,0,0,0,0,0,0,0,0,0,0,0,0,0,0
Yes,"Landslide at Linjo, Rubi Valley Rural Municipality-1",,nepal_police,Landslide,2022-01-12,Bagmati,Dhading,Ruby Valley,1,,0,0,0,0,0,0,1,1,0,0,0,2,0,0,2,0,0,0,0,0,0
Yes,"Landslide at Bata, Himali Rural Municipality-4",,nepal_police,Landslide,2021-10-20,Sudurpashchim,Bajura,Himali,4,,0,0,1,1,0,0,0,0,0,0,0,0,0,0,0,0,0,0,0,0,0
Yes,"Landslide at Paruwa, Purchaudi Municipality-6",,nepal_police,Landslide,2021-10-20,Sudurpashchim,Baitadi,Purchaudi,6,,0,0,1,1,0,9,0,0,0,0,0,0,0,0,0,0,0,0,0,0,0
Yes,"Landslide at Bhanu, Phungling Municipality-2",,nepal_police,Landslide,2021-10-20,Koshi,Taplejung,Phungling,2,,0,0,1,1,0,0,0,0,0,0,0,0,0,0,0,0,0,0,0,0,0
Yes,"Landslide at Sunkhola, Alital Rural Municipality-8",,nepal_police,Landslide,2021-10-20,Sudurpashchim,Dadeldhura,Alital,8,,0,0,0,0,0,0,2,1,1,0,0,0,0,0,0,0,0,0,0,0,0
Yes,"Landslide at Nageshwari, Dharan Submetropolitan City-13",,nepal_police,Landslide,2021-10-19,Koshi,Sunsari,Dharan,13,,0,0,1,1,0,0,2,1,1,0,0,0,0,0,0,0,0,0,0,0,0
Yes,"Landslide at yotha, Mahawai Rural Municipality-2",,nepal_police,Landslide,2021-10-19,Karnali,Kalikot,Mahawai,2,,0,0,0,0,0,2,0,0,0,0,0,0,0,0,0,0,0,0,0,0,0
Yes,Landslide at Shikhar Municipality-2,,nepal_police,Landslide,2021-10-19,Sudurpashchim,Doti,Shikhar,2,,0,0,1,1,0,3,0,0,0,0,0,0,0,0,0,0,0,0,0,0,0
Yes,Landslide at Shikhar Municipality-2,,nepal_police,Landslide,2021-10-19,Sudurpashchim,Doti,Shikhar,2,,0,0,1,1,0,3,0,0,0,0,0,0,0,0,0,0,0,0,0,0,0
Yes,Landslide at Bungal Municipality-6,,nepal_police,Landslide,2021-10-19,Sudurpashchim,Bajhang,Bungal,6,,0,0,1,1,0,0,0,0,0,0,0,0,0,0,0,0,0,0,0,0,0
Yes,"Landslide at patal, Khaptad Chhededaha Rural Municipality-5",,nepal_police,Landslide,2021-10-19,Sudurpashchim,Bajura,Khaptad Chhededaha,5,,0,0,0,0,0,0,1,1,0,0,0,0,0,0,0,0,1,0,1,0,0
Yes,"Landslide at khesang, Pauwadungma Rural Municipality-6",,nepal_police,Landslide,2021-10-19,Koshi,Bhojpur,Pauwadungma,6,,0,0,1,1,0,0,0,0,0,0,0,0,0,0,0,0,0,0,0,0,0
Yes,"Landslide at pasalbagar, Khaptadchhanna Rural Municipality-4",,nepal_police,Landslide,2021-10-19,Sudurpashchim,Bajhang,Khaptadchhanna,4,,0,0,1,1,0,2,2,1,1,0,0,0,0,0,0,0,0,0,0,0,0
Yes,"Landslide at kaklukheti, Khaptad Chhededaha Rural Municipality-5",,nepal_police,Landslide,2021-10-19,Sudurpashchim,Bajura,Khaptad Chhededaha,5,,0,0,1,1,0,0,2,1,1,0,0,0,0,0,0,0,0,0,0,0,0
Yes,"Landslide at arkhala, Bulingtar Rural Municipality-4",,nepal_police,Landslide,2021-10-19,Gandaki,Nawalparasi East,Bulingtar,4,90000,0,0,0,0,0,1,0,0,0,0,0,0,0,0,0,0,0,0,0,0,0
Yes,Landslide at Ganayapdhura Rural Municipality-2,,nepal_police,Landslide,2021-10-19,Sudurpashchim,Dadeldhura,Ganayapdhura,2,,0,0,1,1,0,5,0,0,0,0,0,0,0,0,0,0,0,0,0,0,0
Yes,Landslide at Bhageshwar Rural Municipality-4,,nepal_police,Landslide,2021-10-19,Sudurpashchim,Dadeldhura,Bhageshwar,4,,0,0,0,0,0,3,0,0,0,0,0,0,0,0,0,0,0,0,0,0,0
Yes,"Landslide at siradi, Badimalika Municipality-3",,nepal_police,Landslide,2021-10-19,Sudurpashchim,Bajura,Badimalika,3,,0,0,0,0,0,8,0,0,0,0,0,0,0,0,0,0,0,0,0,0,0
Yes,Landslide at Dogadakedar Rural Municipality-2,,nepal_police,Landslide,2021-10-19,Sudurpashchim,Baitadi,Dogadakedar,2,,0,0,0,0,0,9,0,0,0,0,0,0,0,0,0,0,0,0,0,0,0
Yes,Landslide at Purchaudi Municipality-6,,nepal_police,Landslide,2021-10-19,Sudurpashchim,Baitadi,Purchaudi,6,,0,0,1,1,0,9,0,0,0,0,0,0,0,0,0,0,0,0,0,0,0
Yes,"Landslide at Subakot, Bithadchir Rural Municipality-7",,nepal_police,Landslide,2021-10-19,Sudurpashchim,Bajhang,Bitthadchir,7,,0,0,0,0,0,0,1,1,0,0,0,0,0,0,0,0,0,0,0,0,0
Yes,"Landslide at Betini, Maijogmai Rural Municipality-3",,nepal_police,Landslide,2021-10-19,Koshi,Ilam,Maijogmai,3,,0,0,1,1,0,0,1,0,1,0,0,0,0,0,0,0,0,0,0,0,0
Yes,"Landslide at Jilgau, Suryodaya Municipality-3",,nepal_police,Landslide,2021-10-19,Koshi,Ilam,Suryodaya,3,,0,0,1,1,0,0,2,1,1,0,0,0,0,0,0,0,0,0,0,0,0
Yes,"Landslide at Lutimaya, Deumai Municipality-2",,nepal_police,Landslide,2021-10-19,Koshi,Ilam,Deumai,2,,0,0,0,0,0,0,1,0,1,0,0,0,0,0,0,0,0,0,0,0,0
Yes,Landslide at Biratnagar Metropolitan City-12,,nepal_police,Landslide,2021-10-19,Koshi,Morang,Biratnagar,12,,0,0,0,0,0,0,1,1,0,0,0,2,0,0,2,0,0,0,0,0,0
Yes,Landslide at Bhokraha Rural Municipality-7,,nepal_police,Landslide,2021-10-19,Koshi,Sunsari,Bhokraha Narsingh,7,,0,0,0,0,0,0,1,1,0,0,0,0,0,0,0,0,0,0,0,0,0
Yes,Landslide at Itahari Submetropolitan City-2,,nepal_police,Landslide,2021-10-19,Koshi,Sunsari,Itahari,2,,0,0,0,0,0,0,2,2,0,0,0,0,0,0,0,0,0,0,0,0,0
Yes,"Landslide at Bhatkada, Ganayapdhura Rural Municipality-1",,nepal_police,Landslide,2021-10-18,Sudurpashchim,Dadeldhura,Ganayapdhura,1,,0,0,1,1,0,0,1,1,0,0,0,0,0,0,0,0,0,0,0,0,0
Yes,Landslide at JayaPrithivi Municipality-3,,nepal_police,Landslide,2021-10-18,Sudurpashchim,Bajhang,JayaPrithivi,3,,0,0,0,0,1,0,0,0,0,0,0,0,0,0,0,0,0,0,0,0,0
Yes,Landslide at JayaPrithivi Municipality-9,,nepal_police,Landslide,2021-10-18,Sudurpashchim,Bajhang,JayaPrithivi,9,,0,0,0,0,0,0,0,0,0,0,0,0,0,0,0,0,0,0,0,0,0
Yes,Landslide at Chainpur Municipality-11,,nepal_police,Landslide,2021-10-18,Koshi,Sankhuwasabha,Chainpur,11,,0,0,0,0,0,0,0,0,0,0,0,0,0,0,0,0,1,1,0,0,0
Yes,Landslide at JayaPrithivi Municipality-2,,nepal_police,Landslide,2021-10-18,Sudurpashchim,Bajhang,JayaPrithivi,2,,0,0,0,0,1,0,0,0,0,0,0,0,0,0,0,0,0,0,0,0,0
Yes,"Landslide at Mulpani, Chaubise Rural Municipality-1",,nepal_police,Landslide,2021-10-18,Koshi,Dhankuta,Chaubise,1,,0,0,0,0,0,0,7,0,0,7,0,0,0,0,0,0,5,5,0,0,0
Yes,"Landslide at Tadipate, Amargadhi Municipality-1",,nepal_police,Landslide,2021-10-18,Sudurpashchim,Dadeldhura,Amargadhi,1,,0,0,1,1,0,4,0,0,0,0,0,0,0,0,0,0,2,1,1,0,0
Yes,"Landslide at Bistapali, Surnaya Rural Municipality-5",,nepal_police,Landslide,2021-10-18,Sudurpashchim,Baitadi,Surnaya,5,,0,0,0,0,1,0,1,0,1,0,0,1,0,0,1,0,2,0,2,0,0
Yes,Landslide at Aadarsha Rural Municipality-1,,nepal_police,Landslide,2021-10-18,Sudurpashchim,Doti,Aadarsha,1,,0,0,0,0,0,0,2,2,0,0,0,0,0,0,0,0,3,1,2,0,0
Yes,"Landslide at Barbata, Shikhar Municipality-11",,nepal_police,Landslide,2021-10-18,Sudurpashchim,Doti,Shikhar,11,,0,0,0,0,0,0,1,0,1,0,0,0,0,0,0,0,0,0,0,0,0
Yes,Landslide at Jorayal Rural Municipality-3,,nepal_police,Landslide,2021-10-18,Sudurpashchim,Doti,Jorayal,3,,0,0,0,0,0,0,1,1,0,0,0,0,0,0,0,0,1,0,1,0,0
Yes,"Landslide at khirejagatol, Bhajani Municipality-8",,nepal_police,Landslide,2021-10-18,Sudurpashchim,Kailali,Bhajani,8,,0,0,1,1,0,0,0,0,0,0,0,0,0,0,0,0,0,0,0,0,0
Yes,"Landslide at Saigada, Jorayal Rural Municipality-4",,nepal_police,Landslide,2021-10-18,Sudurpashchim,Doti,Jorayal,4,,0,0,0,0,0,0,5,4,1,0,0,0,0,0,0,0,0,0,0,0,0
Yes,"Landslide at pikhu, Khatyad Rural Municipality-4",,nepal_police,Landslide,2021-10-18,Karnali,Mugu,Khatyad,4,,0,0,0,0,0,5,0,0,0,0,0,0,0,0,0,0,0,0,0,0,0
Yes,"Landslide at Kharegaun, Kharpunath Rural Municipality-5",,nepal_police,Landslide,2021-10-18,Karnali,Humla,Kharpunath,5,,0,0,1,1,0,0,6,6,0,0,0,0,0,0,0,0,0,0,0,0,0
Yes,Landslide at Shivanath Rural Municipality-5,,nepal_police,Landslide,2021-10-18,Sudurpashchim,Baitadi,Shivanath,5,,0,0,1,1,0,0,3,2,1,0,0,0,0,0,0,0,0,0,0,0,0
Yes,Landslide at Ganayapdhura Rural Municipality-3,,nepal_police,Landslide,2021-10-18,Sudurpashchim,Dadeldhura,Ganayapdhura,3,,0,0,0,0,0,0,1,1,0,0,0,0,0,0,0,0,0,0,0,0,0
Yes,Landslide at Budhiganga Municipality-6,,nepal_police,Landslide,2021-10-18,Sudurpashchim,Bajura,Budhiganga,6,,0,0,1,1,0,0,0,0,0,0,0,0,0,0,0,0,0,0,0,0,0
Yes,"Landslide at Nawalpur, Jorayal Rural Municipality-3",,nepal_police,Landslide,2021-10-18,Sudurpashchim,Doti,Jorayal,3,,0,0,1,1,0,0,2,1,1,0,0,0,0,0,0,0,1,0,1,0,0
Yes,"Landslide at upallagaum, Bogtan Rural Municipality-5",,nepal_police,Landslide,2021-10-18,Sudurpashchim,Doti,Bogtan,5,,0,0,0,0,0,0,1,0,1,0,0,0,0,0,0,0,5,2,3,0,0
Yes,Landslide at Sayal Rural Municipality-4,,nepal_police,Landslide,2021-10-18,Sudurpashchim,Doti,Sayal,4,,0,0,0,0,0,0,1,1,0,0,0,0,0,0,0,0,0,0,0,0,0
Yes,"Landslide at pataliwada, Raskot Municipality-8",,nepal_police,Landslide,2021-10-18,Karnali,Kalikot,Raskot,8,,0,0,0,0,0,0,0,0,0,0,0,0,0,0,0,0,2,1,1,0,0
Yes,Landslide at Kharpunath Rural Municipality-4,,nepal_police,Landslide,2021-10-18,Karnali,Humla,Kharpunath,4,,0,0,0,0,0,3,0,0,0,0,0,0,0,0,0,0,0,0,0,0,0
Yes,Landslide at Falgunanda Rural Municipality-4,,nepal_police,Landslide,2021-10-18,Koshi,Panchthar,Falgunanda,4,,0,0,0,0,0,0,2,1,1,0,0,0,0,0,0,0,0,0,0,0,0
Yes,Landslide at Phidim Municipality-13,,nepal_police,Landslide,2021-10-18,Koshi,Panchthar,Phidim,13,,0,0,0,0,0,0,2,1,1,0,0,0,0,0,0,0,0,0,0,0,0
Yes,Landslide at Miklajung Rural Municipality-7,,nepal_police,Landslide,2021-10-18,Koshi,Panchthar,Miklajung,7,,0,0,0,0,0,0,2,1,1,0,0,0,0,0,0,0,0,0,0,0,0
Yes,Landslide at Miklajung Rural Municipality-4,,nepal_police,Landslide,2021-10-18,Koshi,Panchthar,Miklajung,4,,0,0,0,0,0,0,2,2,0,0,0,3,0,0,3,0,2,1,1,0,0
Yes,Landslide at Phidim Municipality-6,,nepal_police,Landslide,2021-10-18,Koshi,Panchthar,Phidim,6,,0,0,0,0,0,0,1,1,0,0,0,0,0,0,0,0,0,0,0,0,0
Yes,Landslide at Miklajung Rural Municipality-1,,nepal_police,Landslide,2021-10-18,Koshi,Panchthar,Miklajung,1,,0,0,0,0,0,0,1,1,0,0,0,0,0,0,0,0,0,0,0,0,0
Yes,Landslide at Falgunanda Rural Municipality-3,,nepal_police,Landslide,2021-10-18,Koshi,Panchthar,Falgunanda,3,,0,0,0,0,0,0,2,2,0,0,0,0,0,0,0,0,10,6,4,0,0
Yes,Landslide at Miklajung Rural Municipality-5,,nepal_police,Landslide,2021-10-18,Koshi,Panchthar,Miklajung,5,,0,0,0,0,0,0,12,8,4,0,0,0,0,0,0,0,0,0,0,0,0
Yes,Landslide at Kummayak Rural Municipality-2,,nepal_police,Landslide,2021-10-18,Koshi,Panchthar,Kummayak,2,,0,0,0,0,0,0,1,0,1,0,0,0,0,0,0,0,0,0,0,0,0
Yes,Landslide at Miklajung Rural Municipality-2,,nepal_police,Landslide,2021-10-18,Koshi,Panchthar,Miklajung,2,,0,0,0,0,0,0,6,1,5,0,0,0,0,0,0,0,0,0,0,0,0
Yes,Landslide at Illam Municipality-12,,nepal_police,Landslide,2021-10-18,Koshi,Ilam,Ilam,12,,0,0,1,1,0,0,1,0,1,0,0,0,0,0,0,0,0,0,0,0,0
Yes,"Landslide at Tengepur, Fakphokthum Rural Municipality-1",,nepal_police,Landslide,2021-10-18,Koshi,Ilam,Phakphokthum,1,,0,0,0,0,0,0,2,1,1,0,0,0,0,0,0,0,4,2,2,0,0
Yes,"Landslide at Chisopani, Mangsebung Rural Municipality-6",,nepal_police,Landslide,2021-10-18,Koshi,Ilam,Mangsebung,6,,0,0,1,1,0,0,3,1,2,0,0,0,0,0,0,0,1,1,0,0,0
Yes,"Landslide at Salleri, Fakphokthum Rural Municipality-3",,nepal_police,Landslide,2021-10-18,Koshi,Ilam,Phakphokthum,3,,0,0,1,1,0,0,4,4,0,0,0,0,0,0,0,0,0,0,0,0,0
Yes,"Landslide at Melbote, Suryodaya Municipality-3",,nepal_police,Landslide,2021-10-18,Koshi,Ilam,Suryodaya,3,,0,0,1,1,0,0,1,0,1,0,0,0,0,0,0,0,0,0,0,0,0
Yes,"Landslide at Khairekhola, Dharan Submetropolitan City-20",,nepal_police,Landslide,2021-10-18,Koshi,Sunsari,Dharan,20,,0,0,0,0,0,0,1,1,0,0,0,0,0,0,0,0,0,0,0,0,0
Yes,Landslide at Itahari Submetropolitan City-5,,nepal_police,Landslide,2021-10-18,Koshi,Sunsari,Itahari,5,,0,0,0,0,0,0,1,1,0,0,0,0,0,0,0,0,0,0,0,0,0
Yes,Landslide at Sayal Rural Municipality-1,,nepal_police,Landslide,2021-10-18,Sudurpashchim,Doti,Sayal,1,,0,0,0,0,0,0,1,1,0,0,0,0,0,0,0,0,0,0,0,0,0
Yes,"Landslide at Dhikla, Thalara Rural Municipality-4",,nepal_police,Landslide,2021-10-18,Sudurpashchim,Bajhang,Thalara,4,,0,0,140,140,60,0,0,0,0,0,0,19,0,0,19,0,1,1,0,0,0
Yes,"Landslide at Gauradi, K I Singh Rural Municipality-4",,nepal_police,Landslide,2021-10-18,Sudurpashchim,Doti,K I Singh,4,,0,0,0,0,0,0,0,0,0,0,0,0,0,0,0,0,1,0,1,0,0
Yes,"Landslide at Boharatole, Bithadchir Rural Municipality-5",,nepal_police,Landslide,2021-10-17,Sudurpashchim,Bajhang,Bitthadchir,5,,0,0,0,0,3,0,0,0,0,0,0,0,0,0,0,0,0,0,0,0,0
Yes,"Landslide at Badha gau, Mahakali_Darchula Municipality-2",,nepal_police,Landslide,2021-10-17,Sudurpashchim,Darchula,Mahakali,2,,0,0,4,4,0,0,0,0,0,0,0,0,0,0,0,0,0,0,0,0,0
Yes,Landslide at Sayal Rural Municipality-5,,nepal_police,Landslide,2021-10-17,Sudurpashchim,Doti,Sayal,5,,0,0,0,0,0,0,3,3,0,0,0,0,0,0,0,0,0,0,0,0,0
Yes,"Landslide at gulfa, Marma Rural Municipality-5",,nepal_police,Landslide,2021-09-28,Sudurpashchim,Darchula,Marma,5,,0,0,0,0,0,7,0,0,0,0,0,0,0,0,0,0,1,0,1,0,0
Yes,"Landslide at Aadhimuhan, Kaligandagi Rural Municipality-7",,nepal_police,Landslide,2021-09-25,Gandaki,Syangja,Kaligandagi,7,,0,0,0,0,0,0,0,0,0,0,0,0,0,0,0,0,0,0,0,0,0
Yes,"Landslide at Thumka, Resunga Municipality-8",,nepal_police,Landslide,2021-09-21,Lumbini,Gulmi,Resunga,8,,0,0,1,1,0,0,3,0,3,0,0,0,0,0,0,0,0,0,0,0,0
Yes,"Landslide at Mohorai, Resunga Municipality-10",,nepal_police,Landslide,2021-09-21,Lumbini,Gulmi,Resunga,10,,0,0,0,0,0,2,0,0,0,0,0,0,0,0,0,0,0,0,0,0,0
Yes,"Landslide at Chamarya, Gaumul Rural Municipality-1",,nepal_police,Landslide,2021-09-20,Sudurpashchim,Bajura,Gaumul,1,,0,0,0,0,0,2,0,0,0,0,0,0,0,0,0,0,0,0,0,0,0
Yes,"Landslide at Gard Ransi, Bheri Municipality-2",,nepal_police,Landslide,2021-09-20,Karnali,Jajarkot,Bheri,2,,0,0,0,0,0,0,0,0,0,0,0,0,0,0,0,0,1,1,0,0,0
Yes,Landslide at Sanni Tribeni Rural Municipality-8,,nepal_police,Landslide,2021-09-20,Karnali,Kalikot,Sanni Tribeni,8,,0,0,0,0,0,0,0,0,0,0,0,0,0,0,0,0,1,1,0,0,0
Yes,"Landslide at Melkhani, Chhedagad Municipality-11",,nepal_police,Landslide,2021-09-07,Karnali,Jajarkot,Chhedagad,11,,0,0,0,0,0,0,1,1,0,0,0,0,0,0,0,0,0,0,0,0,0
Yes,"Landslide at sunthakhani, Gokarneshwor Municipality-3",,nepal_police,Landslide,2021-09-06,Bagmati,Kathmandu,Gokarneshwor,3,,0,0,0,0,0,0,0,0,0,0,0,0,0,0,0,0,0,0,0,0,0
Yes,"Landslide at Dhadsirke, Nalgaad Municipality-5",,nepal_police,Landslide,2021-09-05,Karnali,Jajarkot,Nalgaad,5,,0,0,0,0,0,0,1,1,0,0,0,0,0,0,0,0,2,1,1,0,0
Yes,"Landslide at Bamla, Rolpa Municipality-10",,nepal_police,Landslide,2021-09-05,Lumbini,Rolpa,Rolpa,10,,0,0,0,0,0,0,2,1,1,0,0,0,0,0,0,0,2,0,2,0,0
Yes,"Landslide at Ghimiregau, Banepa Municipality-2",,nepal_police,Landslide,2021-09-05,Bagmati,Kavrepalanchok,Banepa,2,,0,0,1,1,0,0,0,0,0,0,0,0,0,0,0,0,2,1,1,0,0
Yes,"Landslide at Dulalgau, Banepa Municipality-2",,nepal_police,Landslide,2021-09-05,Bagmati,Kavrepalanchok,Banepa,2,3000000,0,0,0,0,1,1,0,0,0,0,0,0,0,0,0,0,0,0,0,0,0
Yes,"Landslide at Gyankhola, Musikot Municipality-7",,nepal_police,Landslide,2021-09-04,Karnali,Rukum West,Musikot,7,,0,0,1,1,0,0,0,0,0,0,0,0,0,0,0,0,4,2,2,0,0
Yes,"Landslide at saphithug, Phaktanglung Rural Municipality-6",,nepal_police,Landslide,2021-09-04,Koshi,Taplejung,Phaktanglung,6,,0,0,1,1,0,0,0,0,0,0,0,0,0,0,0,0,1,1,0,0,0
Yes,"Landslide at Ambote, Modi Rural Municipality-5",,nepal_police,Landslide,2021-09-02,Gandaki,Parbat,Modi,5,,0,0,1,1,0,0,1,0,1,0,0,0,0,0,0,0,0,0,0,0,0
Yes,"Landslide at Durlung, Kushma Municipality-3",,nepal_police,Landslide,2021-09-02,Gandaki,Parbat,Kushma,3,,0,0,1,1,0,0,5,1,4,0,0,0,0,0,0,0,0,0,0,0,0
Yes,"Landslide at Simli, Kushma Municipality-11",,nepal_police,Landslide,2021-09-02,Gandaki,Parbat,Kushma,11,,0,0,1,1,0,0,2,2,0,0,0,0,0,0,0,0,0,0,0,0,0
Yes,"Landslide at Bhirkatari, Bareng Rural Municipality-3",,nepal_police,Landslide,2021-09-02,Gandaki,Baglung,Bareng,3,,0,0,0,0,0,0,0,0,0,0,0,0,0,0,0,0,0,0,0,0,0
Yes,"Landslide at Yakhopcha, Meringden Rural Municipality-5",,nepal_police,Landslide,2021-09-02,Koshi,Taplejung,Meringden,5,6000000,0,0,0,0,0,0,0,0,0,0,0,0,0,0,0,0,0,0,0,0,0
Yes,"Landslide at Bhalam, Pokhara Lekhnath Metropolitan City-20",,nepal_police,Landslide,2021-09-01,Gandaki,Kaski,Pokhara,20,,0,0,1,1,0,0,3,1,2,0,0,0,0,0,0,0,0,0,0,0,0
Yes,Landslide at Pokhara Lekhnath Metropolitan City-11,,nepal_police,Landslide,2021-09-01,Gandaki,Kaski,Pokhara,11,,0,0,1,1,0,0,1,1,0,0,0,0,0,0,0,0,1,0,1,0,0
Yes,"Landslide at dalla, Dunhu Rural Municipality-5",,nepal_police,Landslide,2021-08-31,Sudurpashchim,Darchula,Dunhu,5,,0,0,1,1,0,0,1,1,0,0,0,0,0,0,0,0,1,0,1,0,0
Yes,"Landslide at Hayaya, Golanjor Rural Municipality-6",,nepal_police,Landslide,2021-08-31,Bagmati,Sindhuli,Golanjor,6,,0,0,0,0,0,0,0,0,0,0,0,0,0,0,0,0,0,0,0,0,0
Yes,"Landslide at bhamalam, Pokhara Lekhnath Metropolitan City-20",,nepal_police,Landslide,2021-08-31,Gandaki,Kaski,Pokhara,20,,0,0,0,0,1,0,2,1,1,0,0,0,0,0,0,0,0,0,0,0,0
Yes,"Landslide at phatpur, Suryagadhi Rural Municipality-2",,nepal_police,Landslide,2021-08-30,Bagmati,Nuwakot,Suryagadhi,2,400000,0,0,1,1,0,0,0,0,0,0,0,0,0,0,0,0,0,0,0,0,0
Yes,"Landslide at jhandrek, Panini Rural Municipality-7",,nepal_police,Landslide,2021-08-30,Lumbini,Arghakhanchi,Panini,7,,0,0,0,0,0,7,1,0,1,0,0,0,0,0,0,0,3,3,0,0,0
Yes,"Landslide at dalla, Dunhu Rural Municipality-5",,nepal_police,Landslide,2021-08-29,Sudurpashchim,Darchula,Dunhu,5,,0,0,1,1,0,0,1,1,0,0,0,0,0,0,0,0,1,0,1,0,0
Yes,"Landslide at baspani, Dunhu Rural Municipality-1",,nepal_police,Landslide,2021-08-29,Sudurpashchim,Darchula,Dunhu,1,,0,0,1,1,0,0,2,1,1,0,0,0,0,0,0,0,0,0,0,0,0
Yes,"Landslide at hatiya, Ribdikot Rural Municipality-4",,nepal_police,Landslide,2021-08-29,Lumbini,Palpa,Ribdikot,4,,0,0,1,1,0,0,0,0,0,0,0,0,0,0,0,0,0,0,0,0,0
Yes,"Landslide at kaule, Kakani Rural Municipality-2",,nepal_police,Landslide,2021-08-29,Bagmati,Nuwakot,Kakani,2,200000,0,0,1,1,0,0,0,0,0,0,0,0,0,0,0,0,0,0,0,0,0
Yes,"Landslide at katunje, Roshi Rural Municipality-7",,nepal_police,Landslide,2021-08-28,Bagmati,Kavrepalanchok,Roshi,7,,0,0,0,0,0,0,1,1,0,0,0,0,0,0,0,0,1,1,0,0,0
Yes,"Landslide at ramdi, Galyang Municipality-1",,nepal_police,Landslide,2021-08-28,Gandaki,Syangja,Galyang,1,,0,0,1,1,0,0,1,1,0,0,0,0,0,0,0,0,3,2,1,0,0
Yes,"Landslide at pakpa, Barahtal Rural Municipality-2",,nepal_police,Landslide,2021-08-28,Karnali,Surkhet,Barahtal,2,,0,0,0,0,0,0,1,0,1,0,0,0,0,0,0,0,0,0,0,0,0
Yes,"Landslide at dumaredanda , Tansen Municipality-8",,nepal_police,Landslide,2021-08-28,Lumbini,Palpa,Tansen,8,,0,0,1,1,0,0,0,0,0,0,0,0,0,0,0,0,0,0,0,0,0
Yes,"Landslide at thada gholcjer, Marma Rural Municipality-1",,nepal_police,Landslide,2021-08-28,Sudurpashchim,Darchula,Marma,1,,0,0,0,0,0,22,0,0,0,0,0,0,0,0,0,0,0,0,0,0,0
Yes,"Landslide at Dogade, Godawari_Kailali Municipality-4",,nepal_police,Landslide,2021-08-27,Sudurpashchim,Kailali,Godawari_Kailali,4,150000,0,0,0,0,1,3,0,0,0,0,0,0,0,0,0,0,0,0,0,0,0
Yes,"Landslide at Chaudandi, Kedarseu Rural Municipality-5",,nepal_police,Landslide,2021-08-27,Sudurpashchim,Bajhang,Kedarseu,5,,0,0,0,0,1,0,0,0,0,0,0,0,0,0,0,0,0,0,0,0,0
Yes,"Landslide at Matillo Char, Hupsekot Rural Municipality-4",,nepal_police,Landslide,2021-08-26,Gandaki,Nawalparasi East,Hupsekot,4,,0,0,1,1,0,0,3,0,3,0,0,0,0,0,0,0,0,0,0,0,0
Yes,"Landslide at Milan Choke, Katari Municipality-2",,nepal_police,Landslide,2021-08-26,Koshi,Udayapur,Katari,2,,0,0,0,0,0,0,1,1,0,0,0,0,0,0,0,0,0,0,0,0,0
Yes,"Landslide at Salmatole, Shadananda Municipality-6",,nepal_police,Landslide,2021-08-25,Koshi,Bhojpur,Shadananda,6,4000000,0,0,0,0,0,0,0,0,0,0,0,0,0,0,0,0,0,0,0,0,0
Yes,"Landslide at Ulje, Jorayal Rural Municipality-2",,nepal_police,Landslide,2021-08-25,Sudurpashchim,Doti,Jorayal,2,,0,0,0,0,0,2,0,0,0,0,0,0,0,0,0,0,0,0,0,0,0
Yes,"Landslide at Nimri, Rolpa Municipality-7",,nepal_police,Landslide,2021-08-24,Lumbini,Rolpa,Rolpa,7,,0,0,0,0,0,0,0,0,0,0,0,0,0,0,0,0,0,0,0,0,0
Yes,"Landslide at Mainakhola, Gurans Rural Municipality-1",,nepal_police,Landslide,2021-08-24,Karnali,Dailekh,Gurans,1,,0,0,0,0,0,0,0,0,0,0,0,0,0,0,0,0,3,2,1,0,0
Yes,"Landslide at Phulib, Sunchhahari Rural Municipality-1",,nepal_police,Landslide,2021-08-20,Lumbini,Rolpa,Sunchhahari,1,,0,0,0,0,3,0,0,0,0,0,0,0,0,0,0,0,0,0,0,0,0
Yes,"Landslide at phandra, Bhimphedi Rural Municipality-3",,nepal_police,Landslide,2021-08-19,Bagmati,Makwanpur,Bhimphedi,3,,0,0,0,0,0,0,0,0,0,0,0,0,0,0,0,0,0,0,0,0,0
Yes,Landslide at Alital Rural Municipality-1,,nepal_police,Landslide,2021-08-19,Sudurpashchim,Dadeldhura,Alital,1,,0,0,0,0,0,0,0,0,0,0,0,0,0,0,0,0,0,0,0,0,0
Yes,"Landslide at Thumlung, Salpasilichho Rural Municipality-6",,nepal_police,Landslide,2021-08-19,Koshi,Bhojpur,Salpasilichho,6,1075000,0,0,0,0,0,0,0,0,0,0,0,0,0,0,0,0,0,0,0,0,0
Yes,"Landslide at kodadha, Naukunda Rural Municipality-5",,nepal_police,Landslide,2021-08-18,Bagmati,Rasuwa,Naukunda,5,,0,0,1,1,0,0,4,1,3,0,0,0,0,0,0,0,1,1,0,0,0
Yes,Landslide at Naubahini Rural Municipality-5,,nepal_police,Landslide,2021-08-18,Lumbini,Pyuthan,Naubahini,5,253500,0,0,1,1,0,3,0,0,0,0,0,0,0,0,0,0,0,0,0,0,0
Yes,"Landslide at kaldharu, Belkotgadhi Municipality-5",,nepal_police,Landslide,2021-08-18,Bagmati,Nuwakot,Belkotgadhi,5,,0,0,0,0,0,0,1,1,0,0,0,0,0,0,0,0,0,0,0,0,0
Yes,"Landslide at OKharpauwa, Kakani Rural Municipality-5",,nepal_police,Landslide,2021-08-18,Bagmati,Nuwakot,Kakani,5,,0,0,0,0,1,0,0,0,0,0,0,0,0,0,0,0,1,1,0,0,0
Yes,"Landslide at kalipula, Jaljala Rural Municipality-3",,nepal_police,Landslide,2021-08-18,Gandaki,Parbat,Jaljala,3,,0,0,0,0,0,0,1,1,0,0,0,0,0,0,0,0,2,2,0,0,0
Yes,"Landslide at Chumling, Chum Nubri Rural Municipality-6",,nepal_police,Landslide,2021-08-18,Gandaki,Gorkha,Chum Nubri,6,,0,0,0,0,0,0,0,0,0,0,0,0,0,0,0,0,0,0,0,0,0
Yes,"Landslide at Pakhresiude, Kailash Rural Municipality-8",,nepal_police,Landslide,2021-08-14,Bagmati,Makwanpur,Kailash,8,1000000,0,0,0,0,0,0,0,0,0,0,0,0,0,0,0,0,0,0,0,0,0
Yes,"Landslide at Dumredanda, Airawati Rural Municipality-1",,nepal_police,Landslide,2021-08-14,Lumbini,Pyuthan,Airawati,1,150000,0,0,0,0,0,5,0,0,0,0,0,0,0,0,0,0,0,0,0,0,0
Yes,"Landslide at Pachhawang, Bhume Rural Municipality-8",,nepal_police,Landslide,2021-08-14,Lumbini,Rukum East,Bhume,8,,0,0,1,1,0,0,0,0,0,0,0,0,0,0,0,0,0,0,0,0,0
Yes,Landslide at Tadi Rural Municipality-6,,nepal_police,Landslide,2021-08-13,Bagmati,Nuwakot,Tadi,6,,0,0,0,0,0,0,0,0,0,0,0,0,0,0,0,0,0,0,0,0,0
Yes,"Landslide at Dubidada, Runtigadi Rural Municipality-5",,nepal_police,Landslide,2021-08-12,Lumbini,Rolpa,Runtigadhi,5,200000,0,0,1,1,0,0,0,0,0,0,0,0,0,0,0,0,0,0,0,0,0
Yes,"Landslide at Maidan, Panini Rural Municipality-5",,nepal_police,Landslide,2021-08-12,Lumbini,Arghakhanchi,Panini,5,,0,0,0,0,1,0,1,1,0,0,0,0,0,0,0,0,0,0,0,0,0
Yes,"Landslide at Patakharka, Malika Rural Municipality-2",,nepal_police,Landslide,2021-08-11,Lumbini,Gulmi,Malika,2,,0,0,0,0,0,0,1,0,1,0,0,0,0,0,0,0,0,0,0,0,0
Yes,"Landslide at Pokhregaun, Changunarayan Municipality-4",,nepal_police,Landslide,2021-08-11,Bagmati,Bhaktapur,Changunarayan,4,300000,0,0,0,0,0,0,0,0,0,0,0,0,0,0,0,0,0,0,0,0,0
Yes,Landslide at Tatopani Rural Municipality-7,,nepal_police,Landslide,2021-08-11,Karnali,Jumla,Tatopani,7,,0,0,0,0,0,0,3,2,1,0,0,0,0,0,0,0,0,0,0,0,0
Yes,"Landslide at Chudarikhola, Mallarani Rural Municipality-1",,nepal_police,Landslide,2021-08-10,Lumbini,Pyuthan,Mallarani,1,,0,0,1,1,0,5,0,0,0,0,0,0,0,0,0,0,0,0,0,0,0
Yes,"Landslide at Hedbox , Tinau Rural Municipality-3",,nepal_police,Landslide,2021-08-09,Lumbini,Palpa,Tinau,3,,0,0,0,0,0,0,0,0,0,0,0,0,0,0,0,0,4,4,0,0,0
Yes,Landslide at Gosaikunda Rural Municipality-4,,nepal_police,Landslide,2021-08-09,Bagmati,Rasuwa,Gosaikunda,4,,0,0,0,0,0,0,1,1,0,0,0,0,0,0,0,0,0,0,0,0,0
Yes,"Landslide at Lokpa, Chum Nubri Rural Municipality-6",,nepal_police,Landslide,2021-08-04,Gandaki,Gorkha,Chum Nubri,6,,0,0,0,0,0,0,0,0,0,0,0,0,0,0,0,0,0,0,0,0,0
Yes,"Landslide at Kharkhare, Musikot Municipality-3",,nepal_police,Landslide,2021-08-04,Karnali,Rukum West,Musikot,3,,0,0,0,0,0,0,0,0,0,0,0,0,0,0,0,0,2,1,1,0,0
Yes,"Landslide at siddhibaba, Tinau Rural Municipality-3",,nepal_police,Landslide,2021-08-01,Lumbini,Palpa,Tinau,3,,0,0,0,0,0,0,1,1,0,0,0,0,0,0,0,0,0,0,0,0,0
Yes,"Landslide at Migu, Swami Kartik Rural Municipality-5",,nepal_police,Landslide,2021-08-01,Sudurpashchim,Bajura,Swami Kartik,5,,0,0,1,1,0,0,0,0,0,0,0,0,0,0,0,0,0,0,0,0,0
Yes,"Landslide at Khatigaun, Sukidaha Rural Municipality-1",,nepal_police,Landslide,2021-08-01,Lumbini,Rolpa,Sukidaha,1,80000,0,0,0,0,1,0,0,0,0,0,0,0,0,0,0,0,0,0,0,0,0
Yes,"Landslide at Bandre, Bidur Municipality-1",,nepal_police,Landslide,2021-07-29,Bagmati,Nuwakot,Bidur,1,,0,0,0,0,1,0,0,0,0,0,0,0,0,0,0,0,1,0,1,0,0
Yes,"Landslide at Doblam, Doramba Rural Municipality-7",,nepal_police,Landslide,2021-07-29,Bagmati,Ramechhap,Doramba,7,100000,0,0,0,0,0,6,0,0,0,0,0,0,0,0,0,0,0,0,0,0,0
Yes,"Landslide at Thingdanda, Indrasarowar Rural Municipality-3",,nepal_police,Landslide,2021-07-29,Bagmati,Makwanpur,Indrasarowar,3,,0,0,0,0,0,0,0,0,0,0,0,0,0,0,0,0,1,1,0,0,0
Yes,"Landslide at saipatug, Bhume Rural Municipality-2",,nepal_police,Landslide,2021-07-28,Lumbini,Rukum East,Bhume,2,,0,0,0,0,0,0,0,0,0,0,0,0,0,0,0,0,1,1,0,0,0
Yes,"Landslide at Pinkhuri, Khadadevi Rural Municipality-9",,nepal_police,Landslide,2021-07-28,Bagmati,Ramechhap,Khandadevi,9,,0,0,0,0,1,9,0,0,0,0,0,0,0,0,0,0,1,1,0,0,0
Yes,"Landslide at Kuduha, Gaumul Rural Municipality-2",,nepal_police,Landslide,2021-07-27,Sudurpashchim,Bajura,Gaumul,2,,0,0,0,0,0,0,0,0,0,0,0,0,0,0,0,0,0,0,0,0,0
Yes,"Landslide at halig, Madi Rural Municipality-6",,nepal_police,Landslide,2021-07-27,Lumbini,Rolpa,Madi,6,,0,0,0,0,0,0,0,0,0,0,0,0,0,0,0,0,0,0,0,0,0
Yes,"Landslide at kabharrukha, Naraharinath Rural Municipality-6",,nepal_police,Landslide,2021-07-27,Karnali,Kalikot,Naraharinath,6,,0,0,0,0,0,0,1,0,1,0,0,0,0,0,0,0,0,0,0,0,0
Yes,Landslide at Bhotekoshi Rural Municipality-4,,nepal_police,Landslide,2021-07-25,Bagmati,Sindhupalchok,Bhotekoshi,4,,0,0,0,0,0,0,0,0,0,0,0,0,0,0,0,0,0,0,0,0,0
Yes,"Landslide at Gurung Gau, Shivapuri Rural Municipality-6",,nepal_police,Landslide,2021-07-24,Bagmati,Nuwakot,Shivapuri,6,,0,0,0,0,0,0,0,0,0,0,0,0,0,0,0,0,0,0,0,0,0
Yes,"Landslide at Chhepatta, Dilasaini Rural Municipality-2",,nepal_police,Landslide,2021-07-24,Sudurpashchim,Baitadi,Dilasaini,2,,0,0,1,1,0,3,0,0,0,0,0,0,0,0,0,0,0,0,0,0,0
Yes,"Landslide at Hulma, Khandachakra Municipality-2",,nepal_police,Landslide,2021-07-22,Karnali,Kalikot,Khandachakra,2,,0,0,0,0,0,0,0,0,0,0,0,0,0,0,0,0,0,0,0,0,0
Yes,"Landslide at Suvang, Hilihang Rural Municipality-5",,nepal_police,Landslide,2021-07-21,Koshi,Panchthar,Hilihang,5,,0,0,0,0,0,0,1,1,0,0,0,0,0,0,0,0,0,0,0,0,0
Yes,"Landslide at Jalkani, Udayapurgadhi Rural Municipality-4",,nepal_police,Landslide,2021-07-21,Koshi,Udayapur,Udayapurgadhi,4,1400000,0,0,0,0,1,4,0,0,0,0,0,0,0,0,0,0,0,0,0,0,0
Yes,Landslide at Mapya Dudhkoshi Rural Municipality-6,,nepal_police,Landslide,2021-07-21,Koshi,Solukhumbu,Mapya Dudhkoshi,6,900000,0,0,0,0,0,0,0,0,0,0,0,0,0,0,0,0,0,0,0,0,0
Yes,"Landslide at basali, Budhiganga Municipality-3",,nepal_police,Landslide,2021-07-21,Sudurpashchim,Bajura,Budhiganga,3,,0,0,2,2,1,0,0,0,0,0,0,0,0,0,0,0,0,0,0,0,0
Yes,"Landslide at Shikerbashi, Dupcheshwar Rural Municipality-7",,nepal_police,Landslide,2021-07-20,Bagmati,Nuwakot,Dupcheshwar,7,,0,0,2,2,0,2,0,0,0,0,0,0,0,0,0,0,1,0,1,0,0
Yes,Landslide at Mapya Dudhkoshi Rural Municipality-7,,nepal_police,Landslide,2021-07-20,Koshi,Solukhumbu,Mapya Dudhkoshi,7,500000,0,0,0,0,0,0,0,0,0,0,0,0,0,0,0,0,0,0,0,0,0
Yes,Landslide at Thulung Dudhkoshi Rural Municipality-3,,nepal_police,Landslide,2021-07-20,Koshi,Solukhumbu,Thulung Dudhkoshi,3,45000,0,0,0,0,1,0,0,0,0,0,0,0,0,0,0,0,0,0,0,0,0
Yes,"Landslide at Gangate, Bangad Kupinde Municipality-11",,nepal_police,Landslide,2021-07-20,Karnali,Salyan,Bangad Kupinde,11,5500000,0,0,1,1,0,0,0,0,0,0,0,0,0,0,0,0,2,2,0,0,0
Yes,"Landslide at Minangtole, Baudikali Rural Municipality-1",,nepal_police,Landslide,2021-07-17,Gandaki,Nawalparasi East,Baudikali,1,,0,0,1,1,1,0,0,0,0,0,0,0,0,0,0,0,0,0,0,0,0
Yes,"Landslide at Majhuwa, Shadananda Municipality-10",,nepal_police,Landslide,2021-07-17,Koshi,Bhojpur,Shadananda,10,2300000,0,0,0,0,0,2,0,0,0,0,0,0,0,0,0,0,0,0,0,0,0
Yes,"Landslide at Bhusinga, Khijidemba Rural Municipality-8",,nepal_police,Landslide,2021-07-17,Koshi,Okhaldhunga,Khijidemba,8,,0,0,4,4,4,0,0,0,0,0,0,0,0,0,0,0,0,0,0,0,0
Yes,"Landslide at Dumre, Tinau Rural Municipality-6",,nepal_police,Landslide,2021-07-15,Lumbini,Palpa,Tinau,6,,0,0,0,0,0,0,1,1,0,0,0,0,0,0,0,0,1,1,0,0,0
Yes,"Landslide at Hadepakha, Baglung Municipality-3",,nepal_police,Landslide,2021-07-15,Gandaki,Baglung,Baglung,3,,0,0,0,0,0,0,0,0,0,0,0,0,0,0,0,0,0,0,0,0,0
Yes,"Landslide at Ralpa, Byas Rural Municipality-2",,nepal_police,Landslide,2021-07-14,Sudurpashchim,Darchula,Byas,2,,0,0,0,0,0,0,1,0,1,0,0,0,0,0,0,0,1,0,1,0,0
Yes,"Landslide at Hemja, Pokhara Lekhnath Metropolitan City-25",,nepal_police,Landslide,2021-07-14,Gandaki,Kaski,Pokhara,25,,0,0,0,0,1,0,0,0,0,0,0,0,0,0,0,0,0,0,0,0,0
Yes,"Landslide at Khalbang, Nisikhola Rural Municipality-5",,nepal_police,Landslide,2021-07-13,Gandaki,Baglung,Nisikhola,5,,0,0,1,1,0,0,0,0,0,0,0,0,0,0,0,0,0,0,0,0,0
Yes,"Landslide at Gaudepul, Tansen Municipality-8",,nepal_police,Landslide,2021-07-11,Lumbini,Palpa,Tansen,8,,0,0,0,0,0,0,0,0,0,0,0,0,0,0,0,0,0,0,0,0,0
Yes,"Landslide at Kauradi Gaitola, Sayal Rural Municipality-1",,nepal_police,Landslide,2021-07-10,Sudurpashchim,Doti,Sayal,1,,0,0,0,0,1,2,0,0,0,0,0,0,0,0,0,0,0,0,0,0,0
Yes,Landslide at Halesi Tuwachung Municipality-11,,nepal_police,Landslide,2021-07-10,Koshi,Khotang,Halesi Tuwachung,11,,0,0,0,0,0,0,0,0,0,0,0,0,0,0,0,0,1,1,0,0,0
Yes,"Landslide at Jungu, Gaurishankar Rural Municipality-2",,nepal_police,Landslide,2021-07-09,Bagmati,Dolakha,Gaurishankar,2,,0,0,0,0,2,0,0,0,0,0,0,0,0,0,0,0,1,0,1,0,0
Yes,"Landslide at Kharanitar, Tadi Rural Municipality-3",,nepal_police,Landslide,2021-07-09,Bagmati,Nuwakot,Tadi,3,,0,0,0,0,0,1,0,0,0,0,0,0,0,0,0,0,0,0,0,0,0
Yes,"Landslide at Olina, Badimalika Municipality-4",,nepal_police,Landslide,2021-07-09,Sudurpashchim,Bajura,Badimalika,4,,0,0,0,0,0,0,0,0,0,0,0,0,0,0,0,0,0,0,0,0,0
Yes,"Landslide at Javamire, Naugad Rural Municipality-3",,nepal_police,Landslide,2021-07-09,Sudurpashchim,Darchula,Naugad,3,,0,0,1,1,0,0,0,0,0,0,0,0,0,0,0,0,0,0,0,0,0
Yes,"Landslide at Chithang, Bhimeshwor Municipality-6",,nepal_police,Landslide,2021-07-09,Bagmati,Dolakha,Bhimeshwor,6,,0,0,0,0,1,0,0,0,0,0,0,0,0,0,0,0,0,0,0,0,0
Yes,"Landslide at Kalanki, Kathmandu Metropolitan City-14",,nepal_police,Landslide,2021-07-08,Bagmati,Kathmandu,Kathmandu,14,,0,0,0,0,0,0,0,0,0,0,0,0,0,0,0,0,0,0,0,0,0
Yes,Landslide at Thulung Dudhkoshi Rural Municipality-9,,nepal_police,Landslide,2021-07-08,Koshi,Solukhumbu,Thulung Dudhkoshi,9,50000,0,0,0,0,0,1,0,0,0,0,0,0,0,0,0,0,0,0,0,0,0
Yes,"Landslide at Majhkot, Rhishing Rural Municipality-8",,nepal_police,Landslide,2021-07-07,Gandaki,Tanahu,Rhishing,8,,0,0,0,0,0,0,1,1,0,0,0,0,0,0,0,0,0,0,0,0,0
Yes,"Landslide at Gittikhani, Tinau Rural Municipality-5",,nepal_police,Landslide,2021-07-07,Lumbini,Palpa,Tinau,5,,0,0,5,5,0,0,3,2,1,0,0,0,0,0,0,0,6,2,4,0,0
Yes,"Landslide at Dadhiban, Rhishing Rural Municipality-7",,nepal_police,Landslide,2021-07-07,Gandaki,Tanahu,Rhishing,7,,0,0,3,3,0,0,1,0,1,0,0,0,0,0,0,0,0,0,0,0,0
Yes,"Landslide at Chautara, Ruru Rural Municipality-4",,nepal_police,Landslide,2021-07-07,Lumbini,Gulmi,Rurukshetra,4,,0,0,0,0,0,12,0,0,0,0,0,0,0,0,0,0,0,0,0,0,0
Yes,"Landslide at Bhirgaun, Sandakpur Rural Municipality-3",,nepal_police,Landslide,2021-07-07,Koshi,Ilam,Sandakpur,3,306000,0,0,0,0,0,1,0,0,0,0,0,0,0,0,0,0,0,0,0,0,0
Yes,"Landslide at Mudhabas, Nisdi Rural Municipality-4",,nepal_police,Landslide,2021-07-07,Lumbini,Palpa,Nisdi,4,,0,0,0,0,0,1,0,0,0,0,0,0,0,0,0,0,0,0,0,0,0
Yes,"Landslide at Baghmara, Pokhara Lekhnath Metropolitan City-33",,nepal_police,Landslide,2021-07-07,Gandaki,Kaski,Pokhara,33,,0,0,0,0,0,0,0,0,0,0,0,0,0,0,0,0,0,0,0,0,0
Yes,"Landslide at Pogram, Tara Khola Rural Municipality-2",,nepal_police,Landslide,2021-07-06,Gandaki,Baglung,Tara Khola,2,,0,0,1,1,0,0,0,0,0,0,0,0,0,0,0,0,0,0,0,0,0
Yes,"Landslide at Ghusmeli, Taman Khola Rural Municipality-1",,nepal_police,Landslide,2021-07-06,Gandaki,Baglung,Taman Khola,1,,0,0,0,0,0,0,0,0,0,0,0,1,0,0,1,0,0,0,0,0,0
Yes,"Landslide at Ratamata, Tara Khola Rural Municipality-3",,nepal_police,Landslide,2021-07-06,Gandaki,Baglung,Tara Khola,3,,0,0,0,0,0,12,0,0,0,0,0,0,0,0,0,0,0,0,0,0,0
Yes,"Landslide at Stupa, Pokhara Lekhnath Metropolitan City-22",,nepal_police,Landslide,2021-07-06,Gandaki,Kaski,Pokhara,22,,0,0,0,0,1,0,0,0,0,0,0,0,0,0,0,0,0,0,0,0,0
Yes,"Landslide at Simle, Khandbari Municipality-1",,nepal_police,Landslide,2021-07-06,Koshi,Sankhuwasabha,Khandbari,1,,0,0,0,0,1,0,0,0,0,0,0,0,0,0,0,0,0,0,0,0,0
Yes,"Landslide at Jamir, Naugad Rural Municipality-3",,nepal_police,Landslide,2021-07-06,Sudurpashchim,Darchula,Naugad,3,,0,0,3,3,0,0,3,0,3,0,0,0,0,0,0,0,1,0,1,0,0
Yes,"Landslide at Tintale, Sandakpur Rural Municipality-4",,nepal_police,Landslide,2021-07-06,Koshi,Ilam,Sandakpur,4,150000,0,0,0,0,0,0,0,0,0,0,0,0,0,0,0,0,0,0,0,0,0
Yes,"Landslide at Gusmeli, Tara Khola Rural Municipality-3",,nepal_police,Landslide,2021-07-06,Gandaki,Baglung,Tara Khola,3,,0,0,0,0,0,0,0,0,0,0,0,0,0,0,0,0,2,2,0,0,0
Yes,"Landslide at Dobilla, Kushma Municipality-8",,nepal_police,Landslide,2021-07-05,Gandaki,Parbat,Kushma,8,,0,0,0,0,0,0,1,1,0,0,0,1,0,0,1,0,0,0,0,0,0
Yes,"Landslide at Mungling, Bharatpur Metropolitan City-29",,nepal_police,Landslide,2021-07-05,Bagmati,Chitwan,Bharatpur,29,,0,0,0,0,0,0,0,0,0,0,0,0,0,0,0,0,1,1,0,0,0
Yes,"Landslide at Bot Gaun, Sabhapokhari Rural Municipality-2",,nepal_police,Landslide,2021-07-04,Koshi,Sankhuwasabha,Savapokhari,2,400000,0,0,1,1,0,0,0,0,0,0,0,0,0,0,0,0,0,0,0,0,0
Yes,"Landslide at Tenchhong, Silichong Rural Municipality-1",,nepal_police,Landslide,2021-07-04,Koshi,Sankhuwasabha,Silichong,1,,0,0,1,1,0,0,0,0,0,0,0,0,0,0,0,0,0,0,0,0,0
Yes,"Landslide at Banchare, Tadi Rural Municipality-5",,nepal_police,Landslide,2021-07-03,Bagmati,Nuwakot,Tadi,5,300000,0,0,0,0,0,0,0,0,0,0,0,0,0,0,0,0,0,0,0,0,0
Yes,"Landslide at Kubinde, Triyuga Municipality-15",,nepal_police,Landslide,2021-07-03,Koshi,Udayapur,Triyuga,15,100000,0,0,0,0,1,0,0,0,0,0,0,0,0,0,0,0,0,0,0,0,0
Yes,"Landslide at Gurunda, Umakunda Rural Municipality-2",,nepal_police,Landslide,2021-07-03,Bagmati,Ramechhap,Umakunda,2,,0,0,0,0,0,2,0,0,0,0,0,0,0,0,0,0,0,0,0,0,0
Yes,Landslide at Aathrai Tribeni Rural Municipality-1,,nepal_police,Landslide,2021-07-03,Koshi,Taplejung,Aathrai Tribeni,1,250000,0,0,0,0,0,0,0,0,0,0,0,0,0,0,0,0,0,0,0,0,0
Yes,"Landslide at Solaban, Mapya Dudhkoshi Rural Municipality-6",,nepal_police,Landslide,2021-07-03,Koshi,Solukhumbu,Mapya Dudhkoshi,6,800000,0,0,1,1,0,0,0,0,0,0,0,0,0,0,0,0,0,0,0,0,0
Yes,"Landslide at Yarang, Bhanu Municipality-10",,nepal_police,Landslide,2021-07-02,Gandaki,Tanahu,Bhanu,10,,0,0,1,1,0,0,0,0,0,0,0,0,0,0,0,0,0,0,0,0,0
Yes,"Landslide at Pipalamod, Dhunibesi Municipality-9",,nepal_police,Landslide,2021-07-02,Bagmati,Dhading,Dhunibeshi,9,,0,0,0,0,0,0,0,0,0,0,0,0,0,0,0,0,0,0,0,0,0
Yes,"Landslide at Taraling, Raksirang Rural Municipality-9",,nepal_police,Landslide,2021-07-02,Bagmati,Makwanpur,Raksirang,9,,0,0,0,0,2,2,0,0,0,0,0,0,0,0,0,0,0,0,0,0,0
Yes,"Landslide at Padhere, Pokhara Lekhnath Metropolitan City-6",,nepal_police,Landslide,2021-07-02,Gandaki,Kaski,Pokhara,6,,0,0,0,0,1,0,0,0,0,0,0,0,0,0,0,0,0,0,0,0,0
Yes,"Landslide at Gauriphat, Bhanu Municipality-8",,nepal_police,Landslide,2021-07-01,Gandaki,Tanahu,Bhanu,8,,0,0,0,0,0,0,0,0,0,0,0,0,0,0,0,0,2,2,0,0,0
Yes,Landslide at Dharan Submetropolitan City-13,,nepal_police,Landslide,2021-07-01,Koshi,Sunsari,Dharan,13,500000,0,0,1,1,0,0,0,0,0,0,0,0,0,0,0,0,0,0,0,0,0
Yes,"Landslide at Setibagar, Tyamkemaiyung Rural Municipality-1",,nepal_police,Landslide,2021-07-01,Koshi,Bhojpur,Temkemaiyung,1,,0,0,0,0,0,0,0,0,0,0,0,0,0,0,0,0,0,0,0,0,0
Yes,"Landslide at Jewang Khola, Benighat Rorang Rural Municipality-10",,nepal_police,Landslide,2021-07-01,Bagmati,Dhading,Benighat Rorang,10,,0,0,0,0,0,0,2,1,1,0,0,0,0,0,0,0,6,6,0,0,0
Yes,"Landslide at Chhaling, Changunarayan Municipality-5",,nepal_police,Landslide,2021-07-01,Bagmati,Bhaktapur,Changunarayan,5,,0,0,0,0,0,0,0,0,0,0,0,0,0,0,0,0,0,0,0,0,0
Yes,"Landslide at Upallo gorahe, Siranchok Rural Municipality-7",,nepal_police,Landslide,2021-07-01,Gandaki,Gorkha,Siranchok,7,,0,0,1,1,0,0,2,1,1,0,0,0,0,0,0,0,0,0,0,0,0
Yes,"Landslide at Purano di, Sundarbazar Municipality-4",,nepal_police,Landslide,2021-07-01,Gandaki,Lamjung,Sundarbazar,4,,0,0,3,3,0,6,0,0,0,0,0,0,0,0,0,0,0,0,0,0,0
Yes,"Landslide at Chhakdole, Kathmandu Metropolitan City-5",,nepal_police,Landslide,2021-07-01,Bagmati,Kathmandu,Kathmandu,5,,0,0,0,0,0,0,0,0,0,0,0,0,0,0,0,0,0,0,0,0,0
Yes,"Landslide at Charimara, Raksirang Rural Municipality-7",,nepal_police,Landslide,2021-07-01,Bagmati,Makwanpur,Raksirang,7,,0,0,3,3,0,3,0,0,0,0,0,0,0,0,0,0,0,0,0,0,0
Yes,"Landslide at Dhorpheri, Shuklagandaki Municipality-9",,nepal_police,Landslide,2021-06-30,Gandaki,Tanahu,Shuklagandaki,9,,0,0,1,1,0,0,0,0,0,0,0,0,0,0,0,0,2,1,1,0,0
Yes,"Landslide at Tamung, Bandipur Rural Municipality-3",,nepal_police,Landslide,2021-06-30,Gandaki,Tanahu,Bandipur,3,,0,0,1,1,0,0,2,2,0,0,0,0,0,0,0,0,3,1,2,0,0
Yes,"Landslide at pahire, Kamalamai Municipality-8",,nepal_police,Landslide,2021-06-30,Bagmati,Sindhuli,Kamalamai,8,,0,0,0,0,0,0,1,1,0,0,0,0,0,0,0,0,0,0,0,0,0
Yes,"Landslide at Chhap, Changunarayan Municipality-4",,nepal_police,Landslide,2021-06-30,Bagmati,Bhaktapur,Changunarayan,4,30000,0,0,0,0,0,2,0,0,0,0,0,0,0,0,0,0,0,0,0,0,0
Yes,"Landslide at Jinakhu, Dudhouli Municipality-12",,nepal_police,Landslide,2021-06-30,Bagmati,Sindhuli,Dudhouli,12,,0,0,0,0,0,0,0,0,0,0,0,0,0,0,0,0,0,0,0,0,0
Yes,"Landslide at Patneri, Bhimad Municipality-7",,nepal_police,Landslide,2021-06-30,Gandaki,Tanahu,Bhimad,7,100000,0,0,0,0,1,0,0,0,0,0,0,0,0,0,0,0,0,0,0,0,0
Yes,Landslide at Myagde Rural Municipality-5,,nepal_police,Landslide,2021-06-30,Gandaki,Tanahu,Myagde,5,500000,0,0,0,0,1,0,0,0,0,0,0,0,0,0,0,0,2,2,0,0,0
Yes,"Landslide at Dhorpheri, Shuklagandaki Municipality-9",,nepal_police,Landslide,2021-06-30,Gandaki,Tanahu,Shuklagandaki,9,,0,0,0,0,0,11,0,0,0,0,0,0,0,0,0,0,0,0,0,0,0
Yes,"Landslide at Chhirkane, Vyas Municipality-12",,nepal_police,Landslide,2021-06-30,Gandaki,Tanahu,Vyas,12,,0,0,0,0,0,0,0,0,0,0,0,0,0,0,0,0,0,0,0,0,0
Yes,"Landslide at Garambesi, Rainas Municipality-7",,nepal_police,Landslide,2021-06-30,Gandaki,Lamjung,Rainas,7,,0,0,1,1,0,0,0,0,0,0,0,0,0,0,0,0,0,0,0,0,0
Yes,"Landslide at Tilahar, MadhyaNepal Municipality-4",,nepal_police,Landslide,2021-06-30,Gandaki,Lamjung,MadhyaNepal,4,150000,0,0,1,1,0,0,0,0,0,0,0,0,0,0,0,0,0,0,0,0,0
Yes,"Landslide at Parkhaltole, Rapti Municipality-12",,nepal_police,Landslide,2021-06-30,Bagmati,Chitwan,Rapti,12,,0,0,2,2,0,31,1,1,0,0,0,3,0,0,3,0,0,0,0,0,0
Yes,"Landslide at Danetar, Kalika Municipality-11",,nepal_police,Landslide,2021-06-30,Bagmati,Chitwan,Kalika,11,,0,0,0,0,0,0,1,1,0,0,0,0,0,0,0,0,0,0,0,0,0
Yes,"Landslide at Lyamhu, Khumbupasanglahmu Rural Municipality-1",,nepal_police,Landslide,2021-06-30,Koshi,Solukhumbu,Khumbu Pasanglhamu,1,108000,0,0,0,0,0,0,0,0,0,0,0,0,0,0,0,0,0,0,0,0,0
Yes,"Landslide at Sitagupha, Pokhara Lekhnath Metropolitan City-32",,nepal_police,Landslide,2021-06-30,Gandaki,Kaski,Pokhara,32,800000,0,0,1,1,0,0,0,0,0,0,0,0,0,0,0,0,0,0,0,0,0
Yes,"Landslide at Pahadi, Shuklagandaki Municipality-8",,nepal_police,Landslide,2021-06-30,Gandaki,Tanahu,Shuklagandaki,8,,0,0,0,0,1,0,0,0,0,0,0,0,0,0,0,0,0,0,0,0,0
Yes,"Landslide at Bijulidanda, Palungtar Municipality-2",,nepal_police,Landslide,2021-06-30,Gandaki,Gorkha,Palungtar,2,,0,0,0,0,1,0,0,0,0,0,0,0,0,0,0,0,0,0,0,0,0
Yes,"Landslide at Chhapthoik, Palungtar Municipality-4",,nepal_police,Landslide,2021-06-30,Gandaki,Gorkha,Palungtar,4,,0,0,0,0,0,20,0,0,0,0,0,0,0,0,0,0,2,2,0,0,0
Yes,Landslide at Sidingba Rural Municipality-3,,nepal_police,Landslide,2021-06-30,Koshi,Taplejung,Sidingba,3,600000,0,0,1,1,0,0,0,0,0,0,0,0,0,0,0,0,0,0,0,0,0
Yes,"Landslide at Dhawang, Rolpa Municipality-10",,nepal_police,Landslide,2021-06-28,Lumbini,Rolpa,Rolpa,10,,0,0,0,0,0,0,0,0,0,0,0,0,0,0,0,0,2,2,0,0,0
Yes,"Landslide at Saharsha, Kushma Municipality-1",,nepal_police,Landslide,2021-06-28,Gandaki,Parbat,Kushma,1,,0,0,0,0,0,0,0,0,0,0,0,0,0,0,0,0,0,0,0,0,0
Yes,"Landslide at Baipa, Sirijangha Rural Municipality-5",,nepal_police,Landslide,2021-06-28,Koshi,Taplejung,Sirijangha,5,,0,0,0,0,0,2,0,0,0,0,0,0,0,0,0,0,0,0,0,0,0
Yes,"Landslide at Chuwa, Kushma Municipality-8",,nepal_police,Landslide,2021-06-27,Gandaki,Parbat,Kushma,8,,0,0,0,0,0,0,0,0,0,0,0,0,0,0,0,0,0,0,0,0,0
Yes,"Landslide at Nayapul, Annapurna Rural Municipality-5",,nepal_police,Landslide,2021-06-27,Gandaki,Kaski,Annapurna,5,,0,0,0,0,0,0,0,0,0,0,0,0,0,0,0,0,0,0,0,0,0
Yes,Landslide at Kapurkot Rural Municipality-3,,nepal_police,Landslide,2021-06-26,Karnali,Salyan,Kapurkot,3,,0,0,0,0,0,0,0,0,0,0,0,0,0,0,0,0,0,0,0,0,0
Yes,"Landslide at Pandrang, Bhimphedi Rural Municipality-3",,nepal_police,Landslide,2021-06-26,Bagmati,Makwanpur,Bhimphedi,3,,0,0,0,0,0,0,0,0,0,0,0,0,0,0,0,0,0,0,0,0,0
Yes,"Landslide at Lugai, Simta Rural Municipality-1",,nepal_police,Landslide,2021-06-23,Karnali,Surkhet,Simta,1,,0,0,0,0,0,0,0,0,0,0,0,0,0,0,0,0,0,0,0,0,0
Yes,"Landslide at Lampata, Tila Rural Municipality-1",,nepal_police,Landslide,2021-06-23,Karnali,Jumla,Tila,1,,0,0,0,0,0,0,0,0,0,0,0,0,0,0,0,0,0,0,0,0,0
Yes,"Landslide at Dangdung, Rolpa Municipality-7",,nepal_police,Landslide,2021-06-22,Lumbini,Rolpa,Rolpa,7,220000,0,0,0,0,0,7,0,0,0,0,0,0,0,0,0,0,0,0,0,0,0
Yes,"Landslide at Tallo Namli, Rolpa Municipality-8",,nepal_police,Landslide,2021-06-22,Lumbini,Rolpa,Rolpa,8,20000,0,0,0,0,0,2,0,0,0,0,0,0,0,0,0,0,0,0,0,0,0
Yes,"Landslide at Hwama, Rolpa Municipality-9",,nepal_police,Landslide,2021-06-21,Lumbini,Rolpa,Rolpa,9,,0,0,1,1,0,0,3,0,3,0,0,0,0,0,0,0,0,0,0,0,0
Yes,Landslide at Yangwarak Rural Municipality-2,,nepal_police,Landslide,2021-06-20,Koshi,Panchthar,Yangwarak,2,,0,0,0,0,0,0,1,1,0,0,0,0,0,0,0,0,1,1,0,0,0
Yes,"Landslide at Malbela, Mahakali_Darchula Municipality-4",,nepal_police,Landslide,2021-06-19,Sudurpashchim,Darchula,Mahakali,4,,0,0,0,0,0,0,0,0,0,0,0,0,0,0,0,0,1,1,0,0,0
Yes,"Landslide at Yamdi, Pokhara Lekhnath Metropolitan City-1",,nepal_police,Landslide,2021-06-19,Gandaki,Kaski,Pokhara,1,,0,0,0,0,0,0,0,0,0,0,0,0,0,0,0,0,1,1,0,0,0
Yes,"Landslide at Ghopte Bhir, Thasang Rural Municipality-4",,nepal_police,Landslide,2021-06-19,Gandaki,Mustang,Thasang,4,,0,0,0,0,0,0,0,0,0,0,0,0,0,0,0,0,0,0,0,0,0
Yes,"Landslide at Jalbire, Ichchhyakamana Rural Municipality-6",,nepal_police,Landslide,2021-06-18,Bagmati,Chitwan,Ichchhakamana,6,,0,0,0,0,0,0,0,0,0,0,0,0,0,0,0,0,1,1,0,0,0
Yes,"Landslide at Khanma, Simta Rural Municipality-9",,nepal_police,Landslide,2021-06-18,Karnali,Surkhet,Simta,9,,0,0,0,0,1,0,0,0,0,0,0,0,0,0,0,0,0,0,0,0,0
Yes,"Landslide at Sirkholasaina, Dipayal Silgadi Municipality-1",,nepal_police,Landslide,2021-06-18,Sudurpashchim,Doti,Dipayal Silgadi,1,,0,0,0,0,0,0,0,0,0,0,0,0,0,0,0,0,1,0,1,0,0
Yes,"Landslide at Chitre Bazar, Bhotekoshi Rural Municipality-2",,nepal_police,Landslide,2021-06-18,Bagmati,Sindhupalchok,Bhotekoshi,2,,0,0,0,0,0,0,0,0,0,0,0,0,0,0,0,0,0,0,0,0,0
Yes,"Landslide at Tangle, Byas Rural Municipality-6",,nepal_police,Landslide,2021-06-17,Sudurpashchim,Darchula,Byas,6,,0,0,0,0,0,0,0,0,0,0,0,0,0,0,0,0,0,0,0,0,0
Yes,"Landslide at Pangre, Hupsekot Rural Municipality-5",,nepal_police,Landslide,2021-06-17,Gandaki,Nawalparasi East,Hupsekot,5,,0,0,0,0,0,0,0,0,0,0,0,0,0,0,0,0,0,0,0,0,0
Yes,"Landslide at Gokuleshwar, Marma Rural Municipality-3",,nepal_police,Landslide,2021-06-17,Sudurpashchim,Darchula,Marma,3,,0,0,0,0,0,0,0,0,0,0,0,0,0,0,0,0,0,0,0,0,0
Yes,"Landslide at Rajada, Talkot Rural Municipality-6",,nepal_police,Landslide,2021-06-17,Sudurpashchim,Bajhang,Talkot,6,,0,0,0,0,0,0,1,0,1,0,0,0,0,0,0,0,0,0,0,0,0
Yes,"Landslide at Sahu Khola, Simta Rural Municipality-8",,nepal_police,Landslide,2021-06-17,Karnali,Surkhet,Simta,8,350000,0,0,0,0,0,0,0,0,0,0,0,0,0,0,0,0,0,0,0,0,0
Yes,"Landslide at Gadura, Gaumul Rural Municipality-4",,nepal_police,Landslide,2021-06-17,Sudurpashchim,Bajura,Gaumul,4,,0,0,0,0,1,0,0,0,0,0,0,0,0,0,0,0,0,0,0,0,0
Yes,"Landslide at Muktikot, Swami Kartik Rural Municipality-1",,nepal_police,Landslide,2021-06-17,Sudurpashchim,Bajura,Swami Kartik,1,,0,0,7,7,0,0,0,0,0,0,0,0,0,0,0,0,0,0,0,0,0
Yes,"Landslide at Sakindhara, Malarani Rural Municipality-6",,nepal_police,Landslide,2021-06-16,Lumbini,Arghakhanchi,Malarani,6,,0,0,1,1,0,12,0,0,0,0,0,0,0,0,0,0,0,0,0,0,0
Yes,"Landslide at Molfa, Khandachakra Municipality-6",,nepal_police,Landslide,2021-06-16,Karnali,Kalikot,Khandachakra,6,,0,0,0,0,0,0,1,1,0,0,0,1,0,0,1,0,0,0,0,0,0
Yes,"Landslide at Jadinge, Dipayal Silgadi Municipality-5",,nepal_police,Landslide,2021-06-16,Sudurpashchim,Doti,Dipayal Silgadi,5,,0,0,0,0,0,0,2,1,1,0,0,0,0,0,0,0,0,0,0,0,0
Yes,Landslide at Rapti Sonari Rural Municipality-2,,nepal_police,Landslide,2021-06-16,Lumbini,Banke,Rapti Sonari,2,,0,0,0,0,0,0,0,0,0,0,0,0,0,0,0,0,1,0,1,0,0
Yes,"Landslide at Karadi, Galyang Municipality-8",,nepal_police,Landslide,2021-06-15,Gandaki,Syangja,Galyang,8,,0,0,0,0,0,0,0,0,0,0,0,0,0,0,0,0,0,0,0,0,0
Yes,"Landslide at Pairabari, Baglung Municipality-7",,nepal_police,Landslide,2021-06-15,Gandaki,Baglung,Baglung,7,,0,0,1,1,0,1,0,0,0,0,0,0,0,0,0,0,0,0,0,0,0
Yes,"Landslide at Anahagadh, K I Singh Rural Municipality-3",,nepal_police,Landslide,2021-06-15,Sudurpashchim,Doti,K I Singh,3,,0,0,0,0,0,0,1,1,0,0,0,0,0,0,0,0,2,0,2,0,0
Yes,"Landslide at Lekhidhunga, Patrasi Rural Municipality-2",,nepal_police,Landslide,2021-06-15,Karnali,Jumla,Patrasi,2,,0,0,0,0,0,0,1,0,1,0,0,0,0,0,0,0,2,2,0,0,0
Yes,"Landslide at Hasara, Satyawati Rural Municipality-5",,nepal_police,Landslide,2021-06-15,Lumbini,Gulmi,Satyawati,5,,0,0,0,0,8,0,0,0,0,0,0,0,0,0,0,0,0,0,0,0,0
Yes,"Landslide at Mulka, Kaligandaki Rural Municipality-3",,nepal_police,Landslide,2021-06-15,Lumbini,Gulmi,Kaligandaki,3,,0,0,0,0,0,2,0,0,0,0,0,0,0,0,0,0,0,0,0,0,0
Yes,"Landslide at Bhirkuna, Tara Khola Rural Municipality-5",,nepal_police,Landslide,2021-06-15,Gandaki,Baglung,Tara Khola,5,,0,0,1,1,0,0,0,0,0,0,0,0,0,0,0,0,0,0,0,0,0
Yes,"Landslide at Kharekhola, Sarumarani Rural Municipality-4",,nepal_police,Landslide,2021-06-14,Lumbini,Pyuthan,Sarumarani,4,,0,0,0,0,0,0,0,0,0,0,0,0,0,0,0,0,0,0,0,0,0
Yes,"Landslide at Sapru, Gosaikunda Rural Municipality-5",,nepal_police,Landslide,2021-06-14,Bagmati,Rasuwa,Gosaikunda,5,,0,0,0,0,0,0,0,0,0,0,0,0,0,0,0,0,0,0,0,0,0
Yes,"Landslide at SetiKhola, Madi Rural Municipality-2",,nepal_police,Landslide,2021-06-14,Gandaki,Kaski,Madi,2,,0,0,0,0,0,0,0,0,0,0,0,0,0,0,0,0,0,0,0,0,0
Yes,"Landslide at Deurali, Bhimphedi Rural Municipality-6",,nepal_police,Landslide,2021-06-14,Bagmati,Makwanpur,Bhimphedi,6,,0,0,0,0,0,0,0,0,0,0,0,0,0,0,0,0,0,0,0,0,0
Yes,"Landslide at Shyaphru, Gosaikunda Rural Municipality-5",,nepal_police,Landslide,2021-06-14,Bagmati,Rasuwa,Gosaikunda,5,,0,0,0,0,0,0,0,0,0,0,0,0,0,0,0,0,0,0,0,0,0
Yes,"Landslide at Tilakhang, Benighat Rorang Rural Municipality-10",,nepal_police,Landslide,2021-06-14,Bagmati,Dhading,Benighat Rorang,10,,0,0,0,0,0,0,0,0,0,0,0,0,0,0,0,0,0,0,0,0,0
Yes,"Landslide at bagkhola, Chandrakot Rural Municipality-8",,nepal_police,Landslide,2021-06-14,Lumbini,Gulmi,Chandrakot,8,,0,0,0,0,0,0,0,0,0,0,0,0,0,0,0,0,0,0,0,0,0
Yes,"Landslide at Dauune, Binayee Tribeni Rural Municipality-2",,nepal_police,Landslide,2021-06-14,Gandaki,Nawalparasi East,Binayee Tribeni,2,,0,0,0,0,0,0,0,0,0,0,0,0,0,0,0,0,0,0,0,0,0
Yes,"Landslide at Charang, Devdaha Municipality-10",,nepal_police,Landslide,2021-06-14,Lumbini,Rupandehi,Devdaha,10,,0,0,0,0,0,0,0,0,0,0,0,0,0,0,0,0,0,0,0,0,0
Yes,"Landslide at Sagurce, Ruru Rural Municipality-2",,nepal_police,Landslide,2021-06-14,Lumbini,Gulmi,Rurukshetra,2,,0,0,0,0,0,0,0,0,0,0,0,0,0,0,0,0,0,0,0,0,0
Yes,"Landslide at Gauri Khutta, Chandrakot Rural Municipality-5",,nepal_police,Landslide,2021-06-14,Lumbini,Gulmi,Chandrakot,5,,0,0,0,0,0,0,0,0,0,0,0,0,0,0,0,0,0,0,0,0,0
Yes,"Landslide at Purano Khajvang, Chatrakot Rural Municipality-5",,nepal_police,Landslide,2021-06-14,Lumbini,Gulmi,Chatrakot,5,,0,0,0,0,1,0,0,0,0,0,0,0,0,0,0,0,0,0,0,0,0
Yes,"Landslide at Sera, Bagnaskali Rural Municipality-4",,nepal_police,Landslide,2021-06-14,Lumbini,Palpa,Bagnaskali,4,,0,0,0,0,0,0,0,0,0,0,0,0,0,0,0,0,0,0,0,0,0
Yes,"Landslide at Humin, Rambha Rural Municipality-4",,nepal_police,Landslide,2021-06-14,Lumbini,Palpa,Rambha,4,,0,0,0,0,0,0,0,0,0,0,0,0,0,0,0,0,0,0,0,0,0
Yes,"Landslide at Baichhap, Purbakhola Rural Municipality-1",,nepal_police,Landslide,2021-06-14,Lumbini,Palpa,Purbakhola,1,,0,0,0,0,0,0,0,0,0,0,0,0,0,0,0,0,0,0,0,0,0
Yes,"Landslide at Baribeni, Jaljala Rural Municipality-3",,nepal_police,Landslide,2021-06-14,Gandaki,Parbat,Jaljala,3,,0,0,0,0,1,0,0,0,0,0,0,0,0,0,0,0,0,0,0,0,0
Yes,"Landslide at malmul, Ribdikot Rural Municipality-2",,nepal_police,Landslide,2021-06-14,Lumbini,Palpa,Ribdikot,2,,0,0,0,0,0,0,0,0,0,0,0,0,0,0,0,0,0,0,0,0,0
Yes,"Landslide at Kanchalikhola, JayaPrithivi Municipality-7",,nepal_police,Landslide,2021-06-14,Sudurpashchim,Bajhang,JayaPrithivi,7,,0,0,0,0,0,0,0,0,0,0,0,0,0,0,0,0,0,0,0,0,0
Yes,Landslide at Tansen Municipality-8,,nepal_police,Landslide,2021-06-14,Lumbini,Palpa,Tansen,8,,0,0,0,0,0,0,0,0,0,0,0,0,0,0,0,0,0,0,0,0,0
Yes,"Landslide at Chisapani, Vyas Municipality-13",,nepal_police,Landslide,2021-06-14,Gandaki,Tanahu,Vyas,13,,0,0,6,6,0,0,0,0,0,0,0,0,0,0,0,0,0,0,0,0,0
Yes,"Landslide at Siraule, Harinas Rural Municipality-4",,nepal_police,Landslide,2021-06-14,Gandaki,Syangja,Harinas,4,,0,0,0,0,0,0,0,0,0,0,0,0,0,0,0,0,1,1,0,0,0
Yes,"Landslide at Sarangkot, Pokhara Lekhnath Metropolitan City-18",,nepal_police,Landslide,2021-06-14,Gandaki,Kaski,Pokhara,18,,0,0,0,0,0,0,0,0,0,0,0,0,0,0,0,0,0,0,0,0,0
Yes,"Landslide at Silangthok, Ribdikot Rural Municipality-4",,nepal_police,Landslide,2021-06-14,Lumbini,Palpa,Ribdikot,4,,0,0,1,1,0,0,1,1,0,0,0,0,0,0,0,0,0,0,0,0,0
Yes,"Landslide at ota, Sukidaha Rural Municipality-1",,nepal_police,Landslide,2021-06-14,Lumbini,Rolpa,Sukidaha,1,50000,0,0,0,0,1,0,0,0,0,0,0,0,0,0,0,0,0,0,0,0,0
Yes,"Landslide at Hilebajar, Malarani Rural Municipality-9",,nepal_police,Landslide,2021-06-14,Lumbini,Arghakhanchi,Malarani,9,,0,0,0,0,0,2,0,0,0,0,0,0,0,0,0,0,0,0,0,0,0
Yes,"Landslide at Phutwang, Sandhikharka Municipality-3",,nepal_police,Landslide,2021-06-14,Lumbini,Arghakhanchi,Sandhikharka,3,,0,0,0,0,0,0,0,0,0,0,0,0,0,0,0,0,0,0,0,0,0
Yes,"Landslide at Basdanda, Rainadevi Chhahara Rural Municipality-5",,nepal_police,Landslide,2021-06-14,Lumbini,Palpa,Rainadevi Chhahara,5,,0,0,0,0,0,2,0,0,0,0,0,0,0,0,0,0,1,1,0,0,0
Yes,"Landslide at Gaganea, Subha Kalika Rural Municipality-1",,nepal_police,Landslide,2021-06-13,Karnali,Kalikot,Shubhakalika,1,,0,0,0,0,0,0,0,0,0,0,0,0,0,0,0,0,0,0,0,0,0
Yes,"Landslide at Gargare, Tribeni Rural Municipality-7",,nepal_police,Landslide,2021-06-13,Lumbini,Rolpa,Tribeni,7,,0,0,0,0,0,0,0,0,0,0,0,0,0,0,0,0,0,0,0,0,0
Yes,Landslide at Panchadewal Binayak Municipality-4,,nepal_police,Landslide,2021-06-13,Sudurpashchim,Achham,Panchadewal Binayak,4,,0,0,0,0,0,0,0,0,0,0,0,0,0,0,0,0,0,0,0,0,0
Yes,"Landslide at Aahalkhola, Bagnaskali Rural Municipality-4",,nepal_police,Landslide,2021-06-13,Lumbini,Palpa,Bagnaskali,4,,0,0,0,0,0,0,0,0,0,0,0,0,0,0,0,0,0,0,0,0,0
Yes,"Landslide at Kharekhola, Sarumarani Rural Municipality-4",,nepal_police,Landslide,2021-06-12,Lumbini,Pyuthan,Sarumarani,4,,0,0,0,0,0,0,0,0,0,0,0,0,0,0,0,0,0,0,0,0,0
Yes,"Landslide at Bhageshwori, Tribeni Rural Municipality-2",,nepal_police,Landslide,2021-06-12,Lumbini,Rolpa,Tribeni,2,,0,0,0,0,0,0,0,0,0,0,0,0,0,0,0,0,0,0,0,0,0
Yes,"Landslide at Bhalupayad, Putalibazar Municipality-2",,nepal_police,Landslide,2021-06-12,Gandaki,Syangja,Putalibazar,2,,0,0,0,0,0,0,0,0,0,0,0,0,0,0,0,0,0,0,0,0,0
Yes,"Landslide at Chuwa, Kushma Municipality-8",,nepal_police,Landslide,2021-06-12,Gandaki,Parbat,Kushma,8,,0,0,0,0,0,0,0,0,0,0,0,0,0,0,0,0,0,0,0,0,0
Yes,"Landslide at Amkot, Budhiganga Municipality-1",,nepal_police,Landslide,2021-06-12,Sudurpashchim,Bajura,Budhiganga,1,,0,0,0,0,0,0,0,0,0,0,0,0,0,0,0,0,0,0,0,0,0
Yes,"Landslide at Checkpost, Kapurkot Rural Municipality-3",,nepal_police,Landslide,2021-06-11,Karnali,Salyan,Kapurkot,3,,0,0,0,0,0,0,0,0,0,0,0,0,0,0,0,0,0,0,0,0,0
Yes,"Landslide at Dampind Side, Sandhikharka Municipality-3",,nepal_police,Landslide,2021-06-11,Lumbini,Arghakhanchi,Sandhikharka,3,,0,0,0,0,0,0,0,0,0,0,0,0,0,0,0,0,0,0,0,0,0
Yes,"Landslide at GokuleshworLatinath, Marma Rural Municipality-3",,nepal_police,Landslide,2021-06-10,Sudurpashchim,Darchula,Marma,3,,0,0,0,0,0,0,0,0,0,0,0,0,0,0,0,0,0,0,0,0,0
Yes,"Landslide at Rodidewal, Pancheshwar Rural Municipality-6",,nepal_police,Landslide,2021-06-09,Sudurpashchim,Baitadi,Pancheshwar,6,,0,0,1,1,0,0,0,0,0,0,0,0,0,0,0,0,0,0,0,0,0
Yes,"Landslide at Khirne, Kamalamai Municipality-12",,nepal_police,Landslide,2021-06-05,Bagmati,Sindhuli,Kamalamai,12,,0,0,1,1,0,0,0,0,0,0,0,0,0,0,0,0,1,1,0,0,0
Yes,"Landslide at Naunibager, Annapurna Rural Municipality-2",,nepal_police,Landslide,2021-06-01,Gandaki,Myagdi,Annapurna,2,,0,0,0,0,0,0,0,0,0,0,0,0,0,0,0,0,0,0,0,0,0
Yes,Landslide at Thawang Rural Municipality-2,,nepal_police,Landslide,2021-05-31,Lumbini,Rolpa,Thabang,2,,0,0,0,0,0,0,0,0,0,0,0,0,0,0,0,0,0,0,0,0,0
Yes,"Landslide at Gargare, Bhimphedi Rural Municipality-8",,nepal_police,Landslide,2021-05-30,Bagmati,Makwanpur,Bhimphedi,8,,0,0,0,0,0,0,0,0,0,0,0,0,0,0,0,0,0,0,0,0,0
Yes,"Landslide at Pangre, Hupsekot Rural Municipality-5",,nepal_police,Landslide,2021-05-29,Gandaki,Nawalparasi East,Hupsekot,5,,0,0,0,0,0,0,0,0,0,0,0,0,0,0,0,0,0,0,0,0,0
Yes,"Landslide at Nirmal tole, Vyas Municipality-1",,nepal_police,Landslide,2021-05-28,Gandaki,Tanahu,Vyas,1,,0,0,1,1,0,0,1,0,1,0,0,0,0,0,0,0,0,0,0,0,0
Yes,"Landslide at Swyara, Pokhara Lekhnath Metropolitan City-22",,nepal_police,Landslide,2021-05-28,Gandaki,Kaski,Pokhara,22,107500,0,0,0,0,2,0,0,0,0,0,0,0,0,0,0,0,0,0,0,0,0
Yes,"Landslide at Samdin, Phidim Municipality-2",,nepal_police,Landslide,2021-05-27,Koshi,Panchthar,Phidim,2,1000000,0,0,2,2,0,0,0,0,0,0,0,0,0,0,0,0,0,0,0,0,0
Yes,"Landslide at kalimati, Tinau Rural Municipality-5",,nepal_police,Landslide,2021-05-27,Lumbini,Palpa,Tinau,5,,0,0,0,0,0,0,0,0,0,0,0,0,0,0,0,0,0,0,0,0,0
Yes,"Landslide at Dana, Annapurna Rural Municipality-3",,nepal_police,Landslide,2021-05-27,Gandaki,Myagdi,Annapurna,3,,0,0,0,0,0,0,0,0,0,0,0,0,0,0,0,0,0,0,0,0,0
Yes,Landslide at Barah Municipality-1,,nepal_police,Landslide,2021-05-27,Koshi,Sunsari,Barah,1,,0,0,0,0,0,0,0,0,0,0,0,0,0,0,0,0,0,0,0,0,0
Yes,"Landslide at makre, Naubahini Rural Municipality-8",,nepal_police,Landslide,2021-05-27,Lumbini,Pyuthan,Naubahini,8,,0,0,0,0,0,0,0,0,0,0,0,0,0,0,0,0,0,0,0,0,0
Yes,"Landslide at Amarkot, Budhiganga Municipality-1",,nepal_police,Landslide,2021-05-19,Sudurpashchim,Bajura,Budhiganga,1,,0,0,0,0,0,0,0,0,0,0,0,0,0,0,0,0,0,0,0,0,0
Yes,Landslide at Purchaudi Municipality-6,,nepal_police,Landslide,2021-05-19,Sudurpashchim,Baitadi,Purchaudi,6,,0,0,0,0,0,0,0,0,0,0,0,0,0,0,0,0,0,0,0,0,0
Yes,"Landslide at Khadikhola, Khandachakra Municipality-3",,nepal_police,Landslide,2021-05-10,Karnali,Kalikot,Khandachakra,3,,0,0,0,0,0,0,0,0,0,0,0,0,0,0,0,0,0,0,0,0,0
Yes,"Landslide at Jumlivir, Gurbhakot Municipality-3",,nepal_police,Landslide,2021-05-10,Karnali,Surkhet,Gurbhakot,3,,0,0,0,0,0,0,0,0,0,0,0,0,0,0,0,0,0,0,0,0,0
Yes,"Landslide at Kafaldada, Lungri Rural Municipality-7",,nepal_police,Landslide,2021-05-08,Lumbini,Rolpa,Lungri,7,100000,0,0,0,0,0,5,0,0,0,0,0,0,0,0,0,0,1,0,1,0,0
Yes,"Landslide at Bihanikhola, Khandachakra Municipality-5",,nepal_police,Landslide,2021-05-01,Karnali,Kalikot,Khandachakra,5,,0,0,0,0,0,0,0,0,0,0,0,0,0,0,0,0,0,0,0,0,0
Yes,"Landslide at Silkhubasi, Champadevi Rural Municipality-3",,nepal_police,Landslide,2021-04-30,Koshi,Okhaldhunga,Champadevi,3,,0,0,0,0,2,7,0,0,0,0,0,0,0,0,0,0,0,0,0,0,0
Yes,"Landslide at Battisjure, Kerabari Rural Municipality-2",,nepal_police,Landslide,2021-04-21,Koshi,Morang,Kerabari,2,,0,0,0,0,0,0,0,0,0,0,0,0,0,0,0,0,0,0,0,0,0
Yes,"Landslide at Sukekhola, Naugad Rural Municipality-6",,nepal_police,Landslide,2021-04-18,Sudurpashchim,Darchula,Naugad,6,,0,0,0,0,0,0,0,0,0,0,0,0,0,0,0,0,1,1,0,0,0
Yes,"Landslide at Gha GAu, Punarbas Municipality-4",,nepal_police,Landslide,2021-01-05,Sudurpashchim,Kanchanpur,Punarbas,4,,0,0,0,0,0,2,0,0,0,0,0,0,0,0,0,0,0,0,0,0,0
Yes,"Landslide at Sange, Marsyangdi Rural Municipality-8",,nepal_police,Landslide,2020-12-05,Gandaki,Lamjung,Marsyangdi,8,,0,0,0,0,0,0,0,0,0,0,0,0,0,0,0,0,0,0,0,0,0
Yes,"Landslide at Leta, Thasang Rural Municipality-3",,nepal_police,Landslide,2020-12-04,Gandaki,Mustang,Thasang,3,,0,0,0,0,0,0,0,0,0,0,0,0,0,0,0,0,0,0,0,0,0
Yes,"Landslide at Nagma, Tilagufa Municipality-1",,nepal_police,Landslide,2020-11-28,Karnali,Kalikot,Tilagufa,1,,0,0,0,0,0,0,0,0,0,0,0,0,0,0,0,0,1,0,1,0,0
Yes,"Landslide at tinpiple, Panchkhal Municipality-3",,nepal_police,Landslide,2020-11-12,Bagmati,Kavrepalanchok,Panchkhal,3,,0,0,0,0,0,0,1,0,1,0,0,0,0,0,0,0,0,0,0,0,0
Yes,"Landslide at Sakhuwa, Bulingtar Rural Municipality-3",,nepal_police,Landslide,2020-11-03,Gandaki,Nawalparasi East,Bulingtar,3,,0,0,0,0,0,0,5,5,0,0,0,0,0,0,0,0,2,2,0,0,0
Yes,"Landslide at Gothatar, Kageshwori Manahora Municipality-8",,nepal_police,Landslide,2020-10-01,Bagmati,Kathmandu,Kageshwori Manahora,8,1200000,0,0,0,0,0,6,0,0,0,0,0,0,0,0,0,0,0,0,0,0,0
Yes,"Landslide at Dalchauki, Konjyosom Rural Municipality-3",,nepal_police,Landslide,2020-09-29,Bagmati,Lalitpur,Konjyosom,3,557500,0,0,1,1,0,1,0,0,0,0,0,0,0,0,0,0,0,0,0,0,0
Yes,"Landslide at Damrikhola, Mandavi Rural Municipality-1",,nepal_police,Landslide,2020-09-27,Lumbini,Pyuthan,Mandavi,1,,0,0,0,0,0,0,1,1,0,0,0,0,0,0,0,0,0,0,0,0,0
Yes,"Landslide at Khoplasi, Raksirang Rural Municipality-5",,nepal_police,Landslide,2020-09-24,Bagmati,Makwanpur,Raksirang,5,,0,0,1,1,0,0,0,0,0,0,0,0,0,0,0,0,0,0,0,0,0
Yes,"Landslide at Nabbe, Galyang Municipality-1",,nepal_police,Landslide,2020-09-24,Gandaki,Syangja,Galyang,1,,0,0,0,0,0,0,0,0,0,0,0,0,0,0,0,0,0,0,0,0,0
Yes,"Landslide at Kolubung, Falelung Rural Municipality-2",,nepal_police,Landslide,2020-09-24,Koshi,Panchthar,Falelung,2,50000,0,0,1,1,0,0,0,0,0,0,0,0,0,0,0,0,0,0,0,0,0
Yes,"Landslide at Duda, Pokhara Lekhnath Metropolitan City-30",,nepal_police,Landslide,2020-09-24,Gandaki,Kaski,Pokhara,30,,0,0,1,1,0,0,0,0,0,0,0,0,0,0,0,0,2,2,0,0,0
Yes,"Landslide at Gautamdada, Kaligandagi Rural Municipality-4",,nepal_police,Landslide,2020-09-23,Gandaki,Syangja,Kaligandagi,4,,0,0,2,2,0,0,1,1,0,0,0,0,0,0,0,0,0,0,0,0,0
Yes,"Landslide at Tamadi, Waling Municipality-14",,nepal_police,Landslide,2020-09-23,Gandaki,Syangja,Waling,14,,0,0,1,1,0,0,9,5,4,0,0,0,0,0,0,0,1,0,1,0,0
Yes,"Landslide at Chailung, Dordi Rural Municipality-5",,nepal_police,Landslide,2020-09-23,Gandaki,Lamjung,Dordi,5,,0,0,0,0,0,3,0,0,0,0,0,0,0,0,0,0,0,0,0,0,0
Yes,"Landslide at Foxingcoat, Rambha Rural Municipality-2",,nepal_police,Landslide,2020-09-23,Lumbini,Palpa,Rambha,2,,0,0,2,2,0,13,6,1,5,0,0,0,0,0,0,0,0,0,0,0,0
Yes,"Landslide at Surungadada, Rambha Rural Municipality-2",,nepal_police,Landslide,2020-09-23,Lumbini,Palpa,Rambha,2,,0,0,1,1,0,0,1,0,1,0,0,0,0,0,0,0,0,0,0,0,0
Yes,"Landslide at Ghining Basi, Chaubise Rural Municipality-2",,nepal_police,Landslide,2020-09-23,Koshi,Dhankuta,Chaubise,2,30000,0,0,0,0,1,0,0,0,0,0,0,0,0,0,0,0,0,0,0,0,0
Yes,"Landslide at Kerauli, Mathagadhi Rural Municipality-4",,nepal_police,Landslide,2020-09-23,Lumbini,Palpa,Mathagadhi,4,,0,0,0,0,0,4,0,0,0,0,0,0,0,0,0,0,0,0,0,0,0
Yes,"Landslide at Khapring Khola, Pyuthan Municipality-8",,nepal_police,Landslide,2020-09-23,Lumbini,Pyuthan,Pyuthan,8,,0,0,0,0,0,1,0,0,0,0,0,0,0,0,0,0,0,0,0,0,0
Yes,"Landslide at Pahira, Shivaraj Municipality-1",,nepal_police,Landslide,2020-09-23,Lumbini,Kapilbastu,Shivraj,1,,0,0,0,0,0,0,0,0,0,0,0,0,0,0,0,0,0,0,0,0,0
Yes,Landslide at Binayee Tribeni Rural Municipality-2,,nepal_police,Landslide,2020-09-23,Gandaki,Nawalparasi East,Binayee Tribeni,2,,0,0,0,0,0,0,1,1,0,0,0,0,0,0,0,0,6,3,3,0,0
Yes,"Landslide at Tamadi, Waling Municipality-14",,nepal_police,Landslide,2020-09-23,Gandaki,Syangja,Waling,14,50000,0,0,0,0,0,1,0,0,0,0,0,0,0,0,0,0,0,0,0,0,0
Yes,"Landslide at Tamadi, Waling Municipality-14",,nepal_police,Landslide,2020-09-23,Gandaki,Syangja,Waling,14,4500000,0,0,2,2,0,3,0,0,0,0,0,0,0,0,0,0,0,0,0,0,0
Yes,Landslide at Sitganga Municipality-10,,nepal_police,Landslide,2020-09-23,Lumbini,Arghakhanchi,Sitganga,10,,0,0,1,1,0,0,0,0,0,0,0,0,0,0,0,0,0,0,0,0,0
Yes,"Landslide at Muskan Choke, Phidim Municipality-2",,nepal_police,Landslide,2020-09-22,Koshi,Panchthar,Phidim,2,,0,0,0,0,0,0,0,0,0,0,0,0,0,0,0,0,0,0,0,0,0
Yes,"Landslide at Salle, Dharmadevi Municipality-2",,nepal_police,Landslide,2020-09-22,Koshi,Sankhuwasabha,Dharmadevi,2,600000,0,0,0,0,2,0,0,0,0,0,0,0,0,0,0,0,0,0,0,0,0
Yes,"Landslide at Derali, Indrasarowar Rural Municipality-2",,nepal_police,Landslide,2020-09-22,Bagmati,Makwanpur,Indrasarowar,2,,0,0,0,0,0,0,1,1,0,0,0,0,0,0,0,0,2,2,0,0,0
Yes,"Landslide at Pharse, Jaljala Rural Municipality-8",,nepal_police,Landslide,2020-09-22,Gandaki,Parbat,Jaljala,8,,0,0,0,0,0,0,0,0,0,0,0,0,0,0,0,0,0,0,0,0,0
Yes,"Landslide at Bagisatbise, Malarani Rural Municipality-5",,nepal_police,Landslide,2020-09-22,Lumbini,Arghakhanchi,Malarani,5,,0,0,0,0,0,2,0,0,0,0,0,0,0,0,0,0,0,0,0,0,0
Yes,"Landslide at Pangdurdol, Bagmati Rural Municipality-3",,nepal_police,Landslide,2020-09-22,Bagmati,Lalitpur,Bagmati,3,,0,0,0,0,0,0,0,0,0,0,0,0,0,0,0,0,5,5,0,0,0
Yes,"Landslide at Baskot, Kanthekhola Rural Municipality-2",,nepal_police,Landslide,2020-09-22,Gandaki,Baglung,Kanthekhola,2,,0,0,0,0,0,0,1,1,0,0,0,0,0,0,0,0,0,0,0,0,0
Yes,"Landslide at Malung, Galyang Municipality-1",,nepal_police,Landslide,2020-09-22,Gandaki,Syangja,Galyang,1,,0,0,0,0,0,0,0,0,0,0,0,0,0,0,0,0,0,0,0,0,0
Yes,"Landslide at Sanring, Mangsebung Rural Municipality-1",,nepal_police,Landslide,2020-09-22,Koshi,Ilam,Mangsebung,1,400000,0,0,1,1,0,0,0,0,0,0,0,0,0,0,0,0,0,0,0,0,0
Yes,"Landslide at Ratchaur, Isma Rural Municipality-2",,nepal_police,Landslide,2020-09-20,Lumbini,Gulmi,Isma,2,,0,0,0,0,0,0,2,2,0,0,0,0,0,0,0,0,1,1,0,0,0
Yes,"Landslide at Arkha, Gaumukhi Rural Municipality-2",,nepal_police,Landslide,2020-09-17,Lumbini,Pyuthan,Gaumukhi,2,,0,0,0,0,0,0,0,0,0,0,0,0,0,0,0,0,0,0,0,0,0
Yes,"Landslide at Khanigau, Mahalaxmi Municipality-4",,nepal_police,Landslide,2020-09-15,Koshi,Dhankuta,Mahalaxmi,4,94900,0,0,1,1,0,2,0,0,0,0,0,0,0,0,0,0,0,0,0,0,0
Yes,"Landslide at Dunja, Mikwakhola Rural Municipality-1",,nepal_police,Landslide,2020-09-15,Koshi,Taplejung,Mikwakhola,1,2050000,0,0,0,0,0,0,0,0,0,0,0,0,0,0,0,0,0,0,0,0,0
Yes,Landslide at Khandbari Municipality-1,,nepal_police,Landslide,2020-09-14,Koshi,Sankhuwasabha,Khandbari,1,400000,0,0,0,0,1,0,0,0,0,0,0,0,0,0,0,0,0,0,0,0,0
Yes,"Landslide at Siesuwa, Phalebas Municipality-4",,other,Landslide,2020-09-13,Gandaki,Parbat,Phalewas,4,,0,0,1,1,0,5,1,0,1,0,0,0,0,0,0,0,4,2,2,0,0
Yes,"Landslide at Kurgha, Phalebas Municipality-10",,nepal_police,Landslide,2020-09-13,Gandaki,Parbat,Phalewas,10,,0,0,0,0,0,2,0,0,0,0,0,0,0,0,0,0,0,0,0,0,0
Yes,Landslide at Barhabise Municipality-7,,other,Landslide,2020-09-12,Bagmati,Sindhupalchok,Barhabise,7,,0,0,30,30,0,0,16,8,8,0,0,15,0,0,15,0,8,5,3,0,0
Yes,"Landslide at Binamera, Jaimini Municipality-5",,nepal_police,Landslide,2020-09-12,Gandaki,Baglung,Jaimini,5,,0,0,1,1,0,0,1,0,1,0,0,0,0,0,0,0,1,1,0,0,0
Yes,"Landslide at Tunibote, Jaimini Municipality-1",,nepal_police,Landslide,2020-09-12,Gandaki,Baglung,Jaimini,1,,0,0,1,1,0,0,1,0,1,0,0,0,0,0,0,0,0,0,0,0,0
Yes,"Landslide at Khani, Maiwakhola Rural Municipality-2",,nepal_police,Landslide,2020-09-12,Koshi,Taplejung,Maiwakhola,2,60000,0,0,0,0,0,1,0,0,0,0,0,0,0,0,0,0,0,0,0,0,0
Yes,"Landslide at Goganpani, Naubahini Rural Municipality-7",,nepal_police,Landslide,2020-09-11,Lumbini,Pyuthan,Naubahini,7,,0,0,1,1,0,0,0,0,0,0,0,0,0,0,0,0,2,2,0,0,0
Yes,"Landslide at Aite, Lungri Rural Municipality-1",,nepal_police,Landslide,2020-09-11,Lumbini,Rolpa,Lungri,1,,0,0,0,0,0,0,2,2,0,0,0,0,0,0,0,0,0,0,0,0,0
Yes,"Landslide at Shukrabare, Khandbari Municipality-10",,nepal_police,Landslide,2020-09-11,Koshi,Sankhuwasabha,Khandbari,10,200000,0,0,0,0,1,0,0,0,0,0,0,0,0,0,0,0,0,0,0,0,0
Yes,"Landslide at Sallu, Bigu Rural Municipality-1",,nepal_police,Landslide,2020-09-11,Bagmati,Dolakha,Bigu,1,,0,0,1,1,0,3,0,0,0,0,0,0,0,0,0,0,0,0,0,0,0
Yes,"Landslide at Nigalpani, Badigad Rural Municipality-10",,nepal_police,Landslide,2020-09-10,Gandaki,Baglung,Badigad,10,,0,0,0,0,0,0,1,1,0,0,0,0,0,0,0,0,0,0,0,0,0
Yes,"Landslide at Darbare, Dullu Municipality-1",,nepal_police,Landslide,2020-09-10,Karnali,Dailekh,Dullu,1,,0,0,0,0,0,0,0,0,0,0,0,0,0,0,0,0,0,0,0,0,0
Yes,"Landslide at Chirkhuwa, Silichong Rural Municipality-2",,nepal_police,Landslide,2020-09-10,Koshi,Sankhuwasabha,Silichong,2,4200000,0,0,1,1,0,0,0,0,0,0,0,0,0,0,0,0,0,0,0,0,0
Yes,"Landslide at Khoriyapani, Pokhara Lekhnath Metropolitan City-24",,nepal_police,Landslide,2020-09-09,Gandaki,Kaski,Pokhara,24,,0,0,0,0,0,1,0,0,0,0,0,0,0,0,0,0,0,0,0,0,0
Yes,"Landslide at Brahchok, Rupa Rural Municipality-6",,nepal_police,Landslide,2020-09-07,Gandaki,Kaski,Rupa,6,,0,0,1,1,0,0,1,1,0,0,0,0,0,0,0,0,0,0,0,0,0
Yes,"Landslide at Lapilang, Kalinchok Rural Municipality-5",,nepal_police,Landslide,2020-09-07,Bagmati,Dolakha,Kalinchok,5,,0,0,3,3,3,0,0,0,0,0,0,0,0,0,0,0,0,0,0,0,0
Yes,"Landslide at Rajabase, Udayapurgadhi Rural Municipality-6",,nepal_police,Landslide,2020-09-07,Koshi,Udayapur,Udayapurgadhi,6,,0,0,0,0,0,0,0,0,0,0,0,0,0,0,0,0,0,0,0,0,0
Yes,"Landslide at Dakling, Bhotekoshi Rural Municipality-4",,nepal_police,Landslide,2020-09-06,Bagmati,Sindhupalchok,Bhotekoshi,4,,0,0,0,0,0,0,0,0,0,0,0,0,0,0,0,0,0,0,0,0,0
Yes,"Landslide at Upallodagadi, Dhorpatan Municipality-6",,nepal_police,Landslide,2020-09-06,Gandaki,Baglung,Dhorpatan,6,,0,0,0,0,0,0,0,0,0,0,0,0,0,0,0,0,0,0,0,0,0
Yes,"Landslide at Dahadea, Panchakhapan Municipality-9",,nepal_police,Landslide,2020-09-06,Koshi,Sankhuwasabha,Panchakhapan,9,110000,0,0,1,1,0,1,0,0,0,0,0,0,0,0,0,0,0,0,0,0,0
Yes,"Landslide at Birautopokhari, Pokhara Lekhnath Metropolitan City-31",,nepal_police,Landslide,2020-09-06,Gandaki,Kaski,Pokhara,31,,0,0,0,0,0,1,0,0,0,0,0,0,0,0,0,0,0,0,0,0,0
Yes,Landslide at Sirijangha Rural Municipality-4,,nepal_police,Landslide,2020-09-05,Koshi,Taplejung,Sirijangha,4,,0,0,0,0,0,0,2,2,0,0,0,0,0,0,0,0,0,0,0,0,0
Yes,"Landslide at Sarankot, Pokhara Lekhnath Metropolitan City-18",,other,Landslide,2020-09-03,Gandaki,Kaski,Pokhara,18,,0,0,1,1,0,0,0,0,0,0,0,0,0,0,0,0,0,0,0,0,0
Yes,"Landslide at Besikhet, Pokhara Lekhnath Metropolitan City-19",,nepal_police,Landslide,2020-09-02,Gandaki,Kaski,Pokhara,19,,0,0,0,0,0,0,0,0,0,0,0,0,0,0,0,0,1,1,0,0,0
Yes,"Landslide at Sunkhani, Kalinchok Rural Municipality-7",,nepal_police,Landslide,2020-08-31,Bagmati,Dolakha,Kalinchok,7,,0,0,1,1,0,1,0,0,0,0,0,0,0,0,0,0,0,0,0,0,0
Yes,Landslide at Naraharinath Rural Municipality-6,,other,Landslide,2020-08-30,Karnali,Kalikot,Naraharinath,6,,0,0,0,0,0,0,1,0,1,0,0,0,0,0,0,0,0,0,0,0,0
Yes,"Landslide at Pancha, Khandbari Municipality-6",,nepal_police,Landslide,2020-08-30,Koshi,Sankhuwasabha,Khandbari,6,310000,0,0,0,0,0,1,0,0,0,0,0,0,0,0,0,0,0,0,0,0,0
Yes,"Landslide at Namga, Tilagufa Municipality-1",,nepal_police,Landslide,2020-08-29,Karnali,Kalikot,Tilagufa,1,,0,0,4,4,0,0,10,6,4,0,0,0,0,0,0,0,2,2,0,0,0
Yes,"Landslide at Daklang, Bhotekoshi Rural Municipality-4",,nepal_police,Landslide,2020-08-25,Bagmati,Sindhupalchok,Bhotekoshi,4,,0,0,0,0,0,0,0,0,0,0,0,0,0,0,0,0,0,0,0,0,0
Yes,"Landslide at Arnake, Dhorpatan Municipality-1",,nepal_police,Landslide,2020-08-24,Gandaki,Baglung,Dhorpatan,1,,0,0,1,1,0,0,1,0,1,0,0,0,0,0,0,0,0,0,0,0,0
Yes,"Landslide at Dhusan, Sundarbazar Municipality-10",,nepal_police,Landslide,2020-08-22,Gandaki,Lamjung,Sundarbazar,10,,0,0,0,0,0,0,0,0,0,0,0,0,0,0,0,0,1,1,0,0,0
Yes,"Landslide at Supatodkey, Sukidaha Rural Municipality-4",,nepal_police,Landslide,2020-08-20,Lumbini,Rolpa,Sukidaha,4,,0,0,0,0,0,1,0,0,0,0,0,0,0,0,0,0,0,0,0,0,0
Yes,"Landslide at Namli, Rolpa Municipality-8",,nepal_police,Landslide,2020-08-20,Lumbini,Rolpa,Rolpa,8,,0,0,0,0,1,0,0,0,0,0,0,0,0,0,0,0,0,0,0,0,0
Yes,"Landslide at Tindhara, Banepa Municipality-3",,nepal_police,Landslide,2020-08-19,Bagmati,Kavrepalanchok,Banepa,3,,0,0,0,0,0,0,0,0,0,0,0,1,0,0,1,0,0,0,0,0,0
Yes,"Landslide at Phopli, Naubahini Rural Municipality-8",,nepal_police,Landslide,2020-08-19,Lumbini,Pyuthan,Naubahini,8,80000,0,0,0,0,0,0,0,0,0,0,0,0,0,0,0,0,0,0,0,0,0
Yes,"Landslide at Damargau, Aathbiskot Municipality-10",,nepal_police,Landslide,2020-08-19,Karnali,Rukum West,Aathbiskot,10,,0,0,1,1,0,6,0,0,0,0,0,0,0,0,0,0,0,0,0,0,0
Yes,"Landslide at Adubari, Musikot Municipality-9",,nepal_police,Landslide,2020-08-19,Karnali,Rukum West,Musikot,9,,0,0,0,0,0,2,0,0,0,0,0,0,0,0,0,0,0,0,0,0,0
Yes,"Landslide at Kalimati, Tribeni Rural Municipality-4",,nepal_police,Landslide,2020-08-19,Karnali,Rukum West,Triveni,4,,0,0,0,0,0,1,0,0,0,0,0,0,0,0,0,0,0,0,0,0,0
Yes,"Landslide at Dalsing, Sukidaha Rural Municipality-4",,nepal_police,Landslide,2020-08-19,Lumbini,Rolpa,Sukidaha,4,,0,0,1,1,0,0,0,0,0,0,0,0,0,0,0,0,0,0,0,0,0
Yes,"Landslide at Dang, Madi Rural Municipality-5",,nepal_police,Landslide,2020-08-19,Lumbini,Rolpa,Madi,5,,0,0,1,1,0,0,0,0,0,0,0,0,0,0,0,0,2,0,2,0,0
Yes,"Landslide at Basekhole, Tribeni Rural Municipality-4",,nepal_police,Landslide,2020-08-19,Karnali,Rukum West,Triveni,4,,0,0,0,0,0,2,0,0,0,0,0,0,0,0,0,0,0,0,0,0,0
Yes,"Landslide at Silbang, Thawang Rural Municipality-3",,nepal_police,Landslide,2020-08-19,Lumbini,Rolpa,Thabang,3,70000,0,0,1,1,0,0,0,0,0,0,0,0,0,0,0,0,0,0,0,0,0
Yes,"Landslide at Khumbase, Rolpa Municipality-8",,nepal_police,Landslide,2020-08-19,Lumbini,Rolpa,Rolpa,8,,0,0,1,1,0,0,0,0,0,0,0,0,0,0,0,0,0,0,0,0,0
Yes,"Landslide at gairigau, Thantikandh Rural Municipality-4",,other,Landslide,2020-08-18,Karnali,Dailekh,Thantikandh,4,,0,0,0,0,0,0,1,1,0,0,0,0,0,0,0,0,4,3,1,0,0
Yes,"Landslide at Midigau, Bungal Municipality-5",,other,Landslide,2020-08-18,Sudurpashchim,Bajhang,Bungal,5,,0,0,0,0,0,5,2,2,0,0,0,0,0,0,0,0,3,1,2,0,0
Yes,"Landslide at Bankada, Khaptad Chhededaha Rural Municipality-5",,other,Landslide,2020-08-18,Sudurpashchim,Bajura,Khaptad Chhededaha,5,,0,0,0,0,0,0,1,0,1,0,0,0,0,0,0,0,2,0,2,0,0
Yes,"Landslide at Madagau, Surnaya Rural Municipality-5",,nepal_police,Landslide,2020-08-18,Sudurpashchim,Baitadi,Surnaya,5,,0,0,1,1,0,0,0,0,0,0,0,0,0,0,0,0,4,1,3,0,0
Yes,"Landslide at Meldhungram, Surnaya Rural Municipality-4",,nepal_police,Landslide,2020-08-18,Sudurpashchim,Baitadi,Surnaya,4,,0,0,1,1,0,0,0,0,0,0,0,0,0,0,0,0,0,0,0,0,0
Yes,"Landslide at Gandra, Simta Rural Municipality-1",,nepal_police,Landslide,2020-08-18,Karnali,Surkhet,Simta,1,,0,0,1,1,0,0,1,0,1,0,0,0,0,0,0,0,9,5,4,0,0
Yes,"Landslide at Purano Buspark, Sharada Municipality-2",,nepal_police,Landslide,2020-08-18,Karnali,Salyan,Sharada,2,,0,0,1,1,0,0,0,0,0,0,0,0,0,0,0,0,0,0,0,0,0
Yes,"Landslide at Gharbasa, Rolpa Municipality-8",,nepal_police,Landslide,2020-08-18,Lumbini,Rolpa,Rolpa,8,,0,0,2,2,0,3,0,0,0,0,0,0,0,0,0,0,0,0,0,0,0
Yes,"Landslide at Lamdhara, Malarani Rural Municipality-6",,nepal_police,Landslide,2020-08-18,Lumbini,Arghakhanchi,Malarani,6,,0,0,0,0,0,4,0,0,0,0,0,0,0,0,0,0,0,0,0,0,0
Yes,"Landslide at Malkot, Naraharinath Rural Municipality-6",,nepal_police,Landslide,2020-08-18,Karnali,Kalikot,Naraharinath,6,,0,0,0,0,0,0,0,0,0,0,0,0,0,0,0,0,1,0,1,0,0
Yes,"Landslide at Chauke, Naraharinath Rural Municipality-5",,nepal_police,Landslide,2020-08-18,Karnali,Kalikot,Naraharinath,5,,0,0,0,0,0,0,1,1,0,0,0,3,0,0,3,0,0,0,0,0,0
Yes,"Landslide at Rasuwagadhi, Gosaikunda Rural Municipality-2",,nepal_police,Landslide,2020-08-16,Bagmati,Rasuwa,Gosaikunda,2,,0,0,0,0,0,0,0,0,0,0,0,0,0,0,0,0,0,0,0,0,0
Yes,"Landslide at Taldada, Nashong Rural Municipality-1",,nepal_police,Landslide,2020-08-16,Gandaki,Manang,Nashong,1,,0,0,0,0,0,0,0,0,0,0,0,0,0,0,0,0,0,0,0,0,0
Yes,"Landslide at Khaniyaghat, Jaljala Rural Municipality-8",,nepal_police,Landslide,2020-08-16,Gandaki,Parbat,Jaljala,8,,0,0,0,0,0,0,0,0,0,0,0,0,0,0,0,0,0,0,0,0,0
Yes,"Landslide at Medangfedung, Gosaikunda Rural Municipality-3",,nepal_police,Landslide,2020-08-15,Bagmati,Rasuwa,Gosaikunda,3,,0,0,0,0,0,0,0,0,0,0,0,0,0,0,0,0,0,0,0,0,0
Yes,Landslide at Thasang Rural Municipality-4,,nepal_police,Landslide,2020-08-15,Gandaki,Mustang,Thasang,4,,0,0,0,0,0,0,0,0,0,0,0,0,0,0,0,0,1,0,1,0,0
Yes,"Landslide at Karigau, Nisikhola Rural Municipality-5",,nepal_police,Landslide,2020-08-14,Gandaki,Baglung,Nisikhola,5,,0,0,1,1,0,0,2,2,0,0,0,0,0,0,0,0,1,0,1,0,0
Yes,"Landslide at Liuksing, Bhotekoshi Rural Municipality-4",,nepal_police,Landslide,2020-08-14,Bagmati,Sindhupalchok,Bhotekoshi,4,,0,0,1,1,0,0,0,0,0,0,0,0,0,0,0,0,0,0,0,0,0
Yes,"Landslide at Dharkhaka, Nisikhola Rural Municipality-3",,nepal_police,Landslide,2020-08-14,Gandaki,Baglung,Nisikhola,3,,0,0,1,1,0,0,1,0,1,0,0,0,0,0,0,0,0,0,0,0,0
Yes,"Landslide at Kumalukhola, Aathabis Municipality-1",,nepal_police,Landslide,2020-08-14,Karnali,Dailekh,Aathabis,1,,0,0,0,0,0,0,0,0,0,0,0,0,0,0,0,0,0,0,0,0,0
Yes,"Landslide at Lidi, Jugal Rural Municipality-2",,nepal_police,Landslide,2020-08-13,Bagmati,Sindhupalchok,Jugal,2,,0,0,37,37,0,0,37,20,17,0,0,2,0,0,2,0,5,3,2,0,0
Yes,"Landslide at Dhari, Naraharinath Rural Municipality-1",,nepal_police,Landslide,2020-08-13,Karnali,Kalikot,Naraharinath,1,,0,0,0,0,0,0,0,0,0,0,0,0,0,0,0,0,2,2,0,0,0
Yes,Landslide at Subha Kalika Rural Municipality-5,,nepal_police,Landslide,2020-08-13,Karnali,Kalikot,Shubhakalika,5,,0,0,0,0,0,2,0,0,0,0,0,0,0,0,0,0,0,0,0,0,0
Yes,"Landslide at Neupanetole, Jaimini Municipality-3",,nepal_police,Landslide,2020-08-12,Gandaki,Baglung,Jaimini,3,,0,0,0,0,0,5,0,0,0,0,0,0,0,0,0,0,0,0,0,0,0
Yes,"Landslide at Gaurigau, Thaha Municipality-12",,nepal_police,Landslide,2020-08-12,Bagmati,Makwanpur,Thaha,12,,0,0,0,0,0,0,1,1,0,0,0,0,0,0,0,0,0,0,0,0,0
Yes,"Landslide at Naku, Mahawai Rural Municipality-3",,nepal_police,Landslide,2020-08-12,Karnali,Kalikot,Mahawai,3,,0,0,1,1,0,0,6,2,4,0,0,0,0,0,0,0,0,0,0,0,0
Yes,"Landslide at Veer, Naugad Rural Municipality-5",,nepal_police,Landslide,2020-08-12,Sudurpashchim,Darchula,Naugad,5,,0,0,1,1,0,5,0,0,0,0,0,0,0,0,0,0,3,2,1,0,0
Yes,"Landslide at Guthitar, Dhankuta Municipality-9",,nepal_police,Landslide,2020-08-11,Koshi,Dhankuta,Dhankuta,9,400000,0,0,1,1,0,0,0,0,0,0,0,0,0,0,0,0,1,0,1,0,0
Yes,"Landslide at Budhakot, Badikedar Rural Municipality-5",,nepal_police,Landslide,2020-08-11,Sudurpashchim,Doti,Badikedar,5,,0,0,0,0,1,0,0,0,0,0,0,0,0,0,0,0,0,0,0,0,0
Yes,"Landslide at Kagunea, Bidur Municipality-13",,nepal_police,Landslide,2020-08-09,Bagmati,Nuwakot,Bidur,13,,0,0,0,0,0,2,0,0,0,0,0,0,0,0,0,0,0,0,0,0,0
Yes,"Landslide at Shyangkhudi, Pokhara Lekhnath Metropolitan City-28",,nepal_police,Landslide,2020-08-09,Gandaki,Kaski,Pokhara,28,,0,0,1,1,0,0,0,0,0,0,0,0,0,0,0,0,2,2,0,0,0
Yes,"Landslide at Giging dada, Rampur Municipality-7",,nepal_police,Landslide,2020-08-09,Lumbini,Palpa,Rampur,7,,0,0,0,0,0,0,0,0,0,0,0,0,0,0,0,0,0,0,0,0,0
Yes,"Landslide at Kusinchour, Gulmidarbar Rural Municipality-5",,nepal_police,Landslide,2020-08-09,Lumbini,Gulmi,Gulmidarbar,5,,0,0,1,1,0,1,0,0,0,0,0,0,0,0,0,0,0,0,0,0,0
Yes,"Landslide at Mirmigau, Chankheli Rural Municipality-3",,nepal_police,Landslide,2020-08-08,Karnali,Humla,Chankheli,3,1500000,0,0,3,3,0,0,0,0,0,0,0,0,0,0,0,0,0,0,0,0,0
Yes,"Landslide at Dekuwo, Halesi Tuwachung Municipality-2",,nepal_police,Landslide,2020-08-07,Koshi,Khotang,Halesi Tuwachung,2,500000,0,0,2,2,0,0,0,0,0,0,0,0,0,0,0,0,0,0,0,0,0
Yes,Landslide at Shahidbhumi Rural Municipality-6,,nepal_police,Landslide,2020-08-07,Koshi,Dhankuta,Shahidbhumi,6,400000,0,0,1,1,0,0,0,0,0,0,0,0,0,0,0,0,0,0,0,0,0
Yes,Landslide at Ichchhyakamana Rural Municipality-6,,nepal_police,Landslide,2020-08-07,Bagmati,Chitwan,Ichchhakamana,6,,0,0,0,0,0,0,0,0,0,0,0,0,0,0,0,0,0,0,0,0,0
Yes,"Landslide at gawani, Gaumul Rural Municipality-4",,nepal_police,Landslide,2020-08-07,Sudurpashchim,Bajura,Gaumul,4,,0,0,1,1,0,0,1,1,0,0,0,0,0,0,0,0,1,1,0,0,0
Yes,"Landslide at Angkhope, Sidingba Rural Municipality-3",,nepal_police,Landslide,2020-08-07,Koshi,Taplejung,Sidingba,3,400000,0,0,0,0,0,0,0,0,0,0,0,0,0,0,0,0,0,0,0,0,0
Yes,"Landslide at Matahiraja, Dilasaini Rural Municipality-4",,nepal_police,Landslide,2020-08-06,Sudurpashchim,Baitadi,Dilasaini,4,,0,0,1,1,0,0,2,1,1,0,0,0,0,0,0,0,0,0,0,0,0
Yes,"Landslide at Tarukaghat, Belkotgadhi Municipality-7",,nepal_police,Landslide,2020-08-05,Bagmati,Nuwakot,Belkotgadhi,7,,0,0,0,0,0,0,0,0,0,0,0,0,0,0,0,0,0,0,0,0,0
Yes,"Landslide at Sukaura, Indrasarowar Rural Municipality-2",,nepal_police,Landslide,2020-08-05,Bagmati,Makwanpur,Indrasarowar,2,,0,0,0,0,0,0,0,0,0,0,0,0,0,0,0,0,0,0,0,0,0
Yes,"Landslide at Ghusel, Bagmati Rural Municipality-1",,nepal_police,Landslide,2020-08-05,Bagmati,Lalitpur,Bagmati,1,500000,0,0,0,0,0,3,0,0,0,0,0,0,0,0,0,0,0,0,0,0,0
Yes,"Landslide at Lamakhet, Jaljala Rural Municipality-3",,nepal_police,Landslide,2020-08-05,Gandaki,Parbat,Jaljala,3,,0,0,0,0,0,0,0,0,0,0,0,0,0,0,0,0,0,0,0,0,0
Yes,"Landslide at Chuintar, Gaurishankar Rural Municipality-8",,nepal_police,Landslide,2020-08-05,Bagmati,Dolakha,Gaurishankar,8,,0,0,6,6,0,34,1,1,0,0,0,0,0,0,0,0,1,1,0,0,0
Yes,"Landslide at falgu, Falelung Rural Municipality-6",,nepal_police,Landslide,2020-08-03,Koshi,Panchthar,Falelung,6,,0,0,0,0,1,0,0,0,0,0,0,0,0,0,0,0,0,0,0,0,0
Yes,"Landslide at Ludin, Falelung Rural Municipality-5",,nepal_police,Landslide,2020-08-03,Koshi,Panchthar,Falelung,5,125000,0,0,0,0,0,0,0,0,0,0,0,0,0,0,0,0,0,0,0,0,0
Yes,"Landslide at Baruwa, Panchpokhari Thangpal Rural Municipality-2",,nepal_police,Landslide,2020-08-02,Bagmati,Sindhupalchok,Panchpokhari Thangpal,2,,0,0,1,1,0,0,2,1,1,0,0,0,0,0,0,0,0,0,0,0,0
Yes,"Landslide at Lekhside, Pokhara Lekhnath Metropolitan City-6",,nepal_police,Landslide,2020-08-02,Gandaki,Kaski,Pokhara,6,,0,0,0,0,1,0,0,0,0,0,0,0,0,0,0,0,0,0,0,0,0
Yes,Landslide at Sarumarani Rural Municipality-4,,nepal_police,Landslide,2020-08-02,Lumbini,Pyuthan,Sarumarani,4,,0,0,0,0,0,0,0,0,0,0,0,0,0,0,0,0,0,0,0,0,0
Yes,"Landslide at Gairabager, Melamchi Municipality-11",,other,Landslide,2020-08-02,Bagmati,Sindhupalchok,Melamchi,11,,0,0,1,1,0,0,8,8,0,0,0,0,0,0,0,0,1,1,0,0,0
Yes,"Landslide at Kade, Laligurans Municipality-9",,nepal_police,Landslide,2020-08-02,Koshi,Terhathum,Laligurans,9,,0,0,0,0,0,0,0,0,0,0,0,0,0,0,0,0,0,0,0,0,0
Yes,"Landslide at Karthali, Barhabise Municipality-2",,nepal_police,Landslide,2020-08-02,Bagmati,Sindhupalchok,Barhabise,2,,0,0,3,3,0,0,0,0,0,0,0,0,0,0,0,0,0,0,0,0,0
Yes,"Landslide at Bhakuwatar, Indrasarowar Rural Municipality-3",,nepal_police,Landslide,2020-08-02,Bagmati,Makwanpur,Indrasarowar,3,,0,0,0,0,0,0,0,0,0,0,0,0,0,0,0,0,0,0,0,0,0
Yes,"Landslide at Chase, Likhupike Rural Municipality-4",,nepal_police,Landslide,2020-08-02,Koshi,Solukhumbu,Likhu Pike,4,545000,0,0,1,1,2,2,0,0,0,0,0,0,0,0,0,0,0,0,0,0,0
Yes,"Landslide at Siddababa, Tinau Rural Municipality-3",,nepal_police,Landslide,2020-08-01,Lumbini,Palpa,Tinau,3,,0,0,0,0,0,0,0,0,0,0,0,0,0,0,0,0,3,2,1,0,0
Yes,"Landslide at tatopani, Dharche Rural Municipality-1",,nepal_police,Landslide,2020-08-01,Gandaki,Gorkha,Dharche,1,,0,0,0,0,0,0,1,1,0,0,0,0,0,0,0,0,0,0,0,0,0
Yes,"Landslide at Jalbire, Ichchhyakamana Rural Municipality-6",,nepal_police,Landslide,2020-07-31,Bagmati,Chitwan,Ichchhakamana,6,,0,0,0,0,0,0,0,0,0,0,0,0,0,0,0,0,0,0,0,0,0
Yes,Landslide at Barah Municipality-1,,other,Landslide,2020-07-31,Koshi,Sunsari,Barah,1,,0,0,0,0,0,0,1,1,0,0,0,0,0,0,0,0,2,2,0,0,0
Yes,Landslide at Kakani Rural Municipality-2,,other,Landslide,2020-07-31,Bagmati,Nuwakot,Kakani,2,,0,0,0,0,1,0,0,0,0,0,0,0,0,0,0,0,1,1,0,0,0
Yes,"Landslide at Kagunea, Bidur Municipality-13",,other,Landslide,2020-07-31,Bagmati,Nuwakot,Bidur,13,,0,0,0,0,2,0,0,0,0,0,0,0,0,0,0,0,0,0,0,0,0
Yes,"Landslide at Adherikhola, Sarumarani Rural Municipality-4",,nepal_police,Landslide,2020-07-30,Lumbini,Pyuthan,Sarumarani,4,,0,0,0,0,0,0,0,0,0,0,0,0,0,0,0,0,0,0,0,0,0
Yes,"Landslide at Chadipani, Raskot Municipality-1",,nepal_police,Landslide,2020-07-30,Karnali,Kalikot,Raskot,1,,0,0,0,0,0,0,1,0,1,0,0,0,0,0,0,0,0,0,0,0,0
Yes,"Landslide at Damri, Palata Rural Municipality-8",,nepal_police,Landslide,2020-07-30,Karnali,Kalikot,Palata,8,,0,0,0,0,0,0,1,1,0,0,0,0,0,0,0,0,2,0,2,0,0
Yes,"Landslide at Bhandadri, Ruru Rural Municipality-2",,nepal_police,Landslide,2020-07-30,Lumbini,Gulmi,Rurukshetra,2,,0,0,0,0,0,0,0,0,0,0,0,0,0,0,0,0,0,0,0,0,0
Yes,"Landslide at Asipata, Ruru Rural Municipality-5",,nepal_police,Landslide,2020-07-30,Lumbini,Gulmi,Rurukshetra,5,,0,0,1,1,0,0,4,2,2,0,0,0,0,0,0,0,0,0,0,0,0
Yes,"Landslide at Jumli, Gurbhakot Municipality-3",,nepal_police,Landslide,2020-07-30,Karnali,Surkhet,Gurbhakot,3,,0,0,0,0,0,0,0,0,0,0,0,0,0,0,0,0,1,0,1,0,0
Yes,"Landslide at Doken, Bheri Municipality-7",,nepal_police,Landslide,2020-07-30,Karnali,Jajarkot,Bheri,7,,0,0,0,0,0,0,0,0,0,0,0,1,0,0,1,0,1,1,0,0,0
Yes,"Landslide at Mallodhole, Surnaya Rural Municipality-8",,nepal_police,Landslide,2020-07-30,Sudurpashchim,Baitadi,Surnaya,8,,0,0,0,0,1,0,0,0,0,0,0,0,0,0,0,0,0,0,0,0,0
Yes,"Landslide at Kande, Laligurans Municipality-9",,nepal_police,Landslide,2020-07-29,Koshi,Terhathum,Laligurans,9,,0,0,0,0,0,0,0,0,0,0,0,0,0,0,0,0,0,0,0,0,0
Yes,"Landslide at Dopkile, Chhathar Rural Municipality-5",,nepal_police,Landslide,2020-07-29,Koshi,Terhathum,Chhathar,5,,0,0,0,0,1,0,0,0,0,0,0,0,0,0,0,0,0,0,0,0,0
Yes,"Landslide at Kurintar, Ichchhyakamana Rural Municipality-4",,nepal_police,Landslide,2020-07-29,Bagmati,Chitwan,Ichchhakamana,4,,0,0,0,0,0,0,0,0,0,0,0,0,0,0,0,0,0,0,0,0,0
Yes,"Landslide at Budhagau, Sanni Tribeni Rural Municipality-6",,nepal_police,Landslide,2020-07-29,Karnali,Kalikot,Sanni Tribeni,6,,0,0,0,0,0,0,2,1,1,0,0,0,0,0,0,0,0,0,0,0,0
Yes,"Landslide at sakine, Banglachuli Rural Municipality-5",,nepal_police,Landslide,2020-07-28,Lumbini,Dang,Banglachuli,5,,0,0,1,1,0,0,2,0,2,0,0,0,0,0,0,0,0,0,0,0,0
Yes,"Landslide at majhgothi, Naraharinath Rural Municipality-4",,other,Landslide,2020-07-28,Karnali,Kalikot,Naraharinath,4,,0,0,1,1,0,0,2,1,1,0,0,0,0,0,0,0,0,0,0,0,0
Yes,"Landslide at Bagha, Naraharinath Rural Municipality-7",,other,Landslide,2020-07-28,Karnali,Kalikot,Naraharinath,7,,0,0,1,1,0,0,7,3,4,0,0,0,0,0,0,0,0,0,0,0,0
Yes,"Landslide at Payang, Maijogmai Rural Municipality-6",,nepal_police,Landslide,2020-07-28,Koshi,Ilam,Maijogmai,6,315000,0,0,0,0,0,2,0,0,0,0,0,0,0,0,0,0,0,0,0,0,0
Yes,Landslide at Naumule Rural Municipality-2,,nepal_police,Landslide,2020-07-28,Karnali,Dailekh,Naumule,2,,0,0,0,0,0,1,0,0,0,0,0,0,0,0,0,0,0,0,0,0,0
Yes,"Landslide at Jaksi, Aathabis Municipality-3",,nepal_police,Landslide,2020-07-28,Karnali,Dailekh,Aathabis,3,,0,0,0,0,0,0,0,0,0,0,0,0,0,0,0,0,0,0,0,0,0
Yes,"Landslide at Ringepani, Naraharinath Rural Municipality-4",,nepal_police,Landslide,2020-07-28,Karnali,Kalikot,Naraharinath,4,,0,0,0,0,0,0,0,0,0,0,0,0,0,0,0,0,3,1,2,0,0
Yes,"Landslide at Kavri, Jagannath Rural Municipality-6",,nepal_police,Landslide,2020-07-28,Sudurpashchim,Bajura,Jagannath,6,,0,0,0,0,0,15,0,0,0,0,0,0,0,0,0,0,0,0,0,0,0
Yes,"Landslide at Kholte, Satyawati Rural Municipality-4",,nepal_police,Landslide,2020-07-28,Lumbini,Gulmi,Satyawati,4,,0,0,0,0,1,0,0,0,0,0,0,0,0,0,0,0,0,0,0,0,0
Yes,"Landslide at Daurali, Barahtal Rural Municipality-8",,nepal_police,Landslide,2020-07-28,Karnali,Surkhet,Barahtal,8,,0,0,0,0,0,0,0,0,0,0,0,0,0,0,0,0,0,0,0,0,0
Yes,"Landslide at Kodewona, Mahawai Rural Municipality-2",,nepal_police,Landslide,2020-07-28,Karnali,Kalikot,Mahawai,2,,0,0,1,1,0,0,2,1,1,0,0,0,0,0,0,0,4,1,3,0,0
Yes,"Landslide at Amarkote, Budhiganga Municipality-1",,nepal_police,Landslide,2020-07-28,Sudurpashchim,Bajura,Budhiganga,1,,0,0,0,0,0,0,1,1,0,0,0,0,0,0,0,0,2,0,2,0,0
Yes,"Landslide at Dharna, Bannigadhi Jayagadh Rural Municipality-6",,nepal_police,Landslide,2020-07-28,Sudurpashchim,Achham,Bannigadhi Jayagadh,6,,0,0,0,0,0,0,0,0,0,0,0,0,0,0,0,0,0,0,0,0,0
Yes,"Landslide at sukurmala, Barahtal Rural Municipality-3",,nepal_police,Landslide,2020-07-28,Karnali,Surkhet,Barahtal,3,,0,0,0,0,1,0,0,0,0,0,0,0,0,0,0,0,0,0,0,0,0
Yes,"Landslide at heguwo, Khandbari Municipality-6",,nepal_police,Landslide,2020-07-27,Koshi,Sankhuwasabha,Khandbari,6,,0,0,1,1,0,0,0,0,0,0,0,0,0,0,0,0,1,1,0,0,0
Yes,"Landslide at Kholeshwong, Taman Khola Rural Municipality-1",,nepal_police,Landslide,2020-07-27,Gandaki,Baglung,Taman Khola,1,,0,0,1,1,0,0,2,1,1,0,0,0,0,0,0,0,0,0,0,0,0
Yes,"Landslide at Gaudepul, Tansen Municipality-8",,nepal_police,Landslide,2020-07-27,Lumbini,Palpa,Tansen,8,,0,0,0,0,0,0,0,0,0,0,0,0,0,0,0,0,0,0,0,0,0
Yes,"Landslide at Asardhhi, Rambha Rural Municipality-1",,nepal_police,Landslide,2020-07-27,Lumbini,Palpa,Rambha,1,,0,0,0,0,0,0,1,1,0,0,0,0,0,0,0,0,0,0,0,0,0
Yes,Landslide at Banfikot Rural Municipality-4,,nepal_police,Landslide,2020-07-27,Karnali,Rukum West,Banphikot,4,980000,0,0,0,0,0,0,0,0,0,0,0,0,0,0,0,0,0,0,0,0,0
Yes,"Landslide at Shalakheet, Banfikot Rural Municipality-9",,nepal_police,Landslide,2020-07-27,Karnali,Rukum West,Banphikot,9,,0,0,1,1,0,0,3,2,1,0,0,0,0,0,0,0,0,0,0,0,0
Yes,"Landslide at Sallekhate, Dunhu Rural Municipality-3",,nepal_police,Landslide,2020-07-27,Sudurpashchim,Darchula,Dunhu,3,,0,0,1,1,0,1,2,1,1,0,0,0,0,0,0,0,0,0,0,0,0
Yes,"Landslide at Kachade, Dhankuta Municipality-6",,nepal_police,Landslide,2020-07-27,Koshi,Dhankuta,Dhankuta,6,,0,0,1,1,0,0,0,0,0,0,0,0,0,0,0,0,0,0,0,0,0
Yes,"Landslide at Singati, Bigu Rural Municipality-4",,nepal_police,Landslide,2020-07-27,Bagmati,Dolakha,Bigu,4,,0,0,0,0,0,0,1,0,1,0,0,0,0,0,0,0,0,0,0,0,0
Yes,"Landslide at Kameretar, Sunkoshi Rural Municipality-2",,nepal_police,Landslide,2020-07-27,Bagmati,Sindhuli,Sunkoshi,2,,0,0,0,0,0,0,0,0,0,0,0,0,0,0,0,0,0,0,0,0,0
Yes,"Landslide at Sera, Bagnaskali Rural Municipality-4",,nepal_police,Landslide,2020-07-27,Lumbini,Palpa,Bagnaskali,4,,0,0,0,0,0,0,0,0,0,0,0,0,0,0,0,0,0,0,0,0,0
Yes,"Landslide at Khasimare, Chandrakot Rural Municipality-4",,nepal_police,Landslide,2020-07-27,Lumbini,Gulmi,Chandrakot,4,,0,0,0,0,0,0,0,0,0,0,0,0,0,0,0,0,0,0,0,0,0
Yes,"Landslide at Pipaldada, Rambha Rural Municipality-3",,nepal_police,Landslide,2020-07-27,Lumbini,Palpa,Rambha,3,350000,0,0,0,0,0,0,0,0,0,0,0,0,0,0,0,0,0,0,0,0,0
Yes,"Landslide at Bhalewas, Bagnaskali Rural Municipality-4",,nepal_police,Landslide,2020-07-27,Lumbini,Palpa,Bagnaskali,4,375000,0,0,0,0,0,2,0,0,0,0,0,0,0,0,0,0,0,0,0,0,0
Yes,"Landslide at Tapke, Raskot Municipality-1",,nepal_police,Landslide,2020-07-27,Karnali,Kalikot,Raskot,1,,0,0,1,1,0,0,1,0,1,0,0,0,0,0,0,0,2,0,2,0,0
Yes,"Landslide at Baphi, Banfikot Rural Municipality-7",,nepal_police,Landslide,2020-07-27,Karnali,Rukum West,Banphikot,7,,0,0,0,0,0,1,0,0,0,0,0,0,0,0,0,0,0,0,0,0,0
Yes,"Landslide at Piralle, Dhorpatan Municipality-4",,nepal_police,Landslide,2020-07-27,Gandaki,Baglung,Dhorpatan,4,,0,0,0,0,1,3,0,0,0,0,0,0,0,0,0,0,0,0,0,0,0
Yes,"Landslide at Sumbek, Illam Municipality-2",,nepal_police,Landslide,2020-07-27,Koshi,Ilam,Ilam,2,350000,0,0,2,2,0,0,0,0,0,0,0,0,0,0,0,0,0,0,0,0,0
Yes,"Landslide at Dhungea, Panchakhapan Municipality-4",,nepal_police,Landslide,2020-07-27,Koshi,Sankhuwasabha,Panchakhapan,4,,0,0,0,0,1,0,0,0,0,0,0,0,0,0,0,0,0,0,0,0,0
Yes,"Landslide at Jeropoint, Dhankuta Municipality-7",,nepal_police,Landslide,2020-07-27,Koshi,Dhankuta,Dhankuta,7,,0,0,0,0,1,0,0,0,0,0,0,0,0,0,0,0,0,0,0,0,0
Yes,"Landslide at Lamekhat, Jaljala Rural Municipality-4",,nepal_police,Landslide,2020-07-27,Gandaki,Parbat,Jaljala,4,,0,0,0,0,0,0,0,0,0,0,0,0,0,0,0,0,0,0,0,0,0
Yes,"Landslide at Patichour, Modi Rural Municipality-2",,nepal_police,Landslide,2020-07-27,Gandaki,Parbat,Modi,2,,0,0,0,0,0,0,0,0,0,0,0,0,0,0,0,0,0,0,0,0,0
Yes,"Landslide at Pipalpata, Chandrakot Rural Municipality-8",,nepal_police,Landslide,2020-07-27,Lumbini,Gulmi,Chandrakot,8,,0,0,2,2,0,0,0,0,0,0,0,0,0,0,0,0,0,0,0,0,0
Yes,"Landslide at Futwang, Sandhikharka Municipality-1",,nepal_police,Landslide,2020-07-27,Lumbini,Arghakhanchi,Sandhikharka,1,,0,0,0,0,0,0,0,0,0,0,0,0,0,0,0,0,0,0,0,0,0
Yes,"Landslide at Kuskote, Mellekh Rural Municipality-4",,nepal_police,Landslide,2020-07-27,Sudurpashchim,Achham,Mellekh,4,500000,0,0,1,1,0,0,0,0,0,0,0,0,0,0,0,0,0,0,0,0,0
Yes,"Landslide at Neupanetole, Panchadewal Binayak Municipality-2",,nepal_police,Landslide,2020-07-27,Sudurpashchim,Achham,Panchadewal Binayak,2,,0,0,0,0,0,0,0,0,0,0,0,0,0,0,0,0,0,0,0,0,0
Yes,"Landslide at Paitedada, Tinau Rural Municipality-3",,nepal_police,Landslide,2020-07-26,Lumbini,Palpa,Tinau,3,,0,0,0,0,0,0,0,0,0,0,0,0,0,0,0,0,0,0,0,0,0
Yes,"Landslide at Ojhali, Rong Rural Municipality-4",,nepal_police,Landslide,2020-07-26,Koshi,Ilam,Rong,4,300000,0,0,0,0,0,0,0,0,0,0,0,0,0,0,0,0,0,0,0,0,0
Yes,"Landslide at Salme, Nechasalyan Rural Municipality-6",,nepal_police,Landslide,2020-07-26,Koshi,Solukhumbu,Nechasalyan,6,,0,0,0,0,0,0,0,0,0,0,0,0,0,0,0,0,1,1,0,0,0
Yes,"Landslide at Sirindace, Aandhikhola Rural Municipality-2",,nepal_police,Landslide,2020-07-26,Gandaki,Syangja,Aandhikhola,2,,0,0,0,0,0,3,0,0,0,0,0,0,0,0,0,0,0,0,0,0,0
Yes,"Landslide at Naurikot, Thasang Rural Municipality-2",,nepal_police,Landslide,2020-07-26,Gandaki,Mustang,Thasang,2,,0,0,1,1,0,0,1,1,0,0,0,0,0,0,0,0,1,1,0,0,0
Yes,"Landslide at Kaulegauda, Beni Municipality-9",,nepal_police,Landslide,2020-07-26,Gandaki,Myagdi,Beni,9,,0,0,0,0,0,0,0,0,0,0,0,0,0,0,0,0,2,2,0,0,0
Yes,"Landslide at Tiwaribhangang, Pauwadungma Rural Municipality-2",,nepal_police,Landslide,2020-07-26,Koshi,Bhojpur,Pauwadungma,2,,0,0,0,0,0,0,0,0,0,0,0,0,0,0,0,0,0,0,0,0,0
Yes,"Landslide at Kudam, Shadananda Municipality-2",,nepal_police,Landslide,2020-07-26,Koshi,Bhojpur,Shadananda,2,,0,0,1,1,0,0,0,0,0,0,0,0,0,0,0,0,3,1,2,0,0
Yes,"Landslide at Adhikari Bada, Subha Kalika Rural Municipality-5",,nepal_police,Landslide,2020-07-25,Karnali,Kalikot,Shubhakalika,5,,0,0,1,1,0,2,0,0,0,0,0,0,0,0,0,0,0,0,0,0,0
Yes,Landslide at Belkotgadhi Municipality-9,,nepal_police,Landslide,2020-07-25,Bagmati,Nuwakot,Belkotgadhi,9,60000,0,0,0,0,0,0,0,0,0,0,0,0,0,0,0,0,0,0,0,0,0
Yes,"Landslide at lalu, Naraharinath Rural Municipality-8",,other,Landslide,2020-07-25,Karnali,Kalikot,Naraharinath,8,,0,0,0,0,0,0,1,1,0,0,0,0,0,0,0,0,0,0,0,0,0
Yes,"Landslide at Hangam, Aathrai Tribeni Rural Municipality-3",,nepal_police,Landslide,2020-07-24,Koshi,Taplejung,Aathrai Tribeni,3,,0,0,0,0,0,0,0,0,0,0,0,0,0,0,0,0,0,0,0,0,0
Yes,"Landslide at Nerahughat, Kushma Municipality-1",,nepal_police,Landslide,2020-07-24,Gandaki,Parbat,Kushma,1,,0,0,0,0,0,0,1,1,0,0,0,1,0,0,1,0,1,1,0,0,0
Yes,"Landslide at Khopa, Ruru Rural Municipality-1",,nepal_police,Landslide,2020-07-24,Lumbini,Gulmi,Rurukshetra,1,,0,0,0,0,0,0,0,0,0,0,0,0,0,0,0,0,0,0,0,0,0
Yes,"Landslide at Karkigau, Thakre Rural Municipality-6",,nepal_police,Landslide,2020-07-23,Bagmati,Dhading,Thakre,6,,0,0,0,0,0,8,1,1,0,0,0,0,0,0,0,0,0,0,0,0,0
Yes,"Landslide at Dui Pipal, Belkotgadhi Municipality-5",,nepal_police,Landslide,2020-07-23,Bagmati,Nuwakot,Belkotgadhi,5,,0,0,5,5,0,22,0,0,0,0,0,0,0,0,0,0,0,0,0,0,0
Yes,"Landslide at Tulsi Bhanjang, Galyang Municipality-11",,nepal_police,Landslide,2020-07-23,Gandaki,Syangja,Galyang,11,,0,0,0,0,0,0,0,0,0,0,0,0,0,0,0,0,0,0,0,0,0
Yes,"Landslide at Ginijdada, Rampur Municipality-4",,nepal_police,Landslide,2020-07-23,Lumbini,Palpa,Rampur,4,,0,0,0,0,0,0,0,0,0,0,0,0,0,0,0,0,0,0,0,0,0
Yes,"Landslide at Changair, Ghorahi Submetropolitan City-19",,nepal_police,Landslide,2020-07-23,Lumbini,Dang,Ghorahi,19,,0,0,0,0,0,0,0,0,0,0,0,0,0,0,0,0,0,0,0,0,0
Yes,"Landslide at Sukaura, Indrasarowar Rural Municipality-2",,nepal_police,Landslide,2020-07-23,Bagmati,Makwanpur,Indrasarowar,2,,0,0,0,0,0,0,0,0,0,0,0,0,0,0,0,0,0,0,0,0,0
Yes,"Landslide at Badali, Mahakali_Darchula Municipality-3",,nepal_police,Landslide,2020-07-23,Sudurpashchim,Darchula,Mahakali,3,,0,0,0,0,0,0,1,1,0,0,0,0,0,0,0,0,1,0,1,0,0
Yes,"Landslide at Khaharekhole, Marsyangdi Rural Municipality-3",,nepal_police,Landslide,2020-07-22,Gandaki,Lamjung,Marsyangdi,3,,0,0,1,1,0,0,0,0,0,0,0,0,0,0,0,0,4,3,1,0,0
Yes,"Landslide at Thumbedin, Pathibhara Yangwarak Rural Municipality-6",,nepal_police,Landslide,2020-07-22,Koshi,Taplejung,Pathibhara Yangwarak,6,700000,0,0,1,1,0,0,0,0,0,0,0,0,0,0,0,0,0,0,0,0,0
Yes,"Landslide at Sabrnag, Phidim Municipality-1",,nepal_police,Landslide,2020-07-22,Koshi,Panchthar,Phidim,1,,0,0,3,3,0,0,0,0,0,0,0,0,0,0,0,0,0,0,0,0,0
Yes,"Landslide at Malika, Baglung Municipality-5",,nepal_police,Landslide,2020-07-22,Gandaki,Baglung,Baglung,5,,0,0,2,2,0,0,0,0,0,0,0,0,0,0,0,0,0,0,0,0,0
Yes,"Landslide at naghmandir, Tinau Rural Municipality-3",,nepal_police,Landslide,2020-07-21,Lumbini,Palpa,Tinau,3,,0,0,0,0,0,0,0,0,0,0,0,0,0,0,0,0,0,0,0,0,0
Yes,Landslide at Chhathar Rural Municipality-2,,nepal_police,Landslide,2020-07-21,Koshi,Terhathum,Chhathar,2,250000,0,0,0,0,0,0,0,0,0,0,0,0,0,0,0,0,0,0,0,0,0
Yes,Landslide at Falelung Rural Municipality-3,,nepal_police,Landslide,2020-07-21,Koshi,Panchthar,Falelung,3,,0,0,0,0,0,0,0,0,0,0,0,0,0,0,0,0,0,0,0,0,0
Yes,"Landslide at Chumlung, Chhathar Jorpati Rural Municipality-5",,nepal_police,Landslide,2020-07-21,Koshi,Dhankuta,Chhathar Jorpati,5,400000,0,0,1,1,1,0,0,0,0,0,0,0,0,0,0,0,0,0,0,0,0
Yes,"Landslide at pallotari, Marsyangdi Rural Municipality-3",,nepal_police,Landslide,2020-07-21,Gandaki,Lamjung,Marsyangdi,3,,0,0,19,19,0,0,0,0,0,0,0,0,0,0,0,0,8,3,5,0,0
Yes,"Landslide at Khoplang, Bhimphedi Rural Municipality-1",,nepal_police,Landslide,2020-07-21,Bagmati,Makwanpur,Bhimphedi,1,,0,0,0,0,0,0,0,0,0,0,0,0,0,0,0,0,0,0,0,0,0
Yes,"Landslide at Malung, Galyang Municipality-1",,nepal_police,Landslide,2020-07-20,Gandaki,Syangja,Galyang,1,100000,0,0,0,0,1,0,0,0,0,0,0,0,0,0,0,0,0,0,0,0,0
Yes,"Landslide at Chisapani, Bandipur Rural Municipality-1",,nepal_police,Landslide,2020-07-20,Gandaki,Tanahu,Bandipur,1,,0,0,0,0,0,0,0,0,0,0,0,0,0,0,0,0,3,1,2,0,0
Yes,"Landslide at Pallotari, Marsyangdi Rural Municipality-3",,nepal_police,Landslide,2020-07-20,Gandaki,Lamjung,Marsyangdi,3,,0,0,1,1,2,9,0,0,0,0,0,0,0,0,0,0,0,0,0,0,0
Yes,Landslide at Dakshinkali Municipality-9,,nepal_police,Landslide,2020-07-20,Bagmati,Kathmandu,Dakshinkali,9,300000,0,0,1,1,0,0,0,0,0,0,0,0,0,0,0,0,0,0,0,0,0
Yes,"Landslide at Pasidada, Tokha Municipality-1",,nepal_police,Landslide,2020-07-20,Bagmati,Kathmandu,Tokha,1,,0,0,1,1,0,0,2,1,1,0,0,0,0,0,0,0,0,0,0,0,0
Yes,"Landslide at Sona, Aathbiskot Municipality-9",,nepal_police,Landslide,2020-07-20,Karnali,Rukum West,Aathbiskot,9,,0,0,0,0,1,2,0,0,0,0,0,0,0,0,0,0,0,0,0,0,0
Yes,"Landslide at Aaudakhan, Malikaarjun Rural Municipality-8",,nepal_police,Landslide,2020-07-20,Sudurpashchim,Darchula,Malikaarjun,8,,0,0,1,1,0,0,2,2,0,0,0,0,0,0,0,0,1,0,1,0,0
Yes,"Landslide at Rametea, Phidim Municipality-13",,nepal_police,Landslide,2020-07-20,Koshi,Panchthar,Phidim,13,,0,0,1,1,0,0,0,0,0,0,0,0,0,0,0,0,0,0,0,0,0
Yes,"Landslide at Modhidada, Buddhashanti Rural Municipality-7",,nepal_police,Landslide,2020-07-20,Koshi,Jhapa,Buddhashanti,7,,0,0,1,1,0,0,1,0,1,0,0,0,0,0,0,0,0,0,0,0,0
Yes,Landslide at Bharatpur Metropolitan City-29,,nepal_police,Landslide,2020-07-20,Bagmati,Chitwan,Bharatpur,29,,0,0,0,0,0,0,0,0,0,0,0,0,0,0,0,0,0,0,0,0,0
Yes,"Landslide at laxmibazer, Gorkha Municipality-9",,nepal_police,Landslide,2020-07-20,Gandaki,Gorkha,Gorkha,9,,0,0,0,0,0,0,0,0,0,0,0,0,0,0,0,0,0,0,0,0,0
Yes,"Landslide at Sagbute, Bhanu Municipality-1",,nepal_police,Landslide,2020-07-20,Gandaki,Tanahu,Bhanu,1,,0,0,1,1,5,0,0,0,0,0,0,0,0,0,0,0,0,0,0,0,0
Yes,"Landslide at Naldi, Bandipur Rural Municipality-6",,nepal_police,Landslide,2020-07-20,Gandaki,Tanahu,Bandipur,6,,0,0,4,4,0,0,0,0,0,0,0,0,0,0,0,0,0,0,0,0,0
Yes,"Landslide at Jhurung, Annapurna Rural Municipality-2",,nepal_police,Landslide,2020-07-20,Gandaki,Myagdi,Annapurna,2,,0,0,0,0,0,0,1,1,0,0,0,0,0,0,0,0,1,1,0,0,0
Yes,"Landslide at Gau Swara, Galyang Municipality-10",,nepal_police,Landslide,2020-07-20,Gandaki,Syangja,Galyang,10,,0,0,1,1,0,0,1,1,0,0,0,0,0,0,0,0,1,0,1,0,0
Yes,"Landslide at Gadkhola, Malikaarjun Rural Municipality-8",,nepal_police,Landslide,2020-07-20,Sudurpashchim,Darchula,Malikaarjun,8,,0,0,0,0,0,1,0,0,0,0,0,0,0,0,0,0,0,0,0,0,0
Yes,"Landslide at Ghat, Bandipur Rural Municipality-6",,nepal_police,Landslide,2020-07-20,Gandaki,Tanahu,Bandipur,6,2600000,0,0,0,0,1,0,0,0,0,0,0,0,0,0,0,0,0,0,0,0,0
Yes,"Landslide at Kulung, Gosaikunda Rural Municipality-3",,nepal_police,Landslide,2020-07-19,Bagmati,Rasuwa,Gosaikunda,3,,0,0,0,0,0,0,0,0,0,0,0,0,0,0,0,0,0,0,0,0,0
Yes,"Landslide at Shukla, Pauwadungma Rural Municipality-5",,nepal_police,Landslide,2020-07-19,Koshi,Bhojpur,Pauwadungma,5,400000,0,0,1,1,0,0,0,0,0,0,0,0,0,0,0,0,0,0,0,0,0
Yes,"Landslide at Odane, Arun Rural Municipality-4",,nepal_police,Landslide,2020-07-19,Koshi,Bhojpur,Arun,4,,0,0,0,0,0,0,0,0,0,0,0,0,0,0,0,0,0,0,0,0,0
Yes,"Landslide at Sankanti Bazer, Aathrai Rural Municipality-1",,nepal_police,Landslide,2020-07-19,Koshi,Terhathum,Aathrai,1,,0,0,0,0,0,0,0,0,0,0,0,0,0,0,0,0,5,5,0,0,0
Yes,"Landslide at Gausala, Gaushala Municipality-5",,nepal_police,Landslide,2020-07-19,Madhesh,Mahottari,Gaushala,5,150000,0,0,0,0,1,0,0,0,0,0,0,0,0,0,0,0,0,0,0,0,0
Yes,"Landslide at Jholunge Pull, Sitganga Municipality-2",,nepal_police,Landslide,2020-07-19,Lumbini,Arghakhanchi,Sitganga,2,,0,0,0,0,0,0,0,0,0,0,0,0,0,0,0,0,0,0,0,0,0
Yes,"Landslide at Raksha Khola, Indrasarowar Rural Municipality-4",,nepal_police,Landslide,2020-07-19,Bagmati,Makwanpur,Indrasarowar,4,150000,0,0,1,1,0,0,0,0,0,0,0,0,0,0,0,0,0,0,0,0,0
Yes,"Landslide at Rila, Budhiganga Municipality-4",,nepal_police,Landslide,2020-07-19,Sudurpashchim,Bajura,Budhiganga,4,,0,0,2,2,0,0,0,0,0,0,0,0,0,0,0,0,0,0,0,0,0
Yes,"Landslide at Bhaise, Chautara SangachokGadhi Municipality-9",,nepal_police,Landslide,2020-07-19,Bagmati,Sindhupalchok,Chautara Sangachokgadhi,9,,0,0,0,0,0,0,0,0,0,0,0,0,0,0,0,0,0,0,0,0,0
Yes,"Landslide at Phujel, Gandaki Rural Municipality-4",,nepal_police,Landslide,2020-07-19,Gandaki,Gorkha,Gandaki,4,,0,0,0,0,0,0,1,0,1,0,0,0,0,0,0,0,0,0,0,0,0
Yes,Landslide at Bhanu Municipality-9,,nepal_police,Landslide,2020-07-19,Gandaki,Tanahu,Bhanu,9,,0,0,2,2,0,0,2,0,2,0,0,0,0,0,0,0,0,0,0,0,0
Yes,"Landslide at Bhusatar, Benighat Rorang Rural Municipality-8",,nepal_police,Landslide,2020-07-19,Bagmati,Dhading,Benighat Rorang,8,,0,0,1,1,0,0,0,0,0,0,0,0,0,0,0,0,1,0,1,0,0
Yes,"Landslide at Majhuwa, Gajuri Rural Municipality-2",,nepal_police,Landslide,2020-07-19,Bagmati,Dhading,Gajuri,2,,0,0,5,5,0,0,1,0,1,0,0,0,0,0,0,0,1,1,0,0,0
Yes,"Landslide at Golang, Tripura Sundari Rural Municipality-6",,nepal_police,Landslide,2020-07-19,Bagmati,Dhading,Tripurasundari,6,,0,0,1,1,0,0,3,1,2,0,0,0,0,0,0,0,0,0,0,0,0
Yes,"Landslide at Dhukuti, Bhanu Municipality-3",,nepal_police,Landslide,2020-07-19,Gandaki,Tanahu,Bhanu,3,,0,0,0,0,1,0,0,0,0,0,0,0,0,0,0,0,1,0,1,0,0
Yes,"Landslide at Pankhukhola, Diktel Rupakot Majhuwagadhi Municipality-8",,nepal_police,Landslide,2020-07-19,Koshi,Khotang,Diktel Rupakot Majhuwagadhi,8,,0,0,0,0,0,0,0,0,0,0,0,0,0,0,0,0,0,0,0,0,0
Yes,"Landslide at Neabee, Phedap Rural Municipality-2",,nepal_police,Landslide,2020-07-19,Koshi,Terhathum,Phedap,2,250000,0,0,0,0,0,1,0,0,0,0,0,0,0,0,0,0,0,0,0,0,0
Yes,"Landslide at Phidim bazer, Phidim Municipality-1",,nepal_police,Landslide,2020-07-19,Koshi,Panchthar,Phidim,1,,0,0,1,1,0,0,0,0,0,0,0,0,0,0,0,0,0,0,0,0,0
Yes,"Landslide at Khairai, Tumbewa Rural Municipality-2",,nepal_police,Landslide,2020-07-19,Koshi,Panchthar,Tumbewa,2,,0,0,1,1,0,0,0,0,0,0,0,0,0,0,0,0,0,0,0,0,0
Yes,Landslide at Sundarbazar Municipality-7,,nepal_police,Landslide,2020-07-19,Gandaki,Lamjung,Sundarbazar,7,,0,0,0,0,0,0,0,0,0,0,0,0,0,0,0,0,0,0,0,0,0
Yes,"Landslide at Bharate, Dordi Rural Municipality-1",,nepal_police,Landslide,2020-07-19,Gandaki,Lamjung,Dordi,1,,0,0,1,1,0,0,0,0,0,0,0,0,0,0,0,0,0,0,0,0,0
Yes,"Landslide at Patisowara, Gandaki Rural Municipality-2",,nepal_police,Landslide,2020-07-19,Gandaki,Gorkha,Gandaki,2,1750000,0,0,1,1,0,7,0,0,0,0,0,0,0,0,0,0,0,0,0,0,0
Yes,"Landslide at ratopul, Galyang Municipality-5",,nepal_police,Landslide,2020-07-19,Gandaki,Syangja,Galyang,5,,0,0,0,0,0,3,0,0,0,0,0,0,0,0,0,0,0,0,0,0,0
Yes,"Landslide at Satekelo, Gorkha Municipality-12",,nepal_police,Landslide,2020-07-18,Gandaki,Gorkha,Gorkha,12,,0,0,0,0,0,0,0,0,0,0,0,0,0,0,0,0,0,0,0,0,0
Yes,"Landslide at Ghusa, Apihimal Rural Municipality-2",,nepal_police,Landslide,2020-07-18,Sudurpashchim,Darchula,Apihimal,2,,0,0,0,0,1,0,0,0,0,0,0,0,0,0,0,0,0,0,0,0,0
Yes,"Landslide at Magalphadi, Kageshwori Manahora Municipality-1",,nepal_police,Landslide,2020-07-18,Bagmati,Kathmandu,Kageshwori Manahora,1,,0,0,0,0,0,0,1,1,0,0,0,0,0,0,0,0,0,0,0,0,0
Yes,"Landslide at Chauhan Bari, Pauwadungma Rural Municipality-5",,nepal_police,Landslide,2020-07-18,Koshi,Bhojpur,Pauwadungma,5,271000,0,0,1,1,0,0,0,0,0,0,0,0,0,0,0,0,0,0,0,0,0
Yes,"Landslide at Tapre, Budhiganga Municipality-3",,nepal_police,Landslide,2020-07-18,Sudurpashchim,Bajura,Budhiganga,3,,0,0,1,1,0,0,0,0,0,0,0,0,0,0,0,0,0,0,0,0,0
Yes,"Landslide at Godani, Naugad Rural Municipality-2",,nepal_police,Landslide,2020-07-18,Sudurpashchim,Darchula,Naugad,2,,0,0,1,1,0,3,0,0,0,0,0,0,0,0,0,0,0,0,0,0,0
Yes,"Landslide at lelep, Phaktanglung Rural Municipality-6",,nepal_police,Landslide,2020-07-17,Koshi,Taplejung,Phaktanglung,6,1200000,0,0,1,1,0,0,0,0,0,0,0,0,0,0,0,0,0,0,0,0,0
Yes,"Landslide at Bageshwori, Changunarayan Municipality-7",,nepal_police,Landslide,2020-07-17,Bagmati,Bhaktapur,Changunarayan,7,250000,0,0,0,0,2,0,0,0,0,0,0,0,0,0,0,0,0,0,0,0,0
Yes,"Landslide at mayrdi, Nashong Rural Municipality-1",,nepal_police,Landslide,2020-07-17,Gandaki,Manang,Nashong,1,,0,0,0,0,0,0,0,0,0,0,0,0,0,0,0,0,0,0,0,0,0
Yes,"Landslide at Nari Gauda, Kedarseu Rural Municipality-1",,nepal_police,Landslide,2020-07-17,Sudurpashchim,Bajhang,Kedarseu,1,,0,0,0,0,0,0,0,0,0,0,0,0,0,0,0,0,0,0,0,0,0
Yes,Landslide at Dipayal Silgadi Municipality-6,,nepal_police,Landslide,2020-07-17,Sudurpashchim,Doti,Dipayal Silgadi,6,,0,0,0,0,1,0,0,0,0,0,0,0,0,0,0,0,0,0,0,0,0
Yes,"Landslide at Phaperbari, Falelung Rural Municipality-7",,nepal_police,Landslide,2020-07-17,Koshi,Panchthar,Falelung,7,1500000,0,0,2,2,0,0,0,0,0,0,0,0,0,0,0,0,0,0,0,0,0
Yes,"Landslide at Khardu, Pachaljharana Rural Municipality-3",,other,Landslide,2020-07-17,Karnali,Kalikot,Pachaljharana,3,,0,0,1,1,0,0,1,1,0,0,0,0,0,0,0,0,1,0,1,0,0
Yes,"Landslide at Sanibarkhu, Aathbiskot Municipality-12",,nepal_police,Landslide,2020-07-17,Karnali,Rukum West,Aathbiskot,12,400000,0,0,1,1,0,1,0,0,0,0,0,0,0,0,0,0,0,0,0,0,0
Yes,"Landslide at Fulping, Bhotekoshi Rural Municipality-4",,nepal_police,Landslide,2020-07-15,Bagmati,Sindhupalchok,Bhotekoshi,4,,0,0,2,2,0,0,5,0,5,0,0,0,0,0,0,0,0,0,0,0,0
Yes,"Landslide at Khoramukh, Machhapuchchhre Rural Municipality-8",,nepal_police,Landslide,2020-07-15,Gandaki,Kaski,Machhapuchchhre,8,,0,0,0,0,1,0,3,2,1,0,0,0,0,0,0,0,0,0,0,0,0
Yes,"Landslide at Basbote, Bhojpur Municipality-3",,nepal_police,Landslide,2020-07-15,Koshi,Bhojpur,Bhojpur,3,,0,0,0,0,0,0,0,0,0,0,0,0,0,0,0,0,0,0,0,0,0
Yes,"Landslide at siddhartha, Tinau Rural Municipality-3",,nepal_police,Landslide,2020-07-15,Lumbini,Palpa,Tinau,3,,0,0,0,0,0,0,0,0,0,0,0,0,0,0,0,0,0,0,0,0,0
Yes,"Landslide at saunepane, Kapurkot Rural Municipality-5",,nepal_police,Landslide,2020-07-14,Karnali,Salyan,Kapurkot,5,,0,0,0,0,0,0,0,0,0,0,0,0,0,0,0,0,1,0,1,0,0
Yes,"Landslide at Chuwa, Kushma Municipality-3",,nepal_police,Landslide,2020-07-13,Gandaki,Parbat,Kushma,3,,0,0,0,0,0,0,0,0,0,0,0,0,0,0,0,0,0,0,0,0,0
Yes,"Landslide at Ghaukhola, Susta Rural Municipality-2",,nepal_police,Landslide,2020-07-13,Lumbini,Nawalparasi West,Susta,2,,0,0,0,0,0,0,0,0,0,0,0,0,0,0,0,0,0,0,0,0,0
Yes,"Landslide at maildhiska, Budhiganga Municipality-3",,nepal_police,Landslide,2020-07-13,Sudurpashchim,Bajura,Budhiganga,3,,0,0,0,0,0,0,1,1,0,0,0,0,0,0,0,0,0,0,0,0,0
Yes,"Landslide at Kumaltar, Madhyabindu Municipality-2",,nepal_police,Landslide,2020-07-13,Gandaki,Nawalparasi East,Madhyabindu,2,,0,0,0,0,0,1,0,0,0,0,0,0,0,0,0,0,0,0,0,0,0
Yes,"Landslide at Sarade Payuth, Jaimini Municipality-9",,nepal_police,Landslide,2020-07-13,Gandaki,Baglung,Jaimini,9,,0,0,1,1,0,0,0,0,0,0,0,0,0,0,0,0,0,0,0,0,0
Yes,"Landslide at Dhullubashkot, Bareng Rural Municipality-1",,nepal_police,Landslide,2020-07-13,Gandaki,Baglung,Bareng,1,,0,0,0,0,0,1,0,0,0,0,0,0,0,0,0,0,0,0,0,0,0
Yes,"Landslide at Bhandara, Bareng Rural Municipality-2",,nepal_police,Landslide,2020-07-13,Gandaki,Baglung,Bareng,2,,0,0,1,1,0,0,0,0,0,0,0,0,0,0,0,0,0,0,0,0,0
Yes,"Landslide at Bhaliwachaur, Bagnaskali Rural Municipality-1",,nepal_police,Landslide,2020-07-13,Lumbini,Palpa,Bagnaskali,1,,0,0,1,1,0,0,0,0,0,0,0,0,0,0,0,0,0,0,0,0,0
Yes,"Landslide at Khahare, Kaligandagi Rural Municipality-4",,nepal_police,Landslide,2020-07-13,Gandaki,Syangja,Kaligandagi,4,,0,0,0,0,0,0,3,3,0,0,0,1,0,0,1,0,2,2,0,0,0
Yes,"Landslide at Jhumse, Tinau Rural Municipality-3",,nepal_police,Landslide,2020-07-13,Lumbini,Palpa,Tinau,3,3000000,0,0,1,1,0,0,0,0,0,0,0,0,0,0,0,0,0,0,0,0,0
Yes,"Landslide at Belaute, Myagde Rural Municipality-6",,nepal_police,Landslide,2020-07-12,Gandaki,Tanahu,Myagde,6,,0,0,1,1,0,0,1,0,1,0,0,0,0,0,0,0,0,0,0,0,0
Yes,"Landslide at Chitra, Harinas Rural Municipality-4",,nepal_police,Landslide,2020-07-12,Gandaki,Syangja,Harinas,4,,0,0,1,1,0,2,0,0,0,0,0,0,0,0,0,0,0,0,0,0,0
Yes,"Landslide at Paltang, Rhishing Rural Municipality-8",,nepal_police,Landslide,2020-07-12,Gandaki,Tanahu,Rhishing,8,,0,0,2,2,0,0,5,2,3,0,0,0,0,0,0,0,2,1,1,0,0
Yes,"Landslide at Shreedale, Tyamkemaiyung Rural Municipality-2",,nepal_police,Landslide,2020-07-12,Koshi,Bhojpur,Temkemaiyung,2,,0,0,0,0,0,0,0,0,0,0,0,0,0,0,0,0,0,0,0,0,0
Yes,Landslide at Khandbari Municipality-1,,nepal_police,Landslide,2020-07-12,Koshi,Sankhuwasabha,Khandbari,1,200000,0,0,1,1,0,0,0,0,0,0,0,0,0,0,0,0,0,0,0,0,0
Yes,"Landslide at Siraf, Putalibazar Municipality-1",,nepal_police,Landslide,2020-07-12,Gandaki,Syangja,Putalibazar,1,,0,0,0,0,0,0,0,0,0,0,0,0,0,0,0,0,1,1,0,0,0
Yes,"Landslide at Bodikhola, Arjunchaupari Rural Municipality-6",,nepal_police,Landslide,2020-07-12,Gandaki,Syangja,Arjunchaupari,6,,0,0,0,0,0,5,0,0,0,0,0,0,0,0,0,0,0,0,0,0,0
Yes,"Landslide at Odare, Vyas Municipality-11",,nepal_police,Landslide,2020-07-12,Gandaki,Tanahu,Vyas,11,,0,0,1,1,0,0,0,0,0,0,0,0,0,0,0,0,0,0,0,0,0
Yes,"Landslide at Ratuwamara, Sisne Rural Municipality-1",,nepal_police,Landslide,2020-07-12,Lumbini,Rukum East,Sisne,1,,0,0,1,1,0,0,0,0,0,0,0,0,0,0,0,0,0,0,0,0,0
Yes,"Landslide at Machhu Toll, Susta Rural Municipality-3",,nepal_police,Landslide,2020-07-12,Lumbini,Nawalparasi West,Susta,3,60000,0,0,1,1,0,0,0,0,0,0,0,0,0,0,0,0,0,0,0,0,0
Yes,"Landslide at Majhphat, Vyas Municipality-9",,other,Landslide,2020-07-12,Gandaki,Tanahu,Vyas,9,,0,0,0,0,0,0,5,2,3,0,0,1,0,0,1,0,1,1,0,0,0
Yes,"Landslide at Golakharka, Illam Municipality-9",,nepal_police,Landslide,2020-07-11,Koshi,Ilam,Ilam,9,,0,0,0,0,1,1,0,0,0,0,0,0,0,0,0,0,0,0,0,0,0
Yes,"Landslide at Chuwa, Kushma Municipality-8",,nepal_police,Landslide,2020-07-11,Gandaki,Parbat,Kushma,8,,0,0,0,0,0,0,0,0,0,0,0,0,0,0,0,0,0,0,0,0,0
Yes,"Landslide at Darikhola, Annapurna Rural Municipality-3",,nepal_police,Landslide,2020-07-11,Gandaki,Myagdi,Annapurna,3,,0,0,0,0,0,0,0,0,0,0,0,0,0,0,0,0,0,0,0,0,0
Yes,"Landslide at Tembung, Mangsebung Rural Municipality-5",,nepal_police,Landslide,2020-07-11,Koshi,Ilam,Mangsebung,5,1000000,0,0,1,1,0,0,0,0,0,0,0,0,0,0,0,0,0,0,0,0,0
Yes,"Landslide at Pipaldada, Khandbari Municipality-1",,nepal_police,Landslide,2020-07-11,Koshi,Sankhuwasabha,Khandbari,1,100000,0,0,1,1,0,1,0,0,0,0,0,0,0,0,0,0,0,0,0,0,0
Yes,Landslide at Vyas Municipality-13,,nepal_police,Landslide,2020-07-11,Gandaki,Tanahu,Vyas,13,,0,0,0,0,1,0,0,0,0,0,0,0,0,0,0,0,0,0,0,0,0
Yes,"Landslide at Gorkhim, Sotang Rural Municipality-5",,nepal_police,Landslide,2020-07-11,Koshi,Solukhumbu,Sotang,5,,0,0,0,0,1,0,0,0,0,0,0,0,0,0,0,0,0,0,0,0,0
Yes,"Landslide at Damrang, Bhimeshwor Municipality-1",,other,Landslide,2020-07-11,Bagmati,Dolakha,Bhimeshwor,1,,0,0,0,0,0,0,0,0,0,0,0,0,0,0,0,0,0,0,0,0,0
Yes,"Landslide at Besinda , Silichong Rural Municipality-1",,nepal_police,Landslide,2020-07-11,Koshi,Sankhuwasabha,Silichong,1,,0,0,8,8,0,0,0,0,0,0,0,11,0,0,11,0,4,2,2,0,0
Yes,Landslide at Mapya Dudhkoshi Rural Municipality-6,,nepal_police,Landslide,2020-07-11,Koshi,Solukhumbu,Mapya Dudhkoshi,6,2000000,0,0,0,0,0,0,0,0,0,0,0,0,0,0,0,0,0,0,0,0,0
Yes,"Landslide at Bhedetar, Sangurigadhi Rural Municipality-5",,nepal_police,Landslide,2020-07-10,Koshi,Dhankuta,Sangurigadhi,5,,0,0,0,0,0,0,0,0,0,0,0,0,0,0,0,0,0,0,0,0,0
Yes,"Landslide at sayapatri, Indrasarowar Rural Municipality-2",,nepal_police,Landslide,2020-07-10,Bagmati,Makwanpur,Indrasarowar,2,,0,0,0,0,0,0,0,0,0,0,0,0,0,0,0,0,0,0,0,0,0
Yes,"Landslide at Kudule, Golanjor Rural Municipality-1",,nepal_police,Landslide,2020-07-10,Bagmati,Sindhuli,Golanjor,1,,0,0,0,0,0,0,0,0,0,0,0,0,0,0,0,0,0,0,0,0,0
Yes,"Landslide at Kharuwa, Galkot Municipality-4",,nepal_police,Landslide,2020-07-10,Gandaki,Baglung,Galkot,4,50000,0,0,1,1,0,0,0,0,0,0,0,0,0,0,0,0,0,0,0,0,0
Yes,"Landslide at Khursani Bari, Bardaghat Municipality-4",,nepal_police,Landslide,2020-07-10,Lumbini,Nawalparasi West,Bardaghat,4,,0,0,0,0,0,0,0,0,0,0,0,0,0,0,0,0,0,0,0,0,0
Yes,"Landslide at Chhatra, Barah Municipality-1",,nepal_police,Landslide,2020-07-10,Koshi,Sunsari,Barah,1,,0,0,0,0,0,0,0,0,0,0,0,0,0,0,0,0,0,0,0,0,0
Yes,"Landslide at kuwapani, Miklajung Rural Municipality-2",,nepal_police,Landslide,2020-07-10,Koshi,Morang,Miklajung,2,600000,0,0,2,2,0,0,0,0,0,0,0,0,0,0,0,0,0,0,0,0,0
Yes,"Landslide at Todke, Chaubise Rural Municipality-2",,nepal_police,Landslide,2020-07-10,Koshi,Dhankuta,Chaubise,2,25000,0,0,0,0,1,0,0,0,0,0,0,0,0,0,0,0,0,0,0,0,0
Yes,"Landslide at Aakhre Bazzar, Chhathar Rural Municipality-5",,nepal_police,Landslide,2020-07-10,Koshi,Terhathum,Chhathar,5,700000,0,0,1,1,0,0,0,0,0,0,0,0,0,0,0,0,0,0,0,0,0
Yes,"Landslide at Campush Chok, Malikaarjun Rural Municipality-8",,nepal_police,Landslide,2020-07-10,Sudurpashchim,Darchula,Malikaarjun,8,,0,0,0,0,0,0,0,0,0,0,0,0,0,0,0,0,0,0,0,0,0
Yes,"Landslide at Khaldose, Shuklagandaki Municipality-1",,nepal_police,Landslide,2020-07-10,Gandaki,Tanahu,Shuklagandaki,1,,0,0,1,1,0,0,0,0,0,0,0,0,0,0,0,0,1,0,1,0,0
Yes,"Landslide at Simkhola, Indrasarowar Rural Municipality-2",,nepal_police,Landslide,2020-07-09,Bagmati,Makwanpur,Indrasarowar,2,,0,0,0,0,0,0,0,0,0,0,0,0,0,0,0,0,0,0,0,0,0
Yes,"Landslide at kamerea, Sunkoshi Rural Municipality-2",,nepal_police,Landslide,2020-07-09,Bagmati,Sindhuli,Sunkoshi,2,,0,0,0,0,0,0,0,0,0,0,0,0,0,0,0,0,0,0,0,0,0
Yes,"Landslide at marang, Dhaulagiri Rural Municipality-6",,nepal_police,Landslide,2020-07-09,Gandaki,Myagdi,Dhaulagiri,6,,0,0,20,20,0,0,19,8,11,0,0,2,0,0,2,0,10,7,3,0,0
Yes,"Landslide at Chorapatan, Pokhara Lekhnath Metropolitan City-17",,nepal_police,Landslide,2020-07-09,Gandaki,Kaski,Pokhara,17,,0,0,0,0,0,0,0,0,0,0,0,0,0,0,0,0,3,2,1,0,0
Yes,"Landslide at Hemja, Pokhara Lekhnath Metropolitan City-25",,nepal_police,Landslide,2020-07-09,Gandaki,Kaski,Pokhara,25,,0,0,1,1,0,3,1,1,0,0,0,0,0,0,0,0,0,0,0,0,0
Yes,"Landslide at SArankote, Pokhara Lekhnath Metropolitan City-18",,nepal_police,Landslide,2020-07-09,Gandaki,Kaski,Pokhara,18,,0,0,1,1,0,0,5,3,2,0,0,0,0,0,0,0,9,4,5,0,0
Yes,"Landslide at Tallodada, Pokhara Lekhnath Metropolitan City-19",,nepal_police,Landslide,2020-07-09,Gandaki,Kaski,Pokhara,19,,0,0,0,0,0,2,0,0,0,0,0,0,0,0,0,0,0,0,0,0,0
Yes,"Landslide at Thuloghumti, Sarumarani Rural Municipality-4",,nepal_police,Landslide,2020-07-09,Lumbini,Pyuthan,Sarumarani,4,,0,0,0,0,0,0,0,0,0,0,0,0,0,0,0,0,0,0,0,0,0
Yes,"Landslide at kade, Laligurans Municipality-9",,nepal_police,Landslide,2020-07-09,Koshi,Terhathum,Laligurans,9,800000,0,0,1,1,0,0,0,0,0,0,0,0,0,0,0,0,0,0,0,0,0
Yes,"Landslide at Betini, Katari Municipality-11",,nepal_police,Landslide,2020-07-09,Koshi,Udayapur,Katari,11,,0,0,0,0,0,0,0,0,0,0,0,0,0,0,0,0,1,1,0,0,0
Yes,"Landslide at Timure, Gosaikunda Rural Municipality-2",,nepal_police,Landslide,2020-07-09,Bagmati,Rasuwa,Gosaikunda,2,,0,0,0,0,0,0,0,0,0,0,0,0,0,0,0,0,0,0,0,0,0
Yes,"Landslide at Dipangtal, Pokhara Lekhnath Metropolitan City-27",,nepal_police,Landslide,2020-07-09,Gandaki,Kaski,Pokhara,27,,0,0,0,0,0,0,0,0,0,0,0,0,0,0,0,0,1,1,0,0,0
Yes,"Landslide at Fusre, Kaligandaki Rural Municipality-4",,nepal_police,Landslide,2020-07-09,Lumbini,Gulmi,Kaligandaki,4,,0,0,0,0,0,0,1,1,0,0,0,0,0,0,0,0,0,0,0,0,0
Yes,"Landslide at Simle, Pokhara Lekhnath Metropolitan City-22",,nepal_police,Landslide,2020-07-09,Gandaki,Kaski,Pokhara,22,,0,0,1,1,0,2,0,0,0,0,0,0,0,0,0,0,0,0,0,0,0
Yes,"Landslide at Bin, Malika Rural Municipality-7",,nepal_police,Landslide,2020-07-09,Gandaki,Myagdi,Malika,7,,0,0,10,10,0,0,8,5,3,0,0,2,0,0,2,0,2,2,0,0,0
Yes,"Landslide at Jiri, Barekot Rural Municipality-4",,nepal_police,Landslide,2020-07-09,Karnali,Jajarkot,Barekot,4,,0,0,2,2,0,0,11,6,5,0,0,1,0,0,1,0,0,0,0,0,0
Yes,"Landslide at Pipal Chautara, Gurans Rural Municipality-1",,nepal_police,Landslide,2020-07-09,Karnali,Dailekh,Gurans,1,,0,0,0,0,0,0,0,0,0,0,0,0,0,0,0,0,0,0,0,0,0
Yes,"Landslide at tatopani, Bhotekoshi Rural Municipality-2",,nepal_police,Landslide,2020-07-09,Bagmati,Sindhupalchok,Bhotekoshi,2,,0,0,7,7,0,0,0,0,0,0,0,0,0,0,0,0,0,0,0,0,0
Yes,"Landslide at balephi, Jugal Rural Municipality-3",,nepal_police,Landslide,2020-07-09,Bagmati,Sindhupalchok,Jugal,3,,0,0,2,2,0,2,0,0,0,0,0,0,0,0,0,0,0,0,0,0,0
Yes,"Landslide at Larcha, Bhotekoshi Rural Municipality-3",,nepal_police,Landslide,2020-07-09,Bagmati,Sindhupalchok,Bhotekoshi,3,,0,0,16,16,0,50,0,0,0,0,0,1,0,0,1,0,2,2,0,0,0
Yes,"Landslide at Jhareni, Jiri Municipality-1",,nepal_police,Landslide,2020-07-09,Bagmati,Dolakha,Jiri,1,,0,0,0,0,0,0,0,0,0,0,0,0,0,0,0,0,2,2,0,0,0
Yes,"Landslide at Syandhari, Pokhara Lekhnath Metropolitan City-29",,nepal_police,Landslide,2020-07-09,Gandaki,Kaski,Pokhara,29,,0,0,0,0,0,4,0,0,0,0,0,0,0,0,0,0,0,0,0,0,0
Yes,"Landslide at Chainpur, Pokhara Lekhnath Metropolitan City-33",,nepal_police,Landslide,2020-07-09,Gandaki,Kaski,Pokhara,33,,0,0,1,1,1,0,0,0,0,0,0,0,0,0,0,0,0,0,0,0,0
Yes,"Landslide at Gothagau, Barekot Rural Municipality-4",,nepal_police,Landslide,2020-07-09,Karnali,Jajarkot,Barekot,4,,0,0,0,0,1,0,0,0,0,0,0,0,0,0,0,0,1,1,0,0,0
Yes,"Landslide at Tarchhung, Bhotekoshi Rural Municipality-3",,nepal_police,Landslide,2020-07-09,Bagmati,Sindhupalchok,Bhotekoshi,3,,0,0,3,3,0,0,0,0,0,0,0,0,0,0,0,0,0,0,0,0,0
Yes,"Landslide at Pragati Toll, Butwal Submetropolitan City-4",,nepal_police,Landslide,2020-07-09,Lumbini,Rupandehi,Butwal,4,,0,0,0,0,1,0,0,0,0,0,0,0,0,0,0,0,1,0,1,0,0
Yes,"Landslide at Kusma, Palhi Nandan Rural Municipality-3",,nepal_police,Landslide,2020-07-09,Lumbini,Nawalparasi West,Palhi Nandan,3,,0,0,0,0,1,0,0,0,0,0,0,0,0,0,0,0,0,0,0,0,0
Yes,"Landslide at RejeKhola, Aathbiskot Municipality-3",,other,Landslide,2020-07-09,Karnali,Rukum West,Aathbiskot,3,,0,0,1,1,0,0,2,1,1,0,0,0,0,0,0,0,1,0,1,0,0
Yes,"Landslide at Kharkhare, Besishahar Municipality-6",,nepal_police,Landslide,2020-07-08,Gandaki,Lamjung,Besishahar,6,,0,0,0,0,0,0,0,0,0,0,0,0,0,0,0,0,0,0,0,0,0
Yes,"Landslide at Shyange, Marsyangdi Rural Municipality-4",,nepal_police,Landslide,2020-07-08,Gandaki,Lamjung,Marsyangdi,4,,0,0,0,0,0,0,0,0,0,0,0,0,0,0,0,0,0,0,0,0,0
Yes,"Landslide at Sanji, Besishahar Municipality-4",,nepal_police,Landslide,2020-07-08,Gandaki,Lamjung,Besishahar,4,,0,0,0,0,0,0,0,0,0,0,0,0,0,0,0,0,0,0,0,0,0
Yes,"Landslide at Jambu, Barhabise Municipality-5",,nepal_police,Landslide,2020-07-08,Bagmati,Sindhupalchok,Barhabise,5,,0,0,14,14,0,0,2,1,1,0,0,17,0,0,17,0,5,3,2,0,0
Yes,"Landslide at Bulkute, Bhotekoshi Rural Municipality-5",,nepal_police,Landslide,2020-07-08,Bagmati,Sindhupalchok,Bhotekoshi,5,,0,0,2,2,0,0,1,0,1,0,0,3,0,0,3,0,2,1,1,0,0
Yes,"Landslide at kamerea, Sunkoshi Rural Municipality-1",,nepal_police,Landslide,2020-07-08,Bagmati,Sindhuli,Sunkoshi,1,,0,0,0,0,0,0,0,0,0,0,0,0,0,0,0,0,0,0,0,0,0
Yes,"Landslide at Paitedada, Pokhara Lekhnath Metropolitan City-26",,nepal_police,Landslide,2020-07-08,Gandaki,Kaski,Pokhara,26,,0,0,1,1,0,0,1,1,0,0,0,0,0,0,0,0,0,0,0,0,0
Yes,"Landslide at Ratodada, Pokhara Lekhnath Metropolitan City-14",,nepal_police,Landslide,2020-07-08,Gandaki,Kaski,Pokhara,14,,0,0,0,0,3,0,0,0,0,0,0,0,0,0,0,0,0,0,0,0,0
Yes,"Landslide at Nalbagar, Marma Rural Municipality-3",,nepal_police,Landslide,2020-07-08,Sudurpashchim,Darchula,Marma,3,,0,0,0,0,0,0,0,0,0,0,0,0,0,0,0,0,0,0,0,0,0
Yes,"Landslide at Nari Gauda, Kedarseu Rural Municipality-1",,nepal_police,Landslide,2020-07-08,Sudurpashchim,Bajhang,Kedarseu,1,,0,0,0,0,0,0,0,0,0,0,0,0,0,0,0,0,0,0,0,0,0
Yes,"Landslide at Kaabare, Gurans Rural Municipality-1",,nepal_police,Landslide,2020-07-07,Karnali,Dailekh,Gurans,1,,0,0,0,0,0,0,0,0,0,0,0,0,0,0,0,0,0,0,0,0,0
Yes,"Landslide at Shreebazar, Mahakali_Darchula Municipality-1",,nepal_police,Landslide,2020-07-07,Sudurpashchim,Darchula,Mahakali,1,,0,0,1,1,0,0,0,0,0,0,0,0,0,0,0,0,0,0,0,0,0
Yes,"Landslide at Choumale, Bithadchir Rural Municipality-2",,nepal_police,Landslide,2020-07-07,Sudurpashchim,Bajhang,Bitthadchir,2,,0,0,0,0,0,0,0,0,0,0,0,0,0,0,0,0,0,0,0,0,0
Yes,"Landslide at Dhumpur, Machhapuchchhre Rural Municipality-7",,nepal_police,Landslide,2020-07-07,Gandaki,Kaski,Machhapuchchhre,7,,0,0,0,0,5,0,0,0,0,0,0,0,0,0,0,0,0,0,0,0,0
Yes,"Landslide at Busti, Baiteshwor Rural Municipality-6",,nepal_police,Landslide,2020-07-06,Bagmati,Dolakha,Baiteshwor,6,,0,0,0,0,0,0,0,0,0,0,0,0,0,0,0,0,0,0,0,0,0
Yes,"Landslide at Gopaldada, Marsyangdi Rural Municipality-9",,nepal_police,Landslide,2020-07-06,Gandaki,Lamjung,Marsyangdi,9,,0,0,0,0,0,0,0,0,0,0,0,0,0,0,0,0,0,0,0,0,0
Yes,Landslide at Annapurna Rural Municipality-3,,nepal_police,Landslide,2020-07-06,Gandaki,Myagdi,Annapurna,3,,0,0,0,0,0,0,0,0,0,0,0,0,0,0,0,0,0,0,0,0,0
Yes,"Landslide at Kalimati, Tinau Rural Municipality-5",,nepal_police,Landslide,2020-07-06,Lumbini,Palpa,Tinau,5,,0,0,0,0,0,0,0,0,0,0,0,0,0,0,0,0,0,0,0,0,0
Yes,"Landslide at Khahare, Sarumarani Rural Municipality-4",,nepal_police,Landslide,2020-07-06,Lumbini,Pyuthan,Sarumarani,4,,0,0,0,0,0,0,0,0,0,0,0,0,0,0,0,0,0,0,0,0,0
Yes,"Landslide at sambobari, Tansen Municipality-11",,nepal_police,Landslide,2020-07-06,Lumbini,Palpa,Tansen,11,,0,0,0,0,0,0,0,0,0,0,0,0,0,0,0,0,0,0,0,0,0
Yes,"Landslide at Bhursa, Naumule Rural Municipality-1",,nepal_police,Landslide,2020-07-06,Karnali,Dailekh,Naumule,1,,0,0,0,0,1,4,0,0,0,0,0,0,0,0,0,0,0,0,0,0,0
Yes,"Landslide at Ingebhir, Silichong Rural Municipality-5",,nepal_police,Landslide,2020-07-06,Koshi,Sankhuwasabha,Silichong,5,,0,0,0,0,0,0,0,0,0,0,0,0,0,0,0,0,1,1,0,0,0
Yes,"Landslide at Chatan Dada, Thasang Rural Municipality-4",,nepal_police,Landslide,2020-07-06,Gandaki,Mustang,Thasang,4,,0,0,0,0,0,0,0,0,0,0,0,0,0,0,0,0,0,0,0,0,0
Yes,"Landslide at Bansagopal Mandir, Tansen Municipality-7",,nepal_police,Landslide,2020-07-05,Lumbini,Palpa,Tansen,7,,0,0,0,0,0,0,0,0,0,0,0,0,0,0,0,0,3,1,2,0,0
Yes,"Landslide at Sakta, Chaurjahari Municipality-14",,nepal_police,Landslide,2020-07-05,Karnali,Rukum West,Chaurjahari,14,,0,0,1,1,0,0,0,0,0,0,0,0,0,0,0,0,0,0,0,0,0
Yes,"Landslide at Jurikhet, Bhimphedi Rural Municipality-6",,nepal_police,Landslide,2020-07-05,Bagmati,Makwanpur,Bhimphedi,6,,0,0,0,0,0,0,0,0,0,0,0,0,0,0,0,0,0,0,0,0,0
Yes,"Landslide at Bhaise, Chautara SangachokGadhi Municipality-9",,nepal_police,Landslide,2020-07-05,Bagmati,Sindhupalchok,Chautara Sangachokgadhi,9,,0,0,0,0,0,0,0,0,0,0,0,0,0,0,0,0,0,0,0,0,0
Yes,"Landslide at Fechang, Musikot Municipality-7",,nepal_police,Landslide,2020-07-05,Karnali,Rukum West,Musikot,7,,0,0,1,1,0,0,0,0,0,0,0,0,0,0,0,0,0,0,0,0,0
Yes,"Landslide at Bhattadada, Bagmati Rural Municipality-3",,nepal_police,Landslide,2020-07-04,Bagmati,Lalitpur,Bagmati,3,,0,0,0,0,0,0,0,0,0,0,0,0,0,0,0,0,0,0,0,0,0
Yes,"Landslide at Nuwakote, Purbichauki Rural Municipality-4",,nepal_police,Landslide,2020-07-04,Sudurpashchim,Doti,Purbichauki,4,,0,0,1,1,0,0,1,1,0,0,0,0,0,0,0,0,1,0,1,0,0
Yes,"Landslide at Thalakada, Sigas Rural Municipality-6",,nepal_police,Landslide,2020-07-04,Sudurpashchim,Baitadi,Sigas,6,,0,0,0,0,1,0,0,0,0,0,0,0,0,0,0,0,0,0,0,0,0
Yes,Landslide at Malikaarjun Rural Municipality-3,,nepal_police,Landslide,2020-07-04,Sudurpashchim,Darchula,Malikaarjun,3,,0,0,0,0,1,0,0,0,0,0,0,0,0,0,0,0,0,0,0,0,0
Yes,"Landslide at Dattu, Mahakali_Darchula Municipality-9",,nepal_police,Landslide,2020-07-04,Sudurpashchim,Darchula,Mahakali,9,,0,0,0,0,0,0,0,0,0,0,0,0,0,0,0,0,0,0,0,0,0
Yes,"Landslide at Chitlang, Chainpur Municipality-2",,nepal_police,Landslide,2020-07-04,Koshi,Sankhuwasabha,Chainpur,2,,0,0,0,0,0,0,0,0,0,0,0,0,0,0,0,0,0,0,0,0,0
Yes,"Landslide at Subeda, JayaPrithivi Municipality-7",,other,Landslide,2020-07-04,Sudurpashchim,Bajhang,JayaPrithivi,7,,0,0,0,0,0,9,1,1,0,0,0,0,0,0,0,0,1,1,0,0,0
Yes,"Landslide at Kholagau, Chaurjahari Municipality-10",,nepal_police,Landslide,2020-07-04,Karnali,Rukum West,Chaurjahari,10,,0,0,0,0,0,1,0,0,0,0,0,0,0,0,0,0,0,0,0,0,0
Yes,Landslide at Jorayal Rural Municipality-4,,nepal_police,Landslide,2020-07-04,Sudurpashchim,Doti,Jorayal,4,,0,0,0,0,0,0,0,0,0,0,0,0,0,0,0,0,1,1,0,0,0
Yes,"Landslide at Saatabise, Besishahar Municipality-7",,nepal_police,Landslide,2020-07-04,Gandaki,Lamjung,Besishahar,7,,0,0,1,1,0,0,3,2,1,0,0,0,0,0,0,0,3,3,0,0,0
Yes,"Landslide at Dudeli, Naraharinath Rural Municipality-7",,nepal_police,Landslide,2020-07-03,Karnali,Kalikot,Naraharinath,7,,0,0,1,1,0,0,1,0,1,0,0,0,0,0,0,0,0,0,0,0,0
Yes,"Landslide at Balde, Budhiganga Municipality-1",,nepal_police,Landslide,2020-07-03,Sudurpashchim,Bajura,Budhiganga,1,,0,0,0,0,0,0,0,0,0,0,0,0,0,0,0,0,0,0,0,0,0
Yes,"Landslide at Jayaprithivi, JayaPrithivi Municipality-7",,nepal_police,Landslide,2020-07-03,Sudurpashchim,Bajhang,JayaPrithivi,7,,0,0,0,0,0,0,0,0,0,0,0,0,0,0,0,0,0,0,0,0,0
Yes,"Landslide at Mallesi, Kedarseu Rural Municipality-8",,nepal_police,Landslide,2020-07-03,Sudurpashchim,Bajhang,Kedarseu,8,,0,0,17,17,0,13,6,2,4,0,0,1,0,0,1,0,0,0,0,0,0
Yes,Landslide at Likhupike Rural Municipality-4,,nepal_police,Landslide,2020-07-03,Koshi,Solukhumbu,Likhu Pike,4,550000,0,0,0,0,0,0,0,0,0,0,0,0,0,0,0,0,0,0,0,0,0
Yes,"Landslide at Chaulakharka, Likhupike Rural Municipality-3",,nepal_police,Landslide,2020-07-03,Koshi,Solukhumbu,Likhu Pike,3,150000,0,0,0,0,0,0,0,0,0,0,0,0,0,0,0,0,0,0,0,0,0
Yes,"Landslide at Dumari, Bogtan Rural Municipality-5",,nepal_police,Landslide,2020-07-03,Sudurpashchim,Doti,Bogtan,5,,0,0,0,0,0,2,0,0,0,0,0,0,0,0,0,0,0,0,0,0,0
Yes,"Landslide at Pakhurikhola, Sarumarani Rural Municipality-4",,nepal_police,Landslide,2020-07-02,Lumbini,Pyuthan,Sarumarani,4,,0,0,0,0,0,0,0,0,0,0,0,0,0,0,0,0,0,0,0,0,0
Yes,"Landslide at Dhad, Isma Rural Municipality-4",,nepal_police,Landslide,2020-07-02,Lumbini,Gulmi,Isma,4,,0,0,0,0,0,0,0,0,0,0,0,0,0,0,0,0,0,0,0,0,0
Yes,"Landslide at Reghafadhi, Galkot Municipality-11",,nepal_police,Landslide,2020-07-02,Gandaki,Baglung,Galkot,11,255000,0,0,0,0,0,4,0,0,0,0,0,0,0,0,0,0,0,0,0,0,0
Yes,"Landslide at Kartike, Jugal Rural Municipality-4",,nepal_police,Landslide,2020-07-02,Bagmati,Sindhupalchok,Jugal,4,700000,0,0,1,1,0,0,0,0,0,0,0,0,0,0,0,0,0,0,0,0,0
Yes,"Landslide at Hushoke, Musikot Municipality-2",,nepal_police,Landslide,2020-07-02,Lumbini,Gulmi,Musikot,2,,0,0,0,0,0,15,0,0,0,0,0,0,0,0,0,0,0,0,0,0,0
Yes,"Landslide at Chirke, Junichande Rural Municipality-6",,nepal_police,Landslide,2020-07-02,Karnali,Jajarkot,Junichande,6,,0,0,0,0,0,13,0,0,0,0,0,0,0,0,0,0,0,0,0,0,0
Yes,"Landslide at Malli, Isma Rural Municipality-1",,nepal_police,Landslide,2020-07-01,Lumbini,Gulmi,Isma,1,,0,0,3,3,0,30,2,1,1,0,0,0,0,0,0,0,5,1,4,0,0
Yes,Landslide at Musikot Municipality-2,,nepal_police,Landslide,2020-07-01,Lumbini,Gulmi,Musikot,2,,0,0,0,0,0,0,0,0,0,0,0,1,0,0,1,0,0,0,0,0,0
Yes,"Landslide at Pangdur, Bagmati Rural Municipality-3",,nepal_police,Landslide,2020-06-29,Bagmati,Lalitpur,Bagmati,3,,0,0,0,0,0,0,0,0,0,0,0,0,0,0,0,0,0,0,0,0,0
Yes,"Landslide at Danathampata, Annapurna Rural Municipality-3",,nepal_police,Landslide,2020-06-29,Gandaki,Myagdi,Annapurna,3,,0,0,0,0,0,0,0,0,0,0,0,0,0,0,0,0,0,0,0,0,0
Yes,Landslide at Chankheli Rural Municipality-1,,nepal_police,Landslide,2020-06-29,Karnali,Humla,Chankheli,1,,0,0,0,0,0,0,0,0,0,0,0,0,0,0,0,0,0,0,0,0,0
Yes,"Landslide at khorpokhari, Bihadi Rural Municipality-5",,nepal_police,Landslide,2020-06-28,Gandaki,Parbat,Bihadi,5,250000,0,0,0,0,0,4,0,0,0,0,0,0,0,0,0,0,0,0,0,0,0
Yes,"Landslide at Danathampata, Annapurna Rural Municipality-3",,nepal_police,Landslide,2020-06-28,Gandaki,Myagdi,Annapurna,3,,0,0,0,0,0,0,0,0,0,0,0,0,0,0,0,0,0,0,0,0,0
Yes,"Landslide at Hopari, Naugad Rural Municipality-4",,nepal_police,Landslide,2020-06-28,Sudurpashchim,Darchula,Naugad,4,,0,0,3,3,0,3,2,2,0,0,0,0,0,0,0,0,5,2,3,0,0
Yes,"Landslide at Pappcibote, Maijogmai Rural Municipality-1",,nepal_police,Landslide,2020-06-28,Koshi,Ilam,Maijogmai,1,182000,0,0,0,0,0,0,0,0,0,0,0,0,0,0,0,0,0,0,0,0,0
Yes,"Landslide at Talawang, Dangisharan Rural Municipality-2",,nepal_police,Landslide,2020-06-28,Lumbini,Dang,Dangisharan,2,,0,0,0,0,0,0,0,0,0,0,0,0,0,0,0,0,0,0,0,0,0
Yes,"Landslide at Khamarikhola, Panchpuri Municipality-6",,nepal_police,Landslide,2020-06-28,Karnali,Surkhet,Panchapuri,6,,0,0,0,0,0,0,1,0,1,0,0,0,0,0,0,0,1,1,0,0,0
Yes,"Landslide at Sangliya, Galyang Municipality-9",,nepal_police,Landslide,2020-06-27,Gandaki,Syangja,Galyang,9,200000,0,0,1,1,0,0,1,1,0,0,0,0,0,0,0,0,1,0,1,0,0
Yes,"Landslide at changaira, Ghorahi Submetropolitan City-19",,nepal_police,Landslide,2020-06-27,Lumbini,Dang,Ghorahi,19,,0,0,0,0,0,0,0,0,0,0,0,0,0,0,0,0,0,0,0,0,0
Yes,"Landslide at Rainadhi, Gulmidarbar Rural Municipality-1",,nepal_police,Landslide,2020-06-27,Lumbini,Gulmi,Gulmidarbar,1,,0,0,1,1,0,0,0,0,0,0,0,0,0,0,0,0,1,0,1,0,0
Yes,"Landslide at Balithum, Gulmidarbar Rural Municipality-1",,nepal_police,Landslide,2020-06-27,Lumbini,Gulmi,Gulmidarbar,1,,0,0,1,1,0,11,0,0,0,0,0,0,0,0,0,0,0,0,0,0,0
Yes,"Landslide at Karpat, Melauli Municipality-2",,nepal_police,Landslide,2020-06-27,Sudurpashchim,Baitadi,Melauli,2,,0,0,0,0,1,2,0,0,0,0,0,0,0,0,0,0,0,0,0,0,0
Yes,"Landslide at tatopani, Dharche Rural Municipality-1",,nepal_police,Landslide,2020-06-27,Gandaki,Gorkha,Dharche,1,,0,0,0,0,0,0,1,1,0,0,0,0,0,0,0,0,0,0,0,0,0
Yes,"Landslide at Ghaupani, Madane Rural Municipality-6",,nepal_police,Landslide,2020-06-27,Lumbini,Gulmi,Madane,6,,0,0,0,0,0,2,0,0,0,0,0,0,0,0,0,0,0,0,0,0,0
Yes,"Landslide at Danathampata, Annapurna Rural Municipality-3",,nepal_police,Landslide,2020-06-26,Gandaki,Myagdi,Annapurna,3,,0,0,0,0,0,0,0,0,0,0,0,0,0,0,0,0,0,0,0,0,0
Yes,"Landslide at Boharagau, Pauwadungma Rural Municipality-2",,nepal_police,Landslide,2020-06-26,Koshi,Bhojpur,Pauwadungma,2,70000,0,0,0,0,0,2,0,0,0,0,0,0,0,0,0,0,0,0,0,0,0
Yes,"Landslide at Nawabasti, Makalu Rural Municipality-3",,nepal_police,Landslide,2020-06-26,Koshi,Sankhuwasabha,Makalu,3,,0,0,0,0,0,0,0,0,0,0,0,0,0,0,0,0,0,0,0,0,0
Yes,"Landslide at Mithillo Siddababa, Tinau Rural Municipality-3",,nepal_police,Landslide,2020-06-26,Lumbini,Palpa,Tinau,3,,0,0,0,0,0,0,0,0,0,0,0,0,0,0,0,0,0,0,0,0,0
Yes,"Landslide at Chapgaira, Purbakhola Rural Municipality-1",,nepal_police,Landslide,2020-06-26,Lumbini,Palpa,Purbakhola,1,,0,0,0,0,0,0,0,0,0,0,0,0,0,0,0,0,0,0,0,0,0
Yes,"Landslide at Jurikhet, Bhimphedi Rural Municipality-6",,nepal_police,Landslide,2020-06-25,Bagmati,Makwanpur,Bhimphedi,6,,0,0,0,0,0,0,0,0,0,0,0,0,0,0,0,0,0,0,0,0,0
Yes,"Landslide at Chirkhura, Silichong Rural Municipality-2",,nepal_police,Landslide,2020-06-24,Koshi,Sankhuwasabha,Silichong,2,,0,0,0,0,0,0,0,0,0,0,0,0,0,0,0,0,0,0,0,0,0
Yes,"Landslide at Rupsea, Annapurna Rural Municipality-3",,nepal_police,Landslide,2020-06-23,Gandaki,Myagdi,Annapurna,3,,0,0,0,0,0,0,0,0,0,0,0,0,0,0,0,0,0,0,0,0,0
Yes,"Landslide at Shyange, Marsyangdi Rural Municipality-4",,nepal_police,Landslide,2020-06-23,Gandaki,Lamjung,Marsyangdi,4,,0,0,0,0,0,0,0,0,0,0,0,0,0,0,0,0,0,0,0,0,0
Yes,"Landslide at Bateni, Katari Municipality-8",,nepal_police,Landslide,2020-06-23,Koshi,Udayapur,Katari,8,,0,0,0,0,0,0,0,0,0,0,0,0,0,0,0,0,0,0,0,0,0
Yes,Landslide at Khandbari Municipality-1,,nepal_police,Landslide,2020-06-23,Koshi,Sankhuwasabha,Khandbari,1,50000,0,0,0,0,1,0,0,0,0,0,0,0,0,0,0,0,0,0,0,0,0
Yes,"Landslide at Shala, Dullu Municipality-3",,nepal_police,Landslide,2020-06-23,Karnali,Dailekh,Dullu,3,,0,0,0,0,0,0,0,0,0,0,0,0,0,0,0,0,0,0,0,0,0
Yes,"Landslide at Ghadishaune, Bhimphedi Rural Municipality-6",,nepal_police,Landslide,2020-06-23,Bagmati,Makwanpur,Bhimphedi,6,,0,0,0,0,0,0,0,0,0,0,0,0,0,0,0,0,0,0,0,0,0
Yes,"Landslide at Kharkhole, Kamalamai Municipality-1",,nepal_police,Landslide,2020-06-23,Bagmati,Sindhuli,Kamalamai,1,,0,0,0,0,0,0,0,0,0,0,0,0,0,0,0,0,0,0,0,0,0
Yes,"Landslide at khaherakhola, Sarumarani Rural Municipality-4",,nepal_police,Landslide,2020-06-23,Lumbini,Pyuthan,Sarumarani,4,,0,0,0,0,0,0,0,0,0,0,0,0,0,0,0,0,0,0,0,0,0
Yes,"Landslide at Kurgha, Phalebas Municipality-10",,nepal_police,Landslide,2020-06-22,Gandaki,Parbat,Phalewas,10,510000,0,0,0,0,0,4,0,0,0,0,0,0,0,0,0,0,0,0,0,0,0
Yes,"Landslide at Serene, Kalimati Rural Municipality-6",,nepal_police,Landslide,2020-06-22,Karnali,Salyan,Kalimati,6,,0,0,0,0,0,0,1,1,0,0,0,0,0,0,0,0,0,0,0,0,0
Yes,"Landslide at Aghakhola, Mathagadhi Rural Municipality-1",,nepal_police,Landslide,2020-06-21,Lumbini,Palpa,Mathagadhi,1,,0,0,0,0,0,0,0,0,0,0,0,0,0,0,0,0,0,0,0,0,0
Yes,"Landslide at Chyna, Marsyangdi Rural Municipality-4",,nepal_police,Landslide,2020-06-21,Gandaki,Lamjung,Marsyangdi,4,,0,0,0,0,0,0,0,0,0,0,0,0,0,0,0,0,0,0,0,0,0
Yes,"Landslide at Lumbra, Ribdikot Rural Municipality-6",,nepal_police,Landslide,2020-06-21,Lumbini,Palpa,Ribdikot,6,,0,0,0,0,0,7,0,0,0,0,0,0,0,0,0,0,0,0,0,0,0
Yes,"Landslide at Sammobari, Tansen Municipality-11",,nepal_police,Landslide,2020-06-21,Lumbini,Palpa,Tansen,11,,0,0,0,0,0,0,4,4,0,0,0,0,0,0,0,0,0,0,0,0,0
Yes,"Landslide at Jogipani, Tansen Municipality-11",,nepal_police,Landslide,2020-06-21,Lumbini,Palpa,Tansen,11,,0,0,0,0,0,5,0,0,0,0,0,0,0,0,0,0,0,0,0,0,0
Yes,"Landslide at Dharapani, Rampur Municipality-8",,nepal_police,Landslide,2020-06-21,Lumbini,Palpa,Rampur,8,,0,0,0,0,0,0,0,0,0,0,0,0,0,0,0,0,0,0,0,0,0
Yes,"Landslide at Simalghairi, Gorkha Municipality-13",,nepal_police,Landslide,2020-06-20,Gandaki,Gorkha,Gorkha,13,,0,0,0,0,0,0,0,0,0,0,0,0,0,0,0,0,0,0,0,0,0
Yes,"Landslide at Dhusel, Bagmati Rural Municipality-1",,nepal_police,Landslide,2020-06-20,Bagmati,Lalitpur,Bagmati,1,1265000,0,0,1,1,0,6,0,0,0,0,0,0,0,0,0,0,0,0,0,0,0
Yes,"Landslide at Pang, Kushma Municipality-1",,nepal_police,Landslide,2020-06-20,Gandaki,Parbat,Kushma,1,,0,0,0,0,0,0,0,0,0,0,0,0,0,0,0,0,1,1,0,0,0
Yes,"Landslide at Border Area, Makalu Rural Municipality-2",,nepal_police,Landslide,2020-06-20,Koshi,Sankhuwasabha,Makalu,2,,0,0,0,0,0,0,0,0,0,0,0,0,0,0,0,0,0,0,0,0,0
Yes,"Landslide at sahasagra, Kushma Municipality-1",,other,Landslide,2020-06-19,Gandaki,Parbat,Kushma,1,,0,0,0,0,0,0,0,0,0,0,0,0,0,0,0,0,0,0,0,0,0
Yes,"Landslide at Agaha Khola, Mathagadhi Rural Municipality-1",,other,Landslide,2020-06-19,Lumbini,Palpa,Mathagadhi,1,,0,0,0,0,0,0,0,0,0,0,0,0,0,0,0,0,0,0,0,0,0
Yes,"Landslide at Bhattedada, Bagmati Rural Municipality-3",,nepal_police,Landslide,2020-06-19,Bagmati,Lalitpur,Bagmati,3,,0,0,0,0,0,0,0,0,0,0,0,0,0,0,0,0,0,0,0,0,0
Yes,"Landslide at Phaparkhet, Kanthekhola Rural Municipality-4",,nepal_police,Landslide,2020-06-19,Gandaki,Baglung,Kanthekhola,4,,0,0,1,1,0,2,1,0,1,0,0,0,0,0,0,0,1,0,1,0,0
Yes,"Landslide at Bhubanpata, Sitganga Municipality-2",,nepal_police,Landslide,2020-06-19,Lumbini,Arghakhanchi,Sitganga,2,,0,0,0,0,0,0,0,0,0,0,0,0,0,0,0,0,0,0,0,0,0
Yes,"Landslide at Andhari Khola, Sarumarani Rural Municipality-4",,nepal_police,Landslide,2020-06-19,Lumbini,Pyuthan,Sarumarani,4,,0,0,0,0,0,0,0,0,0,0,0,0,0,0,0,0,0,0,0,0,0
Yes,"Landslide at Chapgaire, Purbakhola Rural Municipality-3",,nepal_police,Landslide,2020-06-19,Lumbini,Palpa,Purbakhola,3,,0,0,0,0,0,0,0,0,0,0,0,0,0,0,0,0,0,0,0,0,0
Yes,"Landslide at sirupate, Ribdikot Rural Municipality-3",,nepal_police,Landslide,2020-06-19,Lumbini,Palpa,Ribdikot,3,,0,0,0,0,0,0,0,0,0,0,0,0,0,0,0,0,0,0,0,0,0
Yes,"Landslide at Kulung, Gosaikunda Rural Municipality-3",,nepal_police,Landslide,2020-06-19,Bagmati,Rasuwa,Gosaikunda,3,,0,0,0,0,0,0,0,0,0,0,0,0,0,0,0,0,0,0,0,0,0
Yes,"Landslide at Churelabes, Dhorpatan Municipality-1",,nepal_police,Landslide,2020-06-19,Gandaki,Baglung,Dhorpatan,1,,0,0,2,2,0,0,0,0,0,0,0,0,0,0,0,0,1,0,1,0,0
Yes,"Landslide at Harrapata, Dhurkot Rural Municipality-3",,nepal_police,Landslide,2020-06-19,Lumbini,Gulmi,Dhurkot,3,,0,0,0,0,0,0,2,2,0,0,0,0,0,0,0,0,1,1,0,0,0
Yes,"Landslide at Dhatiwang, Panini Rural Municipality-6",,nepal_police,Landslide,2020-06-19,Lumbini,Arghakhanchi,Panini,6,,0,0,0,0,0,0,0,0,0,0,0,0,0,0,0,0,0,0,0,0,0
Yes,"Landslide at Dambara, Baglung Municipality-6",,nepal_police,Landslide,2020-06-18,Gandaki,Baglung,Baglung,6,,0,0,0,0,0,0,0,0,0,0,0,0,0,0,0,0,0,0,0,0,0
Yes,"Landslide at Hatiya, Ribdikot Rural Municipality-4",,nepal_police,Landslide,2020-06-18,Lumbini,Palpa,Ribdikot,4,,0,0,0,0,0,1,0,0,0,0,0,0,0,0,0,0,0,0,0,0,0
Yes,"Landslide at Virpani, Nisdi Rural Municipality-4",,nepal_police,Landslide,2020-06-18,Lumbini,Palpa,Nisdi,4,350000,0,0,1,1,0,0,0,0,0,0,0,0,0,0,0,0,0,0,0,0,0
Yes,"Landslide at Bhachek, Ajirkot Rural Municipality-5",,nepal_police,Landslide,2020-06-17,Gandaki,Gorkha,Ajirkot,5,,0,0,1,1,0,0,0,0,0,0,0,0,0,0,0,0,0,0,0,0,0
Yes,"Landslide at Tintele, Sandakpur Rural Municipality-4",,nepal_police,Landslide,2020-06-17,Koshi,Ilam,Sandakpur,4,500000,0,0,0,0,2,0,0,0,0,0,0,0,0,0,0,0,0,0,0,0,0
Yes,"Landslide at Hangmasuli, Fakphokthum Rural Municipality-6",,nepal_police,Landslide,2020-06-17,Koshi,Ilam,Phakphokthum,6,,0,0,1,1,0,0,0,0,0,0,0,0,0,0,0,0,0,0,0,0,0
Yes,"Landslide at Niechya, Marsyangdi Rural Municipality-6",,nepal_police,Landslide,2020-06-17,Gandaki,Lamjung,Marsyangdi,6,,0,0,0,0,0,0,1,1,0,0,0,0,0,0,0,0,1,1,0,0,0
Yes,Landslide at Besishahar Municipality-11,,nepal_police,Landslide,2020-06-17,Gandaki,Lamjung,Besishahar,11,,0,0,1,1,0,0,0,0,0,0,0,0,0,0,0,0,5,3,2,0,0
Yes,"Landslide at Martadi, Badimalika Municipality-8",,nepal_police,Landslide,2020-06-17,Sudurpashchim,Bajura,Badimalika,8,200000,0,0,0,0,1,0,0,0,0,0,0,0,0,0,0,0,0,0,0,0,0
Yes,Landslide at Ichchhyakamana Rural Municipality-6,,nepal_police,Landslide,2020-06-16,Bagmati,Chitwan,Ichchhakamana,6,,0,0,0,0,0,0,0,0,0,0,0,0,0,0,0,0,0,0,0,0,0
Yes,"Landslide at Ekhabu, Phaktanglung Rural Municipality-4",,nepal_police,Landslide,2020-06-16,Koshi,Taplejung,Phaktanglung,4,3100000,0,0,0,0,0,1,0,0,0,0,0,0,0,0,0,0,0,0,0,0,0
Yes,"Landslide at Bhattadada, Bagmati Rural Municipality-6",,nepal_police,Landslide,2020-06-16,Bagmati,Lalitpur,Bagmati,6,,0,0,0,0,0,0,0,0,0,0,0,0,0,0,0,0,0,0,0,0,0
Yes,"Landslide at Sano Chuilaikodo, Bagmati Rural Municipality-5",,nepal_police,Landslide,2020-06-16,Bagmati,Lalitpur,Bagmati,5,850000,0,0,0,0,0,0,0,0,0,0,0,0,0,0,0,0,0,0,0,0,0
Yes,"Landslide at Machkhola, Bagmati Rural Municipality-3",,nepal_police,Landslide,2020-06-15,Bagmati,Lalitpur,Bagmati,3,,0,0,0,0,0,0,0,0,0,0,0,0,0,0,0,0,0,0,0,0,0
Yes,"Landslide at Shreedale, Tyamkemaiyung Rural Municipality-2",,nepal_police,Landslide,2020-06-15,Koshi,Bhojpur,Temkemaiyung,2,,0,0,0,0,0,0,0,0,0,0,0,0,0,0,0,0,0,0,0,0,0
Yes,"Landslide at Durlung, Kushma Municipality-3",,nepal_police,Landslide,2020-06-12,Gandaki,Parbat,Kushma,3,,0,0,2,2,0,0,9,3,6,0,0,0,0,0,0,0,0,0,0,0,0
Yes,"Landslide at Samtar, Makalu Rural Municipality-3",,nepal_police,Landslide,2020-06-11,Koshi,Sankhuwasabha,Makalu,3,,0,0,0,0,0,0,0,0,0,0,0,0,0,0,0,0,0,0,0,0,0
Yes,"Landslide at Jhakas, Bhimad Municipality-5",,nepal_police,Landslide,2020-06-09,Gandaki,Tanahu,Bhimad,5,,0,0,0,0,0,0,0,0,0,0,0,0,0,0,0,0,1,1,0,0,0
Yes,"Landslide at mad, Malikaarjun Rural Municipality-3",,nepal_police,Landslide,2020-06-09,Sudurpashchim,Darchula,Malikaarjun,3,,0,0,0,0,1,1,0,0,0,0,0,0,0,0,0,0,0,0,0,0,0
Yes,"Landslide at Kotgau, Raghuganga Rural Municipality-6",,nepal_police,Landslide,2020-06-08,Gandaki,Myagdi,Raghuganga,6,,0,0,0,0,0,0,2,0,2,0,0,0,0,0,0,0,0,0,0,0,0
Yes,"Landslide at Majhigau, Biruwa Rural Municipality-1",,nepal_police,Landslide,2020-06-05,Gandaki,Syangja,Biruwa,1,14500,0,0,0,0,0,2,0,0,0,0,0,0,0,0,0,0,0,0,0,0,0
Yes,Landslide at Laligurans Municipality-1,,nepal_police,Landslide,2020-05-29,Koshi,Terhathum,Laligurans,1,,0,0,0,0,0,0,0,0,0,0,0,0,0,0,0,0,0,0,0,0,0
Yes,"Landslide at Jurikhet, Bhimphedi Rural Municipality-6",,nepal_police,Landslide,2020-05-27,Bagmati,Makwanpur,Bhimphedi,6,,0,0,0,0,0,0,0,0,0,0,0,0,0,0,0,0,0,0,0,0,0
Yes,"Landslide at Betani, Pokhara Lekhnath Metropolitan City-28",,nepal_police,Landslide,2020-05-22,Gandaki,Kaski,Pokhara,28,,0,0,1,1,0,0,0,0,0,0,0,0,0,0,0,0,0,0,0,0,0
Yes,"Landslide at kade, Laligurans Municipality-9",,nepal_police,Landslide,2020-04-30,Koshi,Terhathum,Laligurans,9,,0,0,0,0,1,0,0,0,0,0,0,0,0,0,0,0,0,0,0,0,0
Yes,"Landslide at Bamrang , Benighat Rorang Rural Municipality-6",,nepal_police,Landslide,2020-03-26,Bagmati,Dhading,Benighat Rorang,6,,0,0,0,0,0,0,1,1,0,0,0,0,0,0,0,0,0,0,0,0,0
Yes,"Landslide at Syaulibazar, Dakshinkali Municipality-8",,nepal_police,Landslide,2020-01-16,Bagmati,Kathmandu,Dakshinkali,8,,0,0,0,0,0,0,0,0,0,0,0,0,0,0,0,0,0,0,0,0,0
Yes,"Landslide at Panglung Toll, Bagmati Rural Municipality-3",,nepal_police,Landslide,2020-01-16,Bagmati,Lalitpur,Bagmati,3,,0,0,0,0,0,0,0,0,0,0,0,0,0,0,0,0,0,0,0,0,0
Yes,"Landslide at Shantinagar, Purbichauki Rural Municipality-1",,nepal_police,Landslide,2020-01-16,Sudurpashchim,Doti,Purbichauki,1,,0,0,0,0,0,0,0,0,0,0,0,0,0,0,0,0,0,0,0,0,0
